Time (ms),Gold Price,Date,datetime,year,month,day,weekday,quarter,MA_7,MA_30,MA_90,daily_return,volatility
1273482000000,423000,2010-05-10 09:00:00,2010-05-10 09:00:00,2010,5,10,0,2,415857.14285714284,404566.6666666667,403533.3333333333,0.0023696682464455776,0.006743714016141214
1273495080000,417000,2010-05-10 12:38:00,2010-05-10 12:38:00,2010,5,10,0,2,417142.85714285716,405233.3333333333,403633.3333333333,-0.014184397163120588,0.007359926197854622
1273564440000,417000,2010-05-11 07:54:00,2010-05-11 07:54:00,2010,5,11,1,2,418857.14285714284,405833.3333333333,403711.1111111111,0.0,0.007337775084210671
1273655340000,424000,2010-05-12 09:09:00,2010-05-12 09:09:00,2010,5,12,2,2,420714.28571428574,406666.6666666667,403866.6666666667,0.01678657074340517,0.007842311478704544
1273828020000,426000,2010-05-14 09:07:00,2010-05-14 09:07:00,2010,5,14,4,2,421571.4285714286,407566.6666666667,404022.22222222225,0.004716981132075526,0.007846924216089571
1274085360000,429000,2010-05-17 08:36:00,2010-05-17 08:36:00,2010,5,17,0,2,422571.4285714286,408566.6666666667,404233.3333333333,0.007042253521126751,0.007883637514032116
1274170140000,426000,2010-05-18 08:09:00,2010-05-18 08:09:00,2010,5,18,1,2,423142.85714285716,409400.0,404377.77777777775,-0.006993006993006978,0.008051954195648765
1274257800000,425000,2010-05-19 08:30:00,2010-05-19 08:30:00,2010,5,19,2,2,423428.5714285714,410133.3333333333,404544.44444444444,-0.0023474178403756207,0.008070995466895582
1274347080000,417000,2010-05-20 09:18:00,2010-05-20 09:18:00,2010,5,20,3,2,423428.5714285714,410433.3333333333,404633.3333333333,-0.018823529411764683,0.008649681666481274
1274433300000,415000,2010-05-21 09:15:00,2010-05-21 09:15:00,2010,5,21,4,2,423142.85714285716,410833.3333333333,404688.8888888889,-0.004796163069544335,0.008365088979101272
1274684880000,420000,2010-05-24 07:08:00,2010-05-24 07:08:00,2010,5,24,0,2,422571.4285714286,411466.6666666667,404822.22222222225,0.012048192771084265,0.008521190633569249
1274778180000,424000,2010-05-25 09:03:00,2010-05-25 09:03:00,2010,5,25,1,2,422285.71428571426,412233.3333333333,405022.22222222225,0.00952380952380949,0.008636943193372675
1274863140000,427000,2010-05-26 08:39:00,2010-05-26 08:39:00,2010,5,26,2,2,422000.0,413100.0,405211.1111111111,0.007075471698113178,0.00867985952335089
1274948700000,429000,2010-05-27 08:25:00,2010-05-27 08:25:00,2010,5,27,3,2,422428.5714285714,414166.6666666667,405422.22222222225,0.004683840749414525,0.008382263657013767
1275295800000,428000,2010-05-31 08:50:00,2010-05-31 08:50:00,2010,5,31,0,2,422857.14285714284,415166.6666666667,405644.44444444444,-0.002331002331002363,0.008430933486991045
1275386940000,425000,2010-06-01 10:09:00,2010-06-01 10:09:00,2010,6,1,1,2,424000.0,416066.6666666667,405877.77777777775,-0.007009345794392496,0.008596936875611251
1275465300000,427000,2010-06-02 07:55:00,2010-06-02 07:55:00,2010,6,2,2,2,425714.28571428574,417000.0,406133.3333333333,0.004705882352941115,0.008608776299017384
1275554040000,428000,2010-06-03 08:34:00,2010-06-03 08:34:00,2010,6,3,3,2,426857.14285714284,417966.6666666667,406400.0,0.0023419203747072626,0.008597820665902036
1275572040000,425000,2010-06-03 13:34:00,2010-06-03 13:34:00,2010,6,3,3,2,427000.0,418733.3333333333,406633.3333333333,-0.007009345794392496,0.008706690242685843
1275636840000,421000,2010-06-04 07:34:00,2010-06-04 07:34:00,2010,6,4,4,2,426142.85714285716,419400.0,406833.3333333333,-0.009411764705882342,0.00891607555199359
1275903480000,427000,2010-06-07 09:38:00,2010-06-07 09:38:00,2010,6,7,0,2,425857.14285714284,420166.6666666667,407100.0,0.014251781472684133,0.009151041333784042
1275986100000,434000,2010-06-08 08:35:00,2010-06-08 08:35:00,2010,6,8,1,2,426714.28571428574,421166.6666666667,407444.44444444444,0.016393442622950838,0.009516588922426942
1276073880000,433000,2010-06-09 08:58:00,2010-06-09 08:58:00,2010,6,9,2,2,427857.14285714284,422066.6666666667,407755.55555555556,-0.0023041474654378336,0.009542580321046469
1276158840000,430000,2010-06-10 08:34:00,2010-06-10 08:34:00,2010,6,10,3,2,428285.71428571426,422833.3333333333,408022.22222222225,-0.006928406466512715,0.009686356910108936
1276246560000,427000,2010-06-11 08:56:00,2010-06-11 08:56:00,2010,6,11,4,2,428142.85714285716,423466.6666666667,408277.77777777775,-0.006976744186046546,0.009819174780605833
1276506240000,428000,2010-06-14 09:04:00,2010-06-14 09:04:00,2010,6,14,0,2,428571.4285714286,424233.3333333333,408577.77777777775,0.0023419203747072626,0.009674019644658428
1276590420000,424000,2010-06-15 08:27:00,2010-06-15 08:27:00,2010,6,15,1,2,429000.0,424666.6666666667,408844.44444444444,-0.009345794392523366,0.009565837902247576
1276678920000,428000,2010-06-16 09:02:00,2010-06-16 09:02:00,2010,6,16,2,2,429142.85714285716,424933.3333333333,409144.44444444444,0.009433962264151052,0.008876447711185521
1276765860000,427000,2010-06-17 09:11:00,2010-06-17 09:11:00,2010,6,17,3,2,428142.85714285716,425100.0,409422.22222222225,-0.002336448598130869,0.00885812386346002
1276845300000,431000,2010-06-18 07:15:00,2010-06-18 07:15:00,2010,6,18,4,2,427857.14285714284,425400.0,409755.55555555556,0.00936768149882905,0.009006291235007877
1277107140000,434000,2010-06-21 07:59:00,2010-06-21 07:59:00,2010,6,21,0,2,428428.5714285714,425766.6666666667,410100.0,0.006960556844547661,0.009073637181970918
1277197020000,423000,2010-06-22 08:57:00,2010-06-22 08:57:00,2010,6,22,1,2,427857.14285714284,425966.6666666667,410333.3333333333,-0.025345622119815614,0.009904101145601885
1277278980000,427000,2010-06-23 07:43:00,2010-06-23 07:43:00,2010,6,23,2,2,427714.28571428574,426300.0,410600.0,0.009456264775413725,0.010036447826430383
1277365080000,424000,2010-06-24 07:38:00,2010-06-24 07:38:00,2010,6,24,3,2,427714.28571428574,426300.0,410800.0,-0.007025761124121788,0.009666525356213752
1277453520000,425000,2010-06-25 08:12:00,2010-06-25 08:12:00,2010,6,25,4,2,427285.71428571426,426266.6666666667,411066.6666666667,0.002358490566037652,0.009636766098124971
1277715540000,430000,2010-06-28 08:59:00,2010-06-28 08:59:00,2010,6,28,0,2,427714.28571428574,426300.0,411388.8888888889,0.0117647058823529,0.009793623317947989
1277802840000,424000,2010-06-29 09:14:00,2010-06-29 09:14:00,2010,6,29,1,2,426714.28571428574,426233.3333333333,411566.6666666667,-0.013953488372092981,0.01004721132812156
1277889300000,426000,2010-06-30 09:15:00,2010-06-30 09:15:00,2010,6,30,2,2,425571.4285714286,426266.6666666667,411833.3333333333,0.004716981132075526,0.010075658187293465
1277974620000,427000,2010-07-01 08:57:00,2010-07-01 08:57:00,2010,7,1,3,3,426142.85714285716,426600.0,412122.22222222225,0.0023474178403755097,0.009422809201755056
1278055620000,417000,2010-07-02 07:27:00,2010-07-02 07:27:00,2010,7,2,4,3,424714.28571428574,426666.6666666667,412311.1111111111,-0.023419203747072626,0.01037208168540249
1278059160000,417000,2010-07-02 08:26:00,2010-07-02 08:26:00,2010,7,2,4,3,423714.28571428574,426566.6666666667,412455.55555555556,0.0,0.010128391941549651
1278313020000,418000,2010-07-05 06:57:00,2010-07-05 06:57:00,2010,7,5,0,3,422714.28571428574,426366.6666666667,412644.44444444444,0.0023980815347721673,0.009975151482662934
1278405720000,417000,2010-07-06 08:42:00,2010-07-06 08:42:00,2010,7,6,1,3,420857.14285714284,426033.3333333333,412777.77777777775,-0.0023923444976076125,0.009878922927438066
1278492000000,416000,2010-07-07 08:40:00,2010-07-07 08:40:00,2010,7,7,2,3,419714.28571428574,425600.0,412888.8888888889,-0.0023980815347721673,0.009829281439634192
1278581220000,418000,2010-07-08 09:27:00,2010-07-08 09:27:00,2010,7,8,3,3,418571.4285714286,425266.6666666667,413055.55555555556,0.004807692307692291,0.009881674714303297
1278659580000,415000,2010-07-09 07:13:00,2010-07-09 07:13:00,2010,7,9,4,3,416857.14285714284,424933.3333333333,413177.77777777775,-0.0071770334928229484,0.009885389806530635
1278918540000,418000,2010-07-12 07:09:00,2010-07-12 07:09:00,2010,7,12,0,3,417000.0,424633.3333333333,413377.77777777775,0.0072289156626506035,0.009943930135020599
1279012500000,415000,2010-07-13 09:15:00,2010-07-13 09:15:00,2010,7,13,1,3,416714.28571428574,424200.0,413555.55555555556,-0.0071770334928229484,0.009996509728268804
1279098540000,418000,2010-07-14 09:09:00,2010-07-14 09:09:00,2010,7,14,2,3,416714.28571428574,423966.6666666667,413777.77777777775,0.0072289156626506035,0.01003824816109796
1279178760000,417000,2010-07-15 07:26:00,2010-07-15 07:26:00,2010,7,15,3,3,416714.28571428574,423833.3333333333,413988.8888888889,-0.0023923444976076125,0.009904385255935745
1279268940000,417000,2010-07-16 08:29:00,2010-07-16 08:29:00,2010,7,16,4,3,416857.14285714284,423500.0,414211.1111111111,0.0,0.009518066358194037
1279529280000,414000,2010-07-19 08:48:00,2010-07-19 08:48:00,2010,7,19,0,3,416285.71428571426,422833.3333333333,414366.6666666667,-0.007194244604316502,0.009014370140459572
1279615680000,412000,2010-07-20 08:48:00,2010-07-20 08:48:00,2010,7,20,1,3,415857.14285714284,422133.3333333333,414522.22222222225,-0.004830917874396157,0.00903361892135751
1279701780000,413000,2010-07-21 08:43:00,2010-07-21 08:43:00,2010,7,21,2,3,415142.85714285716,421566.6666666667,414711.1111111111,0.0024271844660195274,0.009005345417692743
1279784040000,412000,2010-07-22 07:34:00,2010-07-22 07:34:00,2010,7,22,3,3,414714.28571428574,421066.6666666667,414900.0,-0.002421307506053294,0.008944598954896467
1279870320000,414000,2010-07-23 07:32:00,2010-07-23 07:32:00,2010,7,23,4,3,414142.85714285716,420600.0,415111.1111111111,0.004854368932038833,0.008990090438233544
1280136060000,413000,2010-07-26 09:21:00,2010-07-26 09:21:00,2010,7,26,0,3,413571.4285714286,420233.3333333333,415322.22222222225,-0.0024154589371980784,0.008858137387593279
1280214120000,411000,2010-07-27 07:02:00,2010-07-27 07:02:00,2010,7,27,1,3,412714.28571428574,419666.6666666667,415500.0,-0.004842615012106588,0.008668755639307245
1280306820000,409000,2010-07-28 08:47:00,2010-07-28 08:47:00,2010,7,28,2,3,412000.0,419066.6666666667,415644.44444444444,-0.0048661800486617945,0.008691323970911347
1280394600000,410000,2010-07-29 09:10:00,2010-07-29 09:10:00,2010,7,29,3,3,411714.28571428574,418366.6666666667,415800.0,0.0024449877750611915,0.008485094543787302
1280480700000,410000,2010-07-30 09:05:00,2010-07-30 09:05:00,2010,7,30,4,3,411285.71428571426,417566.6666666667,415966.6666666667,0.0,0.008335988093401454
1280737020000,410000,2010-08-02 08:17:00,2010-08-02 08:17:00,2010,8,2,0,3,411000.0,417133.3333333333,416111.1111111111,0.0,0.0070605114082456025
1280826300000,410000,2010-08-03 09:05:00,2010-08-03 09:05:00,2010,8,3,1,3,410428.5714285714,416566.6666666667,416233.3333333333,0.0,0.006782487809155224
1280906040000,411000,2010-08-04 07:14:00,2010-08-04 07:14:00,2010,8,4,2,3,410142.85714285716,416133.3333333333,416366.6666666667,0.0024390243902439046,0.00672836943744351
1280992740000,412000,2010-08-05 07:19:00,2010-08-05 07:19:00,2010,8,5,3,3,410285.71428571426,415700.0,416511.1111111111,0.0024330900243310083,0.006729673023532766
1281078420000,412000,2010-08-06 07:07:00,2010-08-06 07:07:00,2010,8,6,4,3,410714.28571428574,415100.0,416655.55555555556,0.0,0.00628767303728872
1281345000000,413000,2010-08-09 09:10:00,2010-08-09 09:10:00,2010,8,9,0,3,411142.85714285716,414733.3333333333,416788.8888888889,0.0024271844660195274,0.0058568878454257805
1281425280000,412000,2010-08-10 07:28:00,2010-08-10 07:28:00,2010,8,10,1,3,411428.5714285714,414266.6666666667,416888.8888888889,-0.002421307506053294,0.005766850169255346
1281510180000,413000,2010-08-11 07:03:00,2010-08-11 07:03:00,2010,8,11,2,3,411857.14285714284,413800.0,416944.44444444444,0.0024271844660195274,0.005768511197391135
1281600840000,414000,2010-08-12 08:14:00,2010-08-12 08:14:00,2010,8,12,3,3,412428.5714285714,413700.0,417066.6666666667,0.002421307506053294,0.003968412194535263
1281688560000,418000,2010-08-13 08:36:00,2010-08-13 08:36:00,2010,8,13,4,3,413428.5714285714,413733.3333333333,417255.55555555556,0.009661835748792313,0.00436065064896643
1281948300000,418000,2010-08-16 08:45:00,2010-08-16 08:45:00,2010,8,16,0,3,414285.71428571426,413733.3333333333,417444.44444444444,0.0,0.004338788418201214
1282119420000,420000,2010-08-18 08:17:00,2010-08-18 08:17:00,2010,8,18,2,3,415428.5714285714,413833.3333333333,417655.55555555556,0.004784688995215225,0.004399254909843653
1282201740000,421000,2010-08-19 07:09:00,2010-08-19 07:09:00,2010,8,19,3,3,416571.4285714286,414000.0,417922.22222222225,0.0023809523809523725,0.004386630007452262
1282295340000,421000,2010-08-20 09:09:00,2010-08-20 09:09:00,2010,8,20,4,3,417857.14285714284,414100.0,418177.77777777775,0.0,0.0043074446740303295
1282554000000,420000,2010-08-23 09:00:00,2010-08-23 09:00:00,2010,8,23,0,3,418857.14285714284,414266.6666666667,418422.22222222225,-0.002375296912114022,0.0041065814983027435
1282641000000,418000,2010-08-24 09:10:00,2010-08-24 09:10:00,2010,8,24,1,3,419428.5714285714,414266.6666666667,418633.3333333333,-0.004761904761904745,0.004001952367486139
1282722240000,420000,2010-08-25 07:44:00,2010-08-25 07:44:00,2010,8,25,2,3,419714.28571428574,414433.3333333333,418866.6666666667,0.004784688995215225,0.003854607513358302
1282806600000,422000,2010-08-26 07:10:00,2010-08-26 07:10:00,2010,8,26,3,3,420285.71428571426,414566.6666666667,419088.8888888889,0.004761904761904745,0.0037282847387529842
1282899060000,423000,2010-08-27 08:51:00,2010-08-27 08:51:00,2010,8,27,4,3,420714.28571428574,414766.6666666667,419333.3333333333,0.0023696682464455776,0.0037099645777408253
1283154600000,422000,2010-08-30 07:50:00,2010-08-30 07:50:00,2010,8,30,0,3,420857.14285714284,414933.3333333333,419533.3333333333,-0.0023640661938534313,0.0037455136290513715
1283245980000,422000,2010-08-31 09:13:00,2010-08-31 09:13:00,2010,8,31,1,3,421000.0,415200.0,419733.3333333333,0.0,0.0034618097011567153
1283325060000,426000,2010-09-01 07:11:00,2010-09-01 07:11:00,2010,9,1,2,3,421857.14285714284,415666.6666666667,419955.55555555556,0.009478672985782088,0.003661504521544747
1283417100000,425000,2010-09-02 08:45:00,2010-09-02 08:45:00,2010,9,2,3,3,422857.14285714284,416066.6666666667,420155.55555555556,-0.0023474178403756207,0.003706263628229732
1283502180000,426000,2010-09-03 08:23:00,2010-09-03 08:23:00,2010,9,3,4,3,423714.28571428574,416533.3333333333,420355.55555555556,0.0023529411764706687,0.003658176418190239
1283765400000,425000,2010-09-06 09:30:00,2010-09-06 09:30:00,2010,9,6,0,3,424142.85714285716,416900.0,420577.77777777775,-0.0023474178403756207,0.003640990624036775
1283844420000,424000,2010-09-07 07:27:00,2010-09-07 07:27:00,2010,9,7,1,3,424285.71428571426,417266.6666666667,420722.22222222225,-0.0023529411764705577,0.003639056279031765
1283932080000,427000,2010-09-08 07:48:00,2010-09-08 07:48:00,2010,9,8,2,3,425000.0,417800.0,420800.0,0.007075471698113178,0.003642987309830861
1284448320000,426000,2010-09-14 07:12:00,2010-09-14 07:12:00,2010,9,14,1,3,425571.4285714286,418366.6666666667,420844.44444444444,-0.0023419203747072626,0.0035233141306577342
1284533940000,431000,2010-09-15 06:59:00,2010-09-15 06:59:00,2010,9,15,2,3,426285.71428571426,419066.6666666667,420944.44444444444,0.011737089201877993,0.003998041987288246
1284621420000,430000,2010-09-16 07:17:00,2010-09-16 07:17:00,2010,9,16,3,3,427000.0,419733.3333333333,421022.22222222225,-0.002320185614849146,0.00405359858789005
1284712140000,434000,2010-09-17 08:29:00,2010-09-17 08:29:00,2010,9,17,4,3,428142.85714285716,420533.3333333333,421211.1111111111,0.009302325581395321,0.004276880764472996
1284969300000,433000,2010-09-20 07:55:00,2010-09-20 07:55:00,2010,9,20,0,3,429285.71428571426,421300.0,421388.8888888889,-0.0023041474654378336,0.0043326309086776866
1285055520000,433000,2010-09-21 07:52:00,2010-09-21 07:52:00,2010,9,21,1,3,430571.4285714286,422033.3333333333,421488.8888888889,0.0,0.00434367932969596
1285142760000,436000,2010-09-22 08:06:00,2010-09-22 08:06:00,2010,9,22,2,3,431857.14285714284,422833.3333333333,421600.0,0.006928406466512715,0.004444469276878402
1285230420000,437000,2010-09-23 08:27:00,2010-09-23 08:27:00,2010,9,23,3,3,433428.5714285714,423666.6666666667,421688.8888888889,0.002293577981651307,0.004430388503091212
1285314600000,436000,2010-09-24 07:50:00,2010-09-24 07:50:00,2010,9,24,4,3,434142.85714285716,424433.3333333333,421800.0,-0.0022883295194507935,0.004496943938728308
1285571160000,438000,2010-09-27 07:06:00,2010-09-27 07:06:00,2010,9,27,0,3,435285.71428571426,425300.0,421944.44444444444,0.004587155963302836,0.004450934893601828
1285666020000,437000,2010-09-28 09:27:00,2010-09-28 09:27:00,2010,9,28,1,3,435714.28571428574,426100.0,422166.6666666667,-0.0022831050228310223,0.004519771451018035
1285751280000,442000,2010-09-29 09:08:00,2010-09-29 09:08:00,2010,9,29,2,3,437000.0,427033.3333333333,422466.6666666667,0.011441647597254079,0.004844408781408802
1285831800000,442000,2010-09-30 07:30:00,2010-09-30 07:30:00,2010,9,30,3,3,438285.71428571426,427833.3333333333,422711.1111111111,0.0,0.004648084699765613
1285920240000,441000,2010-10-01 08:04:00,2010-10-01 08:04:00,2010,10,1,4,4,439000.0,428600.0,422900.0,-0.002262443438914019,0.004697613343425626
1286186040000,443000,2010-10-04 09:54:00,2010-10-04 09:54:00,2010,10,4,0,4,439857.14285714284,429366.6666666667,423077.77777777775,0.0045351473922903285,0.004692359841204599
1286269380000,442000,2010-10-05 09:03:00,2010-10-05 09:03:00,2010,10,5,1,4,440714.28571428574,430066.6666666667,423222.22222222225,-0.0022573363431150906,0.004748275659612618
1286355480000,452000,2010-10-06 08:58:00,2010-10-06 08:58:00,2010,10,6,2,4,442714.28571428574,431100.0,423488.8888888889,0.02262443438914019,0.006087495040633077
1286409600000,450000,2010-10-07 00:00:00,2010-10-07 00:00:00,2010,10,7,3,4,444571.4285714286,432100.0,423766.6666666667,-0.004424778761061954,0.006153941439004241
1286456400000,453000,2010-10-07 13:00:00,2010-10-07 13:00:00,2010,10,7,3,4,446142.85714285716,433266.6666666667,424055.55555555556,0.006666666666666599,0.00605330402449519
1286496000000,448000,2010-10-08 00:00:00,2010-10-08 00:00:00,2010,10,8,4,4,447000.0,434200.0,424277.77777777775,-0.01103752759381893,0.0065356038128416795
1286755200000,452000,2010-10-11 00:00:00,2010-10-11 00:00:00,2010,10,11,0,4,448571.4285714286,435200.0,424577.77777777775,0.008928571428571397,0.0066359956478785525
1286841600000,453000,2010-10-12 00:00:00,2010-10-12 00:00:00,2010,10,12,1,4,450000.0,436200.0,424933.3333333333,0.0022123893805310324,0.006636011466303533
1286928000000,453000,2010-10-13 00:00:00,2010-10-13 00:00:00,2010,10,13,2,4,451571.4285714286,437233.3333333333,425222.22222222225,0.0,0.006592514791801874
1287014400000,460000,2010-10-14 00:00:00,2010-10-14 00:00:00,2010,10,14,3,4,452714.28571428574,438500.0,425511.1111111111,0.015452538631346657,0.006991228247200587
1287100800000,460000,2010-10-15 00:00:00,2010-10-15 00:00:00,2010,10,15,4,4,454142.85714285716,439633.3333333333,425811.1111111111,0.0,0.0068972967982692665
1287360000000,455000,2010-10-18 00:00:00,2010-10-18 00:00:00,2010,10,18,0,4,454428.5714285714,440633.3333333333,426088.8888888889,-0.010869565217391353,0.007272754765912208
1287446400000,459000,2010-10-19 00:00:00,2010-10-19 00:00:00,2010,10,19,1,4,456000.0,441733.3333333333,426444.44444444444,0.00879120879120876,0.00736868089500927
1287532800000,448000,2010-10-20 00:00:00,2010-10-20 00:00:00,2010,10,20,2,4,455428.5714285714,442500.0,426666.6666666667,-0.023965141612200425,0.008782146412212088
1287619200000,451000,2010-10-21 00:00:00,2010-10-21 00:00:00,2010,10,21,3,4,455142.85714285716,443400.0,426966.6666666667,0.006696428571428603,0.008790147436805321
1287705600000,445000,2010-10-22 00:00:00,2010-10-22 00:00:00,2010,10,22,4,4,454000.0,444000.0,427155.55555555556,-0.013303769401330379,0.00917135807183372
1287964800000,447000,2010-10-25 00:00:00,2010-10-25 00:00:00,2010,10,25,0,4,452142.85714285716,444700.0,427377.77777777775,0.004494382022471877,0.00915963794308303
1288051200000,449000,2010-10-26 00:00:00,2010-10-26 00:00:00,2010,10,26,1,4,450571.4285714286,445300.0,427577.77777777775,0.004474272930648837,0.008977901418119688
1288137600000,449000,2010-10-27 00:00:00,2010-10-27 00:00:00,2010,10,27,2,4,449714.28571428574,445933.3333333333,427744.44444444444,0.0,0.008954679046215391
1288224000000,445000,2010-10-28 00:00:00,2010-10-28 00:00:00,2010,10,28,3,4,447714.28571428574,446300.0,427988.8888888889,-0.008908685968819552,0.009023195060820829
1288310400000,450000,2010-10-29 00:00:00,2010-10-29 00:00:00,2010,10,29,4,4,448000.0,446866.6666666667,428244.44444444444,0.011235955056179803,0.009195726080045458
1288569600000,455000,2010-11-01 00:00:00,2010-11-01 00:00:00,2010,11,1,0,4,448571.4285714286,447600.0,428588.8888888889,0.011111111111111072,0.009362743707296579
1288656000000,452000,2010-11-02 00:00:00,2010-11-02 00:00:00,2010,11,2,1,4,449571.4285714286,448133.3333333333,428888.8888888889,-0.00659340659340657,0.009427406011807153
1288828800000,451000,2010-11-04 00:00:00,2010-11-04 00:00:00,2010,11,4,3,4,450142.85714285716,448600.0,429122.22222222225,-0.0022123893805309214,0.009446001148945322
1288915200000,462000,2010-11-05 00:00:00,2010-11-05 00:00:00,2010,11,5,4,4,452000.0,449466.6666666667,429544.44444444444,0.024390243902439046,0.010330880914245888
1289174400000,464000,2010-11-08 00:00:00,2010-11-08 00:00:00,2010,11,8,0,4,454142.85714285716,450333.3333333333,429966.6666666667,0.0043290043290042934,0.010328745267637144
1289260800000,466000,2010-11-09 00:00:00,2010-11-09 00:00:00,2010,11,9,1,4,457142.85714285716,451300.0,430400.0,0.004310344827586299,0.010305125398161996
1289347200000,464000,2010-11-10 00:00:00,2010-11-10 00:00:00,2010,11,10,2,4,459142.85714285716,452033.3333333333,430922.22222222225,-0.0042918454935622075,0.010218323092975956
1289433600000,465000,2010-11-11 00:00:00,2010-11-11 00:00:00,2010,11,11,3,4,460571.4285714286,452800.0,431455.55555555556,0.0021551724137931494,0.010213746039340091
1289520000000,465000,2010-11-12 00:00:00,2010-11-12 00:00:00,2010,11,12,4,4,462428.5714285714,453600.0,431977.77777777775,0.0,0.010191481985704713
1289779200000,458000,2010-11-15 00:00:00,2010-11-15 00:00:00,2010,11,15,0,4,463428.5714285714,454100.0,432433.3333333333,-0.01505376344086018,0.010629513214882886
1289865600000,455000,2010-11-16 00:00:00,2010-11-16 00:00:00,2010,11,16,1,4,462428.5714285714,454533.3333333333,432866.6666666667,-0.0065502183406113135,0.01070579796169388
1290038400000,452000,2010-11-18 00:00:00,2010-11-18 00:00:00,2010,11,18,3,4,460714.28571428574,454533.3333333333,433244.44444444444,-0.00659340659340657,0.009977017627981267
1290124800000,456000,2010-11-19 00:00:00,2010-11-19 00:00:00,2010,11,19,4,4,459285.71428571426,454733.3333333333,433700.0,0.008849557522123908,0.010065766927134316
1290384000000,455000,2010-11-22 00:00:00,2010-11-22 00:00:00,2010,11,22,0,4,458000.0,454800.0,434111.1111111111,-0.002192982456140302,0.010008120316685737
1290470400000,455000,2010-11-23 00:00:00,2010-11-23 00:00:00,2010,11,23,1,4,456571.4285714286,455033.3333333333,434555.55555555556,0.0,0.009781250370051063
1290556800000,459000,2010-11-24 00:00:00,2010-11-24 00:00:00,2010,11,24,2,4,455714.28571428574,455266.6666666667,435011.1111111111,0.00879120879120876,0.009777230702145525
1290643200000,462000,2010-11-25 00:00:00,2010-11-25 00:00:00,2010,11,25,3,4,456285.71428571426,455566.6666666667,435511.1111111111,0.006535947712418277,0.009834147652462393
1290729600000,460000,2010-11-26 00:00:00,2010-11-26 00:00:00,2010,11,26,4,4,457000.0,455800.0,435988.8888888889,-0.0043290043290042934,0.009876484216018017
1290988800000,457000,2010-11-29 00:00:00,2010-11-29 00:00:00,2010,11,29,0,4,457714.28571428574,455700.0,436466.6666666667,-0.006521739130434745,0.009543010447090125
1291075200000,462000,2010-11-30 00:00:00,2010-11-30 00:00:00,2010,11,30,1,4,458571.4285714286,455766.6666666667,437022.22222222225,0.010940919037199182,0.009756561393786676
1291165200000,467000,2010-12-01 01:00:00,2010-12-01 01:00:00,2010,12,1,2,4,460285.71428571426,456166.6666666667,437622.22222222225,0.010822510822510845,0.009712322351206615
1291168800000,469000,2010-12-01 02:00:00,2010-12-01 02:00:00,2010,12,1,2,4,462285.71428571426,456500.0,438255.55555555556,0.004282655246252709,0.009620675256615282
1291211160000,469000,2010-12-01 13:46:00,2010-12-01 13:46:00,2010,12,1,2,4,463714.28571428574,457200.0,438866.6666666667,0.0,0.00841611743208604
1291248000000,468000,2010-12-02 00:00:00,2010-12-02 00:00:00,2010,12,2,3,4,464571.4285714286,457766.6666666667,439477.77777777775,-0.002132196162046962,0.008384697732193119
1291334400000,468000,2010-12-03 00:00:00,2010-12-03 00:00:00,2010,12,3,4,4,465714.28571428574,458533.3333333333,440111.1111111111,0.0,0.007926740683565857
1291593600000,474000,2010-12-06 00:00:00,2010-12-06 00:00:00,2010,12,6,0,4,468142.85714285716,459433.3333333333,440833.3333333333,0.012820512820512775,0.00816957979543015
1291766400000,471000,2010-12-08 00:00:00,2010-12-08 00:00:00,2010,12,8,2,4,469428.5714285714,460166.6666666667,441511.1111111111,-0.006329113924050667,0.00829341830100035
1291852800000,466000,2010-12-09 00:00:00,2010-12-09 00:00:00,2010,12,9,3,4,469285.71428571426,460733.3333333333,442133.3333333333,-0.010615711252653925,0.008586603722716404
1291939200000,467000,2010-12-10 00:00:00,2010-12-10 00:00:00,2010,12,10,4,4,469000.0,461466.6666666667,442766.6666666667,0.0021459227467810482,0.008368949604708504
1292198400000,466000,2010-12-13 00:00:00,2010-12-13 00:00:00,2010,12,13,0,4,468571.4285714286,462000.0,443388.8888888889,-0.0021413276231263545,0.008194794678343675
1292284800000,470000,2010-12-14 00:00:00,2010-12-14 00:00:00,2010,12,14,1,4,468857.14285714284,462500.0,444044.44444444444,0.008583690987124415,0.008101827901448061
1292371200000,470000,2010-12-15 00:00:00,2010-12-15 00:00:00,2010,12,15,2,4,469142.85714285716,463100.0,444688.8888888889,0.0,0.00797397741294565
1292457600000,465000,2010-12-16 00:00:00,2010-12-16 00:00:00,2010,12,16,3,4,467857.14285714284,463566.6666666667,445277.77777777775,-0.010638297872340385,0.008246886677838667
1292544000000,464000,2010-12-17 00:00:00,2010-12-17 00:00:00,2010,12,17,4,4,466857.14285714284,463633.3333333333,445844.44444444444,-0.0021505376344086446,0.0069838225473221075
1292803200000,467000,2010-12-20 00:00:00,2010-12-20 00:00:00,2010,12,20,0,4,467000.0,463733.3333333333,446455.55555555556,0.006465517241379226,0.007038401960134799
1292889600000,468000,2010-12-21 00:00:00,2010-12-21 00:00:00,2010,12,21,1,4,467142.85714285716,463800.0,447066.6666666667,0.0021413276231263545,0.00700620229827846
1292976000000,468000,2010-12-22 00:00:00,2010-12-22 00:00:00,2010,12,22,2,4,467428.5714285714,463933.3333333333,447666.6666666667,0.0,0.006955663001855866
1293062400000,468000,2010-12-23 00:00:00,2010-12-23 00:00:00,2010,12,23,3,4,467142.85714285716,464033.3333333333,448222.22222222225,0.0,0.006947068050100615
1293408000000,466000,2010-12-27 00:00:00,2010-12-27 00:00:00,2010,12,27,0,4,466571.4285714286,464066.6666666667,448755.55555555556,-0.004273504273504258,0.006995754170769787
1293494400000,468000,2010-12-28 00:00:00,2010-12-28 00:00:00,2010,12,28,1,4,467000.0,464400.0,449288.8888888889,0.0042918454935623185,0.0064190444892472396
1293580800000,473000,2010-12-29 00:00:00,2010-12-29 00:00:00,2010,12,29,2,4,468285.71428571426,465000.0,449866.6666666667,0.010683760683760646,0.006514563213561135
1293667200000,474000,2010-12-30 00:00:00,2010-12-30 00:00:00,2010,12,30,3,4,469285.71428571426,465733.3333333333,450455.55555555556,0.0021141649048626032,0.00634176653966455
1293753600000,471000,2010-12-31 00:00:00,2010-12-31 00:00:00,2010,12,31,4,4,469714.28571428574,466233.3333333333,451022.22222222225,-0.006329113924050667,0.006349325149861271
1294012800000,474000,2011-01-03 00:00:00,2011-01-03 00:00:00,2011,1,3,0,1,470571.4285714286,466866.6666666667,451644.44444444444,0.006369426751592355,0.006388573880179799
1294099200000,473000,2011-01-04 00:00:00,2011-01-04 00:00:00,2011,1,4,1,1,471285.71428571426,467466.6666666667,452233.3333333333,-0.002109704641350185,0.006415890326001812
1294185600000,464000,2011-01-05 00:00:00,2011-01-05 00:00:00,2011,1,5,2,1,471000.0,467633.3333333333,452700.0,-0.019027484143763207,0.007253573650887181
1294272000000,463000,2011-01-06 00:00:00,2011-01-06 00:00:00,2011,1,6,3,1,470285.71428571426,467666.6666666667,453144.44444444444,-0.0021551724137931494,0.007172613858815879
1294358400000,461000,2011-01-07 00:00:00,2011-01-07 00:00:00,2011,1,7,4,1,468571.4285714286,467700.0,453577.77777777775,-0.004319654427645814,0.007172415110418235
1294617600000,462000,2011-01-10 00:00:00,2011-01-10 00:00:00,2011,1,10,0,1,466857.14285714284,467866.6666666667,454022.22222222225,0.002169197396963085,0.007070643843414432
1294704000000,466000,2011-01-11 00:00:00,2011-01-11 00:00:00,2011,1,11,1,1,466142.85714285716,468000.0,454466.6666666667,0.008658008658008587,0.006964631646532003
1294790400000,469000,2011-01-12 00:00:00,2011-01-12 00:00:00,2011,1,12,2,1,465428.5714285714,468066.6666666667,454955.55555555556,0.006437768240343367,0.006779991687015902
1294876800000,469000,2011-01-13 00:00:00,2011-01-13 00:00:00,2011,1,13,3,1,464857.14285714284,468066.6666666667,455433.3333333333,0.0,0.006735236243530209
1294963200000,466000,2011-01-14 00:00:00,2011-01-14 00:00:00,2011,1,14,4,1,465142.85714285716,467966.6666666667,455888.8888888889,-0.006396588486140775,0.006836445029761296
1295222400000,464000,2011-01-17 00:00:00,2011-01-17 00:00:00,2011,1,17,0,1,465285.71428571426,467833.3333333333,456333.3333333333,-0.0042918454935622075,0.00686888189135143
1295308800000,464000,2011-01-18 00:00:00,2011-01-18 00:00:00,2011,1,18,1,1,465714.28571428574,467700.0,456744.44444444444,0.0,0.00686888189135143
1295395200000,467000,2011-01-19 00:00:00,2011-01-19 00:00:00,2011,1,19,2,1,466428.5714285714,467466.6666666667,457200.0,0.006465517241379226,0.006541670470108417
1295481600000,466000,2011-01-20 00:00:00,2011-01-20 00:00:00,2011,1,20,3,1,466428.5714285714,467300.0,457588.8888888889,-0.0021413276231263545,0.006456571282745867
1295568000000,462000,2011-01-21 00:00:00,2011-01-21 00:00:00,2011,1,21,4,1,465428.5714285714,467166.6666666667,457944.44444444444,-0.008583690987124415,0.006354862988473667
1295827200000,462000,2011-01-24 00:00:00,2011-01-24 00:00:00,2011,1,24,0,1,464428.5714285714,467000.0,458255.55555555556,0.0,0.006338814900436704
1295913600000,460000,2011-01-25 00:00:00,2011-01-25 00:00:00,2011,1,25,1,1,463571.4285714286,466800.0,458555.55555555556,-0.0043290043290042934,0.00637275370652071
1296000000000,460000,2011-01-26 00:00:00,2011-01-26 00:00:00,2011,1,26,2,1,463000.0,466466.6666666667,458855.55555555556,0.0,0.0061435015790165075
1296086400000,461000,2011-01-27 00:00:00,2011-01-27 00:00:00,2011,1,27,3,1,462571.4285714286,466166.6666666667,459133.3333333333,0.0021739130434783593,0.006164806257688312
1296172800000,458000,2011-01-28 00:00:00,2011-01-28 00:00:00,2011,1,28,4,1,461285.71428571426,465933.3333333333,459366.6666666667,-0.006507592190889366,0.005976728620284985
1296432000000,460000,2011-01-31 00:00:00,2011-01-31 00:00:00,2011,1,31,0,1,460428.5714285714,465800.0,459633.3333333333,0.004366812227074135,0.006032408587689074
1296464400000,460000,2011-01-31 09:00:00,2011-01-31 09:00:00,2011,1,31,0,1,460142.85714285716,465566.6666666667,459877.77777777775,0.0,0.005897425225158583
1296518400000,460000,2011-02-01 00:00:00,2011-02-01 00:00:00,2011,2,1,1,1,459857.14285714284,465300.0,460133.3333333333,0.0,0.00587744889450285
1296604800000,461000,2011-02-02 00:00:00,2011-02-02 00:00:00,2011,2,2,2,1,460000.0,465066.6666666667,460344.44444444444,0.0021739130434783593,0.005897928870788535
1296777600000,462000,2011-02-04 00:00:00,2011-02-04 00:00:00,2011,2,4,4,1,460285.71428571426,464866.6666666667,460566.6666666667,0.002169197396963085,0.005917349048419303
1297036800000,462000,2011-02-07 00:00:00,2011-02-07 00:00:00,2011,2,7,0,1,460428.5714285714,464733.3333333333,460800.0,0.0,0.00587247882043794
1297123200000,461000,2011-02-08 00:00:00,2011-02-08 00:00:00,2011,2,8,1,1,460857.14285714284,464500.0,461000.0,-0.0021645021645021467,0.005817559158144527
1297209600000,463000,2011-02-09 00:00:00,2011-02-09 00:00:00,2011,2,9,2,1,461285.71428571426,464166.6666666667,461233.3333333333,0.00433839479392617,0.005504379099750066
1297296000000,462000,2011-02-10 00:00:00,2011-02-10 00:00:00,2011,2,10,3,1,461571.4285714286,463766.6666666667,461344.44444444444,-0.002159827213822907,0.005484376351509533
1297382400000,462000,2011-02-11 00:00:00,2011-02-11 00:00:00,2011,2,11,4,1,461857.14285714284,463466.6666666667,461477.77777777775,0.0,0.005386798374844193
1297641600000,462000,2011-02-14 00:00:00,2011-02-14 00:00:00,2011,2,14,0,1,462000.0,463066.6666666667,461577.77777777775,0.0,0.005224537903682707
1297814400000,464000,2011-02-16 00:00:00,2011-02-16 00:00:00,2011,2,16,2,1,462285.71428571426,462766.6666666667,461755.55555555556,0.0043290043290042934,0.005302299772086372
1297900800000,464000,2011-02-17 00:00:00,2011-02-17 00:00:00,2011,2,17,3,1,462571.4285714286,462766.6666666667,461888.8888888889,0.0,0.0040045025070685756
1297987200000,465000,2011-02-18 00:00:00,2011-02-18 00:00:00,2011,2,18,4,1,463142.85714285716,462833.3333333333,462022.22222222225,0.0021551724137931494,0.00400154733320097
1298019600000,465000,2011-02-18 09:00:00,2011-02-18 09:00:00,2011,2,18,4,1,463428.5714285714,462966.6666666667,462155.55555555556,0.0,0.003911827402454683
1298246400000,470000,2011-02-21 00:00:00,2011-02-21 00:00:00,2011,2,21,0,1,464571.4285714286,463233.3333333333,462266.6666666667,0.010752688172043001,0.004343671573996013
1298332800000,472000,2011-02-22 00:00:00,2011-02-22 00:00:00,2011,2,22,1,1,466000.0,463433.3333333333,462400.0,0.004255319148936065,0.004130534443339426
1298419200000,470000,2011-02-23 00:00:00,2011-02-23 00:00:00,2011,2,23,2,1,467142.85714285716,463466.6666666667,462566.6666666667,-0.004237288135593209,0.004054677439080095
1298505600000,473000,2011-02-24 00:00:00,2011-02-24 00:00:00,2011,2,24,3,1,468428.5714285714,463600.0,462722.22222222225,0.006382978723404209,0.004214705083554421
1298592000000,470000,2011-02-25 00:00:00,2011-02-25 00:00:00,2011,2,25,4,1,469285.71428571426,463733.3333333333,462966.6666666667,-0.006342494714587699,0.004211755582515217
1298851200000,472000,2011-02-28 00:00:00,2011-02-28 00:00:00,2011,2,28,0,1,470285.71428571426,464000.0,463200.0,0.004255319148936065,0.004179848861578148
1298937600000,469000,2011-03-01 00:00:00,2011-03-01 00:00:00,2011,3,1,1,1,470857.14285714284,464166.6666666667,463466.6666666667,-0.006355932203389814,0.00436706716171781
1299024000000,475000,2011-03-02 00:00:00,2011-03-02 00:00:00,2011,3,2,2,1,471571.4285714286,464433.3333333333,463777.77777777775,0.01279317697228155,0.0048028582602791725
1299110400000,476000,2011-03-03 00:00:00,2011-03-03 00:00:00,2011,3,3,3,1,472142.85714285716,464766.6666666667,464077.77777777775,0.002105263157894832,0.004782500837148124
1299196800000,471000,2011-03-04 00:00:00,2011-03-04 00:00:00,2011,3,4,4,1,472285.71428571426,465066.6666666667,464322.22222222225,-0.010504201680672232,0.004922133226618511
1299456000000,475000,2011-03-07 00:00:00,2011-03-07 00:00:00,2011,3,7,0,1,472571.4285714286,465500.0,464655.55555555556,0.00849256900212314,0.005123268867009208
1299542400000,475000,2011-03-08 00:00:00,2011-03-08 00:00:00,2011,3,8,1,1,473285.71428571426,466000.0,464933.3333333333,0.0,0.005029916141112301
1299628800000,474000,2011-03-09 00:00:00,2011-03-09 00:00:00,2011,3,9,2,1,473571.4285714286,466466.6666666667,465144.44444444444,-0.002105263157894721,0.005060133185215985
1299715200000,472000,2011-03-10 00:00:00,2011-03-10 00:00:00,2011,3,10,3,1,474000.0,466833.3333333333,465366.6666666667,-0.00421940928270037,0.00514346396369559
1299747600000,472000,2011-03-10 09:00:00,2011-03-10 09:00:00,2011,3,10,3,1,473571.4285714286,467300.0,465600.0,0.0,0.004958588788645274
1299801600000,467000,2011-03-11 00:00:00,2011-03-11 00:00:00,2011,3,11,4,1,472285.71428571426,467533.3333333333,465655.55555555556,-0.010593220338983023,0.005347017655898441
1300060800000,472000,2011-03-14 00:00:00,2011-03-14 00:00:00,2011,3,14,0,1,472428.5714285714,467933.3333333333,465744.44444444444,0.010706638115631772,0.0056594746702129
1300147200000,471000,2011-03-15 00:00:00,2011-03-15 00:00:00,2011,3,15,1,1,471857.14285714284,468300.0,465800.0,-0.0021186440677966045,0.005683926011406414
1300233600000,462000,2011-03-16 00:00:00,2011-03-16 00:00:00,2011,3,16,2,1,470000.0,468333.3333333333,465777.77777777775,-0.019108280254777066,0.006737471470458508
1300264200000,463000,2011-03-16 08:30:00,2011-03-16 08:30:00,2011,3,16,2,1,468428.5714285714,468366.6666666667,465755.55555555556,0.0021645021645022577,0.0067374216621845645
1300320000000,462000,2011-03-17 00:00:00,2011-03-17 00:00:00,2011,3,17,3,1,467000.0,468366.6666666667,465722.22222222225,-0.002159827213822907,0.006749989419141413
1300406400000,468000,2011-03-18 00:00:00,2011-03-18 00:00:00,2011,3,18,4,1,466428.5714285714,468600.0,465833.3333333333,0.01298701298701288,0.007136512936685233
1300665600000,471000,2011-03-21 00:00:00,2011-03-21 00:00:00,2011,3,21,0,1,467000.0,468866.6666666667,466011.1111111111,0.0064102564102563875,0.007184530974520149
1300752000000,471000,2011-03-22 00:00:00,2011-03-22 00:00:00,2011,3,22,1,1,466857.14285714284,469166.6666666667,466222.22222222225,0.0,0.007166760961995828
1300838400000,469000,2011-03-23 00:00:00,2011-03-23 00:00:00,2011,3,23,2,1,466571.4285714286,469400.0,466366.6666666667,-0.00424628450106157,0.007222130420677346
1300924800000,472000,2011-03-24 00:00:00,2011-03-24 00:00:00,2011,3,24,3,1,468000.0,469733.3333333333,466555.55555555556,0.006396588486140775,0.007300049588244334
1301011200000,472000,2011-03-25 00:00:00,2011-03-25 00:00:00,2011,3,25,4,1,469285.71428571426,470000.0,466744.44444444444,0.0,0.00726937769588146
1301270400000,468000,2011-03-28 00:00:00,2011-03-28 00:00:00,2011,3,28,0,1,470142.85714285716,470133.3333333333,466844.44444444444,-0.008474576271186418,0.00745559348427305
1301356800000,467000,2011-03-29 00:00:00,2011-03-29 00:00:00,2011,3,29,1,1,470000.0,470200.0,466900.0,-0.002136752136752129,0.0074602038614316945
1301443200000,467000,2011-03-30 00:00:00,2011-03-30 00:00:00,2011,3,30,2,1,469428.5714285714,470266.6666666667,466977.77777777775,0.0,0.0074602038614316945
1301529600000,469000,2011-03-31 00:00:00,2011-03-31 00:00:00,2011,3,31,3,1,469142.85714285716,470233.3333333333,467111.1111111111,0.004282655246252709,0.007233804584928031
1301616000000,471000,2011-04-01 00:00:00,2011-04-01 00:00:00,2011,4,1,4,2,469428.5714285714,470200.0,467211.1111111111,0.004264392324093924,0.007233990793289947
1301875200000,470000,2011-04-04 00:00:00,2011-04-04 00:00:00,2011,4,4,0,2,469142.85714285716,470200.0,467244.44444444444,-0.002123142250530785,0.007201972896864963
1301961600000,471000,2011-04-05 00:00:00,2011-04-05 00:00:00,2011,4,5,1,2,469000.0,470133.3333333333,467266.6666666667,0.0021276595744681437,0.007113800648291987
1302048000000,476000,2011-04-06 00:00:00,2011-04-06 00:00:00,2011,4,6,2,2,470142.85714285716,470333.3333333333,467344.44444444444,0.010615711252653925,0.007273992076255654
1302134400000,476000,2011-04-07 00:00:00,2011-04-07 00:00:00,2011,4,7,3,2,471428.5714285714,470466.6666666667,467433.3333333333,0.0,0.007238603155327384
1302220800000,476000,2011-04-08 00:00:00,2011-04-08 00:00:00,2011,4,8,4,2,472714.28571428574,470700.0,467522.22222222225,0.0,0.00712905840955122
1302480000000,480000,2011-04-11 00:00:00,2011-04-11 00:00:00,2011,4,11,0,2,474285.71428571426,470866.6666666667,467588.8888888889,0.008403361344537785,0.006910118190090692
1302566400000,476000,2011-04-12 00:00:00,2011-04-12 00:00:00,2011,4,12,1,2,475000.0,470866.6666666667,467644.44444444444,-0.008333333333333304,0.007080555282679044
1302652800000,476000,2011-04-13 00:00:00,2011-04-13 00:00:00,2011,4,13,2,2,475857.14285714284,471033.3333333333,467755.55555555556,0.0,0.006795960622712139
1302739200000,476000,2011-04-14 00:00:00,2011-04-14 00:00:00,2011,4,14,3,2,476571.4285714286,471066.6666666667,467855.55555555556,0.0,0.0066207590813916065
1302825600000,480000,2011-04-15 00:00:00,2011-04-15 00:00:00,2011,4,15,4,2,477142.85714285716,471233.3333333333,468011.1111111111,0.008403361344537785,0.00679230455403582
1303084800000,483000,2011-04-18 00:00:00,2011-04-18 00:00:00,2011,4,18,0,2,478142.85714285716,471533.3333333333,468155.55555555556,0.006250000000000089,0.006858226657181865
1303171200000,485000,2011-04-19 00:00:00,2011-04-19 00:00:00,2011,4,19,1,2,479428.5714285714,471966.6666666667,468322.22222222225,0.0041407867494824835,0.00682330776754682
1303257600000,486000,2011-04-20 00:00:00,2011-04-20 00:00:00,2011,4,20,2,2,480285.71428571426,472433.3333333333,468555.55555555556,0.0020618556701030855,0.006824015606670761
1303344000000,487000,2011-04-21 00:00:00,2011-04-21 00:00:00,2011,4,21,3,2,481857.14285714284,473100.0,468811.1111111111,0.002057613168724215,0.006464482125248445
1303689600000,488000,2011-04-25 00:00:00,2011-04-25 00:00:00,2011,4,25,0,2,483571.4285714286,473633.3333333333,469044.44444444444,0.002053388090349051,0.006224377855189683
1303736400000,488000,2011-04-25 13:00:00,2011-04-25 13:00:00,2011,4,25,0,2,485285.71428571426,474200.0,469266.6666666667,0.0,0.0061982047328077656
1303776000000,485000,2011-04-26 00:00:00,2011-04-26 00:00:00,2011,4,26,1,2,486000.0,474966.6666666667,469455.55555555556,-0.006147540983606592,0.0050856232202298075
1303862400000,488000,2011-04-27 00:00:00,2011-04-27 00:00:00,2011,4,27,2,2,486714.28571428574,475800.0,469677.77777777775,0.006185567010309256,0.005152654782963144
1303948800000,493000,2011-04-28 00:00:00,2011-04-28 00:00:00,2011,4,28,3,2,487857.14285714284,476833.3333333333,469977.77777777775,0.010245901639344357,0.005321654460436446
1304035200000,495000,2011-04-29 00:00:00,2011-04-29 00:00:00,2011,4,29,4,2,489142.85714285716,477733.3333333333,470277.77777777775,0.0040567951318457585,0.0049318363794154645
1304294400000,497000,2011-05-02 00:00:00,2011-05-02 00:00:00,2011,5,2,0,2,490571.4285714286,478600.0,470544.44444444444,0.004040404040404066,0.004875480880633961
1304380800000,492000,2011-05-03 00:00:00,2011-05-03 00:00:00,2011,5,3,1,2,491142.85714285716,479300.0,470744.44444444444,-0.010060362173038184,0.00532876720251939
1304467200000,490000,2011-05-04 00:00:00,2011-05-04 00:00:00,2011,5,4,2,2,491428.5714285714,480000.0,470955.55555555556,-0.004065040650406471,0.005322162974139035
1304553600000,485000,2011-05-05 00:00:00,2011-05-05 00:00:00,2011,5,5,3,2,491428.5714285714,480433.3333333333,471077.77777777775,-0.010204081632653073,0.00564594689409661
1304640000000,475000,2011-05-06 00:00:00,2011-05-06 00:00:00,2011,5,6,4,2,489571.4285714286,480533.3333333333,471100.0,-0.020618556701030966,0.006881705649349764
1304899200000,480000,2011-05-09 00:00:00,2011-05-09 00:00:00,2011,5,9,0,2,487714.28571428574,480933.3333333333,471277.77777777775,0.010526315789473717,0.006926781166387844
1304985600000,483000,2011-05-10 00:00:00,2011-05-10 00:00:00,2011,5,10,1,2,486000.0,481466.6666666667,471500.0,0.006250000000000089,0.00697045171382199
1305072000000,485000,2011-05-11 00:00:00,2011-05-11 00:00:00,2011,5,11,2,2,484285.71428571426,482066.6666666667,471766.6666666667,0.0041407867494824835,0.0069879287650828825
1305158400000,482000,2011-05-12 00:00:00,2011-05-12 00:00:00,2011,5,12,3,2,482857.14285714284,482500.0,471988.8888888889,-0.006185567010309256,0.00709365206326008
1305244800000,481000,2011-05-13 00:00:00,2011-05-13 00:00:00,2011,5,13,4,2,481571.4285714286,482833.3333333333,472155.55555555556,-0.0020746887966804906,0.007085503235088185
1305504000000,478000,2011-05-16 00:00:00,2011-05-16 00:00:00,2011,5,16,0,2,480571.4285714286,483100.0,472255.55555555556,-0.006237006237006182,0.007181679384122523
1305676800000,478000,2011-05-18 00:00:00,2011-05-18 00:00:00,2011,5,18,2,2,481000.0,483333.3333333333,472355.55555555556,0.0,0.007176451896768229
1305763200000,480000,2011-05-19 00:00:00,2011-05-19 00:00:00,2011,5,19,3,2,481000.0,483466.6666666667,472511.1111111111,0.004184100418409997,0.006957073649475621
1305849600000,480000,2011-05-20 00:00:00,2011-05-20 00:00:00,2011,5,20,4,2,480571.4285714286,483600.0,472688.8888888889,0.0,0.006957073649475621
1306108800000,485000,2011-05-23 00:00:00,2011-05-23 00:00:00,2011,5,23,0,2,480571.4285714286,483900.0,472922.22222222225,0.01041666666666674,0.007197255116532241
1306195200000,485000,2011-05-24 00:00:00,2011-05-24 00:00:00,2011,5,24,1,2,481000.0,484066.6666666667,473122.22222222225,0.0,0.007047040868189113
1306281600000,488000,2011-05-25 00:00:00,2011-05-25 00:00:00,2011,5,25,2,2,482000.0,484466.6666666667,473366.6666666667,0.006185567010309256,0.006926264823390386
1306368000000,489000,2011-05-26 00:00:00,2011-05-26 00:00:00,2011,5,26,3,2,483571.4285714286,484900.0,473666.6666666667,0.002049180327868827,0.006927661278045078
1306454400000,488000,2011-05-27 00:00:00,2011-05-27 00:00:00,2011,5,27,4,2,485000.0,485300.0,473955.55555555556,-0.002044989775051076,0.006947078663358909
1306713600000,491000,2011-05-30 00:00:00,2011-05-30 00:00:00,2011,5,30,0,2,486571.4285714286,485666.6666666667,474300.0,0.006147540983606481,0.006874372238717712
1306744200000,491000,2011-05-30 08:30:00,2011-05-30 08:30:00,2011,5,30,0,2,488142.85714285716,485933.3333333333,474644.44444444444,0.0,0.00679710722293762
1306800000000,491000,2011-05-31 00:00:00,2011-05-31 00:00:00,2011,5,31,1,2,489000.0,486133.3333333333,474977.77777777775,0.0,0.006764061868502292
1306886400000,489000,2011-06-01 00:00:00,2011-06-01 00:00:00,2011,6,1,2,2,489571.4285714286,486233.3333333333,475322.22222222225,-0.004073319755600768,0.006805707106564837
1307318400000,491000,2011-06-06 00:00:00,2011-06-06 00:00:00,2011,6,6,0,2,490000.0,486366.6666666667,475666.6666666667,0.004089979550102152,0.0068346053539510634
1307404800000,490000,2011-06-07 00:00:00,2011-06-07 00:00:00,2011,6,7,1,2,490142.85714285716,486433.3333333333,476000.0,-0.0020366598778004397,0.006839119682390353
1307491200000,489000,2011-06-08 00:00:00,2011-06-08 00:00:00,2011,6,8,2,2,490285.71428571426,486466.6666666667,476322.22222222225,-0.0020408163265306367,0.006850895732092482
1307577600000,488000,2011-06-09 00:00:00,2011-06-09 00:00:00,2011,6,9,3,2,489857.14285714284,486566.6666666667,476622.22222222225,-0.002044989775051076,0.006762447979251661
1307664000000,490000,2011-06-10 00:00:00,2011-06-10 00:00:00,2011,6,10,4,2,489714.28571428574,486633.3333333333,476933.3333333333,0.004098360655737654,0.006709569177794135
1307923200000,486000,2011-06-13 00:00:00,2011-06-13 00:00:00,2011,6,13,0,2,489000.0,486400.0,477200.0,-0.008163265306122436,0.006596025785609383
1308009600000,484000,2011-06-14 00:00:00,2011-06-14 00:00:00,2011,6,14,1,2,488285.71428571426,486033.3333333333,477455.55555555556,-0.004115226337448541,0.006571953446703042
1308096000000,486000,2011-06-15 00:00:00,2011-06-15 00:00:00,2011,6,15,2,2,487571.4285714286,485666.6666666667,477711.1111111111,0.004132231404958775,0.006574271837707883
1308182400000,487000,2011-06-16 00:00:00,2011-06-16 00:00:00,2011,6,16,3,2,487142.85714285716,485500.0,477988.8888888889,0.002057613168724215,0.006349326830499972
1308268800000,489000,2011-06-17 00:00:00,2011-06-17 00:00:00,2011,6,17,4,2,487142.85714285716,485466.6666666667,478288.8888888889,0.004106776180698102,0.0063584419607255966
1308528000000,493000,2011-06-20 00:00:00,2011-06-20 00:00:00,2011,6,20,0,2,487857.14285714284,485733.3333333333,478633.3333333333,0.008179959100204526,0.006230538003575876
1308614400000,492000,2011-06-21 00:00:00,2011-06-21 00:00:00,2011,6,21,1,2,488142.85714285716,486300.0,478944.44444444444,-0.0020283975659228792,0.004814690676997544
1308700800000,494000,2011-06-22 00:00:00,2011-06-22 00:00:00,2011,6,22,2,2,489285.71428571426,486766.6666666667,479277.77777777775,0.004065040650406582,0.004517728055268797
1308787200000,495000,2011-06-23 00:00:00,2011-06-23 00:00:00,2011,6,23,3,2,490857.14285714284,487166.6666666667,479611.1111111111,0.002024291497975783,0.004412023000055431
1308873600000,488000,2011-06-24 00:00:00,2011-06-24 00:00:00,2011,6,24,4,2,491142.85714285716,487266.6666666667,479866.6666666667,-0.014141414141414121,0.00514101708124971
1309132800000,483000,2011-06-27 00:00:00,2011-06-27 00:00:00,2011,6,27,0,2,490571.4285714286,487300.0,480011.1111111111,-0.010245901639344246,0.005364032946173431
1309219200000,484000,2011-06-28 00:00:00,2011-06-28 00:00:00,2011,6,28,1,2,489857.14285714284,487400.0,480144.44444444444,0.0020703933747412417,0.005359921021211314
1309392000000,486000,2011-06-30 00:00:00,2011-06-30 00:00:00,2011,6,30,3,2,488857.14285714284,487666.6666666667,480322.22222222225,0.004132231404958775,0.005262547394589006
1309478400000,483000,2011-07-01 00:00:00,2011-07-01 00:00:00,2011,7,1,4,3,487571.4285714286,487833.3333333333,480433.3333333333,-0.006172839506172867,0.005404243179342014
1309737600000,479000,2011-07-04 00:00:00,2011-07-04 00:00:00,2011,7,4,0,3,485428.5714285714,487800.0,480533.3333333333,-0.008281573498964856,0.005576642957933627
1309824000000,480000,2011-07-05 00:00:00,2011-07-05 00:00:00,2011,7,5,1,3,483285.71428571426,487800.0,480622.22222222225,0.0020876826722338038,0.005590354838046821
1309910400000,484000,2011-07-06 00:00:00,2011-07-06 00:00:00,2011,7,6,2,3,482714.28571428574,487766.6666666667,480788.8888888889,0.008333333333333304,0.005468296859289297
1309996800000,487000,2011-07-07 00:00:00,2011-07-07 00:00:00,2011,7,7,3,3,483285.71428571426,487833.3333333333,480922.22222222225,0.006198347107438051,0.0055862452089811
1310083200000,488000,2011-07-08 00:00:00,2011-07-08 00:00:00,2011,7,8,4,3,483857.14285714284,487833.3333333333,481055.55555555556,0.002053388090349051,0.005482330958341019
1310342400000,491000,2011-07-11 00:00:00,2011-07-11 00:00:00,2011,7,11,0,3,484571.4285714286,487900.0,481277.77777777775,0.006147540983606481,0.005584882542140245
1310428800000,494000,2011-07-12 00:00:00,2011-07-12 00:00:00,2011,7,12,1,3,486142.85714285716,488100.0,481488.8888888889,0.006109979633401208,0.005672084910654199
1310515200000,498000,2011-07-13 00:00:00,2011-07-13 00:00:00,2011,7,13,2,3,488857.14285714284,488333.3333333333,481744.44444444444,0.00809716599190291,0.005750560948764076
1310601600000,505000,2011-07-14 00:00:00,2011-07-14 00:00:00,2011,7,14,3,3,492428.5714285714,488800.0,482088.8888888889,0.014056224899598346,0.006259537100097747
1310688000000,504000,2011-07-15 00:00:00,2011-07-15 00:00:00,2011,7,15,4,3,495285.71428571426,489233.3333333333,482444.44444444444,-0.001980198019801982,0.006280377441298954
1310947200000,505000,2011-07-18 00:00:00,2011-07-18 00:00:00,2011,7,18,0,3,497857.14285714284,489766.6666666667,482811.1111111111,0.001984126984126977,0.006212290735508526
1311033600000,509000,2011-07-19 00:00:00,2011-07-19 00:00:00,2011,7,19,1,3,500857.14285714284,490366.6666666667,483277.77777777775,0.007920792079207928,0.006314559148798745
1311120000000,505000,2011-07-20 00:00:00,2011-07-20 00:00:00,2011,7,20,2,3,502857.14285714284,490866.6666666667,483644.44444444444,-0.007858546168958758,0.006504698683943847
1311206400000,508000,2011-07-21 00:00:00,2011-07-21 00:00:00,2011,7,21,3,3,504857.14285714284,491500.0,484055.55555555556,0.005940594059405946,0.00653807220470371
1311292800000,505000,2011-07-22 00:00:00,2011-07-22 00:00:00,2011,7,22,4,3,505857.14285714284,492066.6666666667,484533.3333333333,-0.0059055118110236116,0.006643166315178664
1311552000000,511000,2011-07-25 00:00:00,2011-07-25 00:00:00,2011,7,25,0,3,506714.28571428574,492766.6666666667,485066.6666666667,0.011881188118811892,0.006908404146748297
1311638400000,511000,2011-07-26 00:00:00,2011-07-26 00:00:00,2011,7,26,1,3,507714.28571428574,493600.0,485611.1111111111,0.0,0.00667461661021151
1311724800000,512000,2011-07-27 00:00:00,2011-07-27 00:00:00,2011,7,27,2,3,508714.28571428574,494533.3333333333,486100.0,0.001956947162426559,0.0065837988973020374
1311811200000,509000,2011-07-28 00:00:00,2011-07-28 00:00:00,2011,7,28,3,3,508714.28571428574,495300.0,486522.22222222225,-0.005859375,0.0067181966502735824
1311897600000,510000,2011-07-29 00:00:00,2011-07-29 00:00:00,2011,7,29,4,3,509428.5714285714,496066.6666666667,486955.55555555556,0.0019646365422396617,0.006717982685083894
1312156800000,510000,2011-08-01 00:00:00,2011-08-01 00:00:00,2011,8,1,0,3,509714.28571428574,496766.6666666667,487411.1111111111,0.0,0.00670615489630391
1312243200000,510000,2011-08-02 00:00:00,2011-08-02 00:00:00,2011,8,2,1,3,510428.5714285714,497333.3333333333,487833.3333333333,0.0,0.006587246832677759
1312329600000,518000,2011-08-03 00:00:00,2011-08-03 00:00:00,2011,8,3,2,3,511428.5714285714,498200.0,488344.44444444444,0.015686274509803866,0.00706873721036959
1312416000000,522000,2011-08-04 00:00:00,2011-08-04 00:00:00,2011,8,4,3,3,513000.0,499133.3333333333,488944.44444444444,0.007722007722007707,0.00714133510653516
1312502400000,516000,2011-08-05 00:00:00,2011-08-05 00:00:00,2011,8,5,4,3,513571.4285714286,499833.3333333333,489488.8888888889,-0.011494252873563204,0.007545924867415093
1312549200000,520000,2011-08-05 13:00:00,2011-08-05 13:00:00,2011,8,5,4,3,515142.85714285716,500900.0,490077.77777777775,0.007751937984496138,0.007030804617417951
1312761600000,530000,2011-08-08 00:00:00,2011-08-08 00:00:00,2011,8,8,0,3,518000.0,502466.6666666667,490755.55555555556,0.019230769230769162,0.007294461143555578
1312804800000,534000,2011-08-08 12:00:00,2011-08-08 12:00:00,2011,8,8,0,3,521428.5714285714,504133.3333333333,491455.55555555556,0.007547169811320753,0.00733555535374868
1312848000000,540000,2011-08-09 00:00:00,2011-08-09 00:00:00,2011,8,9,1,3,525714.2857142857,505933.3333333333,492233.3333333333,0.011235955056179803,0.007476369809415744
1312884000000,548000,2011-08-09 10:00:00,2011-08-09 10:00:00,2011,8,9,1,3,530000.0,508100.0,493088.8888888889,0.014814814814814836,0.007517500025610881
1312891200000,555000,2011-08-09 12:00:00,2011-08-09 12:00:00,2011,8,9,1,3,534714.2857142857,510633.3333333333,493966.6666666667,0.012773722627737127,0.007287045630014553
1312934400000,553000,2011-08-10 00:00:00,2011-08-10 00:00:00,2011,8,10,2,3,540000.0,513066.6666666667,494822.22222222225,-0.003603603603603567,0.007436587976224947
1313020800000,563000,2011-08-11 00:00:00,2011-08-11 00:00:00,2011,8,11,3,3,546142.8571428572,515700.0,495788.8888888889,0.018083182640144635,0.007802328749723803
1313107200000,550000,2011-08-12 00:00:00,2011-08-12 00:00:00,2011,8,12,4,3,549000.0,517800.0,496566.6666666667,-0.023090586145648295,0.009338939841453111
1313366400000,544000,2011-08-15 00:00:00,2011-08-15 00:00:00,2011,8,15,0,3,550428.5714285715,519666.6666666667,497322.22222222225,-0.010909090909090868,0.009728885538652744
1313409600000,547000,2011-08-15 12:00:00,2011-08-15 12:00:00,2011,8,15,0,3,551428.5714285715,521533.3333333333,498111.1111111111,0.005514705882353033,0.009724021028721707
1313452800000,554000,2011-08-16 00:00:00,2011-08-16 00:00:00,2011,8,16,1,3,552285.7142857143,523533.3333333333,498977.77777777775,0.01279707495429605,0.00985802002135772
1313625600000,558000,2011-08-18 00:00:00,2011-08-18 00:00:00,2011,8,18,3,3,552714.2857142857,525533.3333333334,499844.44444444444,0.0072202166064982976,0.009846362591848654
1313668800000,560000,2011-08-18 12:00:00,2011-08-18 12:00:00,2011,8,18,3,3,553714.2857142857,527366.6666666666,500700.0,0.0035842293906809264,0.00965569344744258
1313712000000,570000,2011-08-19 00:00:00,2011-08-19 00:00:00,2011,8,19,4,3,554714.2857142857,529566.6666666666,501644.44444444444,0.017857142857142794,0.009942659418640564
1313755200000,575000,2011-08-19 12:00:00,2011-08-19 12:00:00,2011,8,19,4,3,558285.7142857143,531900.0,502633.3333333333,0.00877192982456143,0.009968677976175155
1313971200000,585000,2011-08-22 00:00:00,2011-08-22 00:00:00,2011,8,22,0,3,564142.8571428572,534433.3333333334,503722.22222222225,0.017391304347825987,0.010231027881839582
1314057600000,594000,2011-08-23 00:00:00,2011-08-23 00:00:00,2011,8,23,1,3,570857.1428571428,537400.0,504900.0,0.01538461538461533,0.010126735338729072
1314144000000,576000,2011-08-24 00:00:00,2011-08-24 00:00:00,2011,8,24,2,3,574000.0,539666.6666666666,505877.77777777775,-0.030303030303030276,0.012048796553420983
1314259200000,552000,2011-08-25 08:00:00,2011-08-25 08:00:00,2011,8,25,3,3,573142.8571428572,541233.3333333334,506622.22222222225,-0.04166666666666663,0.014590751801680759
1314316800000,556000,2011-08-26 00:00:00,2011-08-26 00:00:00,2011,8,26,4,3,572571.4285714285,542733.3333333334,507377.77777777775,0.007246376811594235,0.0145186495966391
1314694800000,575000,2011-08-30 09:00:00,2011-08-30 09:00:00,2011,8,30,1,3,573285.7142857143,544866.6666666666,508288.8888888889,0.03417266187050361,0.01558314963160093
1315180800000,590000,2011-09-05 00:00:00,2011-09-05 00:00:00,2011,9,5,0,3,575428.5714285715,547466.6666666666,509344.44444444444,0.026086956521739202,0.016085534169458012
1315213200000,590000,2011-09-05 09:00:00,2011-09-05 09:00:00,2011,9,5,0,3,576142.8571428572,550166.6666666666,510377.77777777775,0.0,0.015986108922344706
1315353600000,590000,2011-09-07 00:00:00,2011-09-07 00:00:00,2011,9,7,2,3,575571.4285714285,552833.3333333334,511466.6666666667,0.0,0.016003237249354155
1315440000000,577000,2011-09-08 00:00:00,2011-09-08 00:00:00,2011,9,8,3,3,575714.2857142857,555066.6666666666,512433.3333333333,-0.02203389830508473,0.016729457605186036
1315526400000,590000,2011-09-09 00:00:00,2011-09-09 00:00:00,2011,9,9,4,3,581142.8571428572,557733.3333333334,513600.0,0.022530329289428108,0.017034596425093397
1315785600000,588000,2011-09-12 00:00:00,2011-09-12 00:00:00,2011,9,12,0,3,585714.2857142857,560066.6666666666,514855.55555555556,-0.003389830508474523,0.01697827621651878
1315904400000,578000,2011-09-13 09:00:00,2011-09-13 09:00:00,2011,9,13,1,3,586142.8571428572,561933.3333333334,515944.44444444444,-0.017006802721088454,0.01740506261247321
1315915200000,584000,2011-09-13 12:00:00,2011-09-13 12:00:00,2011,9,13,1,3,585285.7142857143,564200.0,517066.6666666667,0.01038062283737018,0.017210192793913507
1315990800000,588000,2011-09-14 09:00:00,2011-09-14 09:00:00,2011,9,14,2,3,585000.0,566466.6666666666,518211.1111111111,0.006849315068493178,0.017204700180544725
1316004300000,594000,2011-09-14 12:45:00,2011-09-14 12:45:00,2011,9,14,2,3,585571.4285714285,568600.0,519455.55555555556,0.010204081632652962,0.017011500008566428
1316077200000,594000,2011-09-15 09:00:00,2011-09-15 09:00:00,2011,9,15,3,3,588000.0,570600.0,520711.1111111111,0.0,0.017012245411153065
1316131200000,580000,2011-09-16 00:00:00,2011-09-16 00:00:00,2011,9,16,4,3,586571.4285714285,571933.3333333334,521844.44444444444,-0.023569023569023573,0.017654994270233763
1316390400000,596000,2011-09-19 00:00:00,2011-09-19 00:00:00,2011,9,19,0,3,587714.2857142857,573533.3333333334,523155.55555555556,0.02758620689655178,0.018109402518933237
1316476800000,590000,2011-09-20 00:00:00,2011-09-20 00:00:00,2011,9,20,1,3,589428.5714285715,574700.0,524377.7777777778,-0.010067114093959773,0.018162735986259938
1316563200000,605000,2011-09-21 00:00:00,2011-09-21 00:00:00,2011,9,21,2,3,592428.5714285715,576433.3333333334,525766.6666666666,0.025423728813559254,0.018610524192246135
1316649600000,595000,2011-09-22 00:00:00,2011-09-22 00:00:00,2011,9,22,3,3,593428.5714285715,577500.0,526988.8888888889,-0.016528925619834656,0.01872651594272449
1316768400000,585000,2011-09-23 09:00:00,2011-09-23 09:00:00,2011,9,23,4,3,592142.8571428572,578666.6666666666,528100.0,-0.01680672268907568,0.018469402266175317
1316995200000,575000,2011-09-26 00:00:00,2011-09-26 00:00:00,2011,9,26,0,3,589428.5714285715,579700.0,529066.6666666666,-0.017094017094017144,0.018654645849686718
1317081600000,575000,2011-09-27 00:00:00,2011-09-27 00:00:00,2011,9,27,1,3,588714.2857142857,580633.3333333334,530022.2222222222,0.0,0.018646168613032296
1317168000000,575000,2011-09-28 00:00:00,2011-09-28 00:00:00,2011,9,28,2,3,585714.2857142857,581333.3333333334,530988.8888888889,0.0,0.01853275280563359
1317254400000,575000,2011-09-29 00:00:00,2011-09-29 00:00:00,2011,9,29,3,3,583571.4285714285,581900.0,531922.2222222222,0.0,0.018501518951794034
1317340800000,575000,2011-09-30 00:00:00,2011-09-30 00:00:00,2011,9,30,4,3,579285.7142857143,582400.0,532855.5555555555,0.0,0.01849694197425779
1317600000000,570000,2011-10-03 00:00:00,2011-10-03 00:00:00,2011,10,3,0,4,575714.2857142857,582400.0,533733.3333333334,-0.008695652173912993,0.01829906916623634
1317686400000,575000,2011-10-04 00:00:00,2011-10-04 00:00:00,2011,10,4,1,4,574285.7142857143,582400.0,534688.8888888889,0.00877192982456143,0.01829906916623634
1317772800000,572000,2011-10-05 00:00:00,2011-10-05 00:00:00,2011,10,5,2,4,573857.1428571428,581966.6666666666,535588.8888888889,-0.00521739130434784,0.0180286001124282
1317859200000,574000,2011-10-06 00:00:00,2011-10-06 00:00:00,2011,10,6,3,4,573714.2857142857,581300.0,536522.2222222222,0.0034965034965035446,0.017794467389697827
1317945600000,575000,2011-10-07 00:00:00,2011-10-07 00:00:00,2011,10,7,4,4,573714.2857142857,581266.6666666666,537477.7777777778,0.0017421602787457413,0.016914064129749315
1318204800000,575000,2011-10-10 00:00:00,2011-10-10 00:00:00,2011,10,10,0,4,573714.2857142857,582033.3333333334,538444.4444444445,0.0,0.014966389997867417
1318323600000,580000,2011-10-11 09:00:00,2011-10-11 09:00:00,2011,10,11,1,4,574428.5714285715,582833.3333333334,539444.4444444445,0.008695652173912993,0.014988003653892024
1318410000000,576000,2011-10-12 09:00:00,2011-10-12 09:00:00,2011,10,12,2,4,575285.7142857143,582866.6666666666,540444.4444444445,-0.006896551724137945,0.013724879428900138
1318496400000,580000,2011-10-13 09:00:00,2011-10-13 09:00:00,2011,10,13,3,4,576000.0,582533.3333333334,541511.1111111111,0.00694444444444442,0.012897436688934977
1318550400000,575000,2011-10-14 00:00:00,2011-10-14 00:00:00,2011,10,14,4,4,576428.5714285715,582033.3333333334,542500.0,-0.008620689655172376,0.012981915898107611
1318838400000,575000,2011-10-17 08:00:00,2011-10-17 08:00:00,2011,10,17,0,4,576571.4285714285,581533.3333333334,543477.7777777778,0.0,0.012981915898107611
1318928400000,571000,2011-10-18 09:00:00,2011-10-18 09:00:00,2011,10,18,1,4,576000.0,581333.3333333334,544388.8888888889,-0.006956521739130417,0.012409838783049179
1319014800000,570000,2011-10-19 09:00:00,2011-10-19 09:00:00,2011,10,19,2,4,575285.7142857143,580666.6666666666,545244.4444444445,-0.0017513134851138146,0.011639119084934025
1319101200000,568000,2011-10-20 09:00:00,2011-10-20 09:00:00,2011,10,20,3,4,573571.4285714285,580000.0,546088.8888888889,-0.0035087719298245723,0.011639952014139358
1319187600000,565000,2011-10-21 09:00:00,2011-10-21 09:00:00,2011,10,21,4,4,572000.0,579566.6666666666,546877.7777777778,-0.005281690140845119,0.011278221783600103
1319446800000,570000,2011-10-24 09:00:00,2011-10-24 09:00:00,2011,10,24,0,4,570571.4285714285,579100.0,547711.1111111111,0.008849557522123908,0.011229726948460356
1319533200000,560000,2011-10-25 09:00:00,2011-10-25 09:00:00,2011,10,25,1,4,568428.5714285715,578166.6666666666,548511.1111111111,-0.01754385964912286,0.011539525297049321
1319619600000,570000,2011-10-26 09:00:00,2011-10-26 09:00:00,2011,10,26,2,4,567714.2857142857,577366.6666666666,549477.7777777778,0.017857142857142794,0.011887911016104894
1319706000000,575000,2011-10-27 09:00:00,2011-10-27 09:00:00,2011,10,27,3,4,568285.7142857143,576733.3333333334,550488.8888888889,0.00877192982456143,0.012028184218859199
1319792400000,580000,2011-10-28 09:00:00,2011-10-28 09:00:00,2011,10,28,4,4,569714.2857142857,576733.3333333334,551533.3333333334,0.008695652173912993,0.011366074755101733
1320051600000,573000,2011-10-31 09:00:00,2011-10-31 09:00:00,2011,10,31,0,4,570428.5714285715,575966.6666666666,552533.3333333334,-0.012068965517241348,0.010311723562232707
1320134400000,565000,2011-11-01 08:00:00,2011-11-01 08:00:00,2011,11,1,1,4,570428.5714285715,575133.3333333334,553488.8888888889,-0.013961605584642212,0.010450012916657684
1320224400000,567000,2011-11-02 09:00:00,2011-11-02 09:00:00,2011,11,2,2,4,570000.0,573866.6666666666,554455.5555555555,0.003539823008849474,0.009203199024462367
1320310800000,572000,2011-11-03 09:00:00,2011-11-03 09:00:00,2011,11,3,3,4,571714.2857142857,573100.0,555433.3333333334,0.008818342151675429,0.008995836359834163
1320397200000,578000,2011-11-04 09:00:00,2011-11-04 09:00:00,2011,11,4,4,4,572857.1428571428,572866.6666666666,556444.4444444445,0.010489510489510412,0.00874762383822241
1320656400000,575000,2011-11-07 09:00:00,2011-11-07 09:00:00,2011,11,7,0,4,572857.1428571428,572866.6666666666,557411.1111111111,-0.00519031141868509,0.008216440153793697
1320742800000,584000,2011-11-08 09:00:00,2011-11-08 09:00:00,2011,11,8,1,4,573428.5714285715,573166.6666666666,558444.4444444445,0.01565217391304352,0.008697183588118869
1320829200000,583000,2011-11-09 09:00:00,2011-11-09 09:00:00,2011,11,9,2,4,574857.1428571428,573433.3333333334,559433.3333333334,-0.001712328767123239,0.008706561092284522
1320915600000,576000,2011-11-10 09:00:00,2011-11-10 09:00:00,2011,11,10,3,4,576428.5714285715,573466.6666666666,560300.0,-0.012006861063464824,0.009001194091439199
1321000200000,573500,2011-11-11 08:30:00,2011-11-11 08:30:00,2011,11,11,4,4,577357.1428571428,573416.6666666666,561061.1111111111,-0.00434027777777779,0.009037615104008355
1321006500000,579500,2011-11-11 10:15:00,2011-11-11 10:15:00,2011,11,11,4,4,578428.5714285715,573733.3333333334,561900.0,0.010462074978204061,0.009082204253742362
1321260300000,588000,2011-11-14 08:45:00,2011-11-14 08:45:00,2011,11,14,0,4,579857.1428571428,574166.6666666666,562822.2222222222,0.014667817083692913,0.009325857887231387
1321346400000,580000,2011-11-15 08:40:00,2011-11-15 08:40:00,2011,11,15,1,4,580571.4285714285,574433.3333333334,563611.1111111111,-0.013605442176870763,0.009632792853900706
1321431600000,582000,2011-11-16 08:20:00,2011-11-16 08:20:00,2011,11,16,2,4,580285.7142857143,574700.0,564466.6666666666,0.0034482758620688614,0.009632280910363587
1321517700000,580000,2011-11-17 08:15:00,2011-11-17 08:15:00,2011,11,17,3,4,579857.1428571428,574866.6666666666,565266.6666666666,-0.0034364261168384758,0.009655743636999838
1321609200000,572000,2011-11-18 09:40:00,2011-11-18 09:40:00,2011,11,18,4,4,579285.7142857143,574766.6666666666,566011.1111111111,-0.01379310344827589,0.009994621883100283
1321863600000,572000,2011-11-21 08:20:00,2011-11-21 08:20:00,2011,11,21,0,4,579071.4285714285,574500.0,566688.8888888889,0.0,0.009855077518460076
1321950000000,565000,2011-11-22 08:20:00,2011-11-22 08:20:00,2011,11,22,1,4,577000.0,574133.3333333334,567288.8888888889,-0.012237762237762184,0.010023008556978035
1322035200000,570000,2011-11-23 08:00:00,2011-11-23 08:00:00,2011,11,23,2,4,574428.5714285715,573800.0,567933.3333333334,0.008849557522123908,0.010078300117170973
1322121600000,570000,2011-11-24 08:00:00,2011-11-24 08:00:00,2011,11,24,3,4,573000.0,573633.3333333334,568611.1111111111,0.0,0.0099619004966499
1322179200000,573000,2011-11-25 00:00:00,2011-11-25 00:00:00,2011,11,25,4,4,571714.2857142857,573566.6666666666,569311.1111111111,0.0052631578947368585,0.010012545467851856
1322467800000,573000,2011-11-28 08:10:00,2011-11-28 08:10:00,2011,11,28,0,4,570714.2857142857,573633.3333333334,570011.1111111111,0.0,0.009927697563420788
1322554500000,580000,2011-11-29 08:15:00,2011-11-29 08:15:00,2011,11,29,1,4,571857.1428571428,573966.6666666666,570788.8888888889,0.01221640488656206,0.010159587157267879
1322640600000,585000,2011-11-30 08:10:00,2011-11-30 08:10:00,2011,11,30,2,4,573714.2857142857,574533.3333333334,571533.3333333334,0.008620689655172376,0.010230315876911231
1322727300000,587000,2011-12-01 08:15:00,2011-12-01 08:15:00,2011,12,1,3,4,576857.1428571428,575266.6666666666,572255.5555555555,0.0034188034188034067,0.010168232424070795
1322813700000,578000,2011-12-02 08:15:00,2011-12-02 08:15:00,2011,12,2,4,4,578000.0,575533.3333333334,572944.4444444445,-0.015332197614991494,0.010504030361342655
1323072900000,584000,2011-12-05 08:15:00,2011-12-05 08:15:00,2011,12,5,0,4,580000.0,576333.3333333334,573655.5555555555,0.01038062283737018,0.010076857810522455
1323160200000,572000,2011-12-06 08:30:00,2011-12-06 08:30:00,2011,12,6,1,4,579857.1428571428,576400.0,574122.2222222222,-0.020547945205479423,0.010356097320260185
1323245400000,573000,2011-12-07 08:10:00,2011-12-07 08:10:00,2011,12,7,2,4,579857.1428571428,576333.3333333334,574555.5555555555,0.0017482517482516613,0.010233563951053916
1323332400000,576000,2011-12-08 08:20:00,2011-12-08 08:20:00,2011,12,8,3,4,579285.7142857143,576200.0,574955.5555555555,0.005235602094240788,0.010150581111624483
1323419400000,570000,2011-12-09 08:30:00,2011-12-09 08:30:00,2011,12,9,4,4,577142.8571428572,576100.0,575200.0,-0.01041666666666663,0.010088142385738729
1323678600000,569000,2011-12-12 08:30:00,2011-12-12 08:30:00,2011,12,12,0,4,574571.4285714285,576233.3333333334,575355.5555555555,-0.0017543859649122862,0.009751392570372134
1323765000000,566000,2011-12-13 08:30:00,2011-12-13 08:30:00,2011,12,13,1,4,572857.1428571428,576200.0,575500.0,-0.005272407732864637,0.009782525409027703
1323852000000,562000,2011-12-14 08:40:00,2011-12-14 08:40:00,2011,12,14,2,4,569714.2857142857,575866.6666666666,575488.8888888889,-0.007067137809187329,0.009717756591497309
1323936600000,559000,2011-12-15 08:10:00,2011-12-15 08:10:00,2011,12,15,3,4,567857.1428571428,575233.3333333334,575588.8888888889,-0.005338078291814985,0.009525947138319382
1324023300000,650000,2011-12-16 08:15:00,2011-12-16 08:15:00,2011,12,16,4,4,578857.1428571428,577733.3333333334,576766.6666666666,0.16279069767441867,0.03136228509205059
1324023600000,560000,2011-12-16 08:20:00,2011-12-16 08:20:00,2011,12,16,4,4,576571.4285714285,576933.3333333334,576911.1111111111,-0.1384615384615384,0.04070723911064684
1324284300000,564000,2011-12-19 08:45:00,2011-12-19 08:45:00,2011,12,19,0,4,575714.2857142857,576300.0,577022.2222222222,0.0071428571428571175,0.04073104854328805
1324339200000,565000,2011-12-20 00:00:00,2011-12-20 00:00:00,2011,12,20,1,4,575142.8571428572,575933.3333333334,577100.0,0.0017730496453900457,0.04067227482770582
1324455300000,569000,2011-12-21 08:15:00,2011-12-21 08:15:00,2011,12,21,2,4,575571.4285714285,575783.3333333334,577200.0,0.0070796460176991705,0.040682267421121854
1324542600000,568000,2011-12-22 08:30:00,2011-12-22 08:30:00,2011,12,22,3,4,576428.5714285715,575400.0,577177.7777777778,-0.0017574692442882123,0.040640524758531804
1324628100000,567000,2011-12-23 08:15:00,2011-12-23 08:15:00,2011,12,23,4,4,577571.4285714285,574700.0,577088.8888888889,-0.0017605633802817433,0.0405483248358464
1324974600000,563000,2011-12-27 08:30:00,2011-12-27 08:30:00,2011,12,27,1,4,565142.8571428572,574133.3333333334,576844.4444444445,-0.007054673721340388,0.04049251041715857
1325061000000,563000,2011-12-28 08:30:00,2011-12-28 08:30:00,2011,12,28,2,4,565571.4285714285,573500.0,576500.0,0.0,0.04048666529153288
1325146200000,557000,2011-12-29 08:10:00,2011-12-29 08:10:00,2011,12,29,3,4,564571.4285714285,572733.3333333334,576288.8888888889,-0.010657193605683846,0.04052725177750693
1325233800000,555000,2011-12-30 08:30:00,2011-12-30 08:30:00,2011,12,30,4,4,563142.8571428572,572166.6666666666,576322.2222222222,-0.0035906642728904536,0.040455158588617694
1325462400000,555000,2012-01-02 00:00:00,2012-01-02 00:00:00,2012,1,2,0,1,561142.8571428572,571600.0,576311.1111111111,0.0,0.040455158588617694
1325548800000,559000,2012-01-03 00:00:00,2012-01-03 00:00:00,2012,1,3,1,1,559857.1428571428,571400.0,576133.3333333334,0.007207207207207134,0.04041179272457129
1325665800000,565000,2012-01-04 08:30:00,2012-01-04 08:30:00,2012,1,4,2,1,559571.4285714285,571233.3333333334,575855.5555555555,0.01073345259391778,0.040426797951519405
1325721600000,566000,2012-01-05 00:00:00,2012-01-05 00:00:00,2012,1,5,3,1,560000.0,571100.0,575588.8888888889,0.001769911504424737,0.040427354726644806
1325808000000,567000,2012-01-06 00:00:00,2012-01-06 00:00:00,2012,1,6,4,1,560571.4285714285,570900.0,575333.3333333334,0.0017667844522968323,0.04041832465982137
1326097800000,565000,2012-01-09 08:30:00,2012-01-09 08:30:00,2012,1,9,0,1,561714.2857142857,570633.3333333334,575200.0,-0.003527336860670194,0.04042474601618779
1326184200000,566000,2012-01-10 08:30:00,2012-01-10 08:30:00,2012,1,10,1,1,563285.7142857143,570166.6666666666,574933.3333333334,0.001769911504424737,0.04036360843440824
1326270600000,570000,2012-01-11 08:30:00,2012-01-11 08:30:00,2012,1,11,2,1,565428.5714285715,569666.6666666666,574733.3333333334,0.007067137809187329,0.04035311353129729
1326357000000,571000,2012-01-12 08:30:00,2012-01-12 08:30:00,2012,1,12,3,1,567142.8571428572,569133.3333333334,574655.5555555555,0.0017543859649122862,0.04034926917343678
1326443400000,572000,2012-01-13 08:30:00,2012-01-13 08:30:00,2012,1,13,4,1,568142.8571428572,568933.3333333334,574522.2222222222,0.0017513134851139256,0.040247948494512305
1326702600000,565000,2012-01-16 08:30:00,2012-01-16 08:30:00,2012,1,16,0,1,568000.0,568300.0,574266.6666666666,-0.012237762237762184,0.040266878547746514
1326789000000,566000,2012-01-17 08:30:00,2012-01-17 08:30:00,2012,1,17,1,1,567857.1428571428,568100.0,573955.5555555555,0.001769911504424737,0.040086198564669114
1326844800000,567000,2012-01-18 00:00:00,2012-01-18 00:00:00,2012,1,18,2,1,568142.8571428572,567900.0,573655.5555555555,0.0017667844522968323,0.04008621995474796
1326961800000,564000,2012-01-19 08:30:00,2012-01-19 08:30:00,2012,1,19,3,1,567857.1428571428,567500.0,573477.7777777778,-0.005291005291005346,0.040088649834530844
1327048200000,559000,2012-01-20 08:30:00,2012-01-20 08:30:00,2012,1,20,4,1,566285.7142857143,567133.3333333334,573066.6666666666,-0.00886524822695034,0.040075660620339196
1327393800000,559000,2012-01-24 08:30:00,2012-01-24 08:30:00,2012,1,24,1,1,564571.4285714285,566800.0,572722.2222222222,0.0,0.04007411579285583
1327480200000,557000,2012-01-25 08:30:00,2012-01-25 08:30:00,2012,1,25,2,1,562428.5714285715,566500.0,572188.8888888889,-0.003577817531305927,0.040067365797050655
1327566600000,571000,2012-01-26 08:30:00,2012-01-26 08:30:00,2012,1,26,3,1,563285.7142857143,566800.0,571922.2222222222,0.025134649910233398,0.04029577158652155
1327653000000,572000,2012-01-27 08:30:00,2012-01-27 08:30:00,2012,1,27,4,1,564142.8571428572,567233.3333333334,571777.7777777778,0.0017513134851139256,0.040276251438940765
1327911300000,573000,2012-01-30 08:15:00,2012-01-30 08:15:00,2012,1,30,0,1,565000.0,564666.6666666666,571755.5555555555,0.0017482517482516613,0.02637749557966189
1328000400000,570000,2012-01-31 09:00:00,2012-01-31 09:00:00,2012,1,31,1,1,565857.1428571428,565000.0,571700.0,-0.005235602094240788,0.007098195358361663
1328083200000,571000,2012-02-01 08:00:00,2012-02-01 08:00:00,2012,2,1,2,1,567571.4285714285,565233.3333333334,571655.5555555555,0.0017543859649122862,0.006994721232261602
1328169600000,574000,2012-02-02 08:00:00,2012-02-02 08:00:00,2012,2,2,3,1,569714.2857142857,565533.3333333334,571644.4444444445,0.005253940455341555,0.007046366713290537
1328256000000,569000,2012-02-03 08:00:00,2012-02-03 08:00:00,2012,2,3,4,1,571428.5714285715,565533.3333333334,571577.7777777778,-0.008710801393728262,0.007131104815642737
1328269500000,573000,2012-02-03 11:45:00,2012-02-03 11:45:00,2012,2,3,4,1,571714.2857142857,565700.0,571611.1111111111,0.007029876977152849,0.00723510133850439
1328517000000,565000,2012-02-06 08:30:00,2012-02-06 08:30:00,2012,2,6,0,1,570714.2857142857,565633.3333333334,571500.0,-0.013961605584642212,0.00768487712982741
1328605200000,564000,2012-02-07 09:00:00,2012-02-07 09:00:00,2012,2,7,1,1,569428.5714285715,565666.6666666666,571411.1111111111,-0.001769911504424737,0.007579555875893399
1328689800000,570000,2012-02-08 08:30:00,2012-02-08 08:30:00,2012,2,8,2,1,569428.5714285715,565900.0,571366.6666666666,0.010638297872340496,0.007820385135302982
1328776200000,568000,2012-02-09 08:30:00,2012-02-09 08:30:00,2012,2,9,3,1,569000.0,566266.6666666666,571288.8888888889,-0.0035087719298245723,0.007575631901752106
1328862000000,566000,2012-02-10 08:20:00,2012-02-10 08:20:00,2012,2,10,4,1,567857.1428571428,566633.3333333334,571188.8888888889,-0.0035211267605633756,0.0075742907621267185
1329121800000,570000,2012-02-13 08:30:00,2012-02-13 08:30:00,2012,2,13,0,1,568000.0,567133.3333333334,571077.7777777778,0.007067137809187329,0.007661741797315423
1329210000000,570000,2012-02-14 09:00:00,2012-02-14 09:00:00,2012,2,14,1,1,567571.4285714285,567500.0,571011.1111111111,0.0,0.007570171825630619
1329292800000,570000,2012-02-15 08:00:00,2012-02-15 08:00:00,2012,2,15,2,1,568285.7142857143,567666.6666666666,570900.0,0.0,0.0073282892644894885
1329379200000,572000,2012-02-16 08:00:00,2012-02-16 08:00:00,2012,2,16,3,1,569428.5714285715,567866.6666666666,570866.6666666666,0.0035087719298245723,0.007347008831538996
1329467400000,572000,2012-02-17 08:30:00,2012-02-17 08:30:00,2012,2,17,4,1,569714.2857142857,568033.3333333334,570833.3333333334,0.0,0.007342568540515732
1329726600000,576000,2012-02-20 08:30:00,2012-02-20 08:30:00,2012,2,20,0,1,570857.1428571428,568400.0,570888.8888888889,0.006993006993007089,0.007403523242778851
1329813000000,576000,2012-02-21 08:30:00,2012-02-21 08:30:00,2012,2,21,1,1,572285.7142857143,568733.3333333334,570955.5555555555,0.0,0.007401502138353287
1329899400000,581000,2012-02-22 08:30:00,2012-02-22 08:30:00,2012,2,22,2,1,573857.1428571428,569100.0,571100.0,0.00868055555555558,0.0074556995731540196
1329985800000,588000,2012-02-23 08:30:00,2012-02-23 08:30:00,2012,2,23,3,1,576428.5714285715,569666.6666666666,571355.5555555555,0.012048192771084265,0.007739092518715434
1330072200000,589000,2012-02-24 08:30:00,2012-02-24 08:30:00,2012,2,24,4,1,579142.8571428572,570233.3333333334,571566.6666666666,0.001700680272108901,0.00773893016848496
1330331400000,588000,2012-02-27 08:30:00,2012-02-27 08:30:00,2012,2,27,0,1,581428.5714285715,571000.0,571877.7777777778,-0.001697792869269965,0.0073462637787680045
1330417800000,588000,2012-02-28 08:30:00,2012-02-28 08:30:00,2012,2,28,1,1,583714.2857142857,571733.3333333334,572077.7777777778,0.0,0.007349938362532005
1330504200000,592000,2012-02-29 08:30:00,2012-02-29 08:30:00,2012,2,29,2,1,586000.0,572566.6666666666,572266.6666666666,0.006802721088435382,0.007418207684789186
1330590600000,578000,2012-03-01 08:30:00,2012-03-01 08:30:00,2012,3,1,3,1,586285.7142857143,573033.3333333334,572244.4444444445,-0.023648648648648685,0.00864971537140138
1330677000000,579000,2012-03-02 08:30:00,2012-03-02 08:30:00,2012,3,2,4,1,586000.0,573700.0,572311.1111111111,0.0017301038062282892,0.008453269806680295
1330936200000,578000,2012-03-05 08:30:00,2012-03-05 08:30:00,2012,3,5,0,1,584571.4285714285,574333.3333333334,572455.5555555555,-0.0017271157167529916,0.008467642417734988
1331021700000,577000,2012-03-06 08:15:00,2012-03-06 08:15:00,2012,3,6,1,1,582857.1428571428,575000.0,572566.6666666666,-0.0017301038062284002,0.00843874305286592
1331110800000,573000,2012-03-07 09:00:00,2012-03-07 09:00:00,2012,3,7,2,1,580714.2857142857,575066.6666666666,572577.7777777778,-0.006932409012131768,0.007251296095225732
1331195400000,575000,2012-03-08 08:30:00,2012-03-08 08:30:00,2012,3,8,3,1,578857.1428571428,575166.6666666666,572544.4444444445,0.003490401396160525,0.007271527507443401
1331280900000,577000,2012-03-09 08:15:00,2012-03-09 08:15:00,2012,3,9,4,1,576714.2857142857,575300.0,572566.6666666666,0.003478260869565153,0.007291062365347824
1331542800000,578000,2012-03-12 09:00:00,2012-03-12 09:00:00,2012,3,12,0,1,576714.2857142857,575566.6666666666,572500.0,0.0017331022530329143,0.007220681822698472
1331627400000,576000,2012-03-13 08:30:00,2012-03-13 08:30:00,2012,3,13,1,1,576285.7142857143,575733.3333333334,572422.2222222222,-0.0034602076124568004,0.007251892979251204
1331715600000,571000,2012-03-14 09:00:00,2012-03-14 09:00:00,2012,3,14,2,1,575285.7142857143,575633.3333333334,572366.6666666666,-0.00868055555555558,0.007370016394227194
1331800200000,567000,2012-03-15 08:30:00,2012-03-15 08:30:00,2012,3,15,3,1,573857.1428571428,575566.6666666666,572294.4444444445,-0.007005253940455369,0.007308005557448479
1331886600000,570000,2012-03-16 08:30:00,2012-03-16 08:30:00,2012,3,16,4,1,573428.5714285715,575466.6666666666,572188.8888888889,0.005291005291005346,0.007256289252536507
1332115200000,571000,2012-03-19 00:00:00,2012-03-19 00:00:00,2012,3,19,0,1,572857.1428571428,575666.6666666666,572000.0,0.0017543859649122862,0.006776154452951832
1332234000000,571500,2012-03-20 09:00:00,2012-03-20 09:00:00,2012,3,20,1,1,572071.4285714285,575916.6666666666,571905.5555555555,0.0008756567425569628,0.00676448945624925
1332320400000,569000,2012-03-21 09:00:00,2012-03-21 09:00:00,2012,3,21,2,1,570785.7142857143,575883.3333333334,571761.1111111111,-0.004374453193350836,0.006537248728321111
1332403200000,570000,2012-03-22 08:00:00,2012-03-22 08:00:00,2012,3,22,3,1,569928.5714285715,575950.0,571650.0,0.0017574692442883233,0.00651148419834872
1332750600000,573000,2012-03-26 08:30:00,2012-03-26 08:30:00,2012,3,26,0,1,570214.2857142857,576183.3333333334,571661.1111111111,0.0052631578947368585,0.006538725279365649
1332838800000,579000,2012-03-27 09:00:00,2012-03-27 09:00:00,2012,3,27,1,1,571928.5714285715,576483.3333333334,571738.8888888889,0.010471204188481575,0.006685745895232703
1332923400000,579000,2012-03-28 08:30:00,2012-03-28 08:30:00,2012,3,28,2,1,573214.2857142857,576783.3333333334,571894.4444444445,0.0,0.006685745895232703
1333008000000,576000,2012-03-29 08:00:00,2012-03-29 08:00:00,2012,3,29,3,1,573928.5714285715,576983.3333333334,571961.1111111111,-0.005181347150259086,0.006766719447274797
1333098000000,576000,2012-03-30 09:00:00,2012-03-30 09:00:00,2012,3,30,4,1,574571.4285714285,577116.6666666666,572027.7777777778,0.0,0.0067408953656428695
1333355400000,579000,2012-04-02 08:30:00,2012-04-02 08:30:00,2012,4,2,0,2,576000.0,577350.0,572094.4444444445,0.005208333333333259,0.006800920184488006
1333443600000,579000,2012-04-03 09:00:00,2012-04-03 09:00:00,2012,4,3,1,2,577285.7142857143,577450.0,572161.1111111111,0.0,0.006687035589246448
1333526400000,574000,2012-04-04 08:00:00,2012-04-04 08:00:00,2012,4,4,2,2,577428.5714285715,577383.3333333334,572094.4444444445,-0.008635578583765069,0.0068788298269068186
1333614600000,568000,2012-04-05 08:30:00,2012-04-05 08:30:00,2012,4,5,3,2,575857.1428571428,576950.0,571905.5555555555,-0.010452961672473893,0.006924179085087157
1333962000000,574000,2012-04-09 09:00:00,2012-04-09 09:00:00,2012,4,9,0,2,575142.8571428572,576483.3333333334,571761.1111111111,0.010563380281690238,0.0068344109288387325
1334048400000,574000,2012-04-10 09:00:00,2012-04-10 09:00:00,2012,4,10,1,2,574857.1428571428,575983.3333333334,571716.6666666666,0.0,0.006820161491104589
1334131200000,574000,2012-04-11 08:00:00,2012-04-11 08:00:00,2012,4,11,2,2,574571.4285714285,575516.6666666666,571605.5555555555,0.0,0.0068198156757316945
1334219400000,575000,2012-04-12 08:30:00,2012-04-12 08:30:00,2012,4,12,3,2,574000.0,575083.3333333334,571638.8888888889,0.0017421602787457413,0.006834091795113806
1334307600000,577000,2012-04-13 09:00:00,2012-04-13 09:00:00,2012,4,13,4,2,573714.2857142857,574583.3333333334,571683.3333333334,0.003478260869565153,0.006734087900737711
1334564100000,568000,2012-04-16 08:15:00,2012-04-16 08:15:00,2012,4,16,0,2,572857.1428571428,574250.0,571594.4444444445,-0.01559792027729634,0.005902599572442027
1334651400000,567000,2012-04-17 08:30:00,2012-04-17 08:30:00,2012,4,17,1,2,572714.2857142857,573850.0,571561.1111111111,-0.0017605633802817433,0.005890195155687189
1334736000000,567000,2012-04-18 08:00:00,2012-04-18 08:00:00,2012,4,18,2,2,571714.2857142857,573483.3333333334,571538.8888888889,0.0,0.005888058449620026
1334824200000,570000,2012-04-19 08:30:00,2012-04-19 08:30:00,2012,4,19,3,2,571142.8571428572,573250.0,571583.3333333334,0.005291005291005346,0.005981353612142589
1335169800000,564500,2012-04-23 08:30:00,2012-04-23 08:30:00,2012,4,23,0,2,569785.7142857143,572966.6666666666,571611.1111111111,-0.009649122807017574,0.006103154515342419
1335256200000,564500,2012-04-24 08:30:00,2012-04-24 08:30:00,2012,4,24,1,2,568285.7142857143,572616.6666666666,571672.2222222222,0.0,0.0060579572355955
1335340800000,565000,2012-04-25 08:00:00,2012-04-25 08:00:00,2012,4,25,2,2,566571.4285714285,572216.6666666666,570727.7777777778,0.0008857395925598865,0.00601617536027457
1335429000000,565000,2012-04-26 08:30:00,2012-04-26 08:30:00,2012,4,26,3,2,566142.8571428572,571783.3333333334,570783.3333333334,0.0,0.006000477645768865
1335513600000,565500,2012-04-27 08:00:00,2012-04-27 08:00:00,2012,4,27,4,2,565928.5714285715,571433.3333333334,570800.0,0.0008849557522123686,0.005984988477541434
1335774600000,565000,2012-04-30 08:30:00,2012-04-30 08:30:00,2012,4,30,0,2,565642.8571428572,571233.3333333334,570800.0,-0.0008841732979664174,0.005787843250374706
1335861000000,563000,2012-05-01 08:30:00,2012-05-01 08:30:00,2012,5,1,1,2,564642.8571428572,571100.0,570733.3333333334,-0.0035398230088495852,0.005683790467102215
1335946800000,559000,2012-05-02 08:20:00,2012-05-02 08:20:00,2012,5,2,2,2,563857.1428571428,570733.3333333334,570633.3333333334,-0.007104795737122527,0.005719773602845414
1336033800000,555000,2012-05-03 08:30:00,2012-05-03 08:30:00,2012,5,3,3,2,562500.0,570200.0,570500.0,-0.007155635062611854,0.0058219218246655605
1336118400000,554000,2012-05-04 08:00:00,2012-05-04 08:00:00,2012,5,4,4,2,560928.5714285715,569616.6666666666,570400.0,-0.0018018018018017834,0.0058137958232797795
1336136400000,555000,2012-05-04 13:00:00,2012-05-04 13:00:00,2012,5,4,4,2,559500.0,569150.0,570311.1111111111,0.0018050541516245744,0.005800294422144436
1336377600000,558000,2012-05-07 08:00:00,2012-05-07 08:00:00,2012,5,7,0,2,558428.5714285715,568750.0,570322.2222222222,0.00540540540540535,0.005893545014977261
1336464000000,558000,2012-05-08 08:00:00,2012-05-08 08:00:00,2012,5,8,1,2,557428.5714285715,568250.0,570355.5555555555,0.0,0.005787537539686888
1336550400000,554000,2012-05-09 08:00:00,2012-05-09 08:00:00,2012,5,9,2,2,556142.8571428572,567416.6666666666,570344.4444444445,-0.007168458781361964,0.005483933545264227
1336608000000,552000,2012-05-10 00:00:00,2012-05-10 00:00:00,2012,5,10,3,2,555142.8571428572,566516.6666666666,570266.6666666666,-0.0036101083032491488,0.005490496552190046
1336636800000,554000,2012-05-10 08:00:00,2012-05-10 08:00:00,2012,5,10,3,2,555000.0,565783.3333333334,570144.4444444445,0.0036231884057971175,0.005526328454733262
1336638600000,552000,2012-05-10 08:30:00,2012-05-10 08:30:00,2012,5,10,3,2,554714.2857142857,564983.3333333334,569988.8888888889,-0.0036101083032491488,0.0055367355471609234
1336723200000,553000,2012-05-11 08:00:00,2012-05-11 08:00:00,2012,5,11,4,2,554428.5714285715,564116.6666666666,569833.3333333334,0.0018115942028984477,0.005430591904438478
1336982400000,553000,2012-05-14 08:00:00,2012-05-14 08:00:00,2012,5,14,0,2,553714.2857142857,563250.0,569700.0,0.0,0.005430591904438478
1336982700000,553000,2012-05-14 08:05:00,2012-05-14 08:05:00,2012,5,14,0,2,553000.0,562550.0,569555.5555555555,0.0,0.0052665921194789906
1337040000000,553000,2012-05-15 00:00:00,2012-05-15 00:00:00,2012,5,15,1,2,552857.1428571428,562050.0,569366.6666666666,0.0,0.004972829618995121
1337155200000,549500,2012-05-16 08:00:00,2012-05-16 08:00:00,2012,5,16,2,2,552500.0,561233.3333333334,569127.7777777778,-0.006329113924050667,0.004572712475133637
1337589000000,552500,2012-05-21 08:30:00,2012-05-21 08:30:00,2012,5,21,0,2,552285.7142857143,560516.6666666666,568911.1111111111,0.005459508644221955,0.004737772023130605
1337589600000,552500,2012-05-21 08:40:00,2012-05-21 08:40:00,2012,5,21,0,2,552357.1428571428,559800.0,568772.2222222222,0.0,0.004737772023130605
1337675400000,552500,2012-05-22 08:30:00,2012-05-22 08:30:00,2012,5,22,1,2,552285.7142857143,559050.0,568622.2222222222,0.0,0.004710291800965872
1337760000000,550500,2012-05-23 08:00:00,2012-05-23 08:00:00,2012,5,23,2,2,551928.5714285715,558166.6666666666,568438.8888888889,-0.0036199095022624306,0.004638746423353075
1337846400000,550500,2012-05-24 08:00:00,2012-05-24 08:00:00,2012,5,24,3,2,551571.4285714285,557583.3333333334,568288.8888888889,0.0,0.0038107893328328695
1337932800000,550500,2012-05-25 08:00:00,2012-05-25 08:00:00,2012,5,25,4,2,551214.2857142857,557033.3333333334,568194.4444444445,0.0,0.003812795257285865
1337933100000,550500,2012-05-25 08:05:00,2012-05-25 08:05:00,2012,5,25,4,2,551357.1428571428,556483.3333333334,568100.0,0.0,0.003812795257285865
1338192000000,552000,2012-05-28 08:00:00,2012-05-28 08:00:00,2012,5,28,0,2,551285.7142857143,555883.3333333334,568044.4444444445,0.0027247956403269047,0.003694269983468926
1338278400000,555000,2012-05-29 08:00:00,2012-05-29 08:00:00,2012,5,29,1,2,551642.8571428572,555566.6666666666,567866.6666666666,0.005434782608695565,0.003507034984389267
1338364800000,551000,2012-05-30 08:00:00,2012-05-30 08:00:00,2012,5,30,2,2,551428.5714285715,555116.6666666666,567633.3333333334,-0.007207207207207245,0.0037084487475061894
1338451200000,556000,2012-05-31 08:00:00,2012-05-31 08:00:00,2012,5,31,3,2,552214.2857142857,554816.6666666666,567444.4444444445,0.00907441016333932,0.00411578191286952
1338537600000,555000,2012-06-01 08:00:00,2012-06-01 08:00:00,2012,6,1,4,2,552857.1428571428,554483.3333333334,567277.7777777778,-0.0017985611510791255,0.004120938042645707
1338796800000,563000,2012-06-04 08:00:00,2012-06-04 08:00:00,2012,6,4,0,2,554642.8571428572,554400.0,567188.8888888889,0.01441441441441449,0.0049453998558885845
1338882000000,565000,2012-06-05 07:40:00,2012-06-05 07:40:00,2012,6,5,1,2,556714.2857142857,554400.0,567088.8888888889,0.003552397868561208,0.004988399645777153
1338968400000,565000,2012-06-06 07:40:00,2012-06-06 07:40:00,2012,6,6,2,2,558571.4285714285,554466.6666666666,567044.4444444445,0.0,0.004943148557061569
1339054800000,565000,2012-06-07 07:40:00,2012-06-07 07:40:00,2012,6,7,3,2,560000.0,554666.6666666666,566955.5555555555,0.0,0.004751039482797964
1339141200000,560000,2012-06-08 07:40:00,2012-06-08 07:40:00,2012,6,8,4,2,561285.7142857143,554833.3333333334,566900.0,-0.008849557522123908,0.004852505761837216
1339401600000,565000,2012-06-11 08:00:00,2012-06-11 08:00:00,2012,6,11,0,2,562571.4285714285,555200.0,566911.1111111111,0.008928571428571397,0.00508151456164197
1339488000000,561000,2012-06-12 08:00:00,2012-06-12 08:00:00,2012,6,12,1,2,563428.5714285715,555400.0,566811.1111111111,-0.0070796460176991705,0.005268430476553963
1339574400000,563000,2012-06-13 08:00:00,2012-06-13 08:00:00,2012,6,13,2,2,563428.5714285715,555566.6666666666,566755.5555555555,0.0035650623885918886,0.0052182754814585975
1339660800000,564000,2012-06-14 08:00:00,2012-06-14 08:00:00,2012,6,14,3,2,563285.7142857143,555766.6666666666,566733.3333333334,0.001776198934280604,0.005224703081614391
1339747200000,566000,2012-06-15 08:00:00,2012-06-15 08:00:00,2012,6,15,4,2,563428.5714285715,556166.6666666666,566688.8888888889,0.0035460992907800915,0.005055097121060365
1340005500000,566000,2012-06-18 07:45:00,2012-06-18 07:45:00,2012,6,18,0,2,563571.4285714285,556633.3333333334,566644.4444444445,0.0,0.004990855633291712
1340093700000,567000,2012-06-19 08:15:00,2012-06-19 08:15:00,2012,6,19,1,2,564571.4285714285,557066.6666666666,566611.1111111111,0.0017667844522968323,0.004966700569750621
1340179200000,565000,2012-06-20 08:00:00,2012-06-20 08:00:00,2012,6,20,2,2,564571.4285714285,557500.0,566533.3333333334,-0.003527336860670194,0.004964197013717081
1340265600000,563000,2012-06-21 08:00:00,2012-06-21 08:00:00,2012,6,21,3,2,564857.1428571428,557833.3333333334,566433.3333333334,-0.0035398230088495852,0.005021962793734617
1340352000000,557000,2012-06-22 08:00:00,2012-06-22 08:00:00,2012,6,22,4,2,564000.0,557966.6666666666,566222.2222222222,-0.010657193605683846,0.005427163848027792
1340612400000,557000,2012-06-25 08:20:00,2012-06-25 08:20:00,2012,6,25,0,2,563000.0,558100.0,566011.1111111111,0.0,0.005427163848027792
1340697600000,559000,2012-06-26 08:00:00,2012-06-26 08:00:00,2012,6,26,1,2,562000.0,558300.0,565766.6666666666,0.0035906642728904536,0.005460847011327473
1340784000000,558000,2012-06-27 08:00:00,2012-06-27 08:00:00,2012,6,27,2,2,560857.1428571428,558583.3333333334,565433.3333333334,-0.0017889087656529634,0.005330013774531756
1340870400000,558000,2012-06-28 08:00:00,2012-06-28 08:00:00,2012,6,28,3,2,559571.4285714285,558766.6666666666,565088.8888888889,0.0,0.005248319024661456
1340956800000,555000,2012-06-29 08:00:00,2012-06-29 08:00:00,2012,6,29,4,2,558142.8571428572,558850.0,564722.2222222222,-0.005376344086021501,0.005351236462103829
1341217200000,562000,2012-07-02 08:20:00,2012-07-02 08:20:00,2012,7,2,0,3,558000.0,559166.6666666666,564433.3333333334,0.012612612612612706,0.005813380901643278
1341302400000,558000,2012-07-03 08:00:00,2012-07-03 08:00:00,2012,7,3,1,3,558142.8571428572,559416.6666666666,564055.5555555555,-0.007117437722419906,0.0059344210999652605
1341390300000,565000,2012-07-04 08:25:00,2012-07-04 08:25:00,2012,7,4,2,3,559285.7142857143,559900.0,563911.1111111111,0.012544802867383575,0.006329143515206635
1341475200000,560000,2012-07-05 08:00:00,2012-07-05 08:00:00,2012,7,5,3,3,559428.5714285715,560216.6666666666,563700.0,-0.008849557522123908,0.006573391816629482
1341561600000,559000,2012-07-06 08:00:00,2012-07-06 08:00:00,2012,7,6,4,3,559571.4285714285,560500.0,563488.8888888889,-0.0017857142857142794,0.006587002117081226
1341820800000,555000,2012-07-09 08:00:00,2012-07-09 08:00:00,2012,7,9,0,3,559142.8571428572,560600.0,563244.4444444445,-0.007155635062611854,0.0067192539723854635
1341909000000,556000,2012-07-10 08:30:00,2012-07-10 08:30:00,2012,7,10,1,3,559285.7142857143,560633.3333333334,563055.5555555555,0.0018018018018017834,0.006654123963927362
1341964800000,555000,2012-07-11 00:00:00,2012-07-11 00:00:00,2012,7,11,2,3,558285.7142857143,560766.6666666666,562833.3333333334,-0.0017985611510791255,0.006521791977670151
1342081200000,554000,2012-07-12 08:20:00,2012-07-12 08:20:00,2012,7,12,3,3,557714.2857142857,560700.0,562577.7777777778,-0.0018018018018017834,0.0063139948678032935
1342167000000,551000,2012-07-13 08:10:00,2012-07-13 08:10:00,2012,7,13,4,3,555714.2857142857,560566.6666666666,562277.7777777778,-0.005415162454873612,0.006381689385767517
1342167300000,551000,2012-07-13 08:15:00,2012-07-13 08:15:00,2012,7,13,4,3,554428.5714285715,560166.6666666666,562000.0,0.0,0.0057534628634910295
1342396800000,559000,2012-07-16 00:00:00,2012-07-16 00:00:00,2012,7,16,0,3,554428.5714285715,559966.6666666666,561866.6666666666,0.014519056261343088,0.006350502972333167
1342483200000,559000,2012-07-17 00:00:00,2012-07-17 00:00:00,2012,7,17,1,3,555000.0,559766.6666666666,561777.7777777778,0.0,0.006350502972333167
1342569600000,555000,2012-07-18 00:00:00,2012-07-18 00:00:00,2012,7,18,2,3,554857.1428571428,559433.3333333334,561611.1111111111,-0.007155635062611854,0.0064706772238926225
1342684800000,551000,2012-07-19 08:00:00,2012-07-19 08:00:00,2012,7,19,3,3,554285.7142857143,559133.3333333334,561388.8888888889,-0.007207207207207245,0.006404868413616666
1342771200000,554000,2012-07-20 08:00:00,2012-07-20 08:00:00,2012,7,20,4,3,554285.7142857143,558766.6666666666,561194.4444444445,0.005444646098003547,0.006257529950060744
1343031000000,554000,2012-07-23 08:10:00,2012-07-23 08:10:00,2012,7,23,0,3,554714.2857142857,558533.3333333334,561027.7777777778,0.0,0.0061385184309906745
1343088000000,554000,2012-07-24 00:00:00,2012-07-24 00:00:00,2012,7,24,1,3,555142.8571428572,558233.3333333334,560850.0,0.0,0.006093448800917628
1343203200000,555000,2012-07-25 08:00:00,2012-07-25 08:00:00,2012,7,25,2,3,554571.4285714285,557933.3333333334,560650.0,0.0018050541516245744,0.006093825872640067
1343291400000,560000,2012-07-26 08:30:00,2012-07-26 08:30:00,2012,7,26,3,3,554714.2857142857,557733.3333333334,560438.8888888889,0.009009009009008917,0.006297675171401076
1343378700000,564000,2012-07-27 08:45:00,2012-07-27 08:45:00,2012,7,27,4,3,556000.0,557666.6666666666,560272.2222222222,0.0071428571428571175,0.006444140056233001
1343635200000,565000,2012-07-30 08:00:00,2012-07-30 08:00:00,2012,7,30,0,3,558000.0,557600.0,560150.0,0.0017730496453900457,0.006444202673653162
1343723400000,565000,2012-07-31 08:30:00,2012-07-31 08:30:00,2012,7,31,1,3,559571.4285714285,557600.0,560027.7777777778,0.0,0.00641156688932292
1343807400000,562000,2012-08-01 07:50:00,2012-08-01 07:50:00,2012,8,1,2,3,560714.2857142857,557566.6666666666,559838.8888888889,-0.005309734513274322,0.006453457184743984
1343896200000,561000,2012-08-02 08:30:00,2012-08-02 08:30:00,2012,8,2,3,3,561714.2857142857,557700.0,559638.8888888889,-0.001779359430605032,0.00614599661421751
1343982600000,559000,2012-08-03 08:30:00,2012-08-03 08:30:00,2012,8,3,4,3,562285.7142857143,557766.6666666666,559472.2222222222,-0.0035650623885917776,0.00618547137988674
1344241200000,562000,2012-08-06 08:20:00,2012-08-06 08:20:00,2012,8,6,0,3,562571.4285714285,557866.6666666666,559405.5555555555,0.005366726296958779,0.006228010904934333
1344326400000,563000,2012-08-07 08:00:00,2012-08-07 08:00:00,2012,8,7,1,3,562428.5714285715,558033.3333333334,559283.3333333334,0.001779359430605032,0.006222845157209122
1344412800000,563000,2012-08-08 08:00:00,2012-08-08 08:00:00,2012,8,8,2,3,562142.8571428572,558200.0,559161.1111111111,0.0,0.006222845157209122
1344499800000,563000,2012-08-09 08:10:00,2012-08-09 08:10:00,2012,8,9,3,3,561857.1428571428,558466.6666666666,559038.8888888889,0.0,0.006129980576508707
1344588600000,562000,2012-08-10 08:50:00,2012-08-10 08:50:00,2012,8,10,4,3,561857.1428571428,558466.6666666666,558894.4444444445,-0.001776198934280604,0.0056967973957973905
1344844800000,563000,2012-08-13 08:00:00,2012-08-13 08:00:00,2012,8,13,0,3,562142.8571428572,558633.3333333334,558738.8888888889,0.001779359430605032,0.005542136197024374
1344931200000,560000,2012-08-14 08:00:00,2012-08-14 08:00:00,2012,8,14,1,3,562285.7142857143,558466.6666666666,558650.0,-0.005328596802841923,0.00512692839067853
1345017000000,558000,2012-08-15 07:50:00,2012-08-15 07:50:00,2012,8,15,2,3,561714.2857142857,558400.0,558550.0,-0.0035714285714285587,0.004908759834185058
1345104000000,558000,2012-08-16 08:00:00,2012-08-16 08:00:00,2012,8,16,3,3,561000.0,558366.6666666666,558450.0,0.0,0.004898525915338995
1345707900000,570000,2012-08-23 07:45:00,2012-08-23 07:45:00,2012,8,23,3,3,562000.0,558866.6666666666,558450.0,0.021505376344086002,0.006109702619804852
1345795200000,574000,2012-08-24 08:00:00,2012-08-24 08:00:00,2012,8,24,4,3,563571.4285714285,559466.6666666666,558555.5555555555,0.007017543859649145,0.006209431563219727
1346056200000,575500,2012-08-27 08:30:00,2012-08-27 08:30:00,2012,8,27,0,3,565500.0,560150.0,558677.7777777778,0.002613240418118501,0.006191095638239825
1346112000000,572000,2012-08-28 00:00:00,2012-08-28 00:00:00,2012,8,28,1,3,566785.7142857143,560750.0,558755.5555555555,-0.006081668114682914,0.0063114638916630175
1346228100000,572500,2012-08-29 08:15:00,2012-08-29 08:15:00,2012,8,29,2,3,568571.4285714285,561466.6666666666,558838.8888888889,0.0008741258741258306,0.006191401670694154
1346314800000,570000,2012-08-30 08:20:00,2012-08-30 08:20:00,2012,8,30,3,3,570285.7142857143,562100.0,558888.8888888889,-0.004366812227074246,0.0062736860317528335
1346400000000,571000,2012-08-31 08:00:00,2012-08-31 08:00:00,2012,8,31,4,3,572142.8571428572,562500.0,558955.5555555555,0.0017543859649122862,0.00574638381055908
1346659200000,581000,2012-09-03 08:00:00,2012-09-03 08:00:00,2012,9,3,0,3,573714.2857142857,563233.3333333334,559155.5555555555,0.017513134851138368,0.006509225685944264
1346746500000,583000,2012-09-04 08:15:00,2012-09-04 08:15:00,2012,9,4,1,3,575000.0,564166.6666666666,559422.2222222222,0.0034423407917383297,0.006318859702665131
1346832900000,583000,2012-09-05 08:15:00,2012-09-05 08:15:00,2012,9,5,2,3,576071.4285714285,565233.3333333334,559733.3333333334,0.0,0.006103396514348107
1346918400000,583000,2012-09-06 08:00:00,2012-09-06 08:00:00,2012,9,6,3,3,577642.8571428572,566200.0,560055.5555555555,0.0,0.0060752873489535696
1347004800000,584000,2012-09-07 08:00:00,2012-09-07 08:00:00,2012,9,7,4,3,579285.7142857143,567200.0,560377.7777777778,0.0017152658662091813,0.006066608161814908
1347265200000,599000,2012-09-10 08:20:00,2012-09-10 08:20:00,2012,9,10,0,3,583428.5714285715,568700.0,560833.3333333334,0.02568493150684925,0.007459652089147119
1347351300000,596000,2012-09-11 08:15:00,2012-09-11 08:15:00,2012,9,11,1,3,587000.0,570066.6666666666,561255.5555555555,-0.005008347245408995,0.0075883446975199996
1347436800000,596000,2012-09-12 08:00:00,2012-09-12 08:00:00,2012,9,12,2,3,589142.8571428572,571266.6666666666,561722.2222222222,0.0,0.007495727709933797
1347525000000,595200,2012-09-13 08:30:00,2012-09-13 08:30:00,2012,9,13,3,3,590885.7142857143,572306.6666666666,562202.2222222222,-0.0013422818791946067,0.007459106363179646
1347610500000,607200,2012-09-14 08:15:00,2012-09-14 08:15:00,2012,9,14,4,3,594342.8571428572,573713.3333333334,562793.3333333334,0.02016129032258074,0.008175931972048097
1347868500000,608200,2012-09-17 07:55:00,2012-09-17 07:55:00,2012,9,17,0,3,597942.8571428572,575153.3333333334,563417.7777777778,0.0016469038208168918,0.008164533215714297
1347955200000,596200,2012-09-18 08:00:00,2012-09-18 08:00:00,2012,9,18,1,3,599685.7142857143,576293.3333333334,563897.7777777778,-0.019730351857941475,0.009019382187400483
1348041600000,601200,2012-09-19 08:00:00,2012-09-19 08:00:00,2012,9,19,2,3,600000.0,577633.3333333334,564433.3333333334,0.008386447500838612,0.009062961414911704
1348099200000,605200,2012-09-20 00:00:00,2012-09-20 00:00:00,2012,9,20,3,3,601314.2857142857,579173.3333333334,565013.3333333334,0.006653359946773074,0.009024968957524394
1348214400000,604200,2012-09-21 08:00:00,2012-09-21 08:00:00,2012,9,21,4,3,602485.7142857143,580580.0,565582.2222222222,-0.0016523463317911213,0.0090441354068057
1348473600000,604200,2012-09-24 08:00:00,2012-09-24 08:00:00,2012,9,24,0,3,603771.4285714285,581953.3333333334,566190.0,0.0,0.009054551965943068
1348560000000,604200,2012-09-25 08:00:00,2012-09-25 08:00:00,2012,9,25,1,3,603342.8571428572,583326.6666666666,566764.4444444445,0.0,0.009054551965943068
1348645500000,604200,2012-09-26 07:45:00,2012-09-26 07:45:00,2012,9,26,2,3,602771.4285714285,584700.0,567338.8888888889,0.0,0.009054551965943068
1348732800000,604200,2012-09-27 08:00:00,2012-09-27 08:00:00,2012,9,27,3,3,603914.2857142857,586106.6666666666,567913.3333333334,0.0,0.009032106890420537
1348790400000,610200,2012-09-28 00:00:00,2012-09-28 00:00:00,2012,9,28,4,3,605200.0,587680.0,568576.6666666666,0.009930486593842991,0.009133101560989341
1349078400000,605200,2012-10-01 08:00:00,2012-10-01 08:00:00,2012,10,1,0,4,605200.0,589186.6666666666,569184.4444444445,-0.008194034742707301,0.00923467376297831
1349164800000,609200,2012-10-02 08:00:00,2012-10-02 08:00:00,2012,10,2,1,4,605914.2857142857,590893.3333333334,569836.6666666666,0.006609385327164485,0.009185792280148625
1349222400000,607200,2012-10-03 00:00:00,2012-10-03 00:00:00,2012,10,3,2,4,606342.8571428572,592533.3333333334,570466.6666666666,-0.0032829940906106136,0.009241793130063791
1349308800000,609200,2012-10-04 00:00:00,2012-10-04 00:00:00,2012,10,4,3,4,607057.1428571428,593840.0,571102.2222222222,0.0032938076416337836,0.008546937702449861
1349395200000,614200,2012-10-05 00:00:00,2012-10-05 00:00:00,2012,10,5,4,4,608485.7142857143,595180.0,571760.0,0.00820748522652659,0.008572526692664126
1349654400000,610200,2012-10-08 00:00:00,2012-10-08 00:00:00,2012,10,8,0,4,609342.8571428572,596336.6666666666,572417.7777777778,-0.00651253663301854,0.008721436334939572
1349740800000,609200,2012-10-09 00:00:00,2012-10-09 00:00:00,2012,10,9,1,4,609200.0,597576.6666666666,573008.8888888889,-0.0016388069485414603,0.008616739845182632
1349827200000,606200,2012-10-10 00:00:00,2012-10-10 00:00:00,2012,10,10,2,4,609342.8571428572,598700.0,573577.7777777778,-0.004924491135915976,0.008710596868908854
1349913600000,606200,2012-10-11 00:00:00,2012-10-11 00:00:00,2012,10,11,3,4,608914.2857142857,599906.6666666666,574057.7777777778,0.0,0.008637668013806781
1350000000000,609200,2012-10-12 00:00:00,2012-10-12 00:00:00,2012,10,12,4,4,609200.0,601180.0,574548.8888888889,0.004948861761794765,0.008653059006306384
1350259200000,603200,2012-10-15 00:00:00,2012-10-15 00:00:00,2012,10,15,0,4,608342.8571428572,601920.0,574973.3333333334,-0.009848982271831952,0.008421950903458984
1350345600000,603200,2012-10-16 00:00:00,2012-10-16 00:00:00,2012,10,16,1,4,606771.4285714285,602593.3333333334,575397.7777777778,0.0,0.008414989728393458
1350432000000,606200,2012-10-17 00:00:00,2012-10-17 00:00:00,2012,10,17,2,4,606200.0,603366.6666666666,575911.1111111111,0.004973474801061029,0.008440096226750515
1350549000000,604200,2012-10-18 08:30:00,2012-10-18 08:30:00,2012,10,18,3,4,605485.7142857143,604073.3333333334,576346.6666666666,-0.0032992411745298433,0.008479505664289878
1350633600000,601200,2012-10-19 08:00:00,2012-10-19 08:00:00,2012,10,19,4,4,604771.4285714285,604646.6666666666,576793.3333333334,-0.0049652432969214955,0.00855360729845804
1350892800000,594200,2012-10-22 08:00:00,2012-10-22 08:00:00,2012,10,22,0,4,603057.1428571428,604486.6666666666,577140.0,-0.011643379906852935,0.007488071023524568
1350907200000,598200,2012-10-22 12:00:00,2012-10-22 12:00:00,2012,10,22,0,4,601485.7142857143,604560.0,577520.0,0.006731740154829913,0.007536951287934443
1350981000000,600200,2012-10-23 08:30:00,2012-10-23 08:30:00,2012,10,23,1,4,601057.1428571428,604700.0,577900.0,0.0033433634236041954,0.007559337609549153
1351067400000,596200,2012-10-24 08:30:00,2012-10-24 08:30:00,2012,10,24,2,4,600057.1428571428,604733.3333333334,578235.5555555555,-0.006664445184938361,0.007660059514866314
1351152000000,596200,2012-10-25 08:00:00,2012-10-25 08:00:00,2012,10,25,3,4,598628.5714285715,604366.6666666666,578560.0,0.0,0.006656581304449084
1351497600000,597200,2012-10-29 08:00:00,2012-10-29 08:00:00,2012,10,29,0,4,597628.5714285715,604000.0,578917.7777777778,0.0016772895001677668,0.0066569353483509446
1351584000000,595200,2012-10-30 08:00:00,2012-10-30 08:00:00,2012,10,30,1,4,596771.4285714285,603966.6666666666,579275.5555555555,-0.0033489618218351946,0.005624253851905837
1351670400000,596200,2012-10-31 08:00:00,2012-10-31 08:00:00,2012,10,31,2,4,597057.1428571428,603800.0,579711.1111111111,0.0016801075268817467,0.005406829847495139
1351756800000,599200,2012-11-01 08:00:00,2012-11-01 08:00:00,2012,11,1,3,4,597200.0,603600.0,580180.0,0.005031868500503078,0.005343021600248483
1351844100000,599200,2012-11-02 08:15:00,2012-11-02 08:15:00,2012,11,2,4,4,597057.1428571428,603433.3333333334,580626.6666666666,0.0,0.005337308461602296
1352103300000,594200,2012-11-05 08:15:00,2012-11-05 08:15:00,2012,11,5,0,4,596771.4285714285,603100.0,581028.8888888889,-0.008344459279038707,0.005536823074896918
1352190600000,594200,2012-11-06 08:30:00,2012-11-06 08:30:00,2012,11,6,1,4,596485.7142857143,602766.6666666666,581431.1111111111,0.0,0.005536823074896918
1352246400000,598200,2012-11-07 00:00:00,2012-11-07 00:00:00,2012,11,7,2,4,596628.5714285715,602566.6666666666,581911.1111111111,0.006731740154829913,0.005693704215735108
1352289600000,602200,2012-11-07 12:00:00,2012-11-07 12:00:00,2012,11,7,2,4,597628.5714285715,602500.0,582357.7777777778,0.006686726847208391,0.005835651860982523
1352332800000,602200,2012-11-08 00:00:00,2012-11-08 00:00:00,2012,11,8,3,4,598485.7142857143,602233.3333333334,582848.8888888889,0.0,0.005520559313105798
1352419200000,605200,2012-11-09 00:00:00,2012-11-09 00:00:00,2012,11,9,4,4,599342.8571428572,602233.3333333334,583295.5555555555,0.004981733643307784,0.005404054565367816
1352707200000,606200,2012-11-12 08:00:00,2012-11-12 08:00:00,2012,11,12,0,4,600342.8571428572,602133.3333333334,583808.8888888889,0.0016523463317912324,0.005269553731014817
1352797200000,602000,2012-11-13 09:00:00,2012-11-13 09:00:00,2012,11,13,1,4,601457.1428571428,601960.0,584286.6666666666,-0.006928406466512715,0.005385029871357527
1352797500000,602200,2012-11-13 09:05:00,2012-11-13 09:05:00,2012,11,13,1,4,602600.0,601726.6666666666,584811.1111111111,0.00033222591362136455,0.005344387837746848
1352880000000,602200,2012-11-14 08:00:00,2012-11-14 08:00:00,2012,11,14,2,4,603171.4285714285,601326.6666666666,585324.4444444445,0.0,0.005094311561126895
1353312000000,599200,2012-11-19 08:00:00,2012-11-19 08:00:00,2012,11,19,0,4,602742.8571428572,600960.0,585815.5555555555,-0.004981733643307895,0.005040898938619421
1353398400000,602200,2012-11-20 08:00:00,2012-11-20 08:00:00,2012,11,20,1,4,602742.8571428572,600726.6666666666,586351.1111111111,0.00500667556742318,0.005138467472469168
1353484800000,602200,2012-11-21 08:00:00,2012-11-21 08:00:00,2012,11,21,2,4,602314.2857142857,600593.3333333334,586920.0,0.0,0.005066183081298779
1353571200000,602200,2012-11-22 08:00:00,2012-11-22 08:00:00,2012,11,22,3,4,601742.8571428572,600460.0,587488.8888888889,0.0,0.005066183081298779
1353657600000,602200,2012-11-23 08:00:00,2012-11-23 08:00:00,2012,11,23,4,4,601771.4285714285,600226.6666666666,587968.8888888889,0.0,0.004972169357930016
1353888000000,606200,2012-11-26 00:00:00,2012-11-26 00:00:00,2012,11,26,0,4,602342.8571428572,600326.6666666666,588493.3333333334,0.006642311524410527,0.0047969552814018145
1354005000000,606200,2012-11-27 08:30:00,2012-11-27 08:30:00,2012,11,27,1,4,602914.2857142857,600426.6666666666,589062.2222222222,0.0,0.0047969552814018145
1354089600000,604200,2012-11-28 08:00:00,2012-11-28 08:00:00,2012,11,28,2,4,603628.5714285715,600360.0,589653.3333333334,-0.0032992411745298433,0.004749234319370731
1354176000000,598200,2012-11-29 08:00:00,2012-11-29 08:00:00,2012,11,29,3,4,603057.1428571428,600160.0,590144.4444444445,-0.009930486593843102,0.005048213373022226
1354264200000,601200,2012-11-30 08:30:00,2012-11-30 08:30:00,2012,11,30,4,4,602914.2857142857,600160.0,590668.8888888889,0.005015045135406293,0.005060390404400057
1354521600000,600200,2012-12-03 08:00:00,2012-12-03 08:00:00,2012,12,3,0,4,602628.5714285715,600360.0,591182.2222222222,-0.001663339986693324,0.004572216694919615
1354579200000,600200,2012-12-04 00:00:00,2012-12-04 00:00:00,2012,12,4,1,4,602342.8571428572,600426.6666666666,591684.4444444445,0.0,0.004410288805701583
1354665600000,597200,2012-12-05 00:00:00,2012-12-05 00:00:00,2012,12,5,2,4,601057.1428571428,600326.6666666666,592097.7777777778,-0.004998333888703743,0.00446274966187975
1354782000000,597200,2012-12-06 08:20:00,2012-12-06 08:20:00,2012,12,6,3,4,599771.4285714285,600360.0,592466.6666666666,0.0,0.0042902063723392085
1354869000000,599200,2012-12-07 08:30:00,2012-12-07 08:30:00,2012,12,7,4,4,599057.1428571428,600460.0,592846.6666666666,0.0033489618218351946,0.004331831333366378
1355097600000,602200,2012-12-10 00:00:00,2012-12-10 00:00:00,2012,12,10,0,4,599628.5714285715,600626.6666666666,593260.0,0.00500667556742318,0.0044134883455627365
1355213700000,604200,2012-12-11 08:15:00,2012-12-11 08:15:00,2012,12,11,1,4,600057.1428571428,600926.6666666666,593728.8888888889,0.0033211557622052634,0.004391941189964859
1355299200000,604200,2012-12-12 08:00:00,2012-12-12 08:00:00,2012,12,12,2,4,600628.5714285715,601193.3333333334,594208.8888888889,0.0,0.004387211774773054
1355385600000,604200,2012-12-13 08:00:00,2012-12-13 08:00:00,2012,12,13,3,4,601200.0,601360.0,594711.1111111111,0.0,0.004301497616630951
1355473800000,599200,2012-12-14 08:30:00,2012-12-14 08:30:00,2012,12,14,4,4,601485.7142857143,601360.0,595124.4444444445,-0.00827540549486927,0.004576990699136314
1355731200000,601200,2012-12-17 08:00:00,2012-12-17 08:00:00,2012,12,17,0,4,602057.1428571428,601593.3333333334,595548.8888888889,0.0033377837116155273,0.004332082408734629
1355819400000,602200,2012-12-18 08:30:00,2012-12-18 08:30:00,2012,12,18,1,4,602485.7142857143,601860.0,595984.4444444445,0.001663339986693213,0.004337433337343313
1355904000000,598200,2012-12-19 08:00:00,2012-12-19 08:00:00,2012,12,19,2,4,601914.2857142857,601860.0,596375.5555555555,-0.006642311524410527,0.004357310537499636
1355991300000,597200,2012-12-20 08:15:00,2012-12-20 08:15:00,2012,12,20,3,4,600914.2857142857,601693.3333333334,596766.6666666666,-0.0016716817118020977,0.004179199627364635
1356076800000,591200,2012-12-21 08:00:00,2012-12-21 08:00:00,2012,12,21,4,4,599057.1428571428,601326.6666666666,597080.0,-0.010046885465505695,0.004543533104819636
1356508800000,598200,2012-12-26 08:00:00,2012-12-26 08:00:00,2012,12,26,2,4,598200.0,601093.3333333334,597504.4444444445,0.011840324763193522,0.00498537262053085
1356595200000,601200,2012-12-27 08:00:00,2012-12-27 08:00:00,2012,12,27,3,4,598485.7142857143,600926.6666666666,597984.4444444445,0.005015045135406293,0.005069634063862854
1356681600000,604200,2012-12-28 08:00:00,2012-12-28 08:00:00,2012,12,28,4,4,598914.2857142857,601000.0,598497.7777777778,0.004990019960079861,0.0049957935220111965
1357113600000,599200,2013-01-02 08:00:00,2013-01-02 08:00:00,2013,1,2,2,1,598485.7142857143,600900.0,598822.2222222222,-0.00827540549486927,0.005225877508123152
1357200000000,605200,2013-01-03 08:00:00,2013-01-03 08:00:00,2013,1,3,3,1,599485.7142857143,601000.0,599168.8888888889,0.01001335113484636,0.005545977479501583
1357286400000,597200,2013-01-04 08:00:00,2013-01-04 08:00:00,2013,1,4,4,1,599485.7142857143,600933.3333333334,599410.0,-0.013218770654329193,0.00599600087088661
1357546500000,601200,2013-01-07 08:15:00,2013-01-07 08:15:00,2013,1,7,0,1,600914.2857142857,600900.0,599734.4444444445,0.006697923643670389,0.006053288905231401
1357632600000,598200,2013-01-08 08:10:00,2013-01-08 08:10:00,2013,1,8,1,1,600914.2857142857,600766.6666666666,600020.0,-0.004990019960079861,0.006120404793527522
1357719600000,600200,2013-01-09 08:20:00,2013-01-09 08:20:00,2013,1,9,2,1,600771.4285714285,600700.0,600355.5555555555,0.0033433634236041954,0.006154591351354761
1357804800000,597200,2013-01-10 08:00:00,2013-01-10 08:00:00,2013,1,10,3,1,599771.4285714285,600533.3333333334,600646.6666666666,-0.004998333888703743,0.006219314164382939
1357892400000,599200,2013-01-11 08:20:00,2013-01-11 08:20:00,2013,1,11,4,1,599771.4285714285,600300.0,600848.8888888889,0.0033489618218351946,0.006121592259527822
1358153100000,598200,2013-01-14 08:45:00,2013-01-14 08:45:00,2013,1,14,0,1,598771.4285714285,600033.3333333334,601017.7777777778,-0.0016688918558077637,0.0061257055130649355
1358237700000,600200,2013-01-15 08:15:00,2013-01-15 08:15:00,2013,1,15,1,1,599200.0,599900.0,601208.8888888889,0.0033433634236041954,0.006138253652212163
1358325000000,606200,2013-01-16 08:30:00,2013-01-16 08:30:00,2013,1,16,2,1,599914.2857142857,600166.6666666666,601466.6666666666,0.009996667777407486,0.006127511363809087
1358411400000,603200,2013-01-17 08:30:00,2013-01-17 08:30:00,2013,1,17,3,1,600628.5714285715,600233.3333333334,601680.0,-0.004948861761794765,0.006142180791974041
1358467200000,604200,2013-01-18 00:00:00,2013-01-18 00:00:00,2013,1,18,4,1,601200.0,600366.6666666666,601737.7777777778,0.0016578249336869355,0.006138691880362253
1358756400000,604200,2013-01-21 08:20:00,2013-01-21 08:20:00,2013,1,21,0,1,602200.0,600500.0,601828.8888888889,0.0,0.006138691880362253
1358844600000,604200,2013-01-22 08:50:00,2013-01-22 08:50:00,2013,1,22,1,1,602914.2857142857,600733.3333333334,601920.0,0.0,0.0060589365760885866
1358928000000,603200,2013-01-23 08:00:00,2013-01-23 08:00:00,2013,1,23,2,1,603628.5714285715,600933.3333333334,602008.8888888889,-0.0016550810989738318,0.006070287939276277
1359101400000,600200,2013-01-25 08:10:00,2013-01-25 08:10:00,2013,1,25,4,1,603628.5714285715,600966.6666666666,601931.1111111111,-0.004973474801061029,0.006118537953027756
1359360000000,599200,2013-01-28 08:00:00,2013-01-28 08:00:00,2013,1,28,0,1,602628.5714285715,600866.6666666666,601831.1111111111,-0.001666111296234618,0.006053972884317601
1359448200000,599200,2013-01-29 08:30:00,2013-01-29 08:30:00,2013,1,29,1,1,602057.1428571428,600700.0,601864.4444444445,0.0,0.006018595725401645
1359532800000,601200,2013-01-30 08:00:00,2013-01-30 08:00:00,2013,1,30,2,1,601628.5714285715,600600.0,601864.4444444445,0.0033377837116155273,0.006054302273396708
1359619800000,603200,2013-01-31 08:10:00,2013-01-31 08:10:00,2013,1,31,3,1,601485.7142857143,600566.6666666666,601842.2222222222,0.003326679973386648,0.006087484401469044
1359705600000,599200,2013-02-01 08:00:00,2013-02-01 08:00:00,2013,2,1,4,1,600771.4285714285,600566.6666666666,601786.6666666666,-0.006631299734747964,0.006017763502607506
1359965400000,599200,2013-02-04 08:10:00,2013-02-04 08:10:00,2013,2,4,0,1,600200.0,600500.0,601731.1111111111,0.0,0.005985026084195865
1360022400000,599200,2013-02-05 00:00:00,2013-02-05 00:00:00,2013,2,5,1,1,600057.1428571428,600400.0,601675.5555555555,0.0,0.00597588482094863
1360054260000,599200,2013-02-05 08:51:00,2013-02-05 08:51:00,2013,2,5,1,1,600057.1428571428,600433.3333333334,601620.0,0.0,0.005848712764716636
1360108800000,599200,2013-02-06 00:00:00,2013-02-06 00:00:00,2013,2,6,2,1,600057.1428571428,600500.0,601564.4444444445,0.0,0.005839481179862025
1360195200000,600200,2013-02-07 00:00:00,2013-02-07 00:00:00,2013,2,7,3,1,599914.2857142857,600800.0,601453.3333333334,0.0016688918558076526,0.005518491917802027
1360281600000,600200,2013-02-08 00:00:00,2013-02-08 00:00:00,2013,2,8,4,1,599485.7142857143,600866.6666666666,601397.7777777778,0.0,0.005087408482384685
1360570800000,596200,2013-02-11 08:20:00,2013-02-11 08:20:00,2013,2,11,0,1,599057.1428571428,600700.0,601253.3333333334,-0.006664445184938361,0.005146738884334381
1360657800000,591200,2013-02-12 08:30:00,2013-02-12 08:30:00,2013,2,12,1,1,597914.2857142857,600266.6666666666,601075.5555555555,-0.008386447500838612,0.005254039206378846
1360741500000,592200,2013-02-13 07:45:00,2013-02-13 07:45:00,2013,2,13,2,1,596914.2857142857,600033.3333333334,600886.6666666666,0.001691474966170503,0.005071187953545025
1360829700000,591200,2013-02-14 08:15:00,2013-02-14 08:15:00,2013,2,14,3,1,595771.4285714285,599566.6666666666,600631.1111111111,-0.0016886187098953398,0.004679142348618571
1360915800000,590200,2013-02-15 08:10:00,2013-02-15 08:10:00,2013,2,15,4,1,594485.7142857143,599333.3333333334,600408.8888888889,-0.001691474966170503,0.004052957239489799
1361176200000,588200,2013-02-18 08:30:00,2013-02-18 08:30:00,2013,2,18,0,1,592771.4285714285,598900.0,600175.5555555555,-0.003388681802778737,0.00385884698553788
1361262000000,588200,2013-02-19 08:20:00,2013-02-19 08:20:00,2013,2,19,1,1,591057.1428571428,598566.6666666666,599975.5555555555,0.0,0.0037751357151362924
1361348100000,587200,2013-02-20 08:15:00,2013-02-20 08:15:00,2013,2,20,2,1,589771.4285714285,598133.3333333334,599764.4444444445,-0.001700102006120363,0.0037072393426180556
1361434800000,581200,2013-02-21 08:20:00,2013-02-21 08:20:00,2013,2,21,3,1,588342.8571428572,597600.0,599453.3333333334,-0.01021798365122617,0.004023778881040485
1361522700000,582200,2013-02-22 08:45:00,2013-02-22 08:45:00,2013,2,22,4,1,586914.2857142857,597033.3333333334,599220.0,0.0017205781142464183,0.003975217419902747
1361781000000,585200,2013-02-25 08:30:00,2013-02-25 08:30:00,2013,2,25,0,1,586057.1428571428,596600.0,599020.0,0.005152868430092772,0.004125039658937068
1361868900000,587200,2013-02-26 08:55:00,2013-02-26 08:55:00,2013,2,26,1,1,585628.5714285715,596166.6666666666,598808.8888888889,0.0034176349965824304,0.004127586366669107
1361953200000,592200,2013-02-27 08:20:00,2013-02-27 08:20:00,2013,2,27,2,1,586200.0,595700.0,598675.5555555555,0.008514986376021882,0.00400186493911575
1362039000000,590200,2013-02-28 08:10:00,2013-02-28 08:10:00,2013,2,28,3,1,586485.7142857143,595266.6666666666,598553.3333333334,-0.0033772374197905686,0.0039553008276635325
1362125700000,586200,2013-03-01 08:15:00,2013-03-01 08:15:00,2013,3,1,4,1,586342.8571428572,594666.6666666666,598464.4444444445,-0.006777363605557474,0.004078456649511478
1362384600000,586200,2013-03-04 08:10:00,2013-03-04 08:10:00,2013,3,4,0,1,587057.1428571428,594066.6666666666,598331.1111111111,0.0,0.004078456649511478
1362473100000,586200,2013-03-05 08:45:00,2013-03-05 08:45:00,2013,3,5,1,1,587628.5714285715,593466.6666666666,598175.5555555555,0.0,0.004078456649511478
1362558600000,586200,2013-03-06 08:30:00,2013-03-06 08:30:00,2013,3,6,2,1,587771.4285714285,592900.0,598064.4444444445,0.0,0.0040804775831768504
1362643800000,586200,2013-03-07 08:10:00,2013-03-07 08:10:00,2013,3,7,3,1,587628.5714285715,592433.3333333334,597953.3333333334,0.0,0.004011589537618614
1362729300000,586200,2013-03-08 07:55:00,2013-03-08 07:55:00,2013,3,8,4,1,586771.4285714285,592000.0,597831.1111111111,0.0,0.004010412202768468
1362988800000,584200,2013-03-11 08:00:00,2013-03-11 08:00:00,2013,3,11,0,1,585914.2857142857,591500.0,597708.8888888889,-0.003411804844762889,0.004037484181239408
1363161600000,585200,2013-03-13 08:00:00,2013-03-13 08:00:00,2013,3,13,2,1,585771.4285714285,590966.6666666666,597586.6666666666,0.001711742553919926,0.003990146494618815
1363249800000,584000,2013-03-14 08:30:00,2013-03-14 08:30:00,2013,3,14,3,1,585457.1428571428,590326.6666666666,597417.7777777778,-0.002050580997949414,0.003914202957972576
1363305600000,584000,2013-03-15 00:00:00,2013-03-15 00:00:00,2013,3,15,4,1,585142.8571428572,589820.0,597248.8888888889,0.0,0.0037740633731714215
1363594800000,581000,2013-03-18 08:20:00,2013-03-18 08:20:00,2013,3,18,0,1,584400.0,589213.3333333334,597102.2222222222,-0.005136986301369828,0.003849976412093728
1363681800000,582000,2013-03-19 08:30:00,2013-03-19 08:30:00,2013,3,19,1,1,583800.0,588640.0,596966.6666666666,0.001721170395869276,0.003878426872468418
1363767600000,583000,2013-03-20 08:20:00,2013-03-20 08:20:00,2013,3,20,2,1,583342.8571428572,588100.0,596797.7777777778,0.0017182130584192379,0.00390572989168934
1363855500000,581000,2013-03-21 08:45:00,2013-03-21 08:45:00,2013,3,21,3,1,582885.7142857143,587493.3333333334,596562.2222222222,-0.0034305317324184736,0.003928448528303027
1363942800000,582000,2013-03-22 09:00:00,2013-03-22 09:00:00,2013,3,22,4,1,582428.5714285715,586886.6666666666,596337.7777777778,0.001721170395869276,0.003929693891497254
1364198400000,579000,2013-03-25 08:00:00,2013-03-25 08:00:00,2013,3,25,0,1,581714.2857142857,586180.0,596046.6666666666,-0.005154639175257714,0.0039957643234566345
1364288400000,577000,2013-03-26 09:00:00,2013-03-26 09:00:00,2013,3,26,1,1,580714.2857142857,585540.0,595722.2222222222,-0.003454231433506094,0.0038855747017807504
1364372400000,577000,2013-03-27 08:20:00,2013-03-27 08:20:00,2013,3,27,2,1,580142.8571428572,585066.6666666666,595444.4444444445,0.0,0.003635670909710041
1364459700000,577000,2013-03-28 08:35:00,2013-03-28 08:35:00,2013,3,28,3,1,579428.5714285715,584560.0,595164.4444444445,0.0,0.003608656832449783
1364774400000,574000,2013-04-01 00:00:00,2013-04-01 00:00:00,2013,4,1,0,2,578142.8571428572,583986.6666666666,594851.1111111111,-0.005199306759098743,0.0036924033144065294
1364893200000,574000,2013-04-02 09:00:00,2013-04-02 09:00:00,2013,4,2,1,2,577142.8571428572,583446.6666666666,594571.1111111111,0.0,0.003694032459339643
1364976900000,571000,2013-04-03 08:15:00,2013-04-03 08:15:00,2013,4,3,2,2,575571.4285714285,582873.3333333334,594224.4444444445,-0.005226480836236891,0.003751168181109066
1365062400000,569000,2013-04-04 08:00:00,2013-04-04 08:00:00,2013,4,4,3,2,574142.8571428572,582233.3333333334,593855.5555555555,-0.003502626970227629,0.0037739907043455555
1365148800000,566000,2013-04-05 08:00:00,2013-04-05 08:00:00,2013,4,5,4,2,572571.4285714285,581526.6666666666,593453.3333333334,-0.005272407732864637,0.0038492266146168083
1365410400000,569000,2013-04-08 08:40:00,2013-04-08 08:40:00,2013,4,8,0,2,571428.5714285715,581120.0,593084.4444444445,0.005300353356890497,0.003634771518953152
1365495900000,567000,2013-04-09 08:25:00,2013-04-09 08:25:00,2013,4,9,1,2,570000.0,580613.3333333334,592648.8888888889,-0.0035149384885764245,0.0036402015160205622
1365583200000,568000,2013-04-10 08:40:00,2013-04-10 08:40:00,2013,4,10,2,2,569142.8571428572,580040.0,592224.4444444445,0.0017636684303350414,0.0034964277537798526
1365669000000,564000,2013-04-11 08:30:00,2013-04-11 08:30:00,2013,4,11,3,2,567714.2857142857,579266.6666666666,591777.7777777778,-0.007042253521126751,0.003562846872543908
1365754200000,565000,2013-04-12 08:10:00,2013-04-12 08:10:00,2013,4,12,4,2,566857.1428571428,578360.0,591408.8888888889,0.0017730496453900457,0.003102960561460131
1366012800000,563000,2013-04-15 08:00:00,2013-04-15 08:00:00,2013,4,15,0,2,566000.0,577453.3333333334,590984.4444444445,-0.0035398230088495852,0.0031063814952455165
1366102800000,561000,2013-04-16 09:00:00,2013-04-16 09:00:00,2013,4,16,1,2,565285.7142857143,576613.3333333334,590548.8888888889,-0.003552397868561319,0.0029727767707179776
1366187400000,561000,2013-04-17 08:30:00,2013-04-17 08:30:00,2013,4,17,2,2,564142.8571428572,575773.3333333334,590113.3333333334,0.0,0.0029727767707179776
1366272900000,561000,2013-04-18 08:15:00,2013-04-18 08:15:00,2013,4,18,3,2,563285.7142857143,574933.3333333334,589711.1111111111,0.0,0.0029727767707179776
1366359300000,561000,2013-04-19 08:15:00,2013-04-19 08:15:00,2013,4,19,4,2,562285.7142857143,574093.3333333334,589308.8888888889,0.0,0.0029727767707179776
1366619400000,551000,2013-04-22 08:30:00,2013-04-22 08:30:00,2013,4,22,0,2,560428.5714285715,572920.0,588773.3333333334,-0.017825311942959,0.0041993812610708475
1366706700000,555000,2013-04-23 08:45:00,2013-04-23 08:45:00,2013,4,23,1,2,559000.0,571880.0,588248.8888888889,0.007259528130671544,0.0045188044002304716
1366792200000,555000,2013-04-24 08:30:00,2013-04-24 08:30:00,2013,4,24,2,2,557857.1428571428,570906.6666666666,587702.2222222222,0.0,0.004520073400167275
1366878300000,557000,2013-04-25 08:25:00,2013-04-25 08:25:00,2013,4,25,3,2,557285.7142857143,569966.6666666666,587177.7777777778,0.003603603603603567,0.0045820541623390575
1366963200000,557000,2013-04-26 08:00:00,2013-04-26 08:00:00,2013,4,26,4,2,556714.2857142857,569066.6666666666,586653.3333333334,0.0,0.004590922896669457
1367223600000,553000,2013-04-29 08:20:00,2013-04-29 08:20:00,2013,4,29,0,2,555571.4285714285,568033.3333333334,586140.0,-0.007181328545781018,0.004692531761761417
1367311800000,553000,2013-04-30 08:50:00,2013-04-30 08:50:00,2013,4,30,1,2,554428.5714285715,567100.0,585604.4444444445,0.0,0.004660397182436864
1367397000000,552000,2013-05-01 08:30:00,2013-05-01 08:30:00,2013,5,1,2,2,554571.4285714285,566100.0,585046.6666666666,-0.001808318264014508,0.004617112392221973
1367483400000,550000,2013-05-02 08:30:00,2013-05-02 08:30:00,2013,5,2,3,2,553857.1428571428,565000.0,584511.1111111111,-0.0036231884057971175,0.0045815230223143835
1367568000000,551000,2013-05-03 08:00:00,2013-05-03 08:00:00,2013,5,3,4,2,553285.7142857143,564000.0,583997.7777777778,0.0018181818181817189,0.004622290288871303
1367829000000,552000,2013-05-06 08:30:00,2013-05-06 08:30:00,2013,5,6,0,2,552571.4285714285,563000.0,583562.2222222222,0.001814882032667775,0.004624751663008063
1367916600000,551000,2013-05-07 08:50:00,2013-05-07 08:50:00,2013,5,7,1,2,551714.2857142857,562066.6666666666,583037.7777777778,-0.0018115942028985588,0.004579999492509319
1368001800000,549000,2013-05-08 08:30:00,2013-05-08 08:30:00,2013,5,8,2,2,551142.8571428572,561133.3333333334,582457.7777777778,-0.003629764065335772,0.004582507664722279
1368174000000,549000,2013-05-10 08:20:00,2013-05-10 08:20:00,2013,5,10,4,2,550571.4285714285,560200.0,581844.4444444445,0.0,0.004582507664722279
1368433800000,545000,2013-05-13 08:30:00,2013-05-13 08:30:00,2013,5,13,0,2,549571.4285714285,559133.3333333334,581242.2222222222,-0.007285974499089298,0.004684178796307677
1368521400000,543000,2013-05-14 08:50:00,2013-05-14 08:50:00,2013,5,14,1,2,548571.4285714285,558100.0,580551.1111111111,-0.003669724770642202,0.004655143728056429
1368606000000,539000,2013-05-15 08:20:00,2013-05-15 08:20:00,2013,5,15,2,2,546857.1428571428,556933.3333333334,579904.4444444445,-0.007366482504604033,0.004748180237727577
1368690600000,537000,2013-05-16 07:50:00,2013-05-16 07:50:00,2013,5,16,3,2,544714.2857142857,555800.0,579191.1111111111,-0.0037105751391465214,0.0047215761087583815
1368780600000,532000,2013-05-17 08:50:00,2013-05-17 08:50:00,2013,5,17,4,2,542000.0,554566.6666666666,578455.5555555555,-0.009310986964618295,0.00489962934835325
1369039800000,532000,2013-05-20 08:50:00,2013-05-20 08:50:00,2013,5,20,0,2,539571.4285714285,553433.3333333334,577697.7777777778,0.0,0.004881152032595687
1369128000000,533000,2013-05-21 09:20:00,2013-05-21 09:20:00,2013,5,21,1,2,537285.7142857143,552233.3333333334,576984.4444444445,0.001879699248120259,0.00474145161292984
1369209600000,533000,2013-05-22 08:00:00,2013-05-22 08:00:00,2013,5,22,2,2,535571.4285714285,551100.0,576248.8888888889,0.0,0.004750371883930383
1369297200000,533000,2013-05-23 08:20:00,2013-05-23 08:20:00,2013,5,23,3,2,534142.8571428572,549933.3333333334,575524.4444444445,0.0,0.004712332172747823
1369382400000,536000,2013-05-24 08:00:00,2013-05-24 08:00:00,2013,5,24,4,2,533714.2857142857,549000.0,574811.1111111111,0.0056285178236397115,0.004821306959993186
1369644300000,536000,2013-05-27 08:45:00,2013-05-27 08:45:00,2013,5,27,0,2,533571.4285714285,548033.3333333334,574031.1111111111,0.0,0.004788213864170508
1369731000000,536000,2013-05-28 08:50:00,2013-05-28 08:50:00,2013,5,28,1,2,534142.8571428572,547133.3333333334,573284.4444444445,0.0,0.004786041253166273
1369816200000,535000,2013-05-29 08:30:00,2013-05-29 08:30:00,2013,5,29,2,2,534571.4285714285,546266.6666666666,572515.5555555555,-0.001865671641791078,0.0047725152360478754
1369901400000,538000,2013-05-30 08:10:00,2013-05-30 08:10:00,2013,5,30,3,2,535285.7142857143,545500.0,571780.0,0.005607476635514086,0.004942871920169668
1369989000000,539000,2013-05-31 08:30:00,2013-05-31 08:30:00,2013,5,31,4,2,536142.8571428572,544766.6666666666,571055.5555555555,0.0018587360594795044,0.004972361178969039
1370247600000,538000,2013-06-03 08:20:00,2013-06-03 08:20:00,2013,6,3,0,2,536857.1428571428,544000.0,570331.1111111111,-0.0018552875695733162,0.004966904359606064
1370335800000,541000,2013-06-04 08:50:00,2013-06-04 08:50:00,2013,6,4,1,2,537571.4285714285,543666.6666666666,569673.3333333334,0.005576208178438735,0.004048137083912687
1370420100000,539000,2013-06-05 08:15:00,2013-06-05 08:15:00,2013,6,5,2,2,538000.0,543133.3333333334,569004.4444444445,-0.003696857670979714,0.003801085584305634
1370592000000,542000,2013-06-07 08:00:00,2013-06-07 08:00:00,2013,6,7,4,2,538857.1428571428,542700.0,568368.8888888889,0.005565862708719838,0.003981494785668798
1370853000000,533000,2013-06-10 08:30:00,2013-06-10 08:30:00,2013,6,10,0,2,538571.4285714285,541900.0,567611.1111111111,-0.016605166051660514,0.004832501872833011
1370941200000,533000,2013-06-11 09:00:00,2013-06-11 09:00:00,2013,6,11,1,2,537857.1428571428,541100.0,566831.1111111111,0.0,0.004832501872833011
1371025800000,533000,2013-06-12 08:30:00,2013-06-12 08:30:00,2013,6,12,2,2,537000.0,540433.3333333334,566095.5555555555,0.0,0.004715552102962901
1371111600000,533000,2013-06-13 08:20:00,2013-06-13 08:20:00,2013,6,13,3,2,536285.7142857143,539766.6666666666,565360.0,0.0,0.004715552102962901
1371196800000,533000,2013-06-14 08:00:00,2013-06-14 08:00:00,2013,6,14,4,2,535142.8571428572,539133.3333333334,564624.4444444445,0.0,0.004719280120596364
1371457800000,533000,2013-06-17 08:30:00,2013-06-17 08:30:00,2013,6,17,0,2,534285.7142857143,538566.6666666666,563888.8888888889,0.0,0.004700288648032828
1371544200000,533000,2013-06-18 08:30:00,2013-06-18 08:30:00,2013,6,18,1,2,533000.0,537966.6666666666,563153.3333333334,0.0,0.004673874715198758
1371630600000,532000,2013-06-19 08:30:00,2013-06-19 08:30:00,2013,6,19,2,2,532857.1428571428,537300.0,562395.5555555555,-0.0018761726078799779,0.004643089629064152
1371717000000,528000,2013-06-20 08:30:00,2013-06-20 08:30:00,2013,6,20,3,2,532142.8571428572,536533.3333333334,561593.3333333334,-0.007518796992481258,0.004783021504540321
1371802800000,521000,2013-06-21 08:20:00,2013-06-21 08:20:00,2013,6,21,4,2,530428.5714285715,535600.0,560757.7777777778,-0.013257575757575801,0.005238470072696871
1372062000000,522000,2013-06-24 08:20:00,2013-06-24 08:20:00,2013,6,24,0,2,528857.1428571428,534700.0,559988.8888888889,0.0019193857965451588,0.00527194318134233
1372149900000,518000,2013-06-25 08:45:00,2013-06-25 08:45:00,2013,6,25,1,2,526714.2857142857,533800.0,559164.4444444445,-0.007662835249042099,0.005286225635941097
1372234500000,518000,2013-06-26 08:15:00,2013-06-26 08:15:00,2013,6,26,2,2,524571.4285714285,532966.6666666666,558351.1111111111,0.0,0.005281020135433164
1372321800000,513000,2013-06-27 08:30:00,2013-06-27 08:30:00,2013,6,27,3,2,521714.28571428574,532100.0,557493.3333333334,-0.009652509652509633,0.005383249874757482
1372408200000,513000,2013-06-28 08:30:00,2013-06-28 08:30:00,2013,6,28,4,2,519000.0,531300.0,556657.7777777778,0.0,0.005376481655351694
1372668300000,513000,2013-07-01 08:45:00,2013-07-01 08:45:00,2013,7,1,0,3,516857.14285714284,530666.6666666666,555822.2222222222,0.0,0.005175552144229035
1372753800000,514000,2013-07-02 08:30:00,2013-07-02 08:30:00,2013,7,2,1,3,515857.14285714284,530066.6666666666,555008.8888888889,0.0019493177387914784,0.005203279970708357
1372839300000,514000,2013-07-03 08:15:00,2013-07-03 08:15:00,2013,7,3,2,3,514714.28571428574,529433.3333333334,554262.2222222222,0.0,0.005176995348181069
1372925400000,515000,2013-07-04 08:10:00,2013-07-04 08:10:00,2013,7,4,3,3,514285.71428571426,528833.3333333334,553515.5555555555,0.0019455252918287869,0.005204608159396281
1373008200000,514000,2013-07-05 07:10:00,2013-07-05 07:10:00,2013,7,5,4,3,513714.28571428574,528200.0,552724.4444444445,-0.001941747572815511,0.005202126997665615
1373272200000,512000,2013-07-08 08:30:00,2013-07-08 08:30:00,2013,7,8,0,3,513571.4285714286,527400.0,551888.8888888889,-0.0038910505836575737,0.005059879850638144
1373357400000,512000,2013-07-09 08:10:00,2013-07-09 08:10:00,2013,7,9,1,3,513428.5714285714,526600.0,550997.7777777778,0.0,0.005059879850638144
1373444400000,513000,2013-07-10 08:20:00,2013-07-10 08:20:00,2013,7,10,2,3,513428.5714285714,525833.3333333334,550140.0,0.001953125,0.0050924836055500685
1373529600000,516000,2013-07-11 08:00:00,2013-07-11 08:00:00,2013,7,11,3,3,513714.28571428574,525200.0,549360.0,0.005847953216374213,0.005262573024861918
1373617200000,516000,2013-07-12 08:20:00,2013-07-12 08:20:00,2013,7,12,4,3,514000.0,524466.6666666666,548580.0,0.0,0.005110148766730608
1373875200000,516000,2013-07-15 08:00:00,2013-07-15 08:00:00,2013,7,15,0,3,514142.85714285716,523700.0,547800.0,0.0,0.005080734466359456
1373961300000,516000,2013-07-16 07:55:00,2013-07-16 07:55:00,2013,7,16,1,3,514428.5714285714,522966.6666666667,547020.0,0.0,0.005086793229912752
1374048000000,516000,2013-07-17 08:00:00,2013-07-17 08:00:00,2013,7,17,2,3,515000.0,522133.3333333333,546240.0,0.0,0.004923161008893109
1374135000000,514000,2013-07-18 08:10:00,2013-07-18 08:10:00,2013,7,18,3,3,515285.71428571426,521300.0,545437.7777777778,-0.003875968992248069,0.004925944496383582
1374222300000,515000,2013-07-19 08:25:00,2013-07-19 08:25:00,2013,7,19,4,3,515571.4285714286,520400.0,544668.8888888889,0.0019455252918287869,0.004787499077873958
1374483000000,521000,2013-07-22 08:50:00,2013-07-22 08:50:00,2013,7,22,0,3,516285.71428571426,520000.0,543955.5555555555,0.011650485436893288,0.004524330629479317
1374568200000,525000,2013-07-23 08:30:00,2013-07-23 08:30:00,2013,7,23,1,3,517571.4285714286,519733.3333333333,543300.0,0.007677543186180413,0.004778168322815089
1374654300000,526000,2013-07-24 08:25:00,2013-07-24 08:25:00,2013,7,24,2,3,519000.0,519500.0,542655.5555555555,0.0019047619047618536,0.004797560009096879
1374741300000,522000,2013-07-25 08:35:00,2013-07-25 08:35:00,2013,7,25,3,3,519857.14285714284,519133.3333333333,542000.0,-0.0076045627376425395,0.0049718215798667045
1374827700000,525000,2013-07-26 08:35:00,2013-07-26 08:35:00,2013,7,26,4,3,521142.85714285716,518866.6666666667,541366.6666666666,0.005747126436781658,0.005107902664176854
1375086600000,523000,2013-07-29 08:30:00,2013-07-29 08:30:00,2013,7,29,0,3,522428.5714285714,518533.3333333333,540700.0,-0.003809523809523818,0.00514250217551863
1375174500000,523000,2013-07-30 08:55:00,2013-07-30 08:55:00,2013,7,30,1,3,523571.4285714286,518200.0,540055.5555555555,0.0,0.00514250217551863
1375259400000,523000,2013-07-31 08:30:00,2013-07-31 08:30:00,2013,7,31,2,3,523857.14285714284,517900.0,539400.0,0.0,0.005138084212311741
1375346400000,523000,2013-08-01 08:40:00,2013-08-01 08:40:00,2013,8,1,3,3,523571.4285714286,517733.3333333333,538777.7777777778,0.0,0.004967266850162785
1375430400000,520000,2013-08-02 08:00:00,2013-08-02 08:00:00,2013,8,2,4,3,522714.28571428574,517700.0,538144.4444444445,-0.005736137667303964,0.004454301608677797
1376296800000,524000,2013-08-12 08:40:00,2013-08-12 08:40:00,2013,8,12,0,3,523000.0,517766.6666666667,537555.5555555555,0.007692307692307665,0.0046623534633464785
1376382600000,524000,2013-08-13 08:30:00,2013-08-13 08:30:00,2013,8,13,1,3,522857.14285714284,517966.6666666667,536966.6666666666,0.0,0.004424063144157544
1376465400000,524000,2013-08-14 07:30:00,2013-08-14 07:30:00,2013,8,14,2,3,523000.0,518166.6666666667,536411.1111111111,0.0,0.004424063144157544
1376524800000,525000,2013-08-15 00:00:00,2013-08-15 00:00:00,2013,8,15,3,3,523285.71428571426,518566.6666666667,535866.6666666666,0.001908396946564972,0.0040022292847957455
1376611200000,532000,2013-08-16 00:00:00,2013-08-16 00:00:00,2013,8,16,4,3,524571.4285714285,519200.0,535433.3333333334,0.01333333333333342,0.004607347994337538
1376899800000,541000,2013-08-19 08:10:00,2013-08-19 08:10:00,2013,8,19,0,3,527142.8571428572,520133.3333333333,535122.2222222222,0.016917293233082775,0.005416673063764267
1376988600000,540000,2013-08-20 08:50:00,2013-08-20 08:50:00,2013,8,20,1,3,530000.0,521000.0,534833.3333333334,-0.001848428835489857,0.005456979826793576
1377043200000,542000,2013-08-21 00:00:00,2013-08-21 00:00:00,2013,8,21,2,3,532571.4285714285,521933.3333333333,534533.3333333334,0.0037037037037037646,0.005460011916069839
1377129600000,550000,2013-08-22 00:00:00,2013-08-22 00:00:00,2013,8,22,3,3,536285.7142857143,523100.0,534344.4444444445,0.014760147601476037,0.005952168430235541
1377216000000,559000,2013-08-23 00:00:00,2013-08-23 00:00:00,2013,8,23,4,3,541285.7142857143,524600.0,534244.4444444445,0.016363636363636358,0.006430793294147574
1377475200000,564000,2013-08-26 00:00:00,2013-08-26 00:00:00,2013,8,26,0,3,546857.1428571428,526333.3333333334,534244.4444444445,0.008944543828264706,0.006395699293170039
1377561600000,564000,2013-08-27 00:00:00,2013-08-27 00:00:00,2013,8,27,1,3,551428.5714285715,528066.6666666666,534233.3333333334,0.0,0.006395699293170039
1377648000000,575000,2013-08-28 00:00:00,2013-08-28 00:00:00,2013,8,28,2,3,556285.7142857143,530133.3333333334,534366.6666666666,0.019503546099290725,0.007042975694886242
1377698400000,580000,2013-08-28 14:00:00,2013-08-28 14:00:00,2013,8,28,2,3,562000.0,532266.6666666666,534577.7777777778,0.008695652173912993,0.007090085246059857
1377734400000,593000,2013-08-29 00:00:00,2013-08-29 00:00:00,2013,8,29,3,3,569285.7142857143,534833.3333333334,534933.3333333334,0.022413793103448265,0.007806516951359497
1377820800000,578000,2013-08-30 00:00:00,2013-08-30 00:00:00,2013,8,30,4,3,573285.7142857143,536900.0,535122.2222222222,-0.025295109612141653,0.00950933470324707
1378080000000,571000,2013-09-02 00:00:00,2013-09-02 00:00:00,2013,9,2,0,3,575000.0,538733.3333333334,535233.3333333334,-0.01211072664359858,0.009925618465452405
1378166400000,575000,2013-09-03 00:00:00,2013-09-03 00:00:00,2013,9,3,1,3,576571.4285714285,540700.0,535500.0,0.007005253940455258,0.009924559619916392
1378252800000,583000,2013-09-04 00:00:00,2013-09-04 00:00:00,2013,9,4,2,3,579285.7142857143,543000.0,535811.1111111111,0.013913043478260834,0.009989809819280429
1378339200000,579000,2013-09-05 00:00:00,2013-09-05 00:00:00,2013,9,5,3,3,579857.1428571428,545133.3333333334,536077.7777777778,-0.006861063464837058,0.010187476646729093
1378425600000,570000,2013-09-06 00:00:00,2013-09-06 00:00:00,2013,9,6,4,3,578428.5714285715,546766.6666666666,536222.2222222222,-0.015544041450777257,0.010677875147945229
1378684800000,581000,2013-09-09 00:00:00,2013-09-09 00:00:00,2013,9,9,0,3,576714.2857142857,548633.3333333334,536488.8888888889,0.019298245614035148,0.011055421989861643
1378771200000,578000,2013-09-10 00:00:00,2013-09-10 00:00:00,2013,9,10,1,3,576714.2857142857,550366.6666666666,536766.6666666666,-0.005163511187607606,0.011164122432500196
1378857600000,565000,2013-09-11 00:00:00,2013-09-11 00:00:00,2013,9,11,2,3,575857.1428571428,551800.0,536900.0,-0.02249134948096887,0.011963502132028136
1378944000000,572000,2013-09-12 00:00:00,2013-09-12 00:00:00,2013,9,12,3,3,575428.5714285715,553366.6666666666,537122.2222222222,0.012389380530973382,0.012082495122142677
1379030400000,559000,2013-09-13 00:00:00,2013-09-13 00:00:00,2013,9,13,4,3,572000.0,554566.6666666666,537222.2222222222,-0.022727272727272707,0.012911720089753758
1379289600000,552000,2013-09-16 00:00:00,2013-09-16 00:00:00,2013,9,16,0,3,568142.8571428572,555533.3333333334,537233.3333333334,-0.012522361359570633,0.013188163876517837
1379376000000,547000,2013-09-17 00:00:00,2013-09-17 00:00:00,2013,9,17,1,3,564857.1428571428,556333.3333333334,537177.7777777778,-0.009057971014492794,0.013335664079569539
1379462400000,545000,2013-09-18 00:00:00,2013-09-18 00:00:00,2013,9,18,2,3,559714.2857142857,557066.6666666666,537111.1111111111,-0.003656307129798919,0.0133672987487135
1379548800000,569000,2013-09-19 00:00:00,2013-09-19 00:00:00,2013,9,19,3,3,558428.5714285715,558700.0,537333.3333333334,0.044036697247706424,0.015380434968063048
1379635200000,558000,2013-09-20 00:00:00,2013-09-20 00:00:00,2013,9,20,4,3,557428.5714285715,559833.3333333334,537433.3333333334,-0.019332161687170446,0.01588647941216182
1379894400000,549000,2013-09-23 00:00:00,2013-09-23 00:00:00,2013,9,23,0,3,554142.8571428572,560666.6666666666,537477.7777777778,-0.016129032258064502,0.016233307883964477
1379980800000,554000,2013-09-24 00:00:00,2013-09-24 00:00:00,2013,9,24,1,3,553428.5714285715,561666.6666666666,537600.0,0.00910746812386165,0.01628585121104503
1380067200000,554000,2013-09-25 00:00:00,2013-09-25 00:00:00,2013,9,25,2,3,553714.2857142857,562633.3333333334,537766.6666666666,0.0,0.01628988802966149
1380153600000,558000,2013-09-26 00:00:00,2013-09-26 00:00:00,2013,9,26,3,3,555285.7142857143,563500.0,538000.0,0.0072202166064982976,0.01618007977493142
1380240000000,555000,2013-09-27 00:00:00,2013-09-27 00:00:00,2013,9,27,4,3,556714.2857142857,563966.6666666666,538255.5555555555,-0.005376344086021501,0.01596849140141983
1380499200000,559000,2013-09-30 00:00:00,2013-09-30 00:00:00,2013,9,30,0,3,555285.7142857143,564600.0,538555.5555555555,0.007207207207207134,0.01599884719216685
1380585600000,558000,2013-10-01 00:00:00,2013-10-01 00:00:00,2013,10,1,1,4,555285.7142857143,565133.3333333334,538833.3333333334,-0.0017889087656529634,0.01600154100701757
1380672000000,550000,2013-10-02 00:00:00,2013-10-02 00:00:00,2013,10,2,2,4,555428.5714285715,565133.3333333334,539022.2222222222,-0.014336917562724039,0.016026405827264157
1380758400000,555000,2013-10-03 00:00:00,2013-10-03 00:00:00,2013,10,3,3,4,555571.4285714285,565000.0,539266.6666666666,0.009090909090909038,0.01582603097205286
1380844800000,555000,2013-10-04 00:00:00,2013-10-04 00:00:00,2013,10,4,4,4,555714.2857142857,564700.0,539477.7777777778,0.0,0.01573337727682468
1381104000000,554000,2013-10-07 00:00:00,2013-10-07 00:00:00,2013,10,7,0,4,555142.8571428572,564366.6666666666,539677.7777777778,-0.0018018018018017834,0.015735169291346093
1381221000000,556000,2013-10-08 08:30:00,2013-10-08 08:30:00,2013,10,8,1,4,555285.7142857143,563733.3333333334,539900.0,0.0036101083032491488,0.015300810818080006
1381276800000,555000,2013-10-09 00:00:00,2013-10-09 00:00:00,2013,10,9,2,4,554714.2857142857,562900.0,540122.2222222222,-0.0017985611510791255,0.015190906835285494
1381363200000,551000,2013-10-10 00:00:00,2013-10-10 00:00:00,2013,10,10,3,4,553714.2857142857,561500.0,540266.6666666666,-0.007207207207207245,0.014541368970008744
1381449600000,548000,2013-10-11 00:00:00,2013-10-11 00:00:00,2013,10,11,4,4,553428.5714285715,560500.0,540366.6666666666,-0.005444646098003658,0.013898424141242392
1381912200000,545000,2013-10-16 08:30:00,2013-10-16 08:30:00,2013,10,16,2,4,552000.0,559633.3333333334,540444.4444444445,-0.005474452554744547,0.01377902093958912
1381968000000,545000,2013-10-17 00:00:00,2013-10-17 00:00:00,2013,10,17,3,4,550571.4285714285,558633.3333333334,540488.8888888889,0.0,0.013689663719369555
1382054400000,558000,2013-10-18 00:00:00,2013-10-18 00:00:00,2013,10,18,4,4,551142.8571428572,557800.0,540700.0,0.023853211009174258,0.014191547002998942
1382313600000,556000,2013-10-21 00:00:00,2013-10-21 00:00:00,2013,10,21,0,4,551142.8571428572,557033.3333333334,540855.5555555555,-0.0035842293906810374,0.0141603498242385
1382432400000,554000,2013-10-22 09:00:00,2013-10-22 09:00:00,2013,10,22,1,4,551000.0,556500.0,541088.8888888889,-0.003597122302158251,0.013910402841419459
1382486400000,556000,2013-10-23 00:00:00,2013-10-23 00:00:00,2013,10,23,2,4,551714.2857142857,555666.6666666666,541344.4444444445,0.0036101083032491488,0.013412593067690612
1382572800000,552000,2013-10-24 00:00:00,2013-10-24 00:00:00,2013,10,24,3,4,552285.7142857143,554800.0,541555.5555555555,-0.007194244604316502,0.013437453718275497
1382659200000,556000,2013-10-25 00:00:00,2013-10-25 00:00:00,2013,10,25,4,4,553857.1428571428,554500.0,541811.1111111111,0.007246376811594235,0.012918302362405789
1382918400000,550000,2013-10-28 00:00:00,2013-10-28 00:00:00,2013,10,28,0,4,554571.4285714285,553766.6666666666,542000.0,-0.010791366906474864,0.01281638525446737
1383004800000,546000,2013-10-29 00:00:00,2013-10-29 00:00:00,2013,10,29,1,4,552857.1428571428,553333.3333333334,542144.4444444445,-0.0072727272727273196,0.012219105066118572
1383091200000,543000,2013-10-30 00:00:00,2013-10-30 00:00:00,2013,10,30,2,4,551000.0,553033.3333333334,542255.5555555555,-0.005494505494505475,0.012051100919145005
1383138000000,542000,2013-10-30 13:00:00,2013-10-30 13:00:00,2013,10,30,2,4,549285.7142857143,552866.6666666666,542366.6666666666,-0.0018416206261510082,0.011945504802929992
1383177600000,542000,2013-10-31 00:00:00,2013-10-31 00:00:00,2013,10,31,3,4,547285.7142857143,552766.6666666666,542522.2222222222,0.0,0.011928065470719972
1383264000000,542000,2013-11-01 00:00:00,2013-11-01 00:00:00,2013,11,1,4,4,545857.1428571428,551866.6666666666,542755.5555555555,0.0,0.008533877671404337
1383523200000,543000,2013-11-04 00:00:00,2013-11-04 00:00:00,2013,11,4,0,4,544000.0,551366.6666666666,542988.8888888889,0.0018450184501845879,0.007864799679076709
1383696000000,544000,2013-11-06 00:00:00,2013-11-06 00:00:00,2013,11,6,2,4,543142.8571428572,551200.0,543277.7777777778,0.0018416206261511192,0.0073292949184078915
1383782400000,548000,2013-11-07 00:00:00,2013-11-07 00:00:00,2013,11,7,3,4,543428.5714285715,551000.0,543611.1111111111,0.007352941176470562,0.007258469972964486
1383868800000,543000,2013-11-08 00:00:00,2013-11-08 00:00:00,2013,11,8,4,4,543428.5714285715,550633.3333333334,543944.4444444445,-0.009124087591240837,0.007432895835551661
1384128000000,539000,2013-11-11 00:00:00,2013-11-11 00:00:00,2013,11,11,0,4,543000.0,550000.0,544233.3333333334,-0.007366482504604033,0.0073777644109907425
1384214400000,539000,2013-11-12 00:00:00,2013-11-12 00:00:00,2013,11,12,1,4,542571.4285714285,549466.6666666666,544522.2222222222,0.0,0.007336189140352486
1384329600000,538000,2013-11-13 08:00:00,2013-11-13 08:00:00,2013,11,13,2,4,542000.0,548766.6666666666,544788.8888888889,-0.0018552875695733162,0.007173552199197054
1384387200000,548000,2013-11-14 00:00:00,2013-11-14 00:00:00,2013,11,14,3,4,542714.2857142857,548433.3333333334,545166.6666666666,0.018587360594795488,0.008033891194829246
1384473600000,544000,2013-11-15 00:00:00,2013-11-15 00:00:00,2013,11,15,4,4,542714.2857142857,548233.3333333334,545488.8888888889,-0.007299270072992692,0.00771448540544646
1384732800000,544000,2013-11-18 00:00:00,2013-11-18 00:00:00,2013,11,18,0,4,542142.8571428572,547866.6666666666,545822.2222222222,0.0,0.007507142737309386
1384819200000,542000,2013-11-19 00:00:00,2013-11-19 00:00:00,2013,11,19,1,4,542000.0,547433.3333333334,546155.5555555555,-0.003676470588235281,0.007526317878239047
1384905600000,541000,2013-11-20 00:00:00,2013-11-20 00:00:00,2013,11,20,2,4,542285.7142857143,547000.0,546477.7777777778,-0.0018450184501844769,0.007526527780047923
1384992000000,540000,2013-11-21 00:00:00,2013-11-21 00:00:00,2013,11,21,3,4,542428.5714285715,546466.6666666666,546777.7777777778,-0.001848428835489857,0.00748299166880353
1385107200000,540000,2013-11-22 08:00:00,2013-11-22 08:00:00,2013,11,22,4,4,542714.2857142857,545966.6666666666,547044.4444444445,0.0,0.007483130186786728
1385368200000,540000,2013-11-25 08:30:00,2013-11-25 08:30:00,2013,11,25,0,4,541571.4285714285,545600.0,547311.1111111111,0.0,0.0073882852609413645
1385424000000,545000,2013-11-26 00:00:00,2013-11-26 00:00:00,2013,11,26,1,4,541714.2857142857,545500.0,547633.3333333334,0.0092592592592593,0.007545013878439478
1385539200000,545000,2013-11-27 08:00:00,2013-11-27 08:00:00,2013,11,27,2,4,541857.1428571428,545500.0,547955.5555555555,0.0,0.00747784162855499
1385624400000,545000,2013-11-28 07:40:00,2013-11-28 07:40:00,2013,11,28,3,4,542285.7142857143,545500.0,548277.7777777778,0.0,0.00747784162855499
1385712600000,550000,2013-11-29 08:10:00,2013-11-29 08:10:00,2013,11,29,4,4,543571.4285714285,545233.3333333334,548677.7777777778,0.00917431192660545,0.006243405171815219
1385942400000,551000,2013-12-02 00:00:00,2013-12-02 00:00:00,2013,12,2,0,4,545142.8571428572,545066.6666666666,549077.7777777778,0.0018181818181817189,0.006228151256722222
1386028800000,546000,2013-12-03 00:00:00,2013-12-03 00:00:00,2013,12,3,1,4,546000.0,544800.0,549355.5555555555,-0.00907441016333943,0.006406404149504858
1386115200000,545000,2013-12-04 00:00:00,2013-12-04 00:00:00,2013,12,4,2,4,546714.2857142857,544433.3333333334,549577.7777777778,-0.001831501831501825,0.006363941113430249
1386201600000,552000,2013-12-05 00:00:00,2013-12-05 00:00:00,2013,12,5,3,4,547714.2857142857,544433.3333333334,549866.6666666666,0.012844036697247763,0.006695916501409891
1386288000000,548000,2013-12-06 00:00:00,2013-12-06 00:00:00,2013,12,6,4,4,548142.8571428572,544166.6666666666,550155.5555555555,-0.007246376811594235,0.006679480478880487
1386547200000,546000,2013-12-09 00:00:00,2013-12-09 00:00:00,2013,12,9,0,4,548285.7142857143,544033.3333333334,550388.8888888889,-0.0036496350364964014,0.006420887657735299
1386633600000,548000,2013-12-10 00:00:00,2013-12-10 00:00:00,2013,12,10,1,4,548000.0,544100.0,550666.6666666666,0.00366300366300365,0.006316458319856477
1386720000000,558000,2013-12-11 00:00:00,2013-12-11 00:00:00,2013,12,11,2,4,549000.0,544600.0,551055.5555555555,0.018248175182481674,0.007032799814403529
1386806400000,555000,2013-12-12 00:00:00,2013-12-12 00:00:00,2013,12,12,3,4,550285.7142857143,545033.3333333334,551411.1111111111,-0.005376344086021501,0.007110063998181813
1386892800000,547000,2013-12-13 00:00:00,2013-12-13 00:00:00,2013,12,13,4,4,550571.4285714285,545200.0,551677.7777777778,-0.014414414414414378,0.007634705803137199
1387152000000,550000,2013-12-16 00:00:00,2013-12-16 00:00:00,2013,12,16,0,4,550285.7142857143,545466.6666666666,552011.1111111111,0.005484460694698434,0.007691876668726311
1387238400000,550000,2013-12-17 00:00:00,2013-12-17 00:00:00,2013,12,17,1,4,550571.4285714285,545700.0,552300.0,0.0,0.0076882675935923146
1387324800000,549000,2013-12-18 00:00:00,2013-12-18 00:00:00,2013,12,18,2,4,551000.0,545866.6666666666,552577.7777777778,-0.0018181818181818299,0.007694548625874865
1387411200000,548000,2013-12-19 00:00:00,2013-12-19 00:00:00,2013,12,19,3,4,551000.0,545866.6666666666,552844.4444444445,-0.0018214936247723523,0.007587518217618913
1387497600000,544000,2013-12-20 00:00:00,2013-12-20 00:00:00,2013,12,20,4,4,549000.0,545900.0,553055.5555555555,-0.007299270072992692,0.007518622345077896
1387756800000,546000,2013-12-23 00:00:00,2013-12-23 00:00:00,2013,12,23,0,4,547714.2857142857,546133.3333333334,553211.1111111111,0.003676470588235281,0.007410597643895901
1387843200000,544000,2013-12-24 00:00:00,2013-12-24 00:00:00,2013,12,24,1,4,547285.7142857143,546300.0,553244.4444444445,-0.00366300366300365,0.007448460720150345
1388132100000,544000,2013-12-27 08:15:00,2013-12-27 08:15:00,2013,12,27,4,4,546428.5714285715,546500.0,553288.8888888889,0.0,0.007437345854636443
1388361600000,547000,2013-12-30 00:00:00,2013-12-30 00:00:00,2013,12,30,0,4,546000.0,546466.6666666666,553344.4444444445,0.005514705882353033,0.006679093298226117
1388448000000,544000,2013-12-31 00:00:00,2013-12-31 00:00:00,2013,12,31,1,4,545285.7142857143,546466.6666666666,553277.7777777778,-0.005484460694698323,0.00661902020105356
1388620800000,544000,2014-01-02 00:00:00,2014-01-02 00:00:00,2014,1,2,3,1,544714.2857142857,546466.6666666666,553111.1111111111,0.0,0.00661902020105356
1388660700000,550000,2014-01-02 11:05:00,2014-01-02 11:05:00,2014,1,2,3,1,545571.4285714285,546733.3333333334,552955.5555555555,0.011029411764705843,0.00687532563263708
1388735880000,552000,2014-01-03 07:58:00,2014-01-03 07:58:00,2014,1,3,4,1,546428.5714285715,547100.0,552822.2222222222,0.0036363636363636598,0.006883375943979576
1388966400000,555000,2014-01-06 00:00:00,2014-01-06 00:00:00,2014,1,6,0,1,548000.0,547600.0,552600.0,0.005434782608695565,0.006918958344611672
1389052800000,552000,2014-01-07 00:00:00,2014-01-07 00:00:00,2014,1,7,1,1,549142.8571428572,548000.0,552288.8888888889,-0.00540540540540535,0.007013926065389198
1389139200000,551000,2014-01-08 00:00:00,2014-01-08 00:00:00,2014,1,8,2,1,549714.2857142857,548366.6666666666,551822.2222222222,-0.0018115942028985588,0.007028448274413372
1389254400000,550000,2014-01-09 08:00:00,2014-01-09 08:00:00,2014,1,9,3,1,550571.4285714285,548533.3333333334,551511.1111111111,-0.001814882032667886,0.006851795442637438
1389312000000,550000,2014-01-10 00:00:00,2014-01-10 00:00:00,2014,1,10,4,1,551428.5714285715,548700.0,551277.7777777778,0.0,0.006851795442637438
1389571200000,555000,2014-01-13 00:00:00,2014-01-13 00:00:00,2014,1,13,0,1,552142.8571428572,549033.3333333334,551055.5555555555,0.009090909090909038,0.007035399406199355
1389744000000,550000,2014-01-15 00:00:00,2014-01-15 00:00:00,2014,1,15,2,1,551857.1428571428,549033.3333333334,550688.8888888889,-0.009009009009009028,0.007057149167831758
1389830400000,550000,2014-01-16 00:00:00,2014-01-16 00:00:00,2014,1,16,3,1,551142.8571428572,549000.0,550366.6666666666,0.0,0.007049012243300112
1389916800000,550000,2014-01-17 00:00:00,2014-01-17 00:00:00,2014,1,17,4,1,550857.1428571428,549133.3333333334,550144.4444444445,0.0,0.006839396341314996
1390176000000,555000,2014-01-20 00:00:00,2014-01-20 00:00:00,2014,1,20,0,1,551428.5714285715,549466.6666666666,549855.5555555555,0.009090909090909038,0.00701242288520867
1390292100000,555000,2014-01-21 08:15:00,2014-01-21 08:15:00,2014,1,21,1,1,552142.8571428572,549566.6666666666,549600.0,0.0,0.006622226621988271
1390348800000,553000,2014-01-22 00:00:00,2014-01-22 00:00:00,2014,1,22,2,1,552571.4285714285,549733.3333333334,549466.6666666666,-0.003603603603603567,0.006513449844569848
1390435200000,552000,2014-01-23 00:00:00,2014-01-23 00:00:00,2014,1,23,3,1,552142.8571428572,549933.3333333334,549244.4444444445,-0.001808318264014508,0.006483327535005035
1390521600000,560000,2014-01-24 00:00:00,2014-01-24 00:00:00,2014,1,24,4,1,553571.4285714285,550333.3333333334,549255.5555555555,0.01449275362318847,0.0069564018788870596
1390780800000,565000,2014-01-27 00:00:00,2014-01-27 00:00:00,2014,1,27,0,1,555714.2857142857,550566.6666666666,549400.0,0.008928571428571397,0.006327500458196635
1390867200000,559000,2014-01-28 00:00:00,2014-01-28 00:00:00,2014,1,28,1,1,557000.0,550700.0,549533.3333333334,-0.010619469026548645,0.006561627202779282
1390984200000,558000,2014-01-29 08:30:00,2014-01-29 08:30:00,2014,1,29,2,1,557428.5714285715,551066.6666666666,549677.7777777778,-0.0017889087656529634,0.00596580627620746
1391070600000,559000,2014-01-30 08:30:00,2014-01-30 08:30:00,2014,1,30,3,1,558000.0,551366.6666666666,549566.6666666666,0.0017921146953405742,0.005901028002284115
1391385600000,552000,2014-02-03 00:00:00,2014-02-03 00:00:00,2014,2,3,0,1,557857.1428571428,551433.3333333334,549500.0,-0.012522361359570633,0.006366395641539002
1391472000000,560000,2014-02-04 00:00:00,2014-02-04 00:00:00,2014,2,4,1,1,559000.0,551800.0,549622.2222222222,0.01449275362318847,0.0068699222783806715
1391501700000,558000,2014-02-04 08:15:00,2014-02-04 08:15:00,2014,2,4,1,1,558714.2857142857,552133.3333333334,549666.6666666666,-0.0035714285714285587,0.006899298212351112
1391558400000,558000,2014-02-05 00:00:00,2014-02-05 00:00:00,2014,2,5,2,1,557714.2857142857,552600.0,549711.1111111111,0.0,0.006736969821737269
1391673600000,557000,2014-02-06 08:00:00,2014-02-06 08:00:00,2014,2,6,3,1,557428.5714285715,552966.6666666666,549700.0,-0.0017921146953404632,0.006732375621371141
1391761800000,557000,2014-02-07 08:30:00,2014-02-07 08:30:00,2014,2,7,4,1,557285.7142857143,553400.0,549722.2222222222,0.0,0.006683804566891216
1391990400000,561000,2014-02-10 00:00:00,2014-02-10 00:00:00,2014,2,10,0,1,557571.4285714285,553966.6666666666,549744.4444444445,0.007181328545780907,0.006781710389911672
1392076800000,564000,2014-02-11 00:00:00,2014-02-11 00:00:00,2014,2,11,1,1,559285.7142857143,554533.3333333334,549811.1111111111,0.005347593582887722,0.00677798295851177
1392163200000,567000,2014-02-12 00:00:00,2014-02-12 00:00:00,2014,2,12,2,1,560285.7142857143,555300.0,550000.0,0.005319148936170137,0.006705840405662633
1392278700000,567000,2014-02-13 08:05:00,2014-02-13 08:05:00,2014,2,13,3,1,561571.4285714285,556066.6666666666,550133.3333333334,0.0,0.006705840405662633
1392336000000,570000,2014-02-14 00:00:00,2014-02-14 00:00:00,2014,2,14,4,1,563285.7142857143,556733.3333333334,550300.0,0.005291005291005346,0.006500481507603447
1392595200000,571000,2014-02-17 00:00:00,2014-02-17 00:00:00,2014,2,17,0,1,565285.7142857143,557366.6666666666,550488.8888888889,0.0017543859649122862,0.006485338917930125
1392681600000,571000,2014-02-18 00:00:00,2014-02-18 00:00:00,2014,2,18,1,1,567285.7142857143,557900.0,550655.5555555555,0.0,0.0064372204542142404
1392768000000,571000,2014-02-19 00:00:00,2014-02-19 00:00:00,2014,2,19,2,1,568714.2857142857,558533.3333333334,550833.3333333334,0.0,0.0063273931395636486
1392854400000,569000,2014-02-20 00:00:00,2014-02-20 00:00:00,2014,2,20,3,1,569428.5714285715,559133.3333333334,551033.3333333334,-0.003502626970227629,0.006362104953296547
1392940800000,569000,2014-02-21 00:00:00,2014-02-21 00:00:00,2014,2,21,4,1,569714.2857142857,559766.6666666666,551266.6666666666,0.0,0.006342111777793477
1393228800000,569000,2014-02-24 08:00:00,2014-02-24 08:00:00,2014,2,24,0,1,570000.0,560400.0,551533.3333333334,0.0,0.006342111777793477
1393286400000,571000,2014-02-25 00:00:00,2014-02-25 00:00:00,2014,2,25,1,1,570142.8571428572,560933.3333333334,551822.2222222222,0.0035149384885764245,0.006181092532951844
1393372800000,571000,2014-02-26 00:00:00,2014-02-26 00:00:00,2014,2,26,2,1,570142.8571428572,561633.3333333334,551966.6666666666,0.0,0.00589182245349102
1393459200000,571000,2014-02-27 00:00:00,2014-02-27 00:00:00,2014,2,27,3,1,570142.8571428572,562333.3333333334,552133.3333333334,0.0,0.00589182245349102
1393545600000,571000,2014-02-28 00:00:00,2014-02-28 00:00:00,2014,2,28,4,1,570142.8571428572,563033.3333333334,552322.2222222222,0.0,0.00589182245349102
1393833900000,571000,2014-03-03 08:05:00,2014-03-03 08:05:00,2014,3,3,0,1,570428.5714285715,563566.6666666666,552488.8888888889,0.0,0.005706386077544247
1393921800000,573000,2014-03-04 08:30:00,2014-03-04 08:30:00,2014,3,4,1,1,571000.0,564166.6666666666,552722.2222222222,0.003502626970227629,0.005721803817228149
1393977600000,572000,2014-03-05 00:00:00,2014-03-05 00:00:00,2014,3,5,2,1,571428.5714285715,564800.0,552900.0,-0.0017452006980802626,0.0056792471074973575
1394092680000,568000,2014-03-06 07:58:00,2014-03-06 07:58:00,2014,3,6,3,1,571000.0,565333.3333333334,553100.0,-0.006993006993006978,0.005848494822903853
1394178960000,571000,2014-03-07 07:56:00,2014-03-07 07:56:00,2014,3,7,4,1,571000.0,565700.0,553377.7777777778,0.005281690140845008,0.005333138278543727
1394438400000,565000,2014-03-10 08:00:00,2014-03-10 08:00:00,2014,3,10,0,1,570142.8571428572,565700.0,553622.2222222222,-0.010507880910682998,0.005473070035396582
1394496000000,567000,2014-03-11 00:00:00,2014-03-11 00:00:00,2014,3,11,1,1,569571.4285714285,565966.6666666666,553900.0,0.003539823008849474,0.00512379343170733
1394582400000,567000,2014-03-12 00:00:00,2014-03-12 00:00:00,2014,3,12,2,1,569000.0,566266.6666666666,554177.7777777778,0.0,0.005106781064489452
1394668800000,572000,2014-03-13 00:00:00,2014-03-13 00:00:00,2014,3,13,3,1,568857.1428571428,566700.0,554511.1111111111,0.008818342151675429,0.005322460906849614
1394755200000,572000,2014-03-14 00:00:00,2014-03-14 00:00:00,2014,3,14,4,1,568857.1428571428,567366.6666666666,554833.3333333334,0.0,0.004697578920220024
1395014400000,576000,2014-03-17 00:00:00,2014-03-17 00:00:00,2014,3,17,0,1,570000.0,567900.0,555188.8888888889,0.006993006993007089,0.004131054100881865
1395132300000,570000,2014-03-18 08:45:00,2014-03-18 08:45:00,2014,3,18,1,1,569857.1428571428,568300.0,555433.3333333334,-0.01041666666666663,0.004556417667327788
1395216600000,566000,2014-03-19 08:10:00,2014-03-19 08:10:00,2014,3,19,2,1,570000.0,568566.6666666666,555688.8888888889,-0.007017543859649145,0.0047697704899786735
1395273600000,560000,2014-03-20 00:00:00,2014-03-20 00:00:00,2014,3,20,3,1,569000.0,568666.6666666666,555922.2222222222,-0.010600706713780883,0.005169215707501458
1395360000000,560000,2014-03-21 00:00:00,2014-03-21 00:00:00,2014,3,21,4,1,568000.0,568766.6666666666,556155.5555555555,0.0,0.005169215707501458
1395619200000,562000,2014-03-24 00:00:00,2014-03-24 00:00:00,2014,3,24,0,1,566571.4285714285,568800.0,556422.2222222222,0.0035714285714285587,0.00504134097681204
1395705600000,556000,2014-03-25 00:00:00,2014-03-25 00:00:00,2014,3,25,1,1,564285.7142857143,568533.3333333334,556511.1111111111,-0.010676156583629859,0.005305041331406749
1395792000000,556000,2014-03-26 00:00:00,2014-03-26 00:00:00,2014,3,26,2,1,561428.5714285715,568166.6666666666,556644.4444444445,0.0,0.005192847675762589
1395907500000,556000,2014-03-27 08:05:00,2014-03-27 08:05:00,2014,3,27,3,1,559428.5714285715,567800.0,556777.7777777778,0.0,0.005192847675762589
1395964800000,554000,2014-03-28 00:00:00,2014-03-28 00:00:00,2014,3,28,4,1,557714.2857142857,567266.6666666666,556911.1111111111,-0.003597122302158251,0.005095444945628389
1396342560000,552000,2014-04-01 08:56:00,2014-04-01 08:56:00,2014,4,1,1,2,556571.4285714285,566633.3333333334,557033.3333333334,-0.0036101083032491488,0.005091901602105969
1396396800000,551000,2014-04-02 00:00:00,2014-04-02 00:00:00,2014,4,2,2,2,555285.7142857143,565966.6666666666,557155.5555555555,-0.0018115942028985588,0.005088965759825799
1396512900000,550000,2014-04-03 08:15:00,2014-04-03 08:15:00,2014,4,3,3,2,553571.4285714285,565266.6666666666,557266.6666666666,-0.001814882032667886,0.005085299352985452
1396597800000,550000,2014-04-04 07:50:00,2014-04-04 07:50:00,2014,4,4,4,2,552714.2857142857,564633.3333333334,557377.7777777778,0.0,0.0050716487670667875
1396828800000,552000,2014-04-07 00:00:00,2014-04-07 00:00:00,2014,4,7,0,2,552142.8571428572,564066.6666666666,557455.5555555555,0.0036363636363636598,0.005142276857028438
1396915200000,552000,2014-04-08 00:00:00,2014-04-08 00:00:00,2014,4,8,1,2,551571.4285714285,563500.0,557533.3333333334,0.0,0.005142276857028438
1397088000000,553000,2014-04-10 00:00:00,2014-04-10 00:00:00,2014,4,10,3,2,551428.5714285715,562900.0,557622.2222222222,0.0018115942028984477,0.005099961645329894
1397174400000,555000,2014-04-11 00:00:00,2014-04-11 00:00:00,2014,4,11,4,2,551857.1428571428,562366.6666666666,557677.7777777778,0.003616636528029016,0.005168039842232182
1397433600000,558000,2014-04-14 00:00:00,2014-04-14 00:00:00,2014,4,14,0,2,552857.1428571428,561933.3333333334,557755.5555555555,0.00540540540540535,0.0052944081262159765
1397520000000,558000,2014-04-15 00:00:00,2014-04-15 00:00:00,2014,4,15,1,2,554000.0,561500.0,557888.8888888889,0.0,0.0052944081262159765
1397606400000,554000,2014-04-16 00:00:00,2014-04-16 00:00:00,2014,4,16,2,2,554571.4285714285,560933.3333333334,557988.8888888889,-0.007168458781361964,0.00541950095478509
1397692800000,554000,2014-04-17 00:00:00,2014-04-17 00:00:00,2014,4,17,3,2,554857.1428571428,560300.0,558011.1111111111,0.0,0.0053566811013227075
1398038400000,553000,2014-04-21 00:00:00,2014-04-21 00:00:00,2014,4,21,0,2,555000.0,559666.6666666666,558066.6666666666,-0.0018050541516245744,0.005356937174495517
1398124800000,552000,2014-04-22 00:00:00,2014-04-22 00:00:00,2014,4,22,1,2,554857.1428571428,559133.3333333334,558133.3333333334,-0.001808318264014508,0.005243070504284974
1398239700000,553000,2014-04-23 07:55:00,2014-04-23 07:55:00,2014,4,23,2,2,554571.4285714285,558533.3333333334,558188.8888888889,0.0018115942028984477,0.005138339745358555
1398297600000,554000,2014-04-24 00:00:00,2014-04-24 00:00:00,2014,4,24,3,2,554000.0,558166.6666666666,558144.4444444445,0.001808318264014508,0.0048403572462350905
1398384000000,554000,2014-04-25 00:00:00,2014-04-25 00:00:00,2014,4,25,4,2,553428.5714285715,557733.3333333334,558133.3333333334,0.0,0.004777594132869246
1398643200000,555000,2014-04-28 00:00:00,2014-04-28 00:00:00,2014,4,28,0,2,553571.4285714285,557333.3333333334,558222.2222222222,0.0018050541516245744,0.004798838040044667
1398729600000,553000,2014-04-29 00:00:00,2014-04-29 00:00:00,2014,4,29,1,2,553428.5714285715,556700.0,558255.5555555555,-0.003603603603603567,0.004474004092695223
1398816000000,553000,2014-04-30 00:00:00,2014-04-30 00:00:00,2014,4,30,2,2,553428.5714285715,556066.6666666666,558288.8888888889,0.0,0.004474004092695223
1398988800000,551000,2014-05-02 00:00:00,2014-05-02 00:00:00,2014,5,2,4,2,553285.7142857143,555233.3333333334,558311.1111111111,-0.003616636528028905,0.004223237037446128
1399248000000,557000,2014-05-05 00:00:00,2014-05-05 00:00:00,2014,5,5,0,2,553857.1428571428,554800.0,558411.1111111111,0.010889292196007316,0.004451990019013399
1399334400000,557000,2014-05-06 00:00:00,2014-05-06 00:00:00,2014,5,6,1,2,554285.7142857143,554500.0,558555.5555555555,0.0,0.00429335301081189
1399420800000,557000,2014-05-07 00:00:00,2014-05-07 00:00:00,2014,5,7,2,2,554714.2857142857,554400.0,558677.7777777778,0.0,0.0038487273460839693
1399507200000,549000,2014-05-08 00:00:00,2014-05-08 00:00:00,2014,5,8,3,2,553857.1428571428,554033.3333333334,558733.3333333334,-0.014362657091561926,0.004638820167022056
1399593600000,550000,2014-05-09 00:00:00,2014-05-09 00:00:00,2014,5,9,4,2,553428.5714285715,553633.3333333334,558800.0,0.0018214936247722413,0.004594691329777775
1399852800000,549000,2014-05-12 00:00:00,2014-05-12 00:00:00,2014,5,12,0,2,552857.1428571428,553400.0,558822.2222222222,-0.0018181818181818299,0.004199730679132801
1399939200000,550000,2014-05-13 00:00:00,2014-05-13 00:00:00,2014,5,13,1,2,552714.2857142857,553200.0,558888.8888888889,0.0018214936247722413,0.004219040286959898
1400025600000,549000,2014-05-14 00:00:00,2014-05-14 00:00:00,2014,5,14,2,2,551571.4285714285,552966.6666666666,558944.4444444445,-0.0018181818181818299,0.004226846707133755
1400198400000,549000,2014-05-16 00:00:00,2014-05-16 00:00:00,2014,5,16,4,2,550428.5714285715,552800.0,558933.3333333334,0.0,0.004184229807536555
1400457600000,549000,2014-05-19 00:00:00,2014-05-19 00:00:00,2014,5,19,0,2,549285.7142857143,552700.0,558900.0,0.0,0.004137210132119
1400544000000,546000,2014-05-20 00:00:00,2014-05-20 00:00:00,2014,5,20,1,2,548857.1428571428,552533.3333333334,558800.0,-0.005464480874316946,0.004239576270730862
1400630400000,550000,2014-05-21 00:00:00,2014-05-21 00:00:00,2014,5,21,2,2,548857.1428571428,552533.3333333334,558777.7777777778,0.0073260073260073,0.004449845690146721
1400716800000,551000,2014-05-22 00:00:00,2014-05-22 00:00:00,2014,5,22,3,2,549142.8571428572,552566.6666666666,558777.7777777778,0.0018181818181817189,0.004462075422756895
1400803200000,552000,2014-05-23 00:00:00,2014-05-23 00:00:00,2014,5,23,4,2,549428.5714285715,552566.6666666666,558800.0,0.001814882032667775,0.004424107849517025
1401062400000,552000,2014-05-26 00:00:00,2014-05-26 00:00:00,2014,5,26,0,2,549857.1428571428,552566.6666666666,558822.2222222222,0.0,0.004424107849517025
1401235200000,547000,2014-05-28 00:00:00,2014-05-28 00:00:00,2014,5,28,2,2,549571.4285714285,552366.6666666666,558733.3333333334,-0.009057971014492794,0.004707448124584907
1401408000000,547000,2014-05-30 00:00:00,2014-05-30 00:00:00,2014,5,30,4,2,549285.7142857143,552100.0,558700.0,0.0,0.004648224434319839
1401667200000,546000,2014-06-02 00:00:00,2014-06-02 00:00:00,2014,6,2,0,2,549285.7142857143,551700.0,558655.5555555555,-0.001828153564899404,0.004518561969597885
1401753600000,547000,2014-06-03 00:00:00,2014-06-03 00:00:00,2014,6,3,1,2,548857.1428571428,551333.3333333334,558622.2222222222,0.001831501831501825,0.004540866217410233
1401840000000,548000,2014-06-04 00:00:00,2014-06-04 00:00:00,2014,6,4,2,2,548428.5714285715,551133.3333333334,558544.4444444445,0.001828153564899404,0.0043903490951731124
1401926400000,548000,2014-06-05 00:00:00,2014-06-05 00:00:00,2014,6,5,3,2,547857.1428571428,550933.3333333334,558466.6666666666,0.0,0.0043903490951731124
1402012800000,550000,2014-06-06 00:00:00,2014-06-06 00:00:00,2014,6,6,4,2,547571.4285714285,550833.3333333334,558433.3333333334,0.0036496350364962904,0.004440825129382253
1402272000000,550000,2014-06-09 00:00:00,2014-06-09 00:00:00,2014,6,9,0,2,548000.0,550766.6666666666,558411.1111111111,0.0,0.004430104919032653
1402358400000,549000,2014-06-10 00:00:00,2014-06-10 00:00:00,2014,6,10,1,2,548285.7142857143,550633.3333333334,558288.8888888889,-0.0018181818181818299,0.004425336664886945
1402444800000,550000,2014-06-11 00:00:00,2014-06-11 00:00:00,2014,6,11,2,2,548857.1428571428,550500.0,558122.2222222222,0.0018214936247722413,0.004425546828942813
1402531200000,550000,2014-06-12 00:00:00,2014-06-12 00:00:00,2014,6,12,3,2,549285.7142857143,550366.6666666666,558022.2222222222,0.0,0.004425546828942813
1402617600000,553000,2014-06-13 00:00:00,2014-06-13 00:00:00,2014,6,13,4,2,550000.0,550300.0,557966.6666666666,0.005454545454545379,0.00453234329442818
1402876800000,553000,2014-06-16 00:00:00,2014-06-16 00:00:00,2014,6,16,0,2,550714.2857142857,550300.0,557900.0,0.0,0.004484066181304877
1402963200000,553000,2014-06-17 00:00:00,2014-06-17 00:00:00,2014,6,17,1,2,551142.8571428572,550300.0,557911.1111111111,0.0,0.004484066181304877
1403049600000,553000,2014-06-18 00:00:00,2014-06-18 00:00:00,2014,6,18,2,2,551571.4285714285,550366.6666666666,557833.3333333334,0.0,0.004431517657052423
1403136000000,559000,2014-06-19 00:00:00,2014-06-19 00:00:00,2014,6,19,3,2,553000.0,550433.3333333334,557844.4444444445,0.010849909584086825,0.004428225215141259
1403222400000,569000,2014-06-20 00:00:00,2014-06-20 00:00:00,2014,6,20,4,2,555714.2857142857,550833.3333333334,557966.6666666666,0.017889087656529412,0.005487928898486758
1403481600000,569000,2014-06-23 00:00:00,2014-06-23 00:00:00,2014,6,23,0,2,558428.5714285715,551233.3333333334,558100.0,0.0,0.005487928898486758
1403568000000,569000,2014-06-24 00:00:00,2014-06-24 00:00:00,2014,6,24,1,2,560714.2857142857,551900.0,558233.3333333334,0.0,0.0046955861986068504
1403654400000,570000,2014-06-25 00:00:00,2014-06-25 00:00:00,2014,6,25,2,2,563142.8571428572,552566.6666666666,558333.3333333334,0.0017574692442883233,0.0046953104306555376
1403740800000,571000,2014-06-26 00:00:00,2014-06-26 00:00:00,2014,6,26,3,2,565714.2857142857,553300.0,558411.1111111111,0.0017543859649122862,0.004661253037014916
1403827200000,572000,2014-06-27 00:00:00,2014-06-27 00:00:00,2014,6,27,4,2,568428.5714285715,554033.3333333334,558466.6666666666,0.0017513134851139256,0.004661010793842291
1404086400000,570000,2014-06-30 00:00:00,2014-06-30 00:00:00,2014,6,30,0,2,570000.0,554733.3333333334,558500.0,-0.0034965034965035446,0.00470977609512264
1404172800000,571000,2014-07-01 00:00:00,2014-07-01 00:00:00,2014,7,1,1,3,570285.7142857143,555466.6666666666,558511.1111111111,0.0017543859649122862,0.004704445626702054
1404259200000,565000,2014-07-02 00:00:00,2014-07-02 00:00:00,2014,7,2,2,3,569714.2857142857,556000.0,558444.4444444445,-0.010507880910682998,0.005173950938558458
1404345600000,566000,2014-07-03 00:00:00,2014-07-03 00:00:00,2014,7,3,3,3,569285.7142857143,556666.6666666666,558388.8888888889,0.001769911504424737,0.005030262381288229
1404432000000,568000,2014-07-04 00:00:00,2014-07-04 00:00:00,2014,7,4,4,3,569000.0,557266.6666666666,558355.5555555555,0.0035335689045936647,0.0049177103431034775
1404691200000,564000,2014-07-07 00:00:00,2014-07-07 00:00:00,2014,7,7,0,3,568000.0,557700.0,558300.0,-0.007042253521126751,0.005133533489613072
1404777600000,562000,2014-07-08 00:00:00,2014-07-08 00:00:00,2014,7,8,1,3,566571.4285714285,558033.3333333334,558222.2222222222,-0.0035460992907800915,0.005189639912010618
1404950400000,561000,2014-07-10 00:00:00,2014-07-10 00:00:00,2014,7,10,3,3,565285.7142857143,558333.3333333334,558133.3333333334,-0.001779359430605032,0.0052070100061702785
1405036800000,558000,2014-07-11 00:00:00,2014-07-11 00:00:00,2014,7,11,4,3,563428.5714285715,558700.0,557988.8888888889,-0.005347593582887722,0.005011256954827542
1405296000000,559000,2014-07-14 00:00:00,2014-07-14 00:00:00,2014,7,14,0,3,562571.4285714285,559100.0,557855.5555555555,0.0017921146953405742,0.00501360202000666
1405382400000,553000,2014-07-15 00:00:00,2014-07-15 00:00:00,2014,7,15,1,3,560714.2857142857,559333.3333333334,557655.5555555555,-0.01073345259391767,0.005417961369656492
1405468800000,551000,2014-07-16 00:00:00,2014-07-16 00:00:00,2014,7,16,2,3,558285.7142857143,559466.6666666666,557433.3333333334,-0.003616636528028905,0.0054608107843693585
1405555200000,551000,2014-07-17 00:00:00,2014-07-17 00:00:00,2014,7,17,3,3,556428.5714285715,559566.6666666666,557211.1111111111,0.0,0.005452871042401798
1405584600000,551000,2014-07-17 08:10:00,2014-07-17 08:10:00,2014,7,17,3,3,554857.1428571428,559666.6666666666,556966.6666666666,0.0,0.005452871042401798
1405641600000,556000,2014-07-18 00:00:00,2014-07-18 00:00:00,2014,7,18,4,3,554142.8571428572,559866.6666666666,556788.8888888889,0.00907441016333932,0.005657446549148446
1405900800000,554000,2014-07-21 00:00:00,2014-07-21 00:00:00,2014,7,21,0,3,553571.4285714285,560000.0,556633.3333333334,-0.003597122302158251,0.005703645728256214
1405987200000,552000,2014-07-22 00:00:00,2014-07-22 00:00:00,2014,7,22,1,3,552571.4285714285,560100.0,556422.2222222222,-0.0036101083032491488,0.005735424327863568
1406073600000,549000,2014-07-23 00:00:00,2014-07-23 00:00:00,2014,7,23,2,3,552000.0,560066.6666666666,556244.4444444445,-0.005434782608695676,0.0058170027000161275
1406160000000,549000,2014-07-24 00:00:00,2014-07-24 00:00:00,2014,7,24,3,3,551714.2857142857,560033.3333333334,556044.4444444445,0.0,0.0058170027000161275
1406246400000,548000,2014-07-25 00:00:00,2014-07-25 00:00:00,2014,7,25,4,3,551285.7142857143,559866.6666666666,555833.3333333334,-0.0018214936247723523,0.005730871320176452
1407110400000,553000,2014-08-04 00:00:00,2014-08-04 00:00:00,2014,8,4,0,3,551571.4285714285,559866.6666666666,555622.2222222222,0.009124087591240837,0.005983174517094214
1407232800000,551000,2014-08-05 10:00:00,2014-08-05 10:00:00,2014,8,5,1,3,550857.1428571428,559800.0,555388.8888888889,-0.003616636528028905,0.006019857196726878
1407283200000,551000,2014-08-06 00:00:00,2014-08-06 00:00:00,2014,8,6,2,3,550428.5714285715,559733.3333333334,555111.1111111111,0.0,0.006019857196726878
1407369600000,557000,2014-08-07 00:00:00,2014-08-07 00:00:00,2014,8,7,3,3,551142.8571428572,559666.6666666666,554966.6666666666,0.010889292196007316,0.006022331921547639
1407456000000,558000,2014-08-08 00:00:00,2014-08-08 00:00:00,2014,8,8,4,3,552428.5714285715,559300.0,554877.7777777778,0.0017953321364452268,0.004993351046907197
1407715200000,557000,2014-08-11 00:00:00,2014-08-11 00:00:00,2014,8,11,0,3,553571.4285714285,558900.0,554844.4444444445,-0.0017921146953404632,0.0049961686548979966
1407801600000,557000,2014-08-12 00:00:00,2014-08-12 00:00:00,2014,8,12,1,3,554857.1428571428,558500.0,554811.1111111111,0.0,0.0049961686548979966
1407888000000,555000,2014-08-13 00:00:00,2014-08-13 00:00:00,2014,8,13,2,3,555142.8571428572,558000.0,554733.3333333334,-0.0035906642728904536,0.005000937979599736
1407974400000,556000,2014-08-14 00:00:00,2014-08-14 00:00:00,2014,8,14,3,3,555857.1428571428,557500.0,554733.3333333334,0.0018018018018017834,0.005001805538683489
1408060800000,556000,2014-08-15 00:00:00,2014-08-15 00:00:00,2014,8,15,4,3,556571.4285714285,556966.6666666666,554733.3333333334,0.0,0.004980271344222184
1408320000000,550000,2014-08-18 00:00:00,2014-08-18 00:00:00,2014,8,18,0,3,555571.4285714285,556300.0,554666.6666666666,-0.010791366906474864,0.0052788720024893356
1408406400000,551000,2014-08-19 00:00:00,2014-08-19 00:00:00,2014,8,19,1,3,554571.4285714285,555633.3333333334,554633.3333333334,0.0018181818181817189,0.005280106059471912
1408492800000,551000,2014-08-20 00:00:00,2014-08-20 00:00:00,2014,8,20,2,3,553714.2857142857,555166.6666666666,554622.2222222222,0.0,0.004979574535472072
1408579200000,551000,2014-08-21 00:00:00,2014-08-21 00:00:00,2014,8,21,3,3,552857.1428571428,554666.6666666666,554622.2222222222,0.0,0.004958221238307182
1408665600000,551000,2014-08-22 00:00:00,2014-08-22 00:00:00,2014,8,22,4,3,552285.7142857143,554100.0,554633.3333333334,0.0,0.004891202416353014
1408924800000,551000,2014-08-25 00:00:00,2014-08-25 00:00:00,2014,8,25,0,3,551571.4285714285,553666.6666666666,554644.4444444445,0.0,0.004758446275803175
1409011200000,551000,2014-08-26 00:00:00,2014-08-26 00:00:00,2014,8,26,1,3,550857.1428571428,553300.0,554633.3333333334,0.0,0.004730971627308603
1409097600000,551000,2014-08-27 00:00:00,2014-08-27 00:00:00,2014,8,27,2,3,551000.0,552966.6666666666,554622.2222222222,0.0,0.004727449610548522
1409184000000,551000,2014-08-28 00:00:00,2014-08-28 00:00:00,2014,8,28,3,3,551000.0,552733.3333333334,554600.0,0.0,0.004641861155072304
1409270400000,552000,2014-08-29 00:00:00,2014-08-29 00:00:00,2014,8,29,4,3,551142.8571428572,552500.0,554566.6666666666,0.001814882032667775,0.004642235497657873
1409529600000,551000,2014-09-01 00:00:00,2014-09-01 00:00:00,2014,9,1,0,3,551142.8571428572,552433.3333333334,554488.8888888889,-0.0018115942028985588,0.004225087395979897
1409616000000,551000,2014-09-02 00:00:00,2014-09-02 00:00:00,2014,9,2,1,3,551142.8571428572,552433.3333333334,554411.1111111111,0.0,0.004172920498771056
1409702400000,549000,2014-09-03 00:00:00,2014-09-03 00:00:00,2014,9,3,2,3,550857.1428571428,552366.6666666666,554355.5555555555,-0.003629764065335772,0.00422546352781224
1409788800000,550000,2014-09-04 00:00:00,2014-09-04 00:00:00,2014,9,4,3,3,550714.2857142857,552333.3333333334,554311.1111111111,0.0018214936247722413,0.0042401981173679415
1409875200000,549000,2014-09-05 00:00:00,2014-09-05 00:00:00,2014,9,5,4,3,550428.5714285715,552100.0,554266.6666666666,-0.0018181818181818299,0.003883097723357425
1410134400000,549000,2014-09-08 00:00:00,2014-09-08 00:00:00,2014,9,8,0,3,550142.8571428572,551933.3333333334,554233.3333333334,0.0,0.003836708831885704
1410220800000,548000,2014-09-09 00:00:00,2014-09-09 00:00:00,2014,9,9,1,3,549571.4285714285,551800.0,554177.7777777778,-0.0018214936247723523,0.0037971109791828514
1410307200000,548000,2014-09-10 00:00:00,2014-09-10 00:00:00,2014,9,10,2,3,549142.8571428572,551766.6666666666,554111.1111111111,0.0,0.003667946636982718
1410393600000,548000,2014-09-11 00:00:00,2014-09-11 00:00:00,2014,9,11,3,3,548714.2857142857,551733.3333333334,554044.4444444445,0.0,0.003667946636982718
1410480000000,548000,2014-09-12 00:00:00,2014-09-12 00:00:00,2014,9,12,4,3,548571.4285714285,551733.3333333334,553966.6666666666,0.0,0.00365272893498881
1410739200000,547000,2014-09-15 00:00:00,2014-09-15 00:00:00,2014,9,15,0,3,548142.8571428572,551533.3333333334,553900.0,-0.0018248175182481452,0.003233214091285116
1410772320000,547000,2014-09-15 09:12:00,2014-09-15 09:12:00,2014,9,15,0,3,547857.1428571428,551400.0,553833.3333333334,0.0,0.0031744331603205623
1410825600000,547000,2014-09-16 00:00:00,2014-09-16 00:00:00,2014,9,16,1,3,547571.4285714285,551266.6666666666,553788.8888888889,0.0,0.0031744331603205623
1410912000000,547000,2014-09-17 00:00:00,2014-09-17 00:00:00,2014,9,17,2,3,547428.5714285715,550933.3333333334,553677.7777777778,0.0,0.0023818416750216427
1410998400000,546000,2014-09-18 00:00:00,2014-09-18 00:00:00,2014,9,18,3,3,547142.8571428572,550533.3333333334,553555.5555555555,-0.001828153564899404,0.002347766184664643
1411084800000,546000,2014-09-19 00:00:00,2014-09-19 00:00:00,2014,9,19,4,3,546857.1428571428,550166.6666666666,553433.3333333334,0.0,0.0023423851509233196
1411344000000,544000,2014-09-22 00:00:00,2014-09-22 00:00:00,2014,9,22,0,3,546285.7142857143,549733.3333333334,553377.7777777778,-0.00366300366300365,0.002401413968566903
1411434000000,544000,2014-09-23 01:00:00,2014-09-23 01:00:00,2014,9,23,1,3,545857.1428571428,549366.6666666666,553311.1111111111,0.0,0.002345539077446531
1411437600000,544000,2014-09-23 02:00:00,2014-09-23 02:00:00,2014,9,23,1,3,545428.5714285715,548966.6666666666,553255.5555555555,0.0,0.0023028925673587637
1411516800000,544000,2014-09-24 00:00:00,2014-09-24 00:00:00,2014,9,24,2,3,545000.0,548566.6666666666,553188.8888888889,0.0,0.0023028925673587637
1411603200000,544000,2014-09-25 00:00:00,2014-09-25 00:00:00,2014,9,25,3,3,544571.4285714285,548366.6666666666,553133.3333333334,0.0,0.0013011475699823431
1411689600000,543000,2014-09-26 00:00:00,2014-09-26 00:00:00,2014,9,26,4,3,544142.8571428572,548100.0,553066.6666666666,-0.0018382352941176405,0.001260225736509371
1411948800000,543000,2014-09-29 00:00:00,2014-09-29 00:00:00,2014,9,29,0,3,543714.2857142857,547833.3333333334,553000.0,0.0,0.001260225736509371
1412035200000,545000,2014-09-30 00:00:00,2014-09-30 00:00:00,2014,9,30,1,3,543857.1428571428,547633.3333333334,552988.8888888889,0.0036832412523020164,0.001471050517200045
1412121600000,545000,2014-10-01 00:00:00,2014-10-01 00:00:00,2014,10,1,2,4,544000.0,547433.3333333334,552933.3333333334,0.0,0.001471050517200045
1412208000000,545000,2014-10-02 00:00:00,2014-10-02 00:00:00,2014,10,2,3,4,544142.8571428572,547233.3333333334,552866.6666666666,0.0,0.001471050517200045
1412294400000,545000,2014-10-03 00:00:00,2014-10-03 00:00:00,2014,10,3,4,4,544285.7142857143,547033.3333333334,552788.8888888889,0.0,0.001471050517200045
1412581680000,543000,2014-10-06 07:48:00,2014-10-06 07:48:00,2014,10,6,0,4,544142.8571428572,546766.6666666666,552688.8888888889,-0.003669724770642202,0.0015877026696492417
1412640000000,544000,2014-10-07 00:00:00,2014-10-07 00:00:00,2014,10,7,1,4,544285.7142857143,546533.3333333334,552655.5555555555,0.0018416206261511192,0.0016418284577260148
1412726400000,544000,2014-10-08 00:00:00,2014-10-08 00:00:00,2014,10,8,2,4,544428.5714285715,546266.6666666666,552622.2222222222,0.0,0.0015890458925259302
1412812800000,545000,2014-10-09 00:00:00,2014-10-09 00:00:00,2014,10,9,3,4,544428.5714285715,546066.6666666666,552611.1111111111,0.0018382352941177516,0.0016233486309665628
1412899200000,545000,2014-10-10 00:00:00,2014-10-10 00:00:00,2014,10,10,4,4,544428.5714285715,545866.6666666666,552588.8888888889,0.0,0.0016233486309665628
1413158400000,546000,2014-10-13 00:00:00,2014-10-13 00:00:00,2014,10,13,0,4,544571.4285714285,545766.6666666666,552566.6666666666,0.0018348623853210455,0.0015491137890604656
1413244800000,546000,2014-10-14 00:00:00,2014-10-14 00:00:00,2014,10,14,1,4,544714.2857142857,545633.3333333334,552544.4444444445,0.0,0.0015029088912495165
1413331200000,545000,2014-10-15 00:00:00,2014-10-15 00:00:00,2014,10,15,2,4,545000.0,545500.0,552488.8888888889,-0.001831501831501825,0.0015033924275241815
1413417600000,549000,2014-10-16 00:00:00,2014-10-16 00:00:00,2014,10,16,3,4,545714.2857142857,545500.0,552477.7777777778,0.007339449541284404,0.002044158931743896
1413504000000,549000,2014-10-17 00:00:00,2014-10-17 00:00:00,2014,10,17,4,4,546428.5714285715,545533.3333333334,552477.7777777778,0.0,0.002014971623218566
1413763200000,546000,2014-10-20 00:00:00,2014-10-20 00:00:00,2014,10,20,0,4,546571.4285714285,545466.6666666666,552433.3333333334,-0.005464480874316946,0.0022536866984898627
1413849600000,546000,2014-10-21 00:00:00,2014-10-21 00:00:00,2014,10,21,1,4,546714.2857142857,545400.0,552388.8888888889,0.0,0.0022536866984898627
1413936000000,545000,2014-10-22 00:00:00,2014-10-22 00:00:00,2014,10,22,2,4,546571.4285714285,545300.0,552300.0,-0.001831501831501825,0.0022750458067272803
1414022400000,544000,2014-10-23 00:00:00,2014-10-23 00:00:00,2014,10,23,3,4,546285.7142857143,545200.0,552200.0,-0.0018348623853210455,0.0022752968836914455
1414108800000,543000,2014-10-24 00:00:00,2014-10-24 00:00:00,2014,10,24,4,4,546000.0,545066.6666666666,552088.8888888889,-0.0018382352941176405,0.002294927395383372
1414368000000,543000,2014-10-27 00:00:00,2014-10-27 00:00:00,2014,10,27,0,4,545142.8571428572,544933.3333333334,551977.7777777778,0.0,0.002294927395383372
1414454400000,543000,2014-10-28 00:00:00,2014-10-28 00:00:00,2014,10,28,1,4,544285.7142857143,544800.0,551800.0,0.0,0.002294927395383372
1414540800000,546000,2014-10-29 00:00:00,2014-10-29 00:00:00,2014,10,29,2,4,544285.7142857143,544800.0,551544.4444444445,0.005524861878453136,0.0025029208346910537
1414627200000,544000,2014-10-30 00:00:00,2014-10-30 00:00:00,2014,10,30,3,4,544000.0,544733.3333333334,551266.6666666666,-0.00366300366300365,0.0025908743441834872
1414713600000,543000,2014-10-31 00:00:00,2014-10-31 00:00:00,2014,10,31,4,4,543714.2857142857,544700.0,550977.7777777778,-0.0018382352941176405,0.0025253976042775707
1414972800000,542000,2014-11-03 00:00:00,2014-11-03 00:00:00,2014,11,3,0,4,543428.5714285715,544633.3333333334,550666.6666666666,-0.0018416206261510082,0.002546229958066284
1415059200000,542000,2014-11-04 00:00:00,2014-11-04 00:00:00,2014,11,4,1,4,543285.7142857143,544566.6666666666,550344.4444444445,0.0,0.002546229958066284
1415145600000,542000,2014-11-05 00:00:00,2014-11-05 00:00:00,2014,11,5,2,4,543142.8571428572,544500.0,550011.1111111111,0.0,0.002546229958066284
1415232000000,542000,2014-11-06 00:00:00,2014-11-06 00:00:00,2014,11,6,3,4,543000.0,544433.3333333334,549700.0,0.0,0.002546229958066284
1415318400000,542000,2014-11-07 00:00:00,2014-11-07 00:00:00,2014,11,7,4,4,542428.5714285715,544400.0,549377.7777777778,0.0,0.002525479957727718
1415577600000,542000,2014-11-10 00:00:00,2014-11-10 00:00:00,2014,11,10,0,4,542142.8571428572,544366.6666666666,549122.2222222222,0.0,0.002525479957727718
1415664000000,541000,2014-11-11 00:00:00,2014-11-11 00:00:00,2014,11,11,1,4,541857.1428571428,544233.3333333334,548844.4444444445,-0.0018450184501844769,0.002443409382474388
1415750400000,541000,2014-11-12 00:00:00,2014-11-12 00:00:00,2014,11,12,2,4,541714.2857142857,544100.0,548544.4444444445,0.0,0.002443409382474388
1415836800000,540000,2014-11-13 00:00:00,2014-11-13 00:00:00,2014,11,13,3,4,541428.5714285715,543933.3333333334,548277.7777777778,-0.001848428835489857,0.002460326810260716
1415923200000,539000,2014-11-14 00:00:00,2014-11-14 00:00:00,2014,11,14,4,4,541000.0,543733.3333333334,548022.2222222222,-0.0018518518518518823,0.0024756135678714363
1416182400000,540000,2014-11-17 00:00:00,2014-11-17 00:00:00,2014,11,17,0,4,540714.2857142857,543633.3333333334,547788.8888888889,0.0018552875695732052,0.0024263851470051364
1416268800000,540000,2014-11-18 00:00:00,2014-11-18 00:00:00,2014,11,18,1,4,540428.5714285715,543500.0,547588.8888888889,0.0,0.0023965400170474264
1416355200000,540000,2014-11-19 00:00:00,2014-11-19 00:00:00,2014,11,19,2,4,540142.8571428572,543366.6666666666,547377.7777777778,0.0,0.0023965400170474264
1416441600000,539000,2014-11-20 00:00:00,2014-11-20 00:00:00,2014,11,20,3,4,539857.1428571428,543166.6666666666,547222.2222222222,-0.0018518518518518823,0.0023806707480955895
1416528000000,539000,2014-11-21 00:00:00,2014-11-21 00:00:00,2014,11,21,4,4,539571.4285714285,542966.6666666666,547088.8888888889,0.0,0.0023806707480955895
1416787200000,542000,2014-11-24 00:00:00,2014-11-24 00:00:00,2014,11,24,0,4,539857.1428571428,542833.3333333334,546988.8888888889,0.005565862708719838,0.002588042237329726
1416873600000,540000,2014-11-25 00:00:00,2014-11-25 00:00:00,2014,11,25,1,4,540000.0,542633.3333333334,546866.6666666666,-0.0036900369003689537,0.002662761265770509
1416960000000,540000,2014-11-26 00:00:00,2014-11-26 00:00:00,2014,11,26,2,4,540000.0,542466.6666666666,546688.8888888889,0.0,0.002648934875645518
1417046400000,539000,2014-11-27 00:00:00,2014-11-27 00:00:00,2014,11,27,3,4,539857.1428571428,542133.3333333334,546522.2222222222,-0.0018518518518518823,0.002233369405367156
1417132800000,538000,2014-11-28 00:00:00,2014-11-28 00:00:00,2014,11,28,4,4,539571.4285714285,541766.6666666666,546366.6666666666,-0.0018552875695733162,0.0022415628664266417
1417392000000,536000,2014-12-01 00:00:00,2014-12-01 00:00:00,2014,12,1,0,4,539142.8571428572,541433.3333333334,546222.2222222222,-0.0037174721189591198,0.0021328210313171308
1417478400000,543000,2014-12-02 00:00:00,2014-12-02 00:00:00,2014,12,2,1,4,539714.2857142857,541333.3333333334,546155.5555555555,0.013059701492537323,0.0032843457546169034
1417564800000,542000,2014-12-03 00:00:00,2014-12-03 00:00:00,2014,12,3,2,4,539714.2857142857,541233.3333333334,546088.8888888889,-0.0018416206261510082,0.00328452188706163
1417651200000,544000,2014-12-04 00:00:00,2014-12-04 00:00:00,2014,12,4,3,4,540285.7142857143,541233.3333333334,545988.8888888889,0.0036900369003689537,0.003342836837240596
1417737600000,544000,2014-12-05 00:00:00,2014-12-05 00:00:00,2014,12,5,4,4,540857.1428571428,541266.6666666666,545911.1111111111,0.0,0.0033246761847102895
1417996800000,541000,2014-12-08 00:00:00,2014-12-08 00:00:00,2014,12,8,0,4,541142.8571428572,541200.0,545800.0,-0.005514705882352922,0.0034774347864750172
1418083200000,540000,2014-12-09 00:00:00,2014-12-09 00:00:00,2014,12,9,1,4,541428.5714285715,541100.0,545611.1111111111,-0.001848428835489857,0.003491633597551037
1418169600000,551000,2014-12-10 00:00:00,2014-12-10 00:00:00,2014,12,10,2,4,543571.4285714285,541266.6666666666,545533.3333333334,0.020370370370370372,0.005037595408472861
1418256000000,551000,2014-12-11 00:00:00,2014-12-11 00:00:00,2014,12,11,3,4,544714.2857142857,541500.0,545466.6666666666,0.0,0.004981909825134959
1418285400000,551000,2014-12-11 08:10:00,2014-12-11 08:10:00,2014,12,11,3,4,546000.0,541766.6666666666,545400.0,0.0,0.004964219233768443
1418342400000,551000,2014-12-12 00:00:00,2014-12-12 00:00:00,2014,12,12,4,4,547000.0,542066.6666666666,545355.5555555555,0.0,0.004945623432522253
1418601600000,552000,2014-12-15 00:00:00,2014-12-15 00:00:00,2014,12,15,0,4,548142.8571428572,542400.0,545311.1111111111,0.001814882032667775,0.004949625167349419
1418688000000,549000,2014-12-16 00:00:00,2014-12-16 00:00:00,2014,12,16,1,4,549285.7142857143,542633.3333333334,545233.3333333334,-0.005434782608695676,0.00507111720961053
1418774400000,551000,2014-12-17 00:00:00,2014-12-17 00:00:00,2014,12,17,2,4,550857.1428571428,542933.3333333334,545244.4444444445,0.0036429872495447047,0.005103726309365113
1418860800000,550000,2014-12-18 00:00:00,2014-12-18 00:00:00,2014,12,18,3,4,550714.2857142857,543200.0,545233.3333333334,-0.001814882032667886,0.005121338385001288
1418947200000,547000,2014-12-19 00:00:00,2014-12-19 00:00:00,2014,12,19,4,4,550142.8571428572,543366.6666666666,545188.8888888889,-0.00545454545454549,0.00523529777721001
1419206400000,545000,2014-12-22 00:00:00,2014-12-22 00:00:00,2014,12,22,0,4,549285.7142857143,543500.0,545122.2222222222,-0.003656307129798919,0.0052714379495034085
1419292800000,541000,2014-12-23 00:00:00,2014-12-23 00:00:00,2014,12,23,1,4,547857.1428571428,543500.0,545011.1111111111,-0.007339449541284404,0.005451118274234511
1419379200000,541000,2014-12-24 00:00:00,2014-12-24 00:00:00,2014,12,24,2,4,546285.7142857143,543533.3333333334,544900.0,0.0,0.005439772904420952
1419811200000,543000,2014-12-29 00:00:00,2014-12-29 00:00:00,2014,12,29,0,4,545428.5714285715,543666.6666666666,544811.1111111111,0.003696857670979714,0.00546623470257551
1419897600000,540000,2014-12-30 00:00:00,2014-12-30 00:00:00,2014,12,30,1,4,543857.1428571428,543666.6666666666,544688.8888888889,-0.0055248618784530246,0.005557313441152255
1419984000000,549000,2014-12-31 00:00:00,2014-12-31 00:00:00,2014,12,31,2,4,543714.2857142857,543966.6666666666,544666.6666666666,0.016666666666666607,0.0063345052622781175
1420156800000,545000,2015-01-02 00:00:00,2015-01-02 00:00:00,2015,1,2,4,1,543428.5714285715,544133.3333333334,544588.8888888889,-0.007285974499089298,0.006494772835205694
1420416000000,545000,2015-01-05 00:00:00,2015-01-05 00:00:00,2015,1,5,0,1,543428.5714285715,544333.3333333334,544522.2222222222,0.0,0.006482133225242084
1420502400000,550000,2015-01-06 00:00:00,2015-01-06 00:00:00,2015,1,6,1,1,544714.2857142857,544700.0,544511.1111111111,0.00917431192660545,0.006676629053267021
1420588800000,557000,2015-01-07 00:00:00,2015-01-07 00:00:00,2015,1,7,2,1,547000.0,545200.0,544600.0,0.012727272727272698,0.006978004716990733
1420675200000,558000,2015-01-08 00:00:00,2015-01-08 00:00:00,2015,1,8,3,1,549142.8571428572,545800.0,544688.8888888889,0.0017953321364452268,0.006924329293483971
1420761600000,557000,2015-01-09 00:00:00,2015-01-09 00:00:00,2015,1,9,4,1,551571.4285714285,546366.6666666666,544777.7777777778,-0.0017921146953404632,0.006942002464564649
1421020800000,563000,2015-01-12 00:00:00,2015-01-12 00:00:00,2015,1,12,0,1,553571.4285714285,547166.6666666666,544933.3333333334,0.010771992818671361,0.007139403576522595
1421107200000,561000,2015-01-13 00:00:00,2015-01-13 00:00:00,2015,1,13,1,1,555857.1428571428,547933.3333333334,545077.7777777778,-0.003552397868561319,0.00717336639155803
1421193600000,563000,2015-01-14 00:00:00,2015-01-14 00:00:00,2015,1,14,2,1,558428.5714285715,548833.3333333334,545244.4444444445,0.0035650623885918886,0.00711647493036241
1421280000000,561000,2015-01-15 00:00:00,2015-01-15 00:00:00,2015,1,15,3,1,560000.0,549433.3333333334,545388.8888888889,-0.003552397868561319,0.006840112982914493
1421366400000,573000,2015-01-16 00:00:00,2015-01-16 00:00:00,2015,1,16,4,1,562285.7142857143,550466.6666666666,545666.6666666666,0.021390374331550888,0.007749110675304367
1421485200000,581000,2015-01-17 09:00:00,2015-01-17 09:00:00,2015,1,17,5,1,565571.4285714285,551700.0,546044.4444444445,0.013961605584642323,0.008052612009633267
1421506800000,581000,2015-01-17 15:00:00,2015-01-17 15:00:00,2015,1,17,5,1,569000.0,552933.3333333334,546422.2222222222,0.0,0.008052612009633267
1421625600000,580000,2015-01-19 00:00:00,2015-01-19 00:00:00,2015,1,19,0,1,571428.5714285715,554233.3333333334,546788.8888888889,-0.0017211703958691649,0.007956059022246106
1421712000000,580000,2015-01-20 00:00:00,2015-01-20 00:00:00,2015,1,20,1,1,574142.8571428572,555566.6666666666,547155.5555555555,0.0,0.007929510166506785
1421798400000,584000,2015-01-21 00:00:00,2015-01-21 00:00:00,2015,1,21,2,1,577142.8571428572,556666.6666666666,547577.7777777778,0.006896551724137945,0.0072279946300923366
1421884800000,582000,2015-01-22 00:00:00,2015-01-22 00:00:00,2015,1,22,3,1,580142.8571428572,557700.0,547977.7777777778,-0.003424657534246589,0.0072869160883899985
1421971200000,581000,2015-01-23 00:00:00,2015-01-23 00:00:00,2015,1,23,4,1,581285.7142857143,558700.0,548388.8888888889,-0.0017182130584192379,0.007308691661581913
1422057600000,580000,2015-01-24 00:00:00,2015-01-24 00:00:00,2015,1,24,5,1,581142.8571428572,559666.6666666666,548788.8888888889,-0.0017211703958691649,0.007329987705111143
1422230400000,579000,2015-01-26 00:00:00,2015-01-26 00:00:00,2015,1,26,0,1,580857.1428571428,560566.6666666666,549177.7777777778,-0.0017241379310344307,0.007357119525768634
1422316800000,575000,2015-01-27 00:00:00,2015-01-27 00:00:00,2015,1,27,1,1,580142.8571428572,561433.3333333334,549522.2222222222,-0.006908462867012077,0.007410567008706356
1422403200000,580000,2015-01-28 00:00:00,2015-01-28 00:00:00,2015,1,28,2,1,580142.8571428572,562400.0,549922.2222222222,0.008695652173912993,0.007515973432200547
1422489600000,578000,2015-01-29 00:00:00,2015-01-29 00:00:00,2015,1,29,3,1,579285.7142857143,563333.3333333334,550311.1111111111,-0.0034482758620689724,0.007548447173952437
1422576000000,570000,2015-01-30 00:00:00,2015-01-30 00:00:00,2015,1,30,4,1,577571.4285714285,564100.0,550611.1111111111,-0.01384083044982698,0.007965677271124575
1422662400000,583000,2015-01-31 00:00:00,2015-01-31 00:00:00,2015,1,31,5,1,577857.1428571428,565366.6666666666,551033.3333333334,0.02280701754385972,0.008806790918085597
1422835200000,581000,2015-02-02 00:00:00,2015-02-02 00:00:00,2015,2,2,0,1,578000.0,566700.0,551433.3333333334,-0.0034305317324184736,0.008687572885639951
1422921600000,578000,2015-02-03 00:00:00,2015-02-03 00:00:00,2015,2,3,1,1,577857.1428571428,567933.3333333334,551800.0,-0.005163511187607606,0.008787677602985438
1423008000000,574000,2015-02-04 00:00:00,2015-02-04 00:00:00,2015,2,4,2,1,577714.2857142857,568966.6666666666,552122.2222222222,-0.00692041522491349,0.008939658564837786
1423094400000,577000,2015-02-05 00:00:00,2015-02-05 00:00:00,2015,2,5,3,1,577285.7142857143,570200.0,552500.0,0.005226480836237002,0.008847150256551629
1423180800000,576000,2015-02-06 00:00:00,2015-02-06 00:00:00,2015,2,6,4,1,577000.0,571100.0,552855.5555555555,-0.0017331022530329143,0.00844168212910032
1423267200000,563000,2015-02-07 00:00:00,2015-02-07 00:00:00,2015,2,7,5,1,576000.0,571700.0,553066.6666666666,-0.02256944444444442,0.009404892094011802
1423440000000,565000,2015-02-09 00:00:00,2015-02-09 00:00:00,2015,2,9,0,1,573428.5714285715,572366.6666666666,553288.8888888889,0.003552397868561208,0.009412581786489146
1423526400000,566000,2015-02-10 00:00:00,2015-02-10 00:00:00,2015,2,10,1,1,571285.7142857143,572900.0,553522.2222222222,0.001769911504424737,0.009293814911569685
1423612800000,563000,2015-02-11 00:00:00,2015-02-11 00:00:00,2015,2,11,2,1,569142.8571428572,573100.0,553711.1111111111,-0.005300353356890497,0.009089845967222598
1423661400000,568000,2015-02-11 13:30:00,2015-02-11 13:30:00,2015,2,11,2,1,568285.7142857143,573433.3333333334,553955.5555555555,0.008880994671403242,0.00921857646200668
1423699200000,563000,2015-02-12 00:00:00,2015-02-12 00:00:00,2015,2,12,3,1,566285.7142857143,573633.3333333334,554155.5555555555,-0.008802816901408494,0.009369798766764812
1423785600000,566000,2015-02-13 00:00:00,2015-02-13 00:00:00,2015,2,13,4,1,564857.1428571428,573733.3333333334,554344.4444444445,0.005328596802841812,0.009213410128595279
1423872000000,566000,2015-02-14 00:00:00,2015-02-14 00:00:00,2015,2,14,5,1,565285.7142857143,573900.0,554533.3333333334,0.0,0.0091860673734709
1424044800000,567000,2015-02-16 00:00:00,2015-02-16 00:00:00,2015,2,16,0,1,565571.4285714285,574033.3333333334,554766.6666666666,0.0017667844522968323,0.009170126730657027
1424131200000,567000,2015-02-17 00:00:00,2015-02-17 00:00:00,2015,2,17,1,1,565714.2857142857,574233.3333333334,555000.0,0.0,0.009141871085703175
1424217600000,564000,2015-02-18 00:00:00,2015-02-18 00:00:00,2015,2,18,2,1,565857.1428571428,573933.3333333334,555211.1111111111,-0.005291005291005346,0.00828674503605326
1424390400000,564000,2015-02-20 00:00:00,2015-02-20 00:00:00,2015,2,20,4,1,565285.7142857143,573366.6666666666,555433.3333333334,0.0,0.007826138439368288
1424476800000,561000,2015-02-21 00:00:00,2015-02-21 00:00:00,2015,2,21,5,1,565000.0,572700.0,555633.3333333334,-0.005319148936170248,0.007863807407355228
1424649600000,564000,2015-02-23 00:00:00,2015-02-23 00:00:00,2015,2,23,0,1,564714.2857142857,572166.6666666666,555866.6666666666,0.005347593582887722,0.007951120084247861
1424736000000,563000,2015-02-24 00:00:00,2015-02-24 00:00:00,2015,2,24,1,1,564285.7142857143,571600.0,556088.8888888889,-0.0017730496453900457,0.007950777928584545
1424822400000,564000,2015-02-25 00:00:00,2015-02-25 00:00:00,2015,2,25,2,1,563857.1428571428,570933.3333333334,556288.8888888889,0.001776198934280604,0.007830340665957641
1424908800000,565000,2015-02-26 00:00:00,2015-02-26 00:00:00,2015,2,26,3,1,563571.4285714285,570366.6666666666,556522.2222222222,0.0017730496453900457,0.007835347653315852
1424995200000,566000,2015-02-27 00:00:00,2015-02-27 00:00:00,2015,2,27,4,1,563857.1428571428,569866.6666666666,556777.7777777778,0.001769911504424737,0.007849545285104564
1425081600000,567000,2015-02-28 00:00:00,2015-02-28 00:00:00,2015,2,28,5,1,564285.7142857143,569433.3333333334,557055.5555555555,0.0017667844522968323,0.007861891552509031
1425254400000,567000,2015-03-02 00:00:00,2015-03-02 00:00:00,2015,3,2,0,1,565142.8571428572,569033.3333333334,557333.3333333334,0.0,0.0078606410654417
1425294000000,571000,2015-03-02 11:00:00,2015-03-02 11:00:00,2015,3,2,0,1,566142.8571428572,568900.0,557655.5555555555,0.007054673721340388,0.007891718934029046
1425340800000,569000,2015-03-03 00:00:00,2015-03-03 00:00:00,2015,3,3,1,1,567000.0,568533.3333333334,557955.5555555555,-0.003502626970227629,0.007730035971073891
1425427200000,568000,2015-03-04 00:00:00,2015-03-04 00:00:00,2015,3,4,2,1,567571.4285714285,568200.0,558244.4444444445,-0.0017574692442882123,0.007714770783310127
1425513600000,568000,2015-03-05 00:00:00,2015-03-05 00:00:00,2015,3,5,3,1,568000.0,568133.3333333334,558533.3333333334,0.0,0.007295159214576407
1425600000000,568000,2015-03-06 00:00:00,2015-03-06 00:00:00,2015,3,6,4,1,568285.7142857143,567633.3333333334,558833.3333333334,0.0,0.00587716683167718
1425859200000,564000,2015-03-09 00:00:00,2015-03-09 00:00:00,2015,3,9,0,1,567857.1428571428,567066.6666666666,559088.8888888889,-0.007042253521126751,0.00596810369124143
1425945600000,564000,2015-03-10 00:00:00,2015-03-10 00:00:00,2015,3,10,1,1,567428.5714285715,566600.0,559355.5555555555,0.0,0.005917296401169129
1426032000000,563000,2015-03-11 00:00:00,2015-03-11 00:00:00,2015,3,11,2,1,566285.7142857143,566233.3333333334,559622.2222222222,-0.0017730496453900457,0.005807311347742489
1426118400000,563000,2015-03-12 00:00:00,2015-03-12 00:00:00,2015,3,12,3,1,565428.5714285715,565766.6666666666,559877.7777777778,0.0,0.0057030729054494845
1426204800000,563000,2015-03-13 00:00:00,2015-03-13 00:00:00,2015,3,13,4,1,564714.2857142857,565333.3333333334,560133.3333333334,0.0,0.005702099796512974
1426464000000,562000,2015-03-16 00:00:00,2015-03-16 00:00:00,2015,3,16,0,1,563857.1428571428,565300.0,560377.7777777778,-0.001776198934280604,0.003953355080225867
1426550400000,562000,2015-03-17 00:00:00,2015-03-17 00:00:00,2015,3,17,1,1,563000.0,565200.0,560633.3333333334,0.0,0.0038944432469552176
1426636800000,561000,2015-03-18 00:00:00,2015-03-18 00:00:00,2015,3,18,2,1,562571.4285714285,565033.3333333334,560877.7777777778,-0.001779359430605032,0.0038873801408255393
1426723200000,562000,2015-03-19 00:00:00,2015-03-19 00:00:00,2015,3,19,3,1,562285.7142857143,565000.0,561100.0,0.0017825311942958333,0.0037862600761193414
1426809600000,562000,2015-03-20 00:00:00,2015-03-20 00:00:00,2015,3,20,4,1,562142.8571428572,564800.0,561344.4444444445,0.0,0.0033901815604227316
1427068800000,563000,2015-03-23 00:00:00,2015-03-23 00:00:00,2015,3,23,0,1,562142.8571428572,564800.0,561600.0,0.001779359430605032,0.003009314491599272
1427155200000,564000,2015-03-24 00:00:00,2015-03-24 00:00:00,2015,3,24,1,1,562285.7142857143,564733.3333333334,561877.7777777778,0.001776198934280604,0.0028587109819692815
1427241600000,563000,2015-03-25 00:00:00,2015-03-25 00:00:00,2015,3,25,2,1,562428.5714285715,564633.3333333334,562155.5555555555,-0.0017730496453900457,0.002874556387202991
1427328000000,563000,2015-03-26 00:00:00,2015-03-26 00:00:00,2015,3,26,3,1,562571.4285714285,564500.0,562455.5555555555,0.0,0.00285144722315945
1427378400000,568000,2015-03-26 14:00:00,2015-03-26 14:00:00,2015,3,26,3,1,563571.4285714285,564533.3333333334,562733.3333333334,0.008880994671403242,0.003301807782944575
1427414400000,569000,2015-03-27 00:00:00,2015-03-27 00:00:00,2015,3,27,4,1,564571.4285714285,564700.0,563033.3333333334,0.0017605633802817433,0.0031551863316782135
1427500800000,568000,2015-03-28 00:00:00,2015-03-28 00:00:00,2015,3,28,5,1,565428.5714285715,564833.3333333334,563300.0,-0.0017574692442882123,0.0031771692275690093
1427673600000,568000,2015-03-30 00:00:00,2015-03-30 00:00:00,2015,3,30,0,1,566142.8571428572,565066.6666666666,563566.6666666666,0.0,0.002999672662827788
1427760000000,566000,2015-03-31 00:00:00,2015-03-31 00:00:00,2015,3,31,1,1,566428.5714285715,565133.3333333334,563844.4444444445,-0.0035211267605633756,0.0029333582305222576
1427846400000,565000,2015-04-01 00:00:00,2015-04-01 00:00:00,2015,4,1,2,2,566714.2857142857,565200.0,564122.2222222222,-0.0017667844522968323,0.0029332188689528364
1427932800000,570000,2015-04-02 00:00:00,2015-04-02 00:00:00,2015,4,2,3,2,567714.2857142857,565400.0,564333.3333333334,0.008849557522123908,0.0033284066029235504
1428105600000,568000,2015-04-04 00:00:00,2015-04-04 00:00:00,2015,4,4,5,2,567714.2857142857,565500.0,564522.2222222222,-0.0035087719298245723,0.003390105049084131
1428278400000,574000,2015-04-06 00:00:00,2015-04-06 00:00:00,2015,4,6,0,2,568428.5714285715,565766.6666666666,564777.7777777778,0.010563380281690238,0.003877273436791791
1428364800000,572000,2015-04-07 00:00:00,2015-04-07 00:00:00,2015,4,7,1,2,569000.0,565933.3333333334,565011.1111111111,-0.0034843205574912606,0.003935053191528028
1428451200000,571000,2015-04-08 00:00:00,2015-04-08 00:00:00,2015,4,8,2,2,569428.5714285715,566066.6666666666,565222.2222222222,-0.0017482517482517723,0.003952557782543132
1428537600000,570000,2015-04-09 00:00:00,2015-04-09 00:00:00,2015,4,9,3,2,570000.0,566033.3333333334,565455.5555555555,-0.0017513134851138146,0.003751011666988817
1428624000000,568000,2015-04-10 00:00:00,2015-04-10 00:00:00,2015,4,10,4,2,570428.5714285715,566000.0,565644.4444444445,-0.0035087719298245723,0.0037512067759266025
1428883200000,570000,2015-04-13 00:00:00,2015-04-13 00:00:00,2015,4,13,0,2,570428.5714285715,566066.6666666666,565866.6666666666,0.0035211267605634866,0.0037920210835880232
1428969600000,568000,2015-04-14 00:00:00,2015-04-14 00:00:00,2015,4,14,1,2,570428.5714285715,566066.6666666666,566100.0,-0.0035087719298245723,0.003849654108460222
1429056000000,567000,2015-04-15 00:00:00,2015-04-15 00:00:00,2015,4,15,2,2,569428.5714285715,566033.3333333334,566344.4444444445,-0.0017605633802817433,0.0038631623321336885
1429142400000,570000,2015-04-16 00:00:00,2015-04-16 00:00:00,2015,4,16,3,2,569142.8571428572,566233.3333333334,566666.6666666666,0.005291005291005346,0.003748099275663004
1429228800000,570000,2015-04-17 00:00:00,2015-04-17 00:00:00,2015,4,17,4,2,569000.0,566433.3333333334,566988.8888888889,0.0,0.003748099275663004
1429257600000,566000,2015-04-17 08:00:00,2015-04-17 08:00:00,2015,4,17,4,2,568428.5714285715,566533.3333333334,567244.4444444445,-0.007017543859649145,0.003966915116452466
1429315200000,567000,2015-04-18 00:00:00,2015-04-18 00:00:00,2015,4,18,5,2,568285.7142857143,566666.6666666666,567544.4444444445,0.0017667844522968323,0.003977179340248895
1429488000000,567000,2015-04-20 00:00:00,2015-04-20 00:00:00,2015,4,20,0,2,567857.1428571428,566800.0,567744.4444444445,0.0,0.003977179340248895
1429574400000,566000,2015-04-21 00:00:00,2015-04-21 00:00:00,2015,4,21,1,2,567571.4285714285,566933.3333333334,567977.7777777778,-0.0017636684303351524,0.003976960554055903
1429660800000,568000,2015-04-22 00:00:00,2015-04-22 00:00:00,2015,4,22,2,2,567714.2857142857,567133.3333333334,568233.3333333334,0.0035335689045936647,0.00402155981660334
1429747200000,565000,2015-04-23 00:00:00,2015-04-23 00:00:00,2015,4,23,3,2,567000.0,567266.6666666666,568400.0,-0.005281690140845119,0.004135094552524746
1429833600000,567000,2015-04-24 00:00:00,2015-04-24 00:00:00,2015,4,24,4,2,566571.4285714285,567433.3333333334,568511.1111111111,0.003539823008849474,0.004169924228726561
1429920000000,563000,2015-04-25 00:00:00,2015-04-25 00:00:00,2015,4,25,5,2,566142.8571428572,567466.6666666666,568566.6666666666,-0.007054673721340388,0.004381205594081192
1430092800000,565000,2015-04-27 00:00:00,2015-04-27 00:00:00,2015,4,27,0,2,565857.1428571428,567533.3333333334,568655.5555555555,0.003552397868561208,0.004416893731739305
1430179200000,569000,2015-04-28 00:00:00,2015-04-28 00:00:00,2015,4,28,1,2,566142.8571428572,567700.0,568722.2222222222,0.0070796460176991705,0.004587970958175056
1430265600000,574000,2015-04-29 00:00:00,2015-04-29 00:00:00,2015,4,29,2,2,567285.7142857143,568066.6666666666,568866.6666666666,0.008787346221441172,0.004822225750874456
1430352000000,571000,2015-04-30 00:00:00,2015-04-30 00:00:00,2015,4,30,3,2,567714.2857142857,568333.3333333334,568955.5555555555,-0.005226480836236891,0.004939736934794368
1430381400000,571000,2015-04-30 08:10:00,2015-04-30 08:10:00,2015,4,30,3,2,568571.4285714285,568433.3333333334,569066.6666666666,0.0,0.00467824281719188
1430524800000,562000,2015-05-02 00:00:00,2015-05-02 00:00:00,2015,5,2,5,2,567857.1428571428,568200.0,568944.4444444445,-0.015761821366024553,0.005497077118002665
1430697600000,565000,2015-05-04 00:00:00,2015-05-04 00:00:00,2015,5,4,0,2,568142.8571428572,568100.0,568766.6666666666,0.005338078291814874,0.005588451218457297
1430784000000,567000,2015-05-05 00:00:00,2015-05-05 00:00:00,2015,5,5,1,2,568428.5714285715,568066.6666666666,568611.1111111111,0.003539823008849474,0.005629197619681279
1430870400000,568000,2015-05-06 00:00:00,2015-05-06 00:00:00,2015,5,6,2,2,568285.7142857143,568133.3333333334,568477.7777777778,0.0017636684303350414,0.005599224267614026
1430956800000,569000,2015-05-07 00:00:00,2015-05-07 00:00:00,2015,5,7,3,2,567571.4285714285,568266.6666666666,568355.5555555555,0.0017605633802817433,0.005594994067886801
1431043200000,567000,2015-05-08 00:00:00,2015-05-08 00:00:00,2015,5,8,4,2,567000.0,568166.6666666666,568166.6666666666,-0.0035149384885764245,0.0053914027788597016
1431129600000,567000,2015-05-09 00:00:00,2015-05-09 00:00:00,2015,5,9,5,2,566428.5714285715,568133.3333333334,568000.0,0.0,0.005354222168226321
1431302400000,571000,2015-05-11 00:00:00,2015-05-11 00:00:00,2015,5,11,0,2,567714.2857142857,568033.3333333334,567888.8888888889,0.007054673721340388,0.0051488915875550585
1431388800000,567000,2015-05-12 00:00:00,2015-05-12 00:00:00,2015,5,12,1,2,568000.0,567866.6666666666,567744.4444444445,-0.007005253940455369,0.00526603255728329
1431475200000,567000,2015-05-13 00:00:00,2015-05-13 00:00:00,2015,5,13,2,2,568000.0,567733.3333333334,567611.1111111111,0.0,0.00525888325382072
1431475260000,572000,2015-05-13 00:01:00,2015-05-13 00:01:00,2015,5,13,2,2,568571.4285714285,567800.0,567577.7777777778,0.008818342151675429,0.005501289949196127
1431561600000,581000,2015-05-14 00:00:00,2015-05-14 00:00:00,2015,5,14,3,2,570285.7142857143,568233.3333333334,567588.8888888889,0.01573426573426584,0.006146252294263042
1431648000000,579000,2015-05-15 00:00:00,2015-05-15 00:00:00,2015,5,15,4,2,572000.0,568533.3333333334,567600.0,-0.0034423407917383297,0.006170325749395115
1431734400000,582000,2015-05-16 00:00:00,2015-05-16 00:00:00,2015,5,16,5,2,574142.8571428572,569000.0,567733.3333333334,0.005181347150259086,0.006177640628599565
1431907200000,578000,2015-05-18 00:00:00,2015-05-18 00:00:00,2015,5,18,0,2,575142.8571428572,569366.6666666666,567677.7777777778,-0.0068728522336769515,0.00632043759693453
1432023480000,579000,2015-05-19 08:18:00,2015-05-19 08:18:00,2015,5,19,1,2,576857.1428571428,569666.6666666666,567655.5555555555,0.0017301038062282892,0.006263650672040887
1432109460000,577000,2015-05-20 08:11:00,2015-05-20 08:11:00,2015,5,20,2,2,578285.7142857143,569900.0,567644.4444444445,-0.003454231433506094,0.006305552706733917
1432166400000,577000,2015-05-21 00:00:00,2015-05-21 00:00:00,2015,5,21,3,2,579000.0,570266.6666666666,567677.7777777778,0.0,0.0061480895367444855
1432252800000,575000,2015-05-22 00:00:00,2015-05-22 00:00:00,2015,5,22,4,2,578142.8571428572,570533.3333333334,567655.5555555555,-0.0034662045060658286,0.0061897016670305754
1432339200000,575000,2015-05-23 00:00:00,2015-05-23 00:00:00,2015,5,23,5,2,577571.4285714285,570800.0,567644.4444444445,0.0,0.0061897016670305754
1432512000000,573000,2015-05-25 00:00:00,2015-05-25 00:00:00,2015,5,25,0,2,576285.7142857143,571033.3333333334,567755.5555555555,-0.003478260869565264,0.006219033509237782
1432598400000,575000,2015-05-26 00:00:00,2015-05-26 00:00:00,2015,5,26,1,2,575857.1428571428,571266.6666666666,567866.6666666666,0.003490401396160525,0.006218295255728701
1432684800000,570000,2015-05-27 00:00:00,2015-05-27 00:00:00,2015,5,27,2,2,574571.4285714285,571433.3333333334,567911.1111111111,-0.008695652173912993,0.0063560837267582155
1432771200000,572000,2015-05-28 00:00:00,2015-05-28 00:00:00,2015,5,28,3,2,573857.1428571428,571600.0,568011.1111111111,0.0035087719298245723,0.006355542694610224
1432857600000,571000,2015-05-29 00:00:00,2015-05-29 00:00:00,2015,5,29,4,2,573000.0,571866.6666666666,568044.4444444445,-0.0017482517482517723,0.006215749019301983
1432944000000,570000,2015-05-30 00:00:00,2015-05-30 00:00:00,2015,5,30,5,2,572285.7142857143,572033.3333333334,568122.2222222222,-0.0017513134851138146,0.006201024953180657
1433116800000,573000,2015-06-01 00:00:00,2015-06-01 00:00:00,2015,6,1,0,2,572000.0,572166.6666666666,568200.0,0.0052631578947368585,0.006141247457684657
1433317680000,574000,2015-06-03 07:48:00,2015-06-03 07:48:00,2015,6,3,2,2,572142.8571428572,572166.6666666666,568288.8888888889,0.0017452006980802626,0.005934858533573604
1433376000000,571000,2015-06-04 00:00:00,2015-06-04 00:00:00,2015,6,4,3,2,571571.4285714285,572166.6666666666,568333.3333333334,-0.005226480836236891,0.005934858533573604
1433462400000,570000,2015-06-05 00:00:00,2015-06-05 00:00:00,2015,6,5,4,2,571571.4285714285,572133.3333333334,568366.6666666666,-0.0017513134851138146,0.005943638524672142
1433548800000,570000,2015-06-06 00:00:00,2015-06-06 00:00:00,2015,6,6,5,2,571285.7142857143,572400.0,568433.3333333334,0.0,0.005149709298369426
1433721600000,569000,2015-06-08 00:00:00,2015-06-08 00:00:00,2015,6,8,0,2,571000.0,572533.3333333334,568488.8888888889,-0.0017543859649122862,0.005081534568700164
1433808000000,571000,2015-06-09 00:00:00,2015-06-09 00:00:00,2015,6,9,1,2,571142.8571428572,572666.6666666666,568600.0,0.0035149384885764245,0.005080980637171426
1433894400000,573000,2015-06-10 00:00:00,2015-06-10 00:00:00,2015,6,10,2,2,571142.8571428572,572833.3333333334,568700.0,0.003502626970227629,0.00510872576143033
1433980800000,575000,2015-06-11 00:00:00,2015-06-11 00:00:00,2015,6,11,3,2,571285.7142857143,573033.3333333334,568833.3333333334,0.003490401396160525,0.005135416170749012
1434067200000,573000,2015-06-12 00:00:00,2015-06-12 00:00:00,2015,6,12,4,2,571571.4285714285,573233.3333333334,568933.3333333334,-0.003478260869565264,0.005134465535218626
1434153600000,574000,2015-06-13 00:00:00,2015-06-13 00:00:00,2015,6,13,5,2,572142.8571428572,573466.6666666666,569033.3333333334,0.0017452006980802626,0.005140086805670753
1434326400000,574000,2015-06-15 00:00:00,2015-06-15 00:00:00,2015,6,15,0,2,572714.2857142857,573566.6666666666,569122.2222222222,0.0,0.0049852144454228045
1434412800000,575000,2015-06-16 00:00:00,2015-06-16 00:00:00,2015,6,16,1,2,573571.4285714285,573833.3333333334,569211.1111111111,0.0017421602787457413,0.004802527415727787
1434499200000,574000,2015-06-17 00:00:00,2015-06-17 00:00:00,2015,6,17,2,2,574000.0,574066.6666666666,569288.8888888889,-0.0017391304347825765,0.004818967683522877
1434585600000,576000,2015-06-18 00:00:00,2015-06-18 00:00:00,2015,6,18,3,2,574428.5714285715,574200.0,569344.4444444445,0.0034843205574912606,0.004591459400191386
1434672000000,580000,2015-06-19 00:00:00,2015-06-19 00:00:00,2015,6,19,4,2,575142.8571428572,574166.6666666666,569466.6666666666,0.00694444444444442,0.0037770126565915873
1434758400000,578000,2015-06-20 00:00:00,2015-06-20 00:00:00,2015,6,20,5,2,575857.1428571428,574133.3333333334,569577.7777777778,-0.0034482758620689724,0.0037771965935027257
1434931200000,579000,2015-06-22 00:00:00,2015-06-22 00:00:00,2015,6,22,0,2,576571.4285714285,574033.3333333334,569700.0,0.0017301038062282892,0.003663185885109037
1435017600000,575000,2015-06-23 00:00:00,2015-06-23 00:00:00,2015,6,23,1,2,576714.2857142857,573933.3333333334,569777.7777777778,-0.006908462867012077,0.003665439276172917
1435104000000,572000,2015-06-24 00:00:00,2015-06-24 00:00:00,2015,6,24,2,2,576285.7142857143,573700.0,569866.6666666666,-0.00521739130434784,0.0037597100895018034
1435190400000,571000,2015-06-25 00:00:00,2015-06-25 00:00:00,2015,6,25,3,2,575857.1428571428,573500.0,569944.4444444445,-0.0017482517482517723,0.003724636536924337
1435276800000,572000,2015-06-26 00:00:00,2015-06-26 00:00:00,2015,6,26,4,2,575285.7142857143,573333.3333333334,570044.4444444445,0.0017513134851139256,0.003743850981685323
1435363200000,569000,2015-06-27 00:00:00,2015-06-27 00:00:00,2015,6,27,5,2,573714.2857142857,573133.3333333334,570111.1111111111,-0.005244755244755206,0.0038094978797184264
1435536000000,575000,2015-06-29 00:00:00,2015-06-29 00:00:00,2015,6,29,0,2,573285.7142857143,573133.3333333334,570244.4444444445,0.010544815465729274,0.004297422445597132
1435622400000,574000,2015-06-30 00:00:00,2015-06-30 00:00:00,2015,6,30,1,2,572571.4285714285,573166.6666666666,570377.7777777778,-0.0017391304347825765,0.004260329326610927
1435708800000,572000,2015-07-01 00:00:00,2015-07-01 00:00:00,2015,7,1,2,3,572142.8571428572,573066.6666666666,570488.8888888889,-0.0034843205574912606,0.004257370598935894
1435795200000,570000,2015-07-02 00:00:00,2015-07-02 00:00:00,2015,7,2,3,3,571857.1428571428,573066.6666666666,570588.8888888889,-0.0034965034965035446,0.003995959124644654
1435881600000,569000,2015-07-03 00:00:00,2015-07-03 00:00:00,2015,7,3,4,3,571571.4285714285,572966.6666666666,570666.6666666666,-0.0017543859649122862,0.003952245767634046
1435968000000,567000,2015-07-04 00:00:00,2015-07-04 00:00:00,2015,7,4,5,3,570857.1428571428,572833.3333333334,570722.2222222222,-0.0035149384885764245,0.003989593637357722
1436140800000,570000,2015-07-06 00:00:00,2015-07-06 00:00:00,2015,7,6,0,3,571000.0,572833.3333333334,570800.0,0.005291005291005346,0.004102376220994991
1436256000000,570000,2015-07-07 08:00:00,2015-07-07 08:00:00,2015,7,7,1,3,570285.7142857143,572733.3333333334,570866.6666666666,0.0,0.003980627859347721
1436313600000,570000,2015-07-08 00:00:00,2015-07-08 00:00:00,2015,7,8,2,3,569714.2857142857,572600.0,570944.4444444445,0.0,0.003964433688389212
1436400000000,570000,2015-07-09 00:00:00,2015-07-09 00:00:00,2015,7,9,3,3,569428.5714285715,572566.6666666666,571022.2222222222,0.0,0.0038502829461160115
1436486400000,571000,2015-07-10 00:00:00,2015-07-10 00:00:00,2015,7,10,4,3,569571.4285714285,572600.0,571055.5555555555,0.0017543859649122862,0.0038501065065387305
1436572800000,573000,2015-07-11 00:00:00,2015-07-11 00:00:00,2015,7,11,5,3,570142.8571428572,572700.0,571100.0,0.003502626970227629,0.0039008235160223645
1436745600000,571000,2015-07-13 00:00:00,2015-07-13 00:00:00,2015,7,13,0,3,570714.2857142857,572766.6666666666,571133.3333333334,-0.003490401396160525,0.003943191237163222
1436832000000,570000,2015-07-14 00:00:00,2015-07-14 00:00:00,2015,7,14,1,3,570714.2857142857,572733.3333333334,571155.5555555555,-0.0017513134851138146,0.003904077485223112
1436918400000,570000,2015-07-15 00:00:00,2015-07-15 00:00:00,2015,7,15,2,3,570714.2857142857,572633.3333333334,571200.0,0.0,0.003846080426852684
1437523200000,567000,2015-07-22 00:00:00,2015-07-22 00:00:00,2015,7,22,2,3,570285.7142857143,572366.6666666666,571222.2222222222,-0.0052631578947368585,0.003890764242802764
1437609600000,567000,2015-07-23 00:00:00,2015-07-23 00:00:00,2015,7,23,3,3,569857.1428571428,572166.6666666666,571188.8888888889,0.0,0.003849312781354007
1437696000000,567000,2015-07-24 00:00:00,2015-07-24 00:00:00,2015,7,24,4,3,569285.7142857143,571933.3333333334,571177.7777777778,0.0,0.003829793676751175
1437725580000,567000,2015-07-24 08:13:00,2015-07-24 08:13:00,2015,7,24,4,3,568428.5714285715,571700.0,571100.0,0.0,0.003829793676751175
1437727860000,567000,2015-07-24 08:51:00,2015-07-24 08:51:00,2015,7,24,4,3,567857.1428571428,571433.3333333334,571044.4444444445,0.0,0.0038093163068622315
1437728100000,567000,2015-07-24 08:55:00,2015-07-24 08:55:00,2015,7,24,4,3,567428.5714285715,571200.0,571000.0,0.0,0.0038024045756115846
1437782400000,567000,2015-07-25 00:00:00,2015-07-25 00:00:00,2015,7,25,5,3,567000.0,570900.0,570966.6666666666,0.0,0.0037321712774961917
1437985560000,567000,2015-07-27 08:26:00,2015-07-27 08:26:00,2015,7,27,0,3,567000.0,570466.6666666666,570955.5555555555,0.0,0.0034586997103666873
1438041600000,567000,2015-07-28 00:00:00,2015-07-28 00:00:00,2015,7,28,1,3,567000.0,570100.0,570922.2222222222,0.0,0.0034230354592746457
1438128000000,567000,2015-07-29 00:00:00,2015-07-29 00:00:00,2015,7,29,2,3,567000.0,569700.0,570911.1111111111,0.0,0.0033962911352868907
1438214400000,567000,2015-07-30 00:00:00,2015-07-30 00:00:00,2015,7,30,3,3,567000.0,569433.3333333334,570911.1111111111,0.0,0.003188106410939175
1438300800000,567000,2015-07-31 00:00:00,2015-07-31 00:00:00,2015,7,31,4,3,567000.0,569266.6666666666,570877.7777777778,0.0,0.0030594630890033205
1438387200000,567000,2015-08-01 00:00:00,2015-08-01 00:00:00,2015,8,1,5,3,567000.0,569133.3333333334,570844.4444444445,0.0,0.003047317631951828
1438560000000,567000,2015-08-03 00:00:00,2015-08-03 00:00:00,2015,8,3,0,3,567000.0,568966.6666666666,570855.5555555555,0.0,0.003024747751296493
1438646400000,567000,2015-08-04 00:00:00,2015-08-04 00:00:00,2015,8,4,1,3,567000.0,568900.0,570855.5555555555,0.0,0.0028763158879001535
1438732800000,567000,2015-08-05 00:00:00,2015-08-05 00:00:00,2015,8,5,2,3,567000.0,568633.3333333334,570855.5555555555,0.0,0.002056377328636824
1438819200000,567000,2015-08-06 00:00:00,2015-08-06 00:00:00,2015,8,6,3,3,567000.0,568400.0,570866.6666666666,0.0,0.0020436908211655057
1438905600000,566000,2015-08-07 00:00:00,2015-08-07 00:00:00,2015,8,7,4,3,566857.1428571428,568200.0,570844.4444444445,-0.0017636684303351524,0.001977416535705852
1438992000000,567000,2015-08-08 00:00:00,2015-08-08 00:00:00,2015,8,8,5,3,566857.1428571428,568100.0,570866.6666666666,0.0017667844522968323,0.0019212711735347029
1439164800000,566000,2015-08-10 00:00:00,2015-08-10 00:00:00,2015,8,10,0,3,566714.2857142857,568000.0,570855.5555555555,-0.0017636684303351524,0.0019215351791633975
1439251200000,566000,2015-08-11 00:00:00,2015-08-11 00:00:00,2015,8,11,1,3,566571.4285714285,567966.6666666666,570888.8888888889,0.0,0.0018150339447139925
1439337600000,567000,2015-08-12 00:00:00,2015-08-12 00:00:00,2015,8,12,2,3,566571.4285714285,567866.6666666666,570911.1111111111,0.0017667844522968323,0.0015519218659400663
1439424000000,568000,2015-08-13 00:00:00,2015-08-13 00:00:00,2015,8,13,3,3,566714.2857142857,567800.0,570900.0,0.0017636684303350414,0.0015916649767394994
1439510400000,567000,2015-08-14 00:00:00,2015-08-14 00:00:00,2015,8,14,4,3,566714.2857142857,567700.0,570822.2222222222,-0.0017605633802817433,0.0016194568834443188
1439596800000,567000,2015-08-15 00:00:00,2015-08-15 00:00:00,2015,8,15,5,3,566857.1428571428,567600.0,570777.7777777778,0.0,0.0016194568834443188
1439856000000,567000,2015-08-18 00:00:00,2015-08-18 00:00:00,2015,8,18,1,3,566857.1428571428,567466.6666666666,570733.3333333334,0.0,0.0015785569448887806
1439942400000,568000,2015-08-19 00:00:00,2015-08-19 00:00:00,2015,8,19,2,3,567142.8571428572,567300.0,570800.0,0.0017636684303350414,0.0014644530383453396
1440028800000,572000,2015-08-20 00:00:00,2015-08-20 00:00:00,2015,8,20,3,3,568000.0,567333.3333333334,570877.7777777778,0.007042253521126751,0.001875779501504869
1440115200000,580000,2015-08-21 00:00:00,2015-08-21 00:00:00,2015,8,21,4,3,569857.1428571428,567666.6666666666,571022.2222222222,0.013986013986013957,0.0031317872325327977
1440201600000,586000,2015-08-22 00:00:00,2015-08-22 00:00:00,2015,8,22,5,3,572428.5714285715,568200.0,571222.2222222222,0.010344827586206806,0.003599749372834508
1440288000000,580000,2015-08-23 00:00:00,2015-08-23 00:00:00,2015,8,23,6,3,574285.7142857143,568633.3333333334,571344.4444444445,-0.010238907849829393,0.003988544116669984
1440405060000,583000,2015-08-24 08:31:00,2015-08-24 08:31:00,2015,8,24,0,3,576571.4285714285,569166.6666666666,571522.2222222222,0.005172413793103514,0.00406545191076979
1440460800000,584000,2015-08-25 00:00:00,2015-08-25 00:00:00,2015,8,25,1,3,579000.0,569733.3333333334,571711.1111111111,0.0017152658662091813,0.004063895748442336
1440547200000,583000,2015-08-26 00:00:00,2015-08-26 00:00:00,2015,8,26,2,3,581142.8571428572,570266.6666666666,571844.4444444445,-0.001712328767123239,0.004090265088210467
1440633600000,578000,2015-08-27 00:00:00,2015-08-27 00:00:00,2015,8,27,3,3,582000.0,570633.3333333334,571966.6666666666,-0.00857632933104635,0.004442489877698036
1440720000000,578000,2015-08-28 00:00:00,2015-08-28 00:00:00,2015,8,28,4,3,581714.2857142857,571000.0,572088.8888888889,0.0,0.004442489877698036
1440806400000,574000,2015-08-29 00:00:00,2015-08-29 00:00:00,2015,8,29,5,3,580000.0,571233.3333333334,572111.1111111111,-0.00692041522491349,0.004652144192033227
1440979200000,577000,2015-08-31 00:00:00,2015-08-31 00:00:00,2015,8,31,0,3,579571.4285714285,571566.6666666666,572066.6666666666,0.005226480836237002,0.004733050307789835
1441065600000,578000,2015-09-01 00:00:00,2015-09-01 00:00:00,2015,9,1,1,3,578857.1428571428,571933.3333333334,572055.5555555555,0.0017331022530329143,0.00473612922025783
1441152000000,580000,2015-09-02 00:00:00,2015-09-02 00:00:00,2015,9,2,2,3,578285.7142857143,572366.6666666666,572033.3333333334,0.0034602076124568004,0.004761779863382364
1441238400000,580000,2015-09-03 00:00:00,2015-09-03 00:00:00,2015,9,3,3,3,577857.1428571428,572800.0,572055.5555555555,0.0,0.004761779863382364
1441324800000,578000,2015-09-04 00:00:00,2015-09-04 00:00:00,2015,9,4,4,3,577857.1428571428,573166.6666666666,572044.4444444445,-0.0034482758620689724,0.004822164239970743
1441411200000,578000,2015-09-05 00:00:00,2015-09-05 00:00:00,2015,9,5,5,3,577857.1428571428,573533.3333333334,572055.5555555555,0.0,0.004822164239970743
1441584000000,577000,2015-09-07 00:00:00,2015-09-07 00:00:00,2015,9,7,0,3,578285.7142857143,573866.6666666666,572055.5555555555,-0.0017301038062284002,0.004840540010440377
1441670400000,579000,2015-09-08 00:00:00,2015-09-08 00:00:00,2015,9,8,1,3,578571.4285714285,574266.6666666666,572100.0,0.0034662045060658286,0.0048671615002013145
1441711800000,579000,2015-09-08 11:30:00,2015-09-08 11:30:00,2015,9,8,1,3,578714.2857142857,574666.6666666666,572144.4444444445,0.0,0.0048671615002013145
1441756800000,581000,2015-09-09 00:00:00,2015-09-09 00:00:00,2015,9,9,2,3,578857.1428571428,575133.3333333334,572233.3333333334,0.003454231433505983,0.004890592904701557
1441843200000,576000,2015-09-10 00:00:00,2015-09-10 00:00:00,2015,9,10,3,3,578285.7142857143,575466.6666666666,572244.4444444445,-0.008605851979345935,0.005167195080676713
1441929600000,580000,2015-09-11 00:00:00,2015-09-11 00:00:00,2015,9,11,4,3,578571.4285714285,575900.0,572355.5555555555,0.00694444444444442,0.005292567531408663
1442016000000,578000,2015-09-12 00:00:00,2015-09-12 00:00:00,2015,9,12,5,3,578571.4285714285,576300.0,572422.2222222222,-0.0034482758620689724,0.005329180387564698
1442188800000,577000,2015-09-14 00:00:00,2015-09-14 00:00:00,2015,9,14,0,3,578571.4285714285,576666.6666666666,572488.8888888889,-0.0017301038062284002,0.0053464984949139075
1442275200000,579000,2015-09-15 00:00:00,2015-09-15 00:00:00,2015,9,15,1,3,578571.4285714285,577066.6666666666,572588.8888888889,0.0034662045060658286,0.00536763863549495
1442361600000,579000,2015-09-16 00:00:00,2015-09-16 00:00:00,2015,9,16,2,3,578571.4285714285,577433.3333333334,572655.5555555555,0.0,0.005365383828574886
1442448000000,585000,2015-09-17 00:00:00,2015-09-17 00:00:00,2015,9,17,3,3,579142.8571428572,578033.3333333334,572777.7777777778,0.010362694300518172,0.00562744286009513
1442534400000,590000,2015-09-18 00:00:00,2015-09-18 00:00:00,2015,9,18,4,3,581142.8571428572,578800.0,572988.8888888889,0.008547008547008517,0.005786170458797337
1442620800000,591000,2015-09-19 00:00:00,2015-09-19 00:00:00,2015,9,19,5,3,582714.2857142857,579600.0,573222.2222222222,0.0016949152542373724,0.005780882540938363
1442793600000,593000,2015-09-21 00:00:00,2015-09-21 00:00:00,2015,9,21,0,3,584857.1428571428,580433.3333333334,573477.7777777778,0.0033840947546530664,0.005791967233273782
1442880000000,591000,2015-09-22 00:00:00,2015-09-22 00:00:00,2015,9,22,1,3,586857.1428571428,581066.6666666666,573722.2222222222,-0.003372681281618939,0.0057574277022439235
1442966400000,589000,2015-09-23 00:00:00,2015-09-23 00:00:00,2015,9,23,2,3,588285.7142857143,581366.6666666666,573922.2222222222,-0.0033840947546531774,0.005270261700299557
1443139200000,606000,2015-09-25 00:00:00,2015-09-25 00:00:00,2015,9,25,4,3,592142.8571428572,582033.3333333334,574288.8888888889,0.028862478777589073,0.00719334009077354
1443225600000,604000,2015-09-26 00:00:00,2015-09-26 00:00:00,2015,9,26,5,3,594857.1428571428,582833.3333333334,574611.1111111111,-0.0033003300330033403,0.006921121323696617
1443398400000,606000,2015-09-28 00:00:00,2015-09-28 00:00:00,2015,9,28,0,3,597142.8571428572,583600.0,574977.7777777778,0.0033112582781456013,0.006894201290609261
1443484800000,601000,2015-09-29 00:00:00,2015-09-29 00:00:00,2015,9,29,1,3,598571.4285714285,584166.6666666666,575277.7777777778,-0.008250825082508295,0.007110873194360529
1443571200000,600000,2015-09-30 00:00:00,2015-09-30 00:00:00,2015,9,30,2,3,599571.4285714285,584733.3333333334,575566.6666666666,-0.0016638935108153063,0.007110246034978399
1443657600000,596000,2015-10-01 00:00:00,2015-10-01 00:00:00,2015,10,1,3,4,600285.7142857143,585333.3333333334,575800.0,-0.00666666666666671,0.007029809494056492
1443744000000,594000,2015-10-02 00:00:00,2015-10-02 00:00:00,2015,10,2,4,4,601000.0,585866.6666666666,576022.2222222222,-0.003355704697986628,0.0070735948902477695
1443830400000,600000,2015-10-03 00:00:00,2015-10-03 00:00:00,2015,10,3,5,4,600142.8571428572,586733.3333333334,576288.8888888889,0.010101010101010166,0.007104401082451897
1444003200000,601000,2015-10-05 00:00:00,2015-10-05 00:00:00,2015,10,5,0,4,599714.2857142857,587533.3333333334,576522.2222222222,0.0016666666666667052,0.007069690743993716
1444089600000,597000,2015-10-06 00:00:00,2015-10-06 00:00:00,2015,10,6,1,4,598428.5714285715,588166.6666666666,576733.3333333334,-0.006655574043261225,0.007219681054625532
1444205460000,597000,2015-10-07 08:11:00,2015-10-07 08:11:00,2015,10,7,2,4,597857.1428571428,588733.3333333334,576933.3333333334,0.0,0.007208365621542413
1444262400000,592000,2015-10-08 00:00:00,2015-10-08 00:00:00,2015,10,8,3,4,596714.2857142857,589133.3333333334,577122.2222222222,-0.008375209380234505,0.007407395771956506
1444348800000,587000,2015-10-09 00:00:00,2015-10-09 00:00:00,2015,10,9,4,4,595428.5714285715,589433.3333333334,577288.8888888889,-0.008445945945945943,0.0075587688144661755
1444435200000,572000,2015-10-10 00:00:00,2015-10-10 00:00:00,2015,10,10,5,4,592285.7142857143,589233.3333333334,577300.0,-0.02555366269165249,0.008936298106818378
1444608000000,576000,2015-10-12 00:00:00,2015-10-12 00:00:00,2015,10,12,0,4,588857.1428571428,589200.0,577344.4444444445,0.006993006993007089,0.009029898851192823
1444694400000,577000,2015-10-13 00:00:00,2015-10-13 00:00:00,2015,10,13,1,4,585428.5714285715,589133.3333333334,577433.3333333334,0.0017361111111111605,0.00901238399164405
1444897020000,588000,2015-10-15 08:17:00,2015-10-15 08:17:00,2015,10,15,3,4,584142.8571428572,589433.3333333334,577577.7777777778,0.01906412478336228,0.009666327554421985
1444953600000,583000,2015-10-16 00:00:00,2015-10-16 00:00:00,2015,10,16,4,4,582142.8571428572,589500.0,577677.7777777778,-0.008503401360544172,0.009788601513524911
1445040000000,581000,2015-10-17 00:00:00,2015-10-17 00:00:00,2015,10,17,5,4,580571.4285714285,589666.6666666666,577777.7777777778,-0.0034305317324184736,0.009673704683422891
1445212800000,586000,2015-10-19 00:00:00,2015-10-19 00:00:00,2015,10,19,0,4,580428.5714285715,589866.6666666666,577955.5555555555,0.008605851979345935,0.009717514212204294
1445299200000,583000,2015-10-20 00:00:00,2015-10-20 00:00:00,2015,10,20,1,4,582000.0,590033.3333333334,578111.1111111111,-0.005119453924914641,0.00974501888164131
1445328000000,583000,2015-10-20 08:00:00,2015-10-20 08:00:00,2015,10,20,1,4,583000.0,590233.3333333334,578288.8888888889,0.0,0.009737505556570596
1445385600000,585000,2015-10-21 00:00:00,2015-10-21 00:00:00,2015,10,21,2,4,584142.8571428572,590433.3333333334,578455.5555555555,0.0034305317324185847,0.009737119197279978
1445472000000,583000,2015-10-22 00:00:00,2015-10-22 00:00:00,2015,10,22,3,4,583428.5714285715,590566.6666666666,578600.0,-0.0034188034188034067,0.009761808659316315
1445558400000,580000,2015-10-23 00:00:00,2015-10-23 00:00:00,2015,10,23,4,4,583000.0,590400.0,578711.1111111111,-0.005145797598627766,0.009618792875243542
1445644800000,578000,2015-10-24 00:00:00,2015-10-24 00:00:00,2015,10,24,5,4,582571.4285714285,590000.0,578800.0,-0.0034482758620689724,0.009489309778422272
1445817600000,578000,2015-10-26 00:00:00,2015-10-26 00:00:00,2015,10,26,0,4,581428.5714285715,589566.6666666666,578877.7777777778,0.0,0.00947996145151011
1445904000000,579000,2015-10-27 00:00:00,2015-10-27 00:00:00,2015,10,27,1,4,580857.1428571428,589100.0,578944.4444444445,0.0017301038062282892,0.009460192237247563
1445990400000,579000,2015-10-28 00:00:00,2015-10-28 00:00:00,2015,10,28,2,4,580285.7142857143,588700.0,579033.3333333334,0.0,0.00944801917774907
1446076800000,578000,2015-10-29 00:00:00,2015-10-29 00:00:00,2015,10,29,3,4,579285.7142857143,588333.3333333334,579122.2222222222,-0.0017271157167529916,0.009436263600098627
1446193020000,572000,2015-10-30 08:17:00,2015-10-30 08:17:00,2015,10,30,4,4,577714.2857142857,587200.0,579144.4444444445,-0.01038062283737029,0.007789668115816134
1446249600000,573000,2015-10-31 00:00:00,2015-10-31 00:00:00,2015,10,31,5,4,576714.2857142857,586166.6666666666,579211.1111111111,0.0017482517482516613,0.007812725930362169
1446453360000,572000,2015-11-02 08:36:00,2015-11-02 08:36:00,2015,11,2,0,4,575857.1428571428,585033.3333333334,579266.6666666666,-0.0017452006980802626,0.0077546529284685025
1446508800000,571000,2015-11-03 00:00:00,2015-11-03 00:00:00,2015,11,3,1,4,574857.1428571428,584033.3333333334,579311.1111111111,-0.0017482517482517723,0.007661149859183517
1446595200000,570000,2015-11-04 00:00:00,2015-11-04 00:00:00,2015,11,4,2,4,573571.4285714285,583033.3333333334,579344.4444444445,-0.0017513134851138146,0.007661161347926355
1446681600000,570000,2015-11-05 00:00:00,2015-11-05 00:00:00,2015,11,5,3,4,572285.7142857143,582166.6666666666,579377.7777777778,0.0,0.007608028070608004
1446768000000,570000,2015-11-06 00:00:00,2015-11-06 00:00:00,2015,11,6,4,4,571142.8571428572,581366.6666666666,579411.1111111111,0.0,0.007603826963575147
1446854400000,570000,2015-11-07 00:00:00,2015-11-07 00:00:00,2015,11,7,5,4,570857.1428571428,580366.6666666666,579444.4444444445,0.0,0.0072969251639307285
1447057620000,570000,2015-11-09 08:27:00,2015-11-09 08:27:00,2015,11,9,0,4,570428.5714285715,579333.3333333334,579477.7777777778,0.0,0.007276863996664228
1447113600000,570000,2015-11-10 00:00:00,2015-11-10 00:00:00,2015,11,10,1,4,570142.8571428572,578433.3333333334,579511.1111111111,0.0,0.007223027868218065
1447200000000,570000,2015-11-11 00:00:00,2015-11-11 00:00:00,2015,11,11,2,4,570000.0,577533.3333333334,579544.4444444445,0.0,0.007223027868218065
1447286400000,570000,2015-11-12 00:00:00,2015-11-12 00:00:00,2015,11,12,3,4,570000.0,576800.0,579577.7777777778,0.0,0.007109746370232762
1447372800000,569000,2015-11-13 00:00:00,2015-11-13 00:00:00,2015,11,13,4,4,569857.1428571428,576200.0,579600.0,-0.0017543859649122862,0.006979558100146323
1447459200000,569000,2015-11-14 00:00:00,2015-11-14 00:00:00,2015,11,14,5,4,569714.2857142857,576100.0,579622.2222222222,0.0,0.005218592591608291
1447632000000,569000,2015-11-16 00:00:00,2015-11-16 00:00:00,2015,11,16,0,4,569571.4285714285,575866.6666666666,579644.4444444445,0.0,0.005041131463611637
1447718400000,569000,2015-11-17 00:00:00,2015-11-17 00:00:00,2015,11,17,1,4,569428.5714285715,575600.0,579666.6666666666,0.0,0.005025761774281198
1447804800000,569000,2015-11-18 00:00:00,2015-11-18 00:00:00,2015,11,18,2,4,569285.7142857143,574966.6666666666,579688.8888888889,0.0,0.0034223255971265825
1447891200000,569000,2015-11-19 00:00:00,2015-11-19 00:00:00,2015,11,19,3,4,569142.8571428572,574500.0,579711.1111111111,0.0,0.003126377253383726
1447977600000,569000,2015-11-20 00:00:00,2015-11-20 00:00:00,2015,11,20,4,4,569000.0,574100.0,579744.4444444445,0.0,0.0030895612735201113
1448064000000,568000,2015-11-21 00:00:00,2015-11-21 00:00:00,2015,11,21,5,4,568857.1428571428,573500.0,579755.5555555555,-0.0017574692442882123,0.0025457607880835236
1448150400000,569000,2015-11-22 00:00:00,2015-11-22 00:00:00,2015,11,22,6,4,568857.1428571428,573033.3333333334,579788.8888888889,0.0017605633802817433,0.0024741279920401952
1448236800000,569000,2015-11-23 00:00:00,2015-11-23 00:00:00,2015,11,23,0,4,568857.1428571428,572566.6666666666,579822.2222222222,0.0,0.0024741279920401952
1448323200000,568000,2015-11-24 00:00:00,2015-11-24 00:00:00,2015,11,24,1,4,568714.2857142857,572000.0,579833.3333333334,-0.0017574692442882123,0.002345709761126845
1448439034000,568000,2015-11-25 08:10:34,2015-11-25 08:10:34,2015,11,25,2,4,568571.4285714285,571500.0,579833.3333333334,0.0,0.0023058422398912963
1448525117000,567000,2015-11-26 08:05:17,2015-11-26 08:05:17,2015,11,26,3,4,568285.7142857143,571066.6666666666,579833.3333333334,-0.0017605633802817433,0.00216787872092008
1448610758000,568000,2015-11-27 07:52:38,2015-11-27 07:52:38,2015,11,27,4,4,568142.8571428572,570733.3333333334,579844.4444444445,0.0017636684303350414,0.002153229197620032
1448698398000,567000,2015-11-28 08:13:18,2015-11-28 08:13:18,2015,11,28,5,4,568000.0,570366.6666666666,579844.4444444445,-0.0017605633802817433,0.0021608735789762907
1448870869000,566000,2015-11-30 08:07:49,2015-11-30 08:07:49,2015,11,30,0,4,567571.4285714285,569933.3333333334,579822.2222222222,-0.0017636684303351524,0.002122653760402983
1448958903000,567000,2015-12-01 08:35:03,2015-12-01 08:35:03,2015,12,1,1,4,567285.7142857143,569533.3333333334,579766.6666666666,0.0017667844522968323,0.002168326571591505
1449043074000,567000,2015-12-02 07:57:54,2015-12-02 07:57:54,2015,12,2,2,4,567142.8571428572,569166.6666666666,579622.2222222222,0.0,0.0021629154422814134
1449129275000,566000,2015-12-03 07:54:35,2015-12-03 07:54:35,2015,12,3,3,4,566857.1428571428,568966.6666666666,579400.0,-0.0017636684303351524,0.0011676885128407868
1449215715000,567000,2015-12-04 07:55:15,2015-12-04 07:55:15,2015,12,4,4,4,566857.1428571428,568766.6666666666,579255.5555555555,0.0017667844522968323,0.0011688416129315676
1449299160000,566000,2015-12-05 07:06:00,2015-12-05 07:06:00,2015,12,5,5,4,566571.4285714285,568566.6666666666,579066.6666666666,-0.0017636684303351524,0.0011696062849163367
1449475238000,568000,2015-12-07 08:00:38,2015-12-07 08:00:38,2015,12,7,0,4,566714.2857142857,568466.6666666666,578888.8888888889,0.0035335689045936647,0.0013374788701310944
1449562718000,567000,2015-12-08 08:18:38,2015-12-08 08:18:38,2015,12,8,1,4,566857.1428571428,568366.6666666666,578711.1111111111,-0.0017605633802817433,0.001337855870721974
1449733812000,567000,2015-12-10 07:50:12,2015-12-10 07:50:12,2015,12,10,3,4,566857.1428571428,568266.6666666666,578588.8888888889,0.0,0.001337855870721974
1449821330000,568000,2015-12-11 08:08:50,2015-12-11 08:08:50,2015,12,11,4,4,567000.0,568200.0,578477.7777777778,0.0017636684303350414,0.0013837741260083005
1449902564000,568000,2015-12-12 06:42:44,2015-12-12 06:42:44,2015,12,12,5,4,567285.7142857143,568133.3333333334,578411.1111111111,0.0,0.0013837741260083005
1450080572000,568000,2015-12-14 08:09:32,2015-12-14 08:09:32,2015,12,14,0,4,567428.5714285715,568066.6666666666,578311.1111111111,0.0,0.0013837741260083005
1450165583000,567000,2015-12-15 07:46:23,2015-12-15 07:46:23,2015,12,15,1,4,567571.4285714285,567966.6666666666,578188.8888888889,-0.0017605633802817433,0.001415640319636431
1450254158000,567000,2015-12-16 08:22:38,2015-12-16 08:22:38,2015,12,16,2,4,567428.5714285715,567866.6666666666,578044.4444444445,0.0,0.001415640319636431
1450339477000,567000,2015-12-17 08:04:37,2015-12-17 08:04:37,2015,12,17,3,4,567428.5714285715,567766.6666666666,577900.0,0.0,0.001415640319636431
1450425708000,566000,2015-12-18 08:01:48,2015-12-18 08:01:48,2015,12,18,4,4,567285.7142857143,567666.6666666666,577766.6666666666,-0.0017636684303351524,0.0014159984161929752
1450686884000,567000,2015-12-21 08:34:44,2015-12-21 08:34:44,2015,12,21,0,4,567142.8571428572,567600.0,577644.4444444445,0.0017667844522968323,0.001459607281582603
1450771230000,567000,2015-12-22 08:00:30,2015-12-22 08:00:30,2015,12,22,1,4,567000.0,567533.3333333334,577533.3333333334,0.0,0.001459607281582603
1450857789000,565000,2015-12-23 08:03:09,2015-12-23 08:03:09,2015,12,23,2,4,566571.4285714285,567400.0,577377.7777777778,-0.003527336860670194,0.0015864709663637
1451290723000,565000,2015-12-28 08:18:43,2015-12-28 08:18:43,2015,12,28,0,4,566285.7142857143,567266.6666666666,577222.2222222222,0.0,0.0015864709663637
1451376799000,565000,2015-12-29 08:13:19,2015-12-29 08:13:19,2015,12,29,1,4,566000.0,567133.3333333334,577044.4444444445,0.0,0.0015864709663637
1451462856000,565000,2015-12-30 08:07:36,2015-12-30 08:07:36,2015,12,30,2,4,565714.2857142857,567000.0,576922.2222222222,0.0,0.0015864709663637
1451549339000,565000,2015-12-31 08:08:59,2015-12-31 08:08:59,2015,12,31,3,4,565571.4285714285,566900.0,576755.5555555555,0.0,0.0015605077376907351
1451894931000,565000,2016-01-04 08:08:51,2016-01-04 08:08:51,2016,1,4,0,1,565285.7142857143,566766.6666666666,576611.1111111111,0.0,0.0015177124834636724
1451982417000,566000,2016-01-05 08:26:57,2016-01-05 08:26:57,2016,1,5,1,1,565142.8571428572,566666.6666666666,576488.8888888889,0.001769911504424737,0.0015609085109480256
1452068006000,566000,2016-01-06 08:13:26,2016-01-06 08:13:26,2016,1,6,2,1,565285.7142857143,566600.0,576344.4444444445,0.0,0.0015321851808489737
1452152774000,567000,2016-01-07 07:46:14,2016-01-07 07:46:14,2016,1,7,3,1,565571.4285714285,566566.6666666666,576211.1111111111,0.0017667844522968323,0.001570296084876239
1452239818000,569000,2016-01-08 07:56:58,2016-01-08 07:56:58,2016,1,8,4,1,566142.8571428572,566633.3333333334,576033.3333333334,0.003527336860670305,0.0016663825467597608
1452322624000,568000,2016-01-09 06:57:04,2016-01-09 06:57:04,2016,1,9,5,1,566571.4285714285,566633.3333333334,575788.8888888889,-0.0017574692442882123,0.0016705258443390613
1452499552000,568000,2016-01-11 08:05:52,2016-01-11 08:05:52,2016,1,11,0,1,567000.0,566666.6666666666,575533.3333333334,0.0,0.0016370851974757358
1452583320000,567000,2016-01-12 07:22:00,2016-01-12 07:22:00,2016,1,12,1,1,567285.7142857143,566700.0,575244.4444444445,-0.0017605633802817433,0.0016369660152347075
1452671758000,565000,2016-01-13 07:55:58,2016-01-13 07:55:58,2016,1,13,2,1,567142.8571428572,566633.3333333334,574955.5555555555,-0.003527336860670194,0.0017293924024397343
1452758600000,566000,2016-01-14 08:03:20,2016-01-14 08:03:20,2016,1,14,3,1,567142.8571428572,566600.0,574700.0,0.001769911504424737,0.001763354081395041
1452844371000,563000,2016-01-15 07:52:51,2016-01-15 07:52:51,2016,1,15,4,1,566571.4285714285,566500.0,574222.2222222222,-0.005300353356890497,0.00198558452837252
1452929793000,562000,2016-01-16 07:36:33,2016-01-16 07:36:33,2016,1,16,5,1,565571.4285714285,566333.3333333334,573755.5555555555,-0.001776198934280604,0.001971408727307759
1453104175000,565000,2016-01-18 08:02:55,2016-01-18 08:02:55,2016,1,18,0,1,565142.8571428572,566300.0,573300.0,0.005338078291814874,0.0022016980489166973
1453190078000,565000,2016-01-19 07:54:38,2016-01-19 07:54:38,2016,1,19,1,1,564714.2857142857,566200.0,572900.0,0.0,0.0020949400418966532
1453276711000,565000,2016-01-20 07:58:31,2016-01-20 07:58:31,2016,1,20,2,1,564428.5714285715,566133.3333333334,572511.1111111111,0.0,0.002073524167702862
1453363566000,567000,2016-01-21 08:06:06,2016-01-21 08:06:06,2016,1,21,3,1,564714.2857142857,566133.3333333334,572188.8888888889,0.003539823008849474,0.0021783999112195986
1453449414000,567000,2016-01-22 07:56:54,2016-01-22 07:56:54,2016,1,22,4,1,564857.1428571428,566100.0,571888.8888888889,0.0,0.002152874892549951
1453534270000,565000,2016-01-23 07:31:10,2016-01-23 07:31:10,2016,1,23,5,1,565142.8571428572,566000.0,571500.0,-0.003527336860670194,0.002244073044476248
1453709139000,564000,2016-01-25 08:05:39,2016-01-25 08:05:39,2016,1,25,0,1,565428.5714285715,565866.6666666666,571088.8888888889,-0.001769911504424737,0.002262528565268128
1453795329000,567000,2016-01-26 08:02:09,2016-01-26 08:02:09,2016,1,26,1,1,565714.2857142857,565866.6666666666,570755.5555555555,0.005319148936170137,0.002458449109860108
1453880949000,572000,2016-01-27 07:49:09,2016-01-27 07:49:09,2016,1,27,2,1,566714.2857142857,566033.3333333334,570477.7777777778,0.008818342151675429,0.0029384181796281725
1453968087000,573000,2016-01-28 08:01:27,2016-01-28 08:01:27,2016,1,28,3,1,567857.1428571428,566233.3333333334,570266.6666666666,0.0017482517482516613,0.002949642036976303
1454054875000,570000,2016-01-29 08:07:55,2016-01-29 08:07:55,2016,1,29,4,1,568285.7142857143,566366.6666666666,570077.7777777778,-0.005235602094240788,0.00309992487606383
1454057764000,570000,2016-01-29 08:56:04,2016-01-29 08:56:04,2016,1,29,4,1,568714.2857142857,566466.6666666666,570055.5555555555,0.0,0.003086661415579254
1454140933000,568000,2016-01-30 08:02:13,2016-01-30 08:02:13,2016,1,30,5,1,569142.8571428572,566500.0,569966.6666666666,-0.0035087719298245723,0.0031593580683106385
1454313461000,568000,2016-02-01 07:57:41,2016-02-01 07:57:41,2016,2,1,0,1,569714.2857142857,566600.0,569866.6666666666,0.0,0.0030858941768084533
1454313701000,568000,2016-02-01 08:01:41,2016-02-01 08:01:41,2016,2,1,0,1,569857.1428571428,566700.0,569644.4444444445,0.0,0.0030858941768084533
1454399570000,567000,2016-02-02 07:52:50,2016-02-02 07:52:50,2016,2,2,1,1,569142.8571428572,566766.6666666666,569466.6666666666,-0.0017605633802817433,0.0031061318989583885
1454486100000,566000,2016-02-03 07:55:00,2016-02-03 07:55:00,2016,2,3,2,1,568142.8571428572,566800.0,569300.0,-0.0017636684303351524,0.0031251613371511954
1454572799000,570000,2016-02-04 07:59:59,2016-02-04 07:59:59,2016,2,4,3,1,568142.8571428572,566966.6666666666,569122.2222222222,0.007067137809187329,0.003376450883542339
1454660151000,572000,2016-02-05 08:15:51,2016-02-05 08:15:51,2016,2,5,4,1,568428.5714285715,567200.0,569000.0,0.0035087719298245723,0.0034261339570640873
1454743782000,578000,2016-02-06 07:29:42,2016-02-06 07:29:42,2016,2,6,5,1,569857.1428571428,567600.0,568944.4444444445,0.010489510489510412,0.003884177690015122
1455004884000,584000,2016-02-09 08:01:24,2016-02-09 08:01:24,2016,2,9,1,1,572142.8571428572,568200.0,568933.3333333334,0.01038062283737018,0.004262946650492492
1455092585000,582000,2016-02-10 08:23:05,2016-02-10 08:23:05,2016,2,10,2,1,574142.8571428572,568700.0,568922.2222222222,-0.003424657534246589,0.004337681194488973
1455179870000,581000,2016-02-11 08:37:50,2016-02-11 08:37:50,2016,2,11,3,1,576142.8571428572,569100.0,568933.3333333334,-0.0017182130584192379,0.004333001146247606
1455264278000,593000,2016-02-12 08:04:38,2016-02-12 08:04:38,2016,2,12,4,1,580000.0,569933.3333333334,569100.0,0.0206540447504302,0.005631291070103061
1455348268000,595000,2016-02-13 07:24:28,2016-02-13 07:24:28,2016,2,13,5,1,583571.4285714285,570833.3333333334,569288.8888888889,0.003372681281618828,0.005634968335683689
1455524186000,594000,2016-02-15 08:16:26,2016-02-15 08:16:26,2016,2,15,0,1,586714.2857142857,571733.3333333334,569455.5555555555,-0.001680672268907557,0.005633361432562483
1455609936000,586000,2016-02-16 08:05:36,2016-02-16 08:05:36,2016,2,16,1,1,587857.1428571428,572433.3333333334,569533.3333333334,-0.013468013468013518,0.006206546998666816
1455697246000,580000,2016-02-17 08:20:46,2016-02-17 08:20:46,2016,2,17,2,1,587285.7142857143,572900.0,569555.5555555555,-0.010238907849829393,0.006548731963040153
1455782656000,583000,2016-02-18 08:04:16,2016-02-18 08:04:16,2016,2,18,3,1,587428.5714285715,573566.6666666666,569677.7777777778,0.005172413793103514,0.006489237774837969
1455869661000,593000,2016-02-19 08:14:21,2016-02-19 08:14:21,2016,2,19,4,1,589142.8571428572,574600.0,569900.0,0.0171526586620927,0.007084386211559721
1455955339000,595000,2016-02-20 08:02:19,2016-02-20 08:02:19,2016,2,20,5,1,589428.5714285715,575600.0,570155.5555555555,0.003372681281618828,0.007059732411584165
1456127970000,594000,2016-02-22 07:59:30,2016-02-22 07:59:30,2016,2,22,0,1,589285.7142857143,576566.6666666666,570411.1111111111,-0.001680672268907557,0.007080735548054065
1456214648000,583000,2016-02-23 08:04:08,2016-02-23 08:04:08,2016,2,23,1,1,587714.2857142857,577166.6666666666,570555.5555555555,-0.01851851851851849,0.007983197078416618
1456301349000,587000,2016-02-24 08:09:09,2016-02-24 08:09:09,2016,2,24,2,1,587857.1428571428,577833.3333333334,570744.4444444445,0.006861063464836947,0.008041349867581263
1456386999000,587000,2016-02-25 07:56:39,2016-02-25 07:56:39,2016,2,25,3,1,588857.1428571428,578500.0,570933.3333333334,0.0,0.008041349867581263
1456474895000,591000,2016-02-26 08:21:35,2016-02-26 08:21:35,2016,2,26,4,1,590000.0,579366.6666666666,571166.6666666666,0.006814310051107331,0.008053922650135652
1456556787000,584000,2016-02-27 07:06:27,2016-02-27 07:06:27,2016,2,27,5,1,588714.2857142857,580033.3333333334,571322.2222222222,-0.011844331641285955,0.008398988562373966
1456733977000,584000,2016-02-29 08:19:37,2016-02-29 08:19:37,2016,2,29,0,1,587142.8571428572,580600.0,571477.7777777778,0.0,0.008365028624263473
1456820844000,593000,2016-03-01 08:27:24,2016-03-01 08:27:24,2016,3,1,1,1,587000.0,581300.0,571733.3333333334,0.015410958904109595,0.008658437080201538
1456905680000,588000,2016-03-02 08:01:20,2016-03-02 08:01:20,2016,3,2,2,1,587714.2857142857,581800.0,571933.3333333334,-0.00843170320404718,0.008835451996991595
1456992245000,590000,2016-03-03 08:04:05,2016-03-03 08:04:05,2016,3,3,3,1,588142.8571428572,582466.6666666666,572166.6666666666,0.00340136054421758,0.008769118641285897
1457080272000,594000,2016-03-04 08:31:12,2016-03-04 08:31:12,2016,3,4,4,1,589142.8571428572,583266.6666666666,572444.4444444445,0.006779661016949046,0.008824648607305818
1457163624000,591000,2016-03-05 07:40:24,2016-03-05 07:40:24,2016,3,5,5,1,589142.8571428572,584033.3333333334,572688.8888888889,-0.005050505050505083,0.008858724589737764
1457339165000,593000,2016-03-07 08:26:05,2016-03-07 08:26:05,2016,3,7,0,1,590428.5714285715,584866.6666666666,572955.5555555555,0.0033840947546530664,0.00886232961750849
1457425482000,590000,2016-03-08 08:24:42,2016-03-08 08:24:42,2016,3,8,1,1,591285.7142857143,585600.0,573188.8888888889,-0.005059021922428353,0.008939157454030934
1457509949000,591000,2016-03-09 07:52:29,2016-03-09 07:52:29,2016,3,9,2,1,591000.0,586400.0,573433.3333333334,0.0016949152542373724,0.00892052340251219
1457596118000,588000,2016-03-10 07:48:38,2016-03-10 07:48:38,2016,3,10,3,1,591000.0,587133.3333333334,573644.4444444445,-0.005076142131979711,0.008981596425080382
1457684161000,595000,2016-03-11 08:16:01,2016-03-11 08:16:01,2016,3,11,4,1,591714.2857142857,587966.6666666666,573944.4444444445,0.011904761904761862,0.009130696955976193
1457764088000,586000,2016-03-12 06:28:08,2016-03-12 06:28:08,2016,3,12,5,1,590571.4285714285,588433.3333333334,574133.3333333334,-0.015126050420168013,0.00960871499837208
1457943806000,585000,2016-03-14 08:23:26,2016-03-14 08:23:26,2016,3,14,0,1,589714.2857142857,588666.6666666666,574311.1111111111,-0.0017064846416382506,0.009443434358903808
1458029651000,580000,2016-03-15 08:14:11,2016-03-15 08:14:11,2016,3,15,1,1,587857.1428571428,588533.3333333334,574444.4444444445,-0.008547008547008517,0.009388824256644036
1458030104000,580000,2016-03-15 08:21:44,2016-03-15 08:21:44,2016,3,15,1,1,586428.5714285715,588466.6666666666,574577.7777777778,0.0,0.009368893597342684
1458115707000,579000,2016-03-16 08:08:27,2016-03-16 08:08:27,2016,3,16,2,1,584714.2857142857,588400.0,574711.1111111111,-0.0017241379310344307,0.009368929550690784
1458202720000,593000,2016-03-17 08:18:40,2016-03-17 08:18:40,2016,3,17,3,1,585428.5714285715,588400.0,574988.8888888889,0.024179620034542326,0.009655604234152605
1458288322000,591000,2016-03-18 08:05:22,2016-03-18 08:05:22,2016,3,18,4,1,584857.1428571428,588266.6666666666,575255.5555555555,-0.003372681281618939,0.009653979123736573
1458547463000,587000,2016-03-21 08:04:23,2016-03-21 08:04:23,2016,3,21,0,1,585000.0,588033.3333333334,575488.8888888889,-0.006768189509306244,0.009725669509586888
1458635541000,585000,2016-03-22 08:32:21,2016-03-22 08:32:21,2016,3,22,1,1,585000.0,588000.0,575688.8888888889,-0.0034071550255536653,0.009426576234541847
1458719833000,587000,2016-03-23 07:57:13,2016-03-23 07:57:13,2016,3,23,2,1,586000.0,588233.3333333334,575911.1111111111,0.0034188034188034067,0.009243768107816477
1458807021000,578000,2016-03-24 08:10:21,2016-03-24 08:10:21,2016,3,24,3,1,585714.2857142857,588066.6666666666,576044.4444444445,-0.015332197614991494,0.009631789128130704
1458979125000,579000,2016-03-26 07:58:45,2016-03-26 07:58:45,2016,3,26,5,1,585714.2857142857,587600.0,576177.7777777778,0.0017301038062282892,0.009066318569488727
1459151383000,580000,2016-03-28 07:49:43,2016-03-28 07:49:43,2016,3,28,0,1,583857.1428571428,587100.0,576333.3333333334,0.0017271157167531026,0.009045429525790606
1459241379000,583000,2016-03-29 08:49:39,2016-03-29 08:49:39,2016,3,29,1,1,582714.2857142857,586733.3333333334,576500.0,0.005172413793103514,0.0091090276379425
1459324731000,592000,2016-03-30 07:58:51,2016-03-30 07:58:51,2016,3,30,2,1,583428.5714285715,587033.3333333334,576777.7777777778,0.015437392795883298,0.008911020693382309
1459411634000,583000,2016-03-31 08:07:14,2016-03-31 08:07:14,2016,3,31,3,1,583142.8571428572,586900.0,576955.5555555555,-0.015202702702702742,0.009275163026924072
1459497803000,584000,2016-04-01 08:03:23,2016-04-01 08:03:23,2016,4,1,4,2,582714.2857142857,586800.0,577133.3333333334,0.0017152658662091813,0.009281636364379562
1459582726000,580000,2016-04-02 07:38:46,2016-04-02 07:38:46,2016,4,2,5,2,583000.0,586433.3333333334,577266.6666666666,-0.006849315068493178,0.009264387686479445
1459757376000,582000,2016-04-04 08:09:36,2016-04-04 08:09:36,2016,4,4,0,2,583428.5714285715,586366.6666666666,577422.2222222222,0.0034482758620688614,0.009041528302056073
1459843082000,579000,2016-04-05 07:58:02,2016-04-05 07:58:02,2016,4,5,1,2,583285.7142857143,586200.0,577555.5555555555,-0.005154639175257714,0.00908890896148374
1459930511000,586000,2016-04-06 08:15:11,2016-04-06 08:15:11,2016,4,6,2,2,583714.2857142857,585966.6666666666,577766.6666666666,0.012089810017271052,0.00891008487433568
1460016526000,584000,2016-04-07 08:08:46,2016-04-07 08:08:46,2016,4,7,3,2,582571.4285714285,585833.3333333334,577955.5555555555,-0.0034129692832765013,0.00879969060201657
1460103162000,589000,2016-04-08 08:12:42,2016-04-08 08:12:42,2016,4,8,4,2,583428.5714285715,585800.0,578211.1111111111,0.008561643835616417,0.00892190214035911
1460189249000,586000,2016-04-09 08:07:29,2016-04-09 08:07:29,2016,4,9,5,2,583714.2857142857,585533.3333333334,578422.2222222222,-0.005093378607809895,0.008873163505452104
1460360413000,589000,2016-04-11 07:40:13,2016-04-11 07:40:13,2016,4,11,0,2,585000.0,585466.6666666666,578666.6666666666,0.005119453924914641,0.008884180259570607
1460448157000,594000,2016-04-12 08:02:37,2016-04-12 08:02:37,2016,4,12,1,2,586714.2857142857,585500.0,578988.8888888889,0.008488964346349714,0.009000839149507993
1460533536000,592000,2016-04-13 07:45:36,2016-04-13 07:45:36,2016,4,13,2,2,588571.4285714285,585566.6666666666,579288.8888888889,-0.0033670033670033517,0.008972685411760334
1460621178000,588000,2016-04-14 08:06:18,2016-04-14 08:06:18,2016,4,14,3,2,588857.1428571428,585466.6666666666,579544.4444444445,-0.006756756756756799,0.009054863887579105
1460708867000,585000,2016-04-15 08:27:47,2016-04-15 08:27:47,2016,4,15,4,2,589000.0,585366.6666666666,579766.6666666666,-0.005102040816326481,0.009055352923841064
1460792138000,585000,2016-04-16 07:35:38,2016-04-16 07:35:38,2016,4,16,5,2,588428.5714285715,585033.3333333334,579988.8888888889,0.0,0.008765955484323577
1460966997000,586000,2016-04-18 08:09:57,2016-04-18 08:09:57,2016,4,18,0,2,588428.5714285715,585033.3333333334,580222.2222222222,0.0017094017094017033,0.008327075753579369
1461052029000,586000,2016-04-19 07:47:09,2016-04-19 07:47:09,2016,4,19,1,2,588000.0,585066.6666666666,580444.4444444445,0.0,0.008320606782960335
1461140328000,592000,2016-04-20 08:18:48,2016-04-20 08:18:48,2016,4,20,2,2,587714.2857142857,585466.6666666666,580733.3333333334,0.010238907849829282,0.008354992342184196
1461226226000,587000,2016-04-21 08:10:26,2016-04-21 08:10:26,2016,4,21,3,2,587000.0,585700.0,580955.5555555555,-0.008445945945945943,0.008520623454785888
1461312593000,590000,2016-04-22 08:09:53,2016-04-22 08:09:53,2016,4,22,4,2,587285.7142857143,586066.6666666666,581188.8888888889,0.005110732538330387,0.008552220921610905
1461397360000,587000,2016-04-23 07:42:40,2016-04-23 07:42:40,2016,4,23,5,2,587571.4285714285,585866.6666666666,581400.0,-0.005084745762711895,0.007363747637560836
1461572135000,585000,2016-04-25 08:15:35,2016-04-25 08:15:35,2016,4,25,0,2,587571.4285714285,585666.6666666666,581588.8888888889,-0.0034071550255536653,0.0073642442894044135
1461657469000,586000,2016-04-26 07:57:49,2016-04-26 07:57:49,2016,4,26,1,2,587571.4285714285,585633.3333333334,581800.0,0.0017094017094017033,0.007270085976678136
1461745348000,589000,2016-04-27 08:22:28,2016-04-27 08:22:28,2016,4,27,2,2,588000.0,585766.6666666666,582066.6666666666,0.005119453924914641,0.0073001662686406595
1461830218000,591000,2016-04-28 07:56:58,2016-04-28 07:56:58,2016,4,28,3,2,587857.1428571428,585900.0,582344.4444444445,0.00339558573853993,0.007299820291051478
1461916570000,598000,2016-04-29 07:56:10,2016-04-29 07:56:10,2016,4,29,4,2,589428.5714285715,586566.6666666666,582733.3333333334,0.011844331641285955,0.006978343017117708
1462003731000,608000,2016-04-30 08:08:51,2016-04-30 08:08:51,2016,4,30,5,2,592000.0,587533.3333333334,583244.4444444445,0.01672240802675584,0.007535320173033378
1462176365000,608000,2016-05-02 08:06:05,2016-05-02 08:06:05,2016,5,2,0,2,595000.0,588466.6666666666,583722.2222222222,0.0,0.007541367541938423
1462263297000,606000,2016-05-03 08:14:57,2016-05-03 08:14:57,2016,5,3,1,2,598000.0,589233.3333333334,584177.7777777778,-0.003289473684210509,0.0075613727239306
1462348690000,605000,2016-05-04 07:58:10,2016-05-04 07:58:10,2016,5,4,2,2,600714.2857142857,589666.6666666666,584622.2222222222,-0.0016501650165016146,0.007090016979300235
1462606663000,603000,2016-05-07 07:37:43,2016-05-07 07:37:43,2016,5,7,5,2,602714.2857142857,590333.3333333334,585022.2222222222,-0.0033057851239669533,0.006472910376903433
1462780976000,607000,2016-05-09 08:02:56,2016-05-09 08:02:56,2016,5,9,0,2,605000.0,591100.0,585466.6666666666,0.0066334991708125735,0.006549675472766499
1462868587000,603000,2016-05-10 08:23:07,2016-05-10 08:23:07,2016,5,10,1,2,605714.2857142857,591866.6666666666,585888.8888888889,-0.00658978583196046,0.006538690261245395
1462953521000,602000,2016-05-11 07:58:41,2016-05-11 07:58:41,2016,5,11,2,2,604857.1428571428,592533.3333333334,586311.1111111111,-0.0016583747927031434,0.006547777706382114
1463039763000,606000,2016-05-12 07:56:03,2016-05-12 07:56:03,2016,5,12,3,2,604571.4285714285,593433.3333333334,586744.4444444445,0.006644518272425293,0.0065104363958215575
1463126745000,602000,2016-05-13 08:05:45,2016-05-13 08:05:45,2016,5,13,4,2,604000.0,593966.6666666666,587077.7777777778,-0.0066006600660065695,0.006358664052753747
1463214499000,605000,2016-05-14 08:28:19,2016-05-14 08:28:19,2016,5,14,5,2,604000.0,594666.6666666666,587433.3333333334,0.004983388704318914,0.0063462427127504994
1463386514000,606000,2016-05-16 08:15:14,2016-05-16 08:15:14,2016,5,16,0,2,604428.5714285715,595233.3333333334,587833.3333333334,0.0016528925619834212,0.006193314908046131
1463473132000,606000,2016-05-17 08:18:52,2016-05-17 08:18:52,2016,5,17,1,2,604285.7142857143,595900.0,588233.3333333334,0.0,0.006090398108498932
1463559018000,607000,2016-05-18 08:10:18,2016-05-18 08:10:18,2016,5,18,2,2,604857.1428571428,596500.0,588666.6666666666,0.0016501650165017256,0.00604494343322094
1463645664000,604000,2016-05-19 08:14:24,2016-05-19 08:14:24,2016,5,19,3,2,605142.8571428572,596833.3333333334,589066.6666666666,-0.0049423393739703725,0.005969724182150462
1463733292000,608000,2016-05-20 08:34:52,2016-05-20 08:34:52,2016,5,20,4,2,605428.5714285715,597366.6666666666,589511.1111111111,0.0066225165562914245,0.006020714199890596
1463817568000,608000,2016-05-21 07:59:28,2016-05-21 07:59:28,2016,5,21,5,2,606285.7142857143,598033.3333333334,589966.6666666666,0.0,0.005848051216814492
1463991747000,606000,2016-05-23 08:22:27,2016-05-23 08:22:27,2016,5,23,0,2,606428.5714285715,598733.3333333334,590411.1111111111,-0.003289473684210509,0.0057905033753830925
1464077118000,606000,2016-05-24 08:05:18,2016-05-24 08:05:18,2016,5,24,1,2,606428.5714285715,599433.3333333334,590811.1111111111,0.0,0.0057905033753830925
1464163069000,601000,2016-05-25 07:57:49,2016-05-25 07:57:49,2016,5,25,2,2,605714.2857142857,599933.3333333334,591133.3333333334,-0.008250825082508295,0.00604000785595493
1464249251000,600000,2016-05-26 07:54:11,2016-05-26 07:54:11,2016,5,26,3,2,604714.2857142857,600400.0,591377.7777777778,-0.0016638935108153063,0.0060558001717837305
1464337283000,599000,2016-05-27 08:21:23,2016-05-27 08:21:23,2016,5,27,4,2,604000.0,600633.3333333334,591544.4444444445,-0.0016666666666667052,0.005800992382662342
1464422064000,599000,2016-05-28 07:54:24,2016-05-28 07:54:24,2016,5,28,5,2,602714.2857142857,601033.3333333334,591733.3333333334,0.0,0.005556258173204143
1464596120000,595000,2016-05-30 08:15:20,2016-05-30 08:15:20,2016,5,30,0,2,600857.1428571428,601200.0,591888.8888888889,-0.006677796327211993,0.005648891139367566
1464681721000,597000,2016-05-31 08:02:01,2016-05-31 08:02:01,2016,5,31,1,2,599571.4285714285,601533.3333333334,591933.3333333334,0.003361344537815114,0.005581506891637214
1464768891000,598000,2016-06-01 08:14:51,2016-06-01 08:14:51,2016,6,1,2,2,598428.5714285715,601966.6666666666,591966.6666666666,0.0016750418760469454,0.005533291187238
1464854235000,598000,2016-06-02 07:57:15,2016-06-02 07:57:15,2016,6,2,3,2,598000.0,602366.6666666666,592011.1111111111,0.0,0.0055318470447560325
1464943325000,597000,2016-06-03 08:42:05,2016-06-03 08:42:05,2016,6,3,4,2,597571.4285714285,602633.3333333334,592133.3333333334,-0.0016722408026755842,0.005483109432631158
1465027193000,605000,2016-06-04 07:59:53,2016-06-04 07:59:53,2016,6,4,5,2,598428.5714285715,603100.0,592411.1111111111,0.01340033500837512,0.005951768132933241
1465200571000,606000,2016-06-06 08:09:31,2016-06-06 08:09:31,2016,6,6,0,2,599428.5714285715,603366.6666666666,592666.6666666666,0.0016528925619834212,0.005578669995553954
1465285760000,603000,2016-06-07 07:49:20,2016-06-07 07:49:20,2016,6,7,1,2,600571.4285714285,603200.0,592777.7777777778,-0.004950495049504955,0.004740111670666856
1465372271000,598000,2016-06-08 07:51:11,2016-06-08 07:51:11,2016,6,8,2,2,600714.2857142857,602866.6666666666,592811.1111111111,-0.008291873963515717,0.004960777313002967
1465459700000,602000,2016-06-09 08:08:20,2016-06-09 08:08:20,2016,6,9,3,2,601285.7142857143,602733.3333333334,592900.0,0.006688963210702337,0.005102618782580445
1465545281000,602000,2016-06-10 07:54:41,2016-06-10 07:54:41,2016,6,10,4,2,601857.1428571428,602633.3333333334,593111.1111111111,0.0,0.0050954273642126405
1465640017000,608000,2016-06-11 10:13:37,2016-06-11 10:13:37,2016,6,11,5,2,603428.5714285715,602800.0,593344.4444444445,0.009966777408637828,0.005380488209769799
1465805165000,609000,2016-06-13 08:06:05,2016-06-13 08:06:05,2016,6,13,0,2,604000.0,602866.6666666666,593588.8888888889,0.00164473684210531,0.005253236570636537
1465892299000,612000,2016-06-14 08:18:19,2016-06-14 08:18:19,2016,6,14,1,2,604857.1428571428,603166.6666666666,593822.2222222222,0.0049261083743843415,0.005165825444680326
1465977658000,614000,2016-06-15 08:00:58,2016-06-15 08:00:58,2016,6,15,2,2,606428.5714285715,603566.6666666666,594155.5555555555,0.0032679738562091387,0.005172918927265125
1466064007000,616000,2016-06-16 08:00:07,2016-06-16 08:00:07,2016,6,16,3,2,609000.0,603900.0,594511.1111111111,0.0032573289902280145,0.005074064114846661
1466086222000,623000,2016-06-16 14:10:22,2016-06-16 14:10:22,2016,6,16,3,2,612000.0,604600.0,594844.4444444445,0.011363636363636465,0.005256820877830462
1466150766000,610000,2016-06-17 08:06:06,2016-06-17 08:06:06,2016,6,17,4,2,613142.8571428572,604766.6666666666,595088.8888888889,-0.020866773675762396,0.006564058905834718
1466234580000,621000,2016-06-18 07:23:00,2016-06-18 07:23:00,2016,6,18,5,2,615000.0,605266.6666666666,595433.3333333334,0.0180327868852459,0.007318733532899386
1466409841000,614000,2016-06-20 08:04:01,2016-06-20 08:04:01,2016,6,20,0,2,615714.2857142857,605533.3333333334,595655.5555555555,-0.011272141706924366,0.007645471248624878
1466496116000,610000,2016-06-21 08:01:56,2016-06-21 08:01:56,2016,6,21,1,2,615428.5714285715,605633.3333333334,595866.6666666666,-0.006514657980456029,0.007746503793294563
1466581541000,603000,2016-06-22 07:45:41,2016-06-22 07:45:41,2016,6,22,2,2,613857.1428571428,605600.0,595977.7777777778,-0.011475409836065542,0.007984043554756248
1466668235000,602000,2016-06-23 07:50:35,2016-06-23 07:50:35,2016,6,23,3,2,611857.1428571428,605400.0,596111.1111111111,-0.0016583747927031434,0.007888897265954414
1466755197000,601000,2016-06-24 07:59:57,2016-06-24 07:59:57,2016,6,24,4,2,608714.2857142857,605166.6666666666,596222.2222222222,-0.0016611295681062677,0.007892544695452067
1466765151000,617000,2016-06-24 10:45:51,2016-06-24 10:45:51,2016,6,24,4,2,609714.2857142857,605533.3333333334,596544.4444444445,0.0266222961730449,0.009277080914332462
1466836478000,628000,2016-06-25 06:34:38,2016-06-25 06:34:38,2016,6,25,5,2,610714.2857142857,606266.6666666666,596911.1111111111,0.017828200972447306,0.009791353344053972
1467015206000,630000,2016-06-27 08:13:26,2016-06-27 08:13:26,2016,6,27,0,2,613000.0,607233.3333333334,597400.0,0.0031847133757962887,0.00963058446071853
1467099994000,628000,2016-06-28 07:46:34,2016-06-28 07:46:34,2016,6,28,1,2,615571.4285714285,608166.6666666666,597877.7777777778,-0.0031746031746031633,0.009652255124879418
1467188399000,620000,2016-06-29 08:19:59,2016-06-29 08:19:59,2016,6,29,2,2,618000.0,608866.6666666666,598322.2222222222,-0.01273885350318471,0.009986050954648886
1467273181000,616000,2016-06-30 07:53:01,2016-06-30 07:53:01,2016,6,30,3,2,620000.0,609433.3333333334,598722.2222222222,-0.006451612903225823,0.010081734939044823
1467361015000,619000,2016-07-01 08:16:55,2016-07-01 08:16:55,2016,7,1,4,3,622571.4285714285,610233.3333333334,599166.6666666666,0.004870129870129913,0.009999300666089698
1468225034000,638000,2016-07-11 08:17:14,2016-07-11 08:17:14,2016,7,11,0,3,625571.4285714285,611600.0,599666.6666666666,0.030694668820678617,0.011342346910152639
1468309504000,632000,2016-07-12 07:45:04,2016-07-12 07:45:04,2016,7,12,1,3,626142.8571428572,612733.3333333334,600122.2222222222,-0.009404388714733591,0.011541298029933523
1468397595000,622000,2016-07-13 08:13:15,2016-07-13 08:13:15,2016,7,13,2,3,625000.0,613533.3333333334,600511.1111111111,-0.015822784810126556,0.011984574489273234
1468484040000,627000,2016-07-14 08:14:00,2016-07-14 08:14:00,2016,7,14,3,3,624857.1428571428,614533.3333333334,600977.7777777778,0.008038585209003246,0.012030303798888337
1468570221000,621000,2016-07-15 08:10:21,2016-07-15 08:10:21,2016,7,15,4,3,625000.0,615066.6666666666,601355.5555555555,-0.009569377990430672,0.011991193120616254
1468654501000,624000,2016-07-16 07:35:01,2016-07-16 07:35:01,2016,7,16,5,3,626142.8571428572,615666.6666666666,601866.6666666666,0.004830917874396157,0.01201173235668828
1468829572000,622000,2016-07-18 08:12:52,2016-07-18 08:12:52,2016,7,18,0,3,626571.4285714285,616300.0,602344.4444444445,-0.0032051282051281937,0.011985888271023794
1468840363000,622000,2016-07-18 11:12:43,2016-07-18 11:12:43,2016,7,18,0,3,624285.7142857143,617100.0,602811.1111111111,0.0,0.011856663592180756
1468914618000,621000,2016-07-19 07:50:18,2016-07-19 07:50:18,2016,7,19,1,3,622714.2857142857,617733.3333333334,603233.3333333334,-0.001607717041800627,0.011825282633765307
1469001437000,622000,2016-07-20 07:57:17,2016-07-20 07:57:17,2016,7,20,2,3,622714.2857142857,618400.0,603566.6666666666,0.0016103059581320522,0.011823755424999307
1469087972000,617000,2016-07-21 07:59:32,2016-07-21 07:59:32,2016,7,21,3,3,621285.7142857143,618700.0,603944.4444444445,-0.008038585209003246,0.011818136572451801
1469175987000,625000,2016-07-22 08:26:27,2016-07-22 08:26:27,2016,7,22,4,3,621857.1428571428,619233.3333333334,604400.0,0.01296596434359798,0.012032869426377544
1469254143000,620000,2016-07-23 06:09:03,2016-07-23 06:09:03,2016,7,23,5,3,621285.7142857143,619500.0,604844.4444444445,-0.008000000000000007,0.012116145983345336
1469433680000,620000,2016-07-25 08:01:20,2016-07-25 08:01:20,2016,7,25,0,3,621000.0,619700.0,605266.6666666666,0.0,0.012105120362247824
1469519079000,620000,2016-07-26 07:44:39,2016-07-26 07:44:39,2016,7,26,1,3,620714.2857142857,619833.3333333334,605722.2222222222,0.0,0.01209316000521324
1469606670000,621000,2016-07-27 08:04:30,2016-07-27 08:04:30,2016,7,27,2,3,620714.2857142857,619766.6666666666,606111.1111111111,0.001612903225806539,0.011914883332603122
1469692558000,625000,2016-07-28 07:55:58,2016-07-28 07:55:58,2016,7,28,3,3,621142.8571428572,620266.6666666666,606566.6666666666,0.006441223832528209,0.01129587750248186
1469709716000,625000,2016-07-28 12:41:56,2016-07-28 12:41:56,2016,7,28,3,3,622285.7142857143,620400.0,606966.6666666666,0.0,0.010820973368246289
1469780325000,625000,2016-07-29 08:18:45,2016-07-29 08:18:45,2016,7,29,4,3,622285.7142857143,620766.6666666666,607400.0,0.0,0.010599809856606338
1469866546000,628000,2016-07-30 08:15:46,2016-07-30 08:15:46,2016,7,30,5,3,623428.5714285715,621366.6666666666,607833.3333333334,0.0047999999999999154,0.010537353031807119
1470038021000,629000,2016-08-01 07:53:41,2016-08-01 07:53:41,2016,8,1,0,3,624714.2857142857,622233.3333333334,608222.2222222222,0.0015923566878981443,0.010269570830606319
1470124507000,631000,2016-08-02 07:55:07,2016-08-02 07:55:07,2016,8,2,1,3,626285.7142857143,623200.0,608655.5555555555,0.0031796502384737746,0.010256913867518236
1470213082000,635000,2016-08-03 08:31:22,2016-08-03 08:31:22,2016,8,3,2,3,628285.7142857143,624333.3333333334,609177.7777777778,0.006339144215530945,0.010272656070953115
1470298376000,634000,2016-08-04 08:12:56,2016-08-04 08:12:56,2016,8,4,3,3,629571.4285714285,624900.0,609722.2222222222,-0.0015748031496063408,0.009161238691999201
1470385166000,636000,2016-08-05 08:19:26,2016-08-05 08:19:26,2016,8,5,4,3,631142.8571428572,625166.6666666666,610288.8888888889,0.003154574132492094,0.008603593684354472
1470471010000,626000,2016-08-06 08:10:10,2016-08-06 08:10:10,2016,8,6,5,3,631285.7142857143,625033.3333333334,610733.3333333334,-0.01572327044025157,0.00907649172633349
1470644000000,626000,2016-08-08 08:13:20,2016-08-08 08:13:20,2016,8,8,0,3,631000.0,624966.6666666666,611177.7777777778,0.0,0.009058775060161285
1470729553000,627000,2016-08-09 07:59:13,2016-08-09 07:59:13,2016,8,9,1,3,630714.2857142857,625200.0,611566.6666666666,0.0015974440894568342,0.00873976357748985
1470816073000,629000,2016-08-10 08:01:13,2016-08-10 08:01:13,2016,8,10,2,3,630428.5714285715,625633.3333333334,612033.3333333334,0.0031897926634769647,0.008655570464367568
1470902686000,631000,2016-08-11 08:04:46,2016-08-11 08:04:46,2016,8,11,3,3,629857.1428571428,626033.3333333334,612488.8888888889,0.0031796502384737746,0.008633177832758783
1470989541000,628000,2016-08-12 08:12:21,2016-08-12 08:12:21,2016,8,12,4,3,629000.0,625700.0,612944.4444444445,-0.004754358161648153,0.006559815531558497
1471068705000,626000,2016-08-13 06:11:45,2016-08-13 06:11:45,2016,8,13,5,3,627571.4285714285,625500.0,613400.0,-0.0031847133757961776,0.006364242519518329
1471248749000,627000,2016-08-15 08:12:29,2016-08-15 08:12:29,2016,8,15,0,3,627714.2857142857,625666.6666666666,613855.5555555555,0.0015974440894568342,0.005654024325653514
1471334297000,629000,2016-08-16 07:58:17,2016-08-16 07:58:17,2016,8,16,1,3,628142.8571428572,625733.3333333334,614300.0,0.0031897926634769647,0.005491631791759057
1471509388000,632000,2016-08-18 08:36:28,2016-08-18 08:36:28,2016,8,18,3,3,628857.1428571428,626100.0,614755.5555555555,0.004769475357710551,0.0052372687542795796
1471594786000,632000,2016-08-19 08:19:46,2016-08-19 08:19:46,2016,8,19,4,3,629285.7142857143,626366.6666666666,615133.3333333334,0.0,0.005176570981884149
1471681405000,629000,2016-08-20 08:23:25,2016-08-20 08:23:25,2016,8,20,5,3,629000.0,626600.0,615366.6666666666,-0.004746835443038,0.005221440293856356
1471681848000,629000,2016-08-20 08:30:48,2016-08-20 08:30:48,2016,8,20,5,3,629142.8571428572,626833.3333333334,615600.0,0.0,0.005221440293856356
1471852902000,629000,2016-08-22 08:01:42,2016-08-22 08:01:42,2016,8,22,0,3,629571.4285714285,627100.0,615855.5555555555,0.0,0.005208503133110076
1471940490000,628000,2016-08-23 08:21:30,2016-08-23 08:21:30,2016,8,23,1,3,629714.2857142857,627300.0,616111.1111111111,-0.0015898251192368873,0.005216470096189979
1472025863000,629000,2016-08-24 08:04:23,2016-08-24 08:04:23,2016,8,24,2,3,629714.2857142857,627700.0,616400.0,0.0015923566878981443,0.004974214347541376
1472110740000,627000,2016-08-25 07:39:00,2016-08-25 07:39:00,2016,8,25,3,3,629000.0,627766.6666666666,616622.2222222222,-0.0031796502384737746,0.0044410819741359945
1472200527000,626000,2016-08-26 08:35:27,2016-08-26 08:35:27,2016,8,26,4,3,628142.8571428572,627966.6666666666,616877.7777777778,-0.0015948963317384823,0.004183968822066705
1472284825000,625000,2016-08-27 08:00:25,2016-08-27 08:00:25,2016,8,27,5,3,627571.4285714285,628133.3333333334,617133.3333333334,-0.0015974440894568342,0.004198447996952283
1472457005000,626000,2016-08-29 07:50:05,2016-08-29 07:50:05,2016,8,29,0,3,627142.8571428572,628333.3333333334,617355.5555555555,0.0016000000000000458,0.004204974068780734
1472457250000,626000,2016-08-29 07:54:10,2016-08-29 07:54:10,2016,8,29,0,3,626714.2857142857,628500.0,617622.2222222222,0.0,0.004198307009923447
1472543483000,627000,2016-08-30 07:51:23,2016-08-30 07:51:23,2016,8,30,1,3,626571.4285714285,628566.6666666666,617866.6666666666,0.0015974440894568342,0.004043303928990213
1472630418000,622000,2016-08-31 08:00:18,2016-08-31 08:00:18,2016,8,31,2,3,625571.4285714285,628466.6666666666,618044.4444444445,-0.00797448165869219,0.004304763894800842
1472716395000,622000,2016-09-01 07:53:15,2016-09-01 07:53:15,2016,9,1,3,3,624857.1428571428,628366.6666666666,618222.2222222222,0.0,0.004304763894800842
1472803932000,623000,2016-09-02 08:12:12,2016-09-02 08:12:12,2016,9,2,4,3,624428.5714285715,628200.0,618400.0,0.001607717041800738,0.004216704856624945
1472891330000,627000,2016-09-03 08:28:50,2016-09-03 08:28:50,2016,9,3,5,3,624714.2857142857,628133.3333333334,618655.5555555555,0.006420545746388395,0.004378778719439666
1473063669000,627000,2016-09-05 08:21:09,2016-09-05 08:21:09,2016,9,5,0,3,624857.1428571428,628000.0,618866.6666666666,0.0,0.004334999355996211
1473149662000,626000,2016-09-06 08:14:22,2016-09-06 08:14:22,2016,9,6,1,3,624857.1428571428,627700.0,619066.6666666666,-0.0015948963317384823,0.0041606385730214605
1473235346000,630000,2016-09-07 08:02:26,2016-09-07 08:02:26,2016,9,7,2,3,625285.7142857143,627566.6666666666,619333.3333333334,0.006389776357827559,0.004337864174459548
1473321267000,629000,2016-09-08 07:54:27,2016-09-08 07:54:27,2016,9,8,3,3,626285.7142857143,627333.3333333334,619588.8888888889,-0.0015873015873015817,0.004297552004015123
1473409368000,627000,2016-09-09 08:22:48,2016-09-09 08:22:48,2016,9,9,4,3,627000.0,627366.6666666666,619877.7777777778,-0.0031796502384737746,0.0032284943433078033
1473410223000,627000,2016-09-09 08:37:03,2016-09-09 08:37:03,2016,9,9,4,3,627571.4285714285,627400.0,620177.7777777778,0.0,0.0032284943433078033
1473492829000,624000,2016-09-10 07:33:49,2016-09-10 07:33:49,2016,9,10,5,3,627142.8571428572,627300.0,620455.5555555555,-0.004784688995215336,0.0033321799151185623
1473752544000,624000,2016-09-13 07:42:24,2016-09-13 07:42:24,2016,9,13,1,3,626714.2857142857,627133.3333333334,620733.3333333334,0.0,0.003272138065565205
1473837912000,623000,2016-09-14 07:25:12,2016-09-14 07:25:12,2016,9,14,2,3,626285.7142857143,626866.6666666666,621044.4444444445,-0.0016025641025640969,0.003214733753535826
1473926571000,625000,2016-09-15 08:02:51,2016-09-15 08:02:51,2016,9,15,3,3,625571.4285714285,626766.6666666666,621355.5555555555,0.0032102728731941976,0.0031730664759888976
1474014823000,624000,2016-09-16 08:33:43,2016-09-16 08:33:43,2016,9,16,4,3,624857.1428571428,626700.0,621644.4444444445,-0.0016000000000000458,0.0031338336886409554
1474098082000,621000,2016-09-17 07:41:22,2016-09-17 07:41:22,2016,9,17,5,3,624000.0,626500.0,621900.0,-0.004807692307692291,0.0032307547131300305
1474272587000,621000,2016-09-19 08:09:47,2016-09-19 08:09:47,2016,9,19,0,3,623142.8571428572,626233.3333333334,622166.6666666666,0.0,0.0031632007510821883
1474359512000,622000,2016-09-20 08:18:32,2016-09-20 08:18:32,2016,9,20,1,3,622857.1428571428,625900.0,622355.5555555555,0.0016103059581320522,0.0030343840887390346
1474444976000,623000,2016-09-21 08:02:56,2016-09-21 08:02:56,2016,9,21,2,3,622714.2857142857,625600.0,622544.4444444445,0.001607717041800738,0.003058117564532719
1474532929000,628000,2016-09-22 08:28:49,2016-09-22 08:28:49,2016,9,22,3,3,623428.5714285715,625566.6666666666,622822.2222222222,0.008025682182985605,0.0033205014860060974
1474621283000,627000,2016-09-23 09:01:23,2016-09-23 09:01:23,2016,9,23,4,3,623714.2857142857,625500.0,623144.4444444445,-0.0015923566878981443,0.0033324181623538033
1474704250000,628000,2016-09-24 08:04:10,2016-09-24 08:04:10,2016,9,24,5,3,624285.7142857143,625466.6666666666,623433.3333333334,0.0015948963317384823,0.0033467725558762843
1474877015000,627000,2016-09-26 08:03:35,2016-09-26 08:03:35,2016,9,26,0,3,625142.8571428572,625433.3333333334,623711.1111111111,-0.0015923566878981443,0.0033468128135082822
1474962681000,626000,2016-09-27 07:51:21,2016-09-27 07:51:21,2016,9,27,1,3,625857.1428571428,625333.3333333334,623911.1111111111,-0.0015948963317384823,0.003343541788801042
1475048648000,622000,2016-09-28 07:44:08,2016-09-28 07:44:08,2016,9,28,2,3,625857.1428571428,625166.6666666666,624055.5555555555,-0.006389776357827448,0.0034917935649538007
1475136239000,621000,2016-09-29 08:03:59,2016-09-29 08:03:59,2016,9,29,3,3,625571.4285714285,625000.0,624155.5555555555,-0.001607717041800627,0.003491963234757682
1475226269000,621000,2016-09-30 09:04:29,2016-09-30 09:04:29,2016,9,30,4,3,624571.4285714285,624866.6666666666,624233.3333333334,0.0,0.0034830555748491094
1475311268000,620000,2016-10-01 08:41:08,2016-10-01 08:41:08,2016,10,1,5,4,623571.4285714285,624666.6666666666,624277.7777777778,-0.0016103059581320522,0.0034748942429761584
1475481101000,621000,2016-10-03 07:51:41,2016-10-03 07:51:41,2016,10,3,0,4,622571.4285714285,624500.0,624255.5555555555,0.001612903225806539,0.003492371715856542
1475568477000,620000,2016-10-04 08:07:57,2016-10-04 08:07:57,2016,10,4,1,4,621571.4285714285,624266.6666666666,624366.6666666666,-0.0016103059581320522,0.003482589833005259
1475655451000,619000,2016-10-05 08:17:31,2016-10-05 08:17:31,2016,10,5,2,4,620571.4285714285,624166.6666666666,624344.4444444445,-0.001612903225806428,0.0031843943201816257
1475740592000,619000,2016-10-06 07:56:32,2016-10-06 07:56:32,2016,10,6,3,4,620142.8571428572,624066.6666666666,624400.0,0.0,0.0031843943201816257
1475828330000,619000,2016-10-07 08:18:50,2016-10-07 08:18:50,2016,10,7,4,4,619857.1428571428,623933.3333333334,624500.0,0.0,0.0031671662199898335
1475918661000,619000,2016-10-08 09:24:21,2016-10-08 09:24:21,2016,10,8,5,4,619571.4285714285,623666.6666666666,624677.7777777778,0.0,0.002910179341529844
1475918952000,619000,2016-10-08 09:29:12,2016-10-08 09:29:12,2016,10,8,5,4,619428.5714285715,623400.0,624866.6666666666,0.0,0.002910179341529844
1476086052000,619000,2016-10-10 07:54:12,2016-10-10 07:54:12,2016,10,10,0,4,619142.8571428572,623166.6666666666,625066.6666666666,0.0,0.0029026071380932822
1476172916000,619000,2016-10-11 08:01:56,2016-10-11 08:01:56,2016,10,11,1,4,619000.0,622800.0,625088.8888888889,0.0,0.0026090104962513327
1476258861000,619000,2016-10-12 07:54:21,2016-10-12 07:54:21,2016,10,12,2,4,619000.0,622466.6666666666,624988.8888888889,0.0,0.002604046022363157
1476345396000,620000,2016-10-13 07:56:36,2016-10-13 07:56:36,2016,10,13,3,4,619142.8571428572,622233.3333333334,624877.7777777778,0.001615508885298933,0.0025829294865811247
1476433537000,621000,2016-10-14 08:25:37,2016-10-14 08:25:37,2016,10,14,4,4,619428.5714285715,622033.3333333334,624800.0,0.001612903225806539,0.0026075854055967805
1476518427000,619000,2016-10-15 08:00:27,2016-10-15 08:00:27,2016,10,15,5,4,619428.5714285715,621866.6666666666,624788.8888888889,-0.0032206119162641045,0.002529653654624795
1476692854000,620000,2016-10-17 08:27:34,2016-10-17 08:27:34,2016,10,17,0,4,619571.4285714285,621733.3333333334,624833.3333333334,0.001615508885298933,0.002552581610473517
1476778019000,621000,2016-10-18 08:06:59,2016-10-18 08:06:59,2016,10,18,1,4,619857.1428571428,621666.6666666666,624855.5555555555,0.001612903225806539,0.002559642253565558
1476863948000,622000,2016-10-19 07:59:08,2016-10-19 07:59:08,2016,10,19,2,4,620285.7142857143,621566.6666666666,624677.7777777778,0.0016103059581320522,0.002504274702322536
1476949936000,622000,2016-10-20 07:52:16,2016-10-20 07:52:16,2016,10,20,3,4,620714.2857142857,621500.0,624566.6666666666,0.0,0.002489484961009444
1477037799000,620000,2016-10-21 08:16:39,2016-10-21 08:16:39,2016,10,21,4,4,620714.2857142857,621466.6666666666,624544.4444444445,-0.003215434083601254,0.002401151645205571
1477122274000,619000,2016-10-22 07:44:34,2016-10-22 07:44:34,2016,10,22,5,4,620428.5714285715,621400.0,624455.5555555555,-0.001612903225806428,0.002417969972394936
1477295375000,621000,2016-10-24 07:49:35,2016-10-24 07:49:35,2016,10,24,0,4,620714.2857142857,621366.6666666666,624455.5555555555,0.003231017770597644,0.0024750408444094937
1477382976000,621000,2016-10-25 08:09:36,2016-10-25 08:09:36,2016,10,25,1,4,620857.1428571428,621300.0,624422.2222222222,0.0,0.002455220593510016
1477469169000,622000,2016-10-26 08:06:09,2016-10-26 08:06:09,2016,10,26,2,4,621000.0,621100.0,624422.2222222222,0.0016103059581320522,0.001950127781679366
1477554908000,619000,2016-10-27 07:55:08,2016-10-27 07:55:08,2016,10,27,3,4,620571.4285714285,620833.3333333334,624388.8888888889,-0.004823151125401881,0.002105908814060192
1477643749000,620000,2016-10-28 08:35:49,2016-10-28 08:35:49,2016,10,28,4,4,620285.7142857143,620566.6666666666,624377.7777777778,0.001615508885298933,0.002106594083508348
1477727699000,621000,2016-10-29 07:54:59,2016-10-29 07:54:59,2016,10,29,5,4,620428.5714285715,620366.6666666666,624366.6666666666,0.001612903225806539,0.0021265403254258517
1477900700000,621000,2016-10-31 07:58:20,2016-10-31 07:58:20,2016,10,31,0,4,620714.2857142857,620200.0,624411.1111111111,0.0,0.0021134200470591105
1477986641000,622000,2016-11-01 07:50:41,2016-11-01 07:50:41,2016,11,1,1,4,620857.1428571428,620200.0,624377.7777777778,0.0016103059581320522,0.0017946479387248226
1478073022000,625000,2016-11-02 07:50:22,2016-11-02 07:50:22,2016,11,2,2,4,621428.5714285715,620333.3333333334,624433.3333333334,0.004823151125401992,0.001971184948588663
1478160489000,626000,2016-11-03 08:08:09,2016-11-03 08:08:09,2016,11,3,3,4,622000.0,620500.0,624500.0,0.0016000000000000458,0.0019867253810845337
1478248833000,627000,2016-11-04 08:40:33,2016-11-04 08:40:33,2016,11,4,4,4,623142.8571428572,620733.3333333334,624577.7777777778,0.0015974440894568342,0.001968314621382987
1478332302000,626000,2016-11-05 07:51:42,2016-11-05 07:51:42,2016,11,5,5,4,624000.0,620900.0,624633.3333333334,-0.0015948963317384823,0.001985866100898489
1478506022000,625000,2016-11-07 08:07:02,2016-11-07 08:07:02,2016,11,7,0,4,624571.4285714285,621066.6666666666,624633.3333333334,-0.0015974440894568342,0.0019854476747614893
1478590849000,623000,2016-11-08 07:40:49,2016-11-08 07:40:49,2016,11,8,1,4,624857.1428571428,621200.0,624611.1111111111,-0.0031999999999999806,0.002057188164853107
1478678831000,620000,2016-11-09 08:07:11,2016-11-09 08:07:11,2016,11,9,2,4,624571.4285714285,621233.3333333334,624555.5555555555,-0.0048154093097912964,0.0022532095452471304
1478685947000,630000,2016-11-09 10:05:47,2016-11-09 10:05:47,2016,11,9,2,4,625285.7142857143,621600.0,624577.7777777778,0.016129032258064502,0.003699444686266815
1478766797000,625000,2016-11-10 08:33:17,2016-11-10 08:33:17,2016,11,10,3,4,625142.8571428572,621800.0,624533.3333333334,-0.007936507936507908,0.004013796675888858
1478849529000,617000,2016-11-11 07:32:09,2016-11-11 07:32:09,2016,11,11,4,4,623714.2857142857,621733.3333333334,624377.7777777778,-0.012800000000000034,0.004675749342840492
1478938081000,613000,2016-11-12 08:08:01,2016-11-12 08:08:01,2016,11,12,5,4,621857.1428571428,621533.3333333334,624133.3333333334,-0.00648298217179899,0.004818722770744864
1479110441000,615000,2016-11-14 08:00:41,2016-11-14 08:00:41,2016,11,14,0,4,620428.5714285715,621400.0,623922.2222222222,0.0032626427406199365,0.004862657627670924
1479197469000,613000,2016-11-15 08:11:09,2016-11-15 08:11:09,2016,11,15,1,4,619000.0,621200.0,623666.6666666666,-0.003252032520325243,0.004894084343860319
1479284330000,614000,2016-11-16 08:18:50,2016-11-16 08:18:50,2016,11,16,2,4,618142.8571428572,621000.0,623533.3333333334,0.0016313213703098572,0.004894300056155069
1479369722000,614000,2016-11-17 08:02:02,2016-11-17 08:02:02,2016,11,17,3,4,615857.1428571428,620766.6666666666,623400.0,0.0,0.004881261359641953
1479456919000,611000,2016-11-18 08:15:19,2016-11-18 08:15:19,2016,11,18,4,4,613857.1428571428,620500.0,623222.2222222222,-0.004885993485342022,0.004924123383701668
1479543464000,610000,2016-11-19 08:17:44,2016-11-19 08:17:44,2016,11,19,5,4,612857.1428571428,620166.6666666666,623011.1111111111,-0.0016366612111292644,0.004913511845752293
1479715664000,610000,2016-11-21 08:07:44,2016-11-21 08:07:44,2016,11,21,0,4,612428.5714285715,619800.0,622777.7777777778,0.0,0.004898053113803571
1479802839000,612000,2016-11-22 08:20:39,2016-11-22 08:20:39,2016,11,22,1,4,612000.0,619466.6666666666,622600.0,0.003278688524590123,0.00493317183848299
1479888033000,611000,2016-11-23 08:00:33,2016-11-23 08:00:33,2016,11,23,2,4,611714.2857142857,619100.0,622433.3333333334,-0.0016339869281045694,0.0049361564161502685
1479975801000,609000,2016-11-24 08:23:21,2016-11-24 08:23:21,2016,11,24,3,4,611000.0,618733.3333333334,622233.3333333334,-0.00327332242225864,0.004937232219158302
1480062126000,610000,2016-11-25 08:22:06,2016-11-25 08:22:06,2016,11,25,4,4,610428.5714285715,618433.3333333334,622022.2222222222,0.0016420361247948545,0.004949608212918839
1480145060000,609000,2016-11-26 07:24:20,2016-11-26 07:24:20,2016,11,26,5,4,610142.8571428572,618033.3333333334,621766.6666666666,-0.0016393442622950616,0.00490347562702065
1480321475000,610000,2016-11-28 08:24:35,2016-11-28 08:24:35,2016,11,28,0,4,610142.8571428572,617666.6666666666,621522.2222222222,0.0016420361247948545,0.0049199866185179585
1480406814000,611000,2016-11-29 08:06:54,2016-11-29 08:06:54,2016,11,29,1,4,610285.7142857143,617300.0,621322.2222222222,0.0016393442622950616,0.004920436017171615
1480494168000,612000,2016-11-30 08:22:48,2016-11-30 08:22:48,2016,11,30,2,4,610285.7142857143,617066.6666666666,621133.3333333334,0.0016366612111293755,0.004869560320678573
1480579234000,608000,2016-12-01 08:00:34,2016-12-01 08:00:34,2016,12,1,3,4,609857.1428571428,616666.6666666666,620900.0,-0.006535947712418277,0.004981230635708128
1480666439000,609000,2016-12-02 08:13:59,2016-12-02 08:13:59,2016,12,2,4,4,609857.1428571428,616266.6666666666,620688.8888888889,0.00164473684210531,0.0049817303177395085
1480752933000,608000,2016-12-03 08:15:33,2016-12-03 08:15:33,2016,12,3,5,4,609571.4285714285,615833.3333333334,620455.5555555555,-0.0016420361247947435,0.004983496418302489
1480926610000,609000,2016-12-05 08:30:10,2016-12-05 08:30:10,2016,12,5,0,4,609571.4285714285,615400.0,620255.5555555555,0.00164473684210531,0.0049840490870324446
1481011780000,607000,2016-12-06 08:09:40,2016-12-06 08:09:40,2016,12,6,1,4,609142.8571428572,614800.0,620044.4444444445,-0.003284072249589487,0.004893681727766053
1481098704000,606000,2016-12-07 08:18:24,2016-12-07 08:18:24,2016,12,7,2,4,608428.5714285715,614133.3333333334,619833.3333333334,-0.0016474464579900872,0.004870918428390136
1481183708000,606000,2016-12-08 07:55:08,2016-12-08 07:55:08,2016,12,8,3,4,607571.4285714285,613433.3333333334,619611.1111111111,0.0,0.004849433395585039
1481271766000,605000,2016-12-09 08:22:46,2016-12-09 08:22:46,2016,12,9,4,4,607142.8571428572,612733.3333333334,619377.7777777778,-0.0016501650165016146,0.004849629123396128
1481357108000,605000,2016-12-10 08:05:08,2016-12-10 08:05:08,2016,12,10,5,4,606571.4285714285,612066.6666666666,619133.3333333334,0.0,0.004853036118043279
1481616718000,604000,2016-12-13 08:11:58,2016-12-13 08:11:58,2016,12,13,1,4,606000.0,611433.3333333334,618933.3333333334,-0.0016528925619834212,0.004837841413075596
1481702842000,604000,2016-12-14 08:07:22,2016-12-14 08:07:22,2016,12,14,2,4,605285.7142857143,610900.0,618733.3333333334,0.0,0.004787211932188262
1481788685000,603000,2016-12-15 07:58:05,2016-12-15 07:58:05,2016,12,15,3,4,604714.2857142857,610000.0,618511.1111111111,-0.0016556291390728006,0.003552874790065001
1481876134000,602000,2016-12-16 08:15:34,2016-12-16 08:15:34,2016,12,16,4,4,604142.8571428572,609233.3333333334,618233.3333333334,-0.0016583747927031434,0.003336092067248771
1481962135000,605000,2016-12-17 08:08:55,2016-12-17 08:08:55,2016,12,17,5,4,604000.0,608833.3333333334,617988.8888888889,0.004983388704318914,0.002738234926132779
1482135019000,606000,2016-12-19 08:10:19,2016-12-19 08:10:19,2016,12,19,0,4,604142.8571428572,608600.0,617766.6666666666,0.0016528925619834212,0.0025361314696668003
1482221628000,605000,2016-12-20 08:13:48,2016-12-20 08:13:48,2016,12,20,1,4,604142.8571428572,608266.6666666666,617488.8888888889,-0.0016501650165016146,0.0024499847837842026
1482308641000,603000,2016-12-21 08:24:01,2016-12-21 08:24:01,2016,12,21,2,4,604000.0,607933.3333333334,617200.0,-0.0033057851239669533,0.0024520527790020527
1482393982000,604000,2016-12-22 08:06:22,2016-12-22 08:06:22,2016,12,22,3,4,604000.0,607600.0,616944.4444444445,0.0016583747927032544,0.002452885663433982
1482484402000,603000,2016-12-23 09:13:22,2016-12-23 09:13:22,2016,12,23,4,4,604000.0,607233.3333333334,616677.7777777778,-0.0016556291390728006,0.002458835034456072
1482567335000,604000,2016-12-24 08:15:35,2016-12-24 08:15:35,2016,12,24,5,4,604285.7142857143,607000.0,616455.5555555555,0.0016583747927032544,0.0023534741391296465
1482826237000,605000,2016-12-27 08:10:37,2016-12-27 08:10:37,2016,12,27,1,4,604285.7142857143,606833.3333333334,616244.4444444445,0.0016556291390728006,0.0023696244317878896
1482911333000,606000,2016-12-28 07:48:53,2016-12-28 07:48:53,2016,12,28,2,4,604285.7142857143,606700.0,616055.5555555555,0.0016528925619834212,0.002395234519777834
1482998546000,607000,2016-12-29 08:02:26,2016-12-29 08:02:26,2016,12,29,3,4,604571.4285714285,606533.3333333334,615855.5555555555,0.0016501650165017256,0.0023308796308636657
1483085851000,608000,2016-12-30 08:17:31,2016-12-30 08:17:31,2016,12,30,4,4,605285.7142857143,606433.3333333334,615677.7777777778,0.0016474464579900872,0.0023416716437605093
1483431273000,606000,2017-01-03 08:14:33,2017-01-03 08:14:33,2017,1,3,1,1,605571.4285714285,606333.3333333334,615511.1111111111,-0.003289473684210509,0.0023424135176541468
1483517827000,606000,2017-01-04 08:17:07,2017-01-04 08:17:07,2017,1,4,2,1,606000.0,606200.0,615344.4444444445,0.0,0.0023178627576901515
1483604476000,607000,2017-01-05 08:21:16,2017-01-05 08:21:16,2017,1,5,3,1,606428.5714285715,606133.3333333334,615177.7777777778,0.0016501650165017256,0.002326033772844354
1483691608000,606000,2017-01-06 08:33:28,2017-01-06 08:33:28,2017,1,6,4,1,606571.4285714285,606000.0,614988.8888888889,-0.0016474464579900872,0.002318259966366361
1483776431000,600000,2017-01-07 08:07:11,2017-01-07 08:07:11,2017,1,7,5,1,605714.2857142857,605633.3333333334,614677.7777777778,-0.00990099009900991,0.0028872931225005813
1483950376000,602000,2017-01-09 08:26:16,2017-01-09 08:26:16,2017,1,9,0,1,605000.0,605300.0,614400.0,0.0033333333333334103,0.002948608544021013
1484036187000,605000,2017-01-10 08:16:27,2017-01-10 08:16:27,2017,1,10,1,1,604571.4285714285,605200.0,614144.4444444445,0.004983388704318914,0.0028909982987681947
1484123535000,605000,2017-01-11 08:32:15,2017-01-11 08:32:15,2017,1,11,2,1,604428.5714285715,605066.6666666666,613900.0,0.0,0.0028711040853583733
1484208530000,607000,2017-01-12 08:08:50,2017-01-12 08:08:50,2017,1,12,3,1,604571.4285714285,605033.3333333334,613688.8888888889,0.0033057851239668423,0.002927890603120884
1484296736000,607000,2017-01-13 08:38:56,2017-01-13 08:38:56,2017,1,13,4,1,604571.4285714285,604966.6666666666,613522.2222222222,0.0,0.0029103951390582247
1484381489000,608000,2017-01-14 08:11:29,2017-01-14 08:11:29,2017,1,14,5,1,604857.1428571428,605000.0,613377.7777777778,0.0016474464579900872,0.0028635692631703547
1484556378000,609000,2017-01-16 08:46:18,2017-01-16 08:46:18,2017,1,16,0,1,606142.8571428572,605100.0,613244.4444444445,0.00164473684210531,0.0028590038841902698
1484638966000,610000,2017-01-17 07:42:46,2017-01-17 07:42:46,2017,1,17,1,1,607285.7142857143,605233.3333333334,613133.3333333334,0.0016420361247948545,0.0028713565413332398
1484726642000,613000,2017-01-18 08:04:02,2017-01-18 08:04:02,2017,1,18,2,1,608428.5714285715,605500.0,613044.4444444445,0.004918032786885185,0.002972218179607339
1484813830000,610000,2017-01-19 08:17:10,2017-01-19 08:17:10,2017,1,19,3,1,609142.8571428572,605666.6666666666,612933.3333333334,-0.004893964110929905,0.0031275728470604915
1484900893000,611000,2017-01-20 08:28:13,2017-01-20 08:28:13,2017,1,20,4,1,609714.2857142857,605900.0,612844.4444444445,0.0016393442622950616,0.0031151789594780306
1484993552000,611000,2017-01-21 10:12:32,2017-01-21 10:12:32,2017,1,21,5,1,610285.7142857143,606133.3333333334,612755.5555555555,0.0,0.0031151789594780306
1485158770000,613000,2017-01-23 08:06:10,2017-01-23 08:06:10,2017,1,23,0,1,611000.0,606466.6666666666,612688.8888888889,0.003273322422258529,0.0031335568082073604
1485244872000,613000,2017-01-24 08:01:12,2017-01-24 08:01:12,2017,1,24,1,1,611571.4285714285,606833.3333333334,612622.2222222222,0.0,0.0031077188779883363
1485332043000,610000,2017-01-25 08:14:03,2017-01-25 08:14:03,2017,1,25,2,1,611571.4285714285,607000.0,612522.2222222222,-0.004893964110929905,0.003151156622961318
1485418646000,607000,2017-01-26 08:17:26,2017-01-26 08:17:26,2017,1,26,3,1,610714.2857142857,607033.3333333334,612388.8888888889,-0.004918032786885296,0.0032781870166774265
1485504283000,602000,2017-01-27 08:04:43,2017-01-27 08:04:43,2017,1,27,4,1,609571.4285714285,606933.3333333334,612200.0,-0.008237232289950547,0.0036013602957335315
1485765080000,603000,2017-01-30 08:31:20,2017-01-30 08:31:20,2017,1,30,0,1,608428.5714285715,606933.3333333334,612022.2222222222,0.0016611295681063787,0.0035657196649654154
1485851112000,603000,2017-01-31 08:25:12,2017-01-31 08:25:12,2017,1,31,1,1,607285.7142857143,606900.0,611833.3333333334,0.0,0.0035520509064723813
1485936113000,607000,2017-02-01 08:01:53,2017-02-01 08:01:53,2017,2,1,2,1,606428.5714285715,607033.3333333334,611677.7777777778,0.0066334991708125735,0.0037401874209622974
1486023179000,607000,2017-02-02 08:12:59,2017-02-02 08:12:59,2017,2,2,3,1,605571.4285714285,607133.3333333334,611544.4444444445,0.0,0.0037305481700287326
1486109292000,609000,2017-02-03 08:08:12,2017-02-03 08:08:12,2017,2,3,4,1,605428.5714285715,607266.6666666666,611422.2222222222,0.0032948929159801743,0.003764877303925749
1486197980000,611000,2017-02-04 08:46:20,2017-02-04 08:46:20,2017,2,4,5,1,606000.0,607433.3333333334,611311.1111111111,0.003284072249589487,0.003797821646439425
1486368907000,610000,2017-02-06 08:15:07,2017-02-06 08:15:07,2017,2,6,0,1,607142.8571428572,607533.3333333334,611177.7777777778,-0.0016366612111292644,0.003804363316514367
1486457449000,612000,2017-02-07 08:50:49,2017-02-07 08:50:49,2017,2,7,1,1,608428.5714285715,607666.6666666666,611066.6666666666,0.003278688524590123,0.0038376994761022314
1486541784000,612000,2017-02-08 08:16:24,2017-02-08 08:16:24,2017,2,8,2,1,609714.2857142857,607866.6666666666,610977.7777777778,0.0,0.0037803655369953943
1486627768000,614000,2017-02-09 08:09:28,2017-02-09 08:09:28,2017,2,9,3,1,610714.2857142857,608133.3333333334,610922.2222222222,0.0032679738562091387,0.0038172717419408925
1486713955000,608000,2017-02-10 08:05:55,2017-02-10 08:05:55,2017,2,10,4,1,610857.1428571428,608166.6666666666,610777.7777777778,-0.009771986970684043,0.004239166003570492
1486799308000,610000,2017-02-11 07:48:28,2017-02-11 07:48:28,2017,2,11,5,1,611000.0,608300.0,610655.5555555555,0.00328947368421062,0.004266192930649046
1486974755000,609000,2017-02-13 08:32:35,2017-02-13 08:32:35,2017,2,13,0,1,610714.2857142857,608600.0,610511.1111111111,-0.0016393442622950616,0.003834618418984787
1487060738000,608000,2017-02-14 08:25:38,2017-02-14 08:25:38,2017,2,14,1,1,610428.5714285715,608800.0,610388.8888888889,-0.0016420361247947435,0.0038155543782396146
1487233257000,610000,2017-02-16 08:20:57,2017-02-16 08:20:57,2017,2,16,3,1,610142.8571428572,608966.6666666666,610277.7777777778,0.00328947368421062,0.0037565118427500543
1487320181000,612000,2017-02-17 08:29:41,2017-02-17 08:29:41,2017,2,17,4,1,610142.8571428572,609200.0,610177.7777777778,0.003278688524590123,0.003795539319336361
1487406177000,610000,2017-02-18 08:22:57,2017-02-18 08:22:57,2017,2,18,5,1,609571.4285714285,609300.0,610055.5555555555,-0.0032679738562091387,0.0038111572763320956
1487579487000,611000,2017-02-20 08:31:27,2017-02-20 08:31:27,2017,2,20,0,1,610000.0,609433.3333333334,609933.3333333334,0.0016393442622950616,0.0038203566205847334
1487664248000,610000,2017-02-21 08:04:08,2017-02-21 08:04:08,2017,2,21,1,1,610000.0,609500.0,609766.6666666666,-0.0016366612111292644,0.003825271283107061
1487750084000,611000,2017-02-22 07:54:44,2017-02-22 07:54:44,2017,2,22,2,1,610285.7142857143,609566.6666666666,609600.0,0.0016393442622950616,0.0038251971226629248
1487837065000,611000,2017-02-23 08:04:25,2017-02-23 08:04:25,2017,2,23,3,1,610714.2857142857,609600.0,609422.2222222222,0.0,0.0038143463574068018
1487924109000,616000,2017-02-24 08:15:09,2017-02-24 08:15:09,2017,2,24,4,1,611571.4285714285,609700.0,609311.1111111111,0.008183306055646433,0.003999781742318632
1488010100000,618000,2017-02-25 08:08:20,2017-02-25 08:08:20,2017,2,25,5,1,612428.5714285715,609966.6666666666,609233.3333333334,0.0032467532467532756,0.003919689576816334
1488181560000,617000,2017-02-27 07:46:00,2017-02-27 07:46:00,2017,2,27,0,1,613428.5714285715,610166.6666666666,609166.6666666666,-0.0016181229773463146,0.003930476848053492
1488269942000,616000,2017-02-28 08:19:02,2017-02-28 08:19:02,2017,2,28,1,1,614142.8571428572,610333.3333333334,609122.2222222222,-0.0016207455429497752,0.003946322295240606
1488355874000,613000,2017-03-01 08:11:14,2017-03-01 08:11:14,2017,3,1,2,1,614571.4285714285,610333.3333333334,608933.3333333334,-0.004870129870129913,0.004012786820777147
1488442110000,612000,2017-03-02 08:08:30,2017-03-02 08:08:30,2017,3,2,3,1,614714.2857142857,610300.0,608788.8888888889,-0.0016313213703099683,0.004023933603547723
1488527525000,609000,2017-03-03 07:52:05,2017-03-03 07:52:05,2017,3,3,4,1,614428.5714285715,610266.6666666666,608700.0,-0.004901960784313708,0.004024266030081972
1488615493000,608000,2017-03-04 08:18:13,2017-03-04 08:18:13,2017,3,4,5,1,613285.7142857143,610300.0,608644.4444444445,-0.0016420361247947435,0.003930891225736409
1488788191000,609000,2017-03-06 08:16:31,2017-03-06 08:16:31,2017,3,6,0,1,612000.0,610533.3333333334,608577.7777777778,0.00164473684210531,0.003612579021053811
1488873215000,606000,2017-03-07 07:53:35,2017-03-07 07:53:35,2017,3,7,1,1,610428.5714285715,610633.3333333334,608500.0,-0.0049261083743842304,0.003731011446308041
1488959063000,603000,2017-03-08 07:44:23,2017-03-08 07:44:23,2017,3,8,2,1,608571.4285714285,610633.3333333334,608377.7777777778,-0.004950495049504955,0.0038465753090048396
1489046712000,601000,2017-03-09 08:05:12,2017-03-09 08:05:12,2017,3,9,3,1,606857.1428571428,610433.3333333334,608233.3333333334,-0.0033167495854062867,0.003680928349425827
1489132330000,599000,2017-03-10 07:52:10,2017-03-10 07:52:10,2017,3,10,4,1,605000.0,610166.6666666666,608100.0,-0.0033277870216306127,0.0037207384133058834
1489218205000,600000,2017-03-11 07:43:25,2017-03-11 07:43:25,2017,3,11,5,1,603714.2857142857,609866.6666666666,607988.8888888889,0.0016694490818029983,0.0036761112449152345
1489392161000,600000,2017-03-13 08:02:41,2017-03-13 08:02:41,2017,3,13,0,1,602571.4285714285,609500.0,607877.7777777778,0.0,0.0036081299271221554
1489478180000,598000,2017-03-14 07:56:20,2017-03-14 07:56:20,2017,3,14,1,1,601000.0,609100.0,607722.2222222222,-0.0033333333333332993,0.0036381266508601295
1489564639000,597000,2017-03-15 07:57:19,2017-03-15 07:57:19,2017,3,15,2,1,599714.2857142857,608600.0,607566.6666666666,-0.0016722408026755842,0.0035650620775334986
1489652238000,601000,2017-03-16 08:17:18,2017-03-16 08:17:18,2017,3,16,3,1,599428.5714285715,608233.3333333334,607477.7777777778,0.00670016750418756,0.0038190702260068547
1489736695000,602000,2017-03-17 07:44:55,2017-03-17 07:44:55,2017,3,17,4,1,599571.4285714285,607833.3333333334,607388.8888888889,0.0016638935108153063,0.0037740510016481734
1489820756000,603000,2017-03-18 07:05:56,2017-03-18 07:05:56,2017,3,18,5,1,600142.8571428572,607666.6666666666,607322.2222222222,0.0016611295681063787,0.003377677411776415
1489998143000,604000,2017-03-20 08:22:23,2017-03-20 08:22:23,2017,3,20,0,1,600714.2857142857,607466.6666666666,607255.5555555555,0.0016583747927032544,0.003331218465291813
1489998323000,604000,2017-03-20 08:25:23,2017-03-20 08:25:23,2017,3,20,0,1,601285.7142857143,607300.0,607177.7777777778,0.0,0.0033223330082338175
1490083933000,605000,2017-03-21 08:12:13,2017-03-21 08:12:13,2017,3,21,1,1,602285.7142857143,607200.0,607100.0,0.0016556291390728006,0.0033298977483338242
1490170644000,607000,2017-03-22 08:17:24,2017-03-22 08:17:24,2017,3,22,2,1,603714.2857142857,607100.0,607088.8888888889,0.0033057851239668423,0.0033304816078774772
1490255688000,609000,2017-03-23 07:54:48,2017-03-23 07:54:48,2017,3,23,3,1,604857.1428571428,607000.0,607088.8888888889,0.0032948929159801743,0.0033310596252955267
1490342427000,609000,2017-03-24 08:00:27,2017-03-24 08:00:27,2017,3,24,4,1,605857.1428571428,606966.6666666666,607100.0,0.0,0.0032788908365512207
1490425040000,608000,2017-03-25 06:57:20,2017-03-25 06:57:20,2017,3,25,5,1,606571.4285714285,606866.6666666666,607088.8888888889,-0.0016420361247947435,0.003275340016792443
1490601901000,612000,2017-03-27 08:05:01,2017-03-27 08:05:01,2017,3,27,0,1,607714.2857142857,606933.3333333334,607144.4444444445,0.006578947368421018,0.0034843108823189957
1490774437000,610000,2017-03-29 08:00:37,2017-03-29 08:00:37,2017,3,29,2,1,608571.4285714285,606900.0,607188.8888888889,-0.0032679738562091387,0.003525230211471663
1490860589000,611000,2017-03-30 07:56:29,2017-03-30 07:56:29,2017,3,30,3,1,609428.5714285715,606900.0,607244.4444444445,0.0016393442622950616,0.003538689621256329
1490946847000,608000,2017-03-31 07:54:07,2017-03-31 07:54:07,2017,3,31,4,1,609571.4285714285,606633.3333333334,607277.7777777778,-0.004909983633387904,0.003294366579892166
1491034653000,609000,2017-04-01 08:17:33,2017-04-01 08:17:33,2017,4,1,5,2,609571.4285714285,606333.3333333334,607322.2222222222,0.00164473684210531,0.0032453249160274865
1491206098000,609000,2017-04-03 07:54:58,2017-04-03 07:54:58,2017,4,3,0,2,609571.4285714285,606066.6666666666,607377.7777777778,0.0,0.0032392632739928354
1491293533000,611000,2017-04-04 08:12:13,2017-04-04 08:12:13,2017,4,4,1,2,610000.0,605900.0,607455.5555555555,0.003284072249589487,0.0033002881347375555
1491379721000,611000,2017-04-05 08:08:41,2017-04-05 08:08:41,2017,4,5,2,2,609857.1428571428,605833.3333333334,607544.4444444445,0.0,0.0031837456816848904
1491465880000,612000,2017-04-06 08:04:40,2017-04-06 08:04:40,2017,4,6,3,2,610142.8571428572,605833.3333333334,607655.5555555555,0.0016366612111293755,0.0031855939185754245
1491551849000,609000,2017-04-07 07:57:29,2017-04-07 07:57:29,2017,4,7,4,2,609857.1428571428,605833.3333333334,607700.0,-0.004901960784313708,0.0031855939185754245
1491632993000,610000,2017-04-08 06:29:53,2017-04-08 06:29:53,2017,4,8,5,2,610142.8571428572,605900.0,607744.4444444445,0.0016420361247948545,0.0031834731424513
1491812161000,610000,2017-04-10 08:16:01,2017-04-10 08:16:01,2017,4,10,0,2,610285.7142857143,605933.3333333334,607800.0,0.0,0.0031703444374391342
1491897365000,611000,2017-04-11 07:56:05,2017-04-11 07:56:05,2017,4,11,1,2,610571.4285714285,606100.0,607888.8888888889,0.0016393442622950616,0.003038168542233718
1491984871000,614000,2017-04-12 08:14:31,2017-04-12 08:14:31,2017,4,12,2,2,611000.0,606466.6666666666,608000.0,0.004909983633387904,0.002985903048403854
1492071148000,618000,2017-04-13 08:12:28,2017-04-13 08:12:28,2017,4,13,3,2,612000.0,607033.3333333334,608166.6666666666,0.006514657980456029,0.00307847957366484
1492241920000,618000,2017-04-15 07:38:40,2017-04-15 07:38:40,2017,4,15,5,2,612857.1428571428,607666.6666666666,608322.2222222222,0.0,0.0029779023437903084
1492416436000,620000,2017-04-17 08:07:16,2017-04-17 08:07:16,2017,4,17,0,2,614428.5714285715,608333.3333333334,608488.8888888889,0.003236245954692629,0.003002853290708353
1492504052000,615000,2017-04-18 08:27:32,2017-04-18 08:27:32,2017,4,18,1,2,615142.8571428572,608833.3333333334,608588.8888888889,-0.008064516129032251,0.003434480594031702
1492585971000,619000,2017-04-19 07:12:51,2017-04-19 07:12:51,2017,4,19,2,2,616428.5714285715,609533.3333333334,608722.2222222222,0.006504065040650486,0.0034924897374359718
1492674624000,615000,2017-04-20 07:50:24,2017-04-20 07:50:24,2017,4,20,3,2,617000.0,610133.3333333334,608800.0,-0.00646203554119551,0.003727844041811765
1492762711000,617000,2017-04-21 08:18:31,2017-04-21 08:18:31,2017,4,21,4,2,617428.5714285715,610666.6666666666,608922.2222222222,0.003252032520325132,0.0035968050018914586
1492853812000,618000,2017-04-22 09:36:52,2017-04-22 09:36:52,2017,4,22,5,2,617428.5714285715,611200.0,609055.5555555555,0.0016207455429497752,0.0035964903592345427
1493108022000,615000,2017-04-25 08:13:42,2017-04-25 08:13:42,2017,4,25,1,2,617000.0,611600.0,609144.4444444445,-0.004854368932038833,0.0037415579413387144
1493108395000,615000,2017-04-25 08:19:55,2017-04-25 08:19:55,2017,4,25,1,2,616285.7142857143,611966.6666666666,609244.4444444445,0.0,0.0037386069324047734
1493193004000,609000,2017-04-26 07:50:04,2017-04-26 07:50:04,2017,4,26,2,2,615428.5714285715,612133.3333333334,609344.4444444445,-0.009756097560975618,0.004190387261523154
1493279973000,610000,2017-04-27 07:59:33,2017-04-27 07:59:33,2017,4,27,3,2,614142.8571428572,612300.0,609433.3333333334,0.0016420361247948545,0.004190234493359039
1493365824000,609000,2017-04-28 07:50:24,2017-04-28 07:50:24,2017,4,28,4,2,613285.7142857143,612366.6666666666,609477.7777777778,-0.0016393442622950616,0.0041644050208615255
1493454116000,609000,2017-04-29 08:21:56,2017-04-29 08:21:56,2017,4,29,5,2,612142.8571428572,612366.6666666666,609522.2222222222,0.0,0.0041209537332893755
1493713034000,607000,2017-05-02 08:17:14,2017-05-02 08:17:14,2017,5,2,1,2,610571.4285714285,612300.0,609522.2222222222,-0.003284072249589487,0.00416456788806672
1493798839000,607000,2017-05-03 08:07:19,2017-05-03 08:07:19,2017,5,3,2,2,609428.5714285715,612266.6666666666,609522.2222222222,0.0,0.004154397323540098
1493884984000,600000,2017-05-04 08:03:04,2017-05-04 08:03:04,2017,5,4,3,2,607285.7142857143,611866.6666666666,609433.3333333334,-0.011532125205930832,0.004462874811313918
1493972257000,598000,2017-05-05 08:17:37,2017-05-05 08:17:37,2017,5,5,4,2,605714.2857142857,611466.6666666666,609311.1111111111,-0.0033333333333332993,0.004464212544914668
1494055280000,599000,2017-05-06 07:21:20,2017-05-06 07:21:20,2017,5,6,5,2,604142.8571428572,611066.6666666666,609188.8888888889,0.0016722408026756952,0.004464798881410101
1494229898000,601000,2017-05-08 07:51:38,2017-05-08 07:51:38,2017,5,8,0,2,603000.0,610833.3333333334,609055.5555555555,0.0033388981636059967,0.004447454100079459
1494316995000,600000,2017-05-09 08:03:15,2017-05-09 08:03:15,2017,5,9,1,2,601714.2857142857,610533.3333333334,608944.4444444445,-0.0016638935108153063,0.004436617829076855
1494402192000,599000,2017-05-10 07:43:12,2017-05-10 07:43:12,2017,5,10,2,2,600571.4285714285,610200.0,608811.1111111111,-0.0016666666666667052,0.004440747294151129
1494489878000,596000,2017-05-11 08:04:38,2017-05-11 08:04:38,2017,5,11,3,2,599000.0,609700.0,608644.4444444445,-0.005008347245408995,0.004452435076772268
1494575815000,601000,2017-05-12 07:56:55,2017-05-12 07:56:55,2017,5,12,4,2,599142.8571428572,609366.6666666666,608511.1111111111,0.008389261744966348,0.004758548325485604
1494657066000,601000,2017-05-13 06:31:06,2017-05-13 06:31:06,2017,5,13,5,2,599571.4285714285,609000.0,608377.7777777778,0.0,0.004742098951111557
1494835966000,599000,2017-05-15 08:12:46,2017-05-15 08:12:46,2017,5,15,0,2,599571.4285714285,608666.6666666666,608255.5555555555,-0.0033277870216306127,0.004701314871942141
1494921153000,600000,2017-05-16 07:52:33,2017-05-16 07:52:33,2017,5,16,1,2,599428.5714285715,608333.3333333334,608177.7777777778,0.0016694490818029983,0.004701756456465233
1495008131000,604000,2017-05-17 08:02:11,2017-05-17 08:02:11,2017,5,17,2,2,600000.0,608133.3333333334,608200.0,0.006666666666666599,0.004882246071502478
1495094895000,609000,2017-05-18 08:08:15,2017-05-18 08:08:15,2017,5,18,3,2,601428.5714285715,608066.6666666666,608266.6666666666,0.008278145695364225,0.005118746918370799
1495181168000,605000,2017-05-19 08:06:08,2017-05-19 08:06:08,2017,5,19,4,2,602714.2857142857,607766.6666666666,608288.8888888889,-0.006568144499178974,0.005160422452137162
1495274030000,612000,2017-05-20 09:53:50,2017-05-20 09:53:50,2017,5,20,5,2,604285.7142857143,607566.6666666666,608344.4444444445,0.011570247933884392,0.005469955913148585
1495440920000,608000,2017-05-22 08:15:20,2017-05-22 08:15:20,2017,5,22,0,2,605285.7142857143,607233.3333333334,608355.5555555555,-0.006535947712418277,0.005586083280176065
1495526668000,609000,2017-05-23 08:04:28,2017-05-23 08:04:28,2017,5,23,1,2,606714.2857142857,606866.6666666666,608355.5555555555,0.00164473684210531,0.005556575811478762
1495612820000,606000,2017-05-24 08:00:20,2017-05-24 08:00:20,2017,5,24,2,2,607571.4285714285,606566.6666666666,608300.0,-0.0049261083743842304,0.005439139571236159
1495704731000,606000,2017-05-25 09:32:11,2017-05-25 09:32:11,2017,5,25,3,2,607857.1428571428,606133.3333333334,608255.5555555555,0.0,0.005278535630388724
1495785798000,607000,2017-05-26 08:03:18,2017-05-26 08:03:18,2017,5,26,4,2,607571.4285714285,605866.6666666666,608200.0,0.0016501650165017256,0.005179712243700363
1495862062000,612000,2017-05-27 05:14:22,2017-05-27 05:14:22,2017,5,27,5,2,608571.4285714285,605700.0,608200.0,0.008237232289950658,0.005377867670160156
1496045274000,610000,2017-05-29 08:07:54,2017-05-29 08:07:54,2017,5,29,0,2,608285.7142857143,605433.3333333334,608155.5555555555,-0.0032679738562091387,0.0053930467781364
1496131036000,610000,2017-05-30 07:57:16,2017-05-30 07:57:16,2017,5,30,1,2,608571.4285714285,605266.6666666666,608177.7777777778,0.0,0.005327846782460416
1496218282000,609000,2017-05-31 08:11:22,2017-05-31 08:11:22,2017,5,31,2,2,608571.4285714285,605066.6666666666,608166.6666666666,-0.0016393442622950616,0.00533350948386754
1496390962000,610000,2017-06-02 08:09:22,2017-06-02 08:09:22,2017,6,2,4,2,609142.8571428572,605100.0,608177.7777777778,0.0016420361247948545,0.005035265127069169
1496471197000,616000,2017-06-03 06:26:37,2017-06-03 06:26:37,2017,6,3,5,2,610571.4285714285,605300.0,608266.6666666666,0.009836065573770592,0.005336859020549302
1496651464000,615000,2017-06-05 08:31:04,2017-06-05 08:31:04,2017,6,5,0,2,611714.2857142857,605500.0,608322.2222222222,-0.0016233766233766378,0.005336655595222432
1496736764000,615000,2017-06-06 08:12:44,2017-06-06 08:12:44,2017,6,6,1,2,612142.8571428572,605700.0,608355.5555555555,0.0,0.005336655595222432
1496822787000,619000,2017-06-07 08:06:27,2017-06-07 08:06:27,2017,6,7,2,2,613428.5714285715,606100.0,608455.5555555555,0.006504065040650486,0.0054061693475916175
1496909629000,616000,2017-06-08 08:13:49,2017-06-08 08:13:49,2017,6,8,3,2,614285.7142857143,606400.0,608511.1111111111,-0.004846526655896577,0.005498411150061023
1496995573000,614000,2017-06-09 08:06:13,2017-06-09 08:06:13,2017,6,9,4,2,615000.0,606866.6666666666,608555.5555555555,-0.0032467532467532756,0.005063843880268303
1497072984000,610000,2017-06-10 05:36:24,2017-06-10 05:36:24,2017,6,10,5,2,615000.0,607266.6666666666,608544.4444444445,-0.006514657980456029,0.0051848507416722926
1497254756000,612000,2017-06-12 08:05:56,2017-06-12 08:05:56,2017,6,12,0,2,614428.5714285715,607700.0,608555.5555555555,0.003278688524590123,0.005203761424703084
1497341246000,610000,2017-06-13 08:07:26,2017-06-13 08:07:26,2017,6,13,1,2,613714.2857142857,608000.0,608488.8888888889,-0.0032679738562091387,0.005229241785978839
1497427106000,612000,2017-06-14 07:58:26,2017-06-14 07:58:26,2017,6,14,2,2,613285.7142857143,608400.0,608422.2222222222,0.003278688524590123,0.005236285026972755
1497515031000,610000,2017-06-15 08:23:51,2017-06-15 08:23:51,2017,6,15,3,2,612000.0,608766.6666666666,608344.4444444445,-0.0032679738562091387,0.005269022021148416
1497600577000,608000,2017-06-16 08:09:37,2017-06-16 08:09:37,2017,6,16,4,2,610857.1428571428,609166.6666666666,608255.5555555555,-0.003278688524590123,0.005214490524386178
1497677372000,607000,2017-06-17 05:29:32,2017-06-17 05:29:32,2017,6,17,5,2,609857.1428571428,609366.6666666666,608188.8888888889,-0.00164473684210531,0.005021018092321022
1497859886000,609000,2017-06-19 08:11:26,2017-06-19 08:11:26,2017,6,19,0,2,609714.2857142857,609633.3333333334,608155.5555555555,0.0032948929159801743,0.005049206028693498
1497946768000,605000,2017-06-20 08:19:28,2017-06-20 08:19:28,2017,6,20,1,2,608714.2857142857,609833.3333333334,608111.1111111111,-0.006568144499178974,0.005166180425038173
1498031895000,606000,2017-06-21 07:58:15,2017-06-21 07:58:15,2017,6,21,2,2,608142.8571428572,610033.3333333334,608088.8888888889,0.0016528925619834212,0.00516603495991118
1498119493000,607000,2017-06-22 08:18:13,2017-06-22 08:18:13,2017,6,22,3,2,607428.5714285715,610133.3333333334,608066.6666666666,0.0016501650165017256,0.0050338399237108075
1499069332000,605000,2017-07-03 08:08:52,2017-07-03 08:08:52,2017,7,3,0,3,606714.2857142857,610000.0,608055.5555555555,-0.0032948929159802853,0.004830994625843624
1499155184000,601000,2017-07-04 07:59:44,2017-07-04 07:59:44,2017,7,4,1,3,605714.2857142857,609866.6666666666,608033.3333333334,-0.006611570247933907,0.00483297203226097
1499241270000,604000,2017-07-05 07:54:30,2017-07-05 07:54:30,2017,7,5,2,3,605285.7142857143,609600.0,608066.6666666666,0.004991680532445919,0.0044108560389126295
1499327333000,603000,2017-07-06 07:48:53,2017-07-06 07:48:53,2017,7,6,3,3,604428.5714285715,609433.3333333334,608111.1111111111,-0.0016556291390728006,0.004265462193246905
1499416422000,602000,2017-07-07 08:33:42,2017-07-07 08:33:42,2017,7,7,4,3,604000.0,609200.0,608133.3333333334,-0.0016583747927031434,0.004257051348837678
1499497866000,600000,2017-07-08 07:11:06,2017-07-08 07:11:06,2017,7,8,5,3,603142.8571428572,609000.0,608133.3333333334,-0.0033222591362126463,0.004207731139264675
1499674146000,599000,2017-07-10 08:09:06,2017-07-10 08:09:06,2017,7,10,0,3,602000.0,608766.6666666666,608144.4444444445,-0.0016666666666667052,0.004214315919263947
1499760181000,600000,2017-07-11 08:03:01,2017-07-11 08:03:01,2017,7,11,1,3,601285.7142857143,608533.3333333334,608177.7777777778,0.0016694490818029983,0.004214637497215995
1499849213000,602000,2017-07-12 08:46:53,2017-07-12 08:46:53,2017,7,12,2,3,601428.5714285715,608200.0,608188.8888888889,0.0033333333333334103,0.003956148293624079
1499933018000,602000,2017-07-13 08:03:38,2017-07-13 08:03:38,2017,7,13,3,3,601142.8571428572,607933.3333333334,608188.8888888889,0.0,0.0039233405732083
1500019925000,602000,2017-07-14 08:12:05,2017-07-14 08:12:05,2017,7,14,4,3,601000.0,607666.6666666666,608177.7777777778,0.0,0.0039233405732083
1500103085000,606000,2017-07-15 07:18:05,2017-07-15 07:18:05,2017,7,15,5,3,601571.4285714285,607566.6666666666,608200.0,0.006644518272425293,0.004121960013677832
1500279268000,607000,2017-07-17 08:14:28,2017-07-17 08:14:28,2017,7,17,0,3,602571.4285714285,607466.6666666666,608233.3333333334,0.0016501650165017256,0.004122082577942343
1500363861000,607000,2017-07-18 07:44:21,2017-07-18 07:44:21,2017,7,18,1,3,603714.2857142857,607166.6666666666,608255.5555555555,0.0,0.0036658302276584283
1500451297000,610000,2017-07-19 08:01:37,2017-07-19 08:01:37,2017,7,19,2,3,605142.8571428572,607000.0,608288.8888888889,0.0049423393739702615,0.003789372228984848
1500538140000,610000,2017-07-20 08:09:00,2017-07-20 08:09:00,2017,7,20,3,3,606285.7142857143,606833.3333333334,608300.0,0.0,0.003789372228984848
1500622898000,610000,2017-07-21 07:41:38,2017-07-21 07:41:38,2017,7,21,4,3,607428.5714285715,606533.3333333334,608311.1111111111,0.0,0.0035683430009337833
1500711350000,614000,2017-07-22 08:15:50,2017-07-22 08:15:50,2017,7,22,5,3,609142.8571428572,606466.6666666666,608377.7777777778,0.006557377049180246,0.0036926131137572154
1500884032000,614000,2017-07-24 08:13:52,2017-07-24 08:13:52,2017,7,24,0,3,610285.7142857143,606466.6666666666,608400.0,0.0,0.0036445265393579853
1500969050000,613000,2017-07-25 07:50:50,2017-07-25 07:50:50,2017,7,25,1,3,611142.8571428572,606566.6666666666,608433.3333333334,-0.0016286644951140072,0.0034468771922280352
1501055921000,610000,2017-07-26 07:58:41,2017-07-26 07:58:41,2017,7,26,2,3,611571.4285714285,606500.0,608422.2222222222,-0.004893964110929905,0.003514941689918022
1501143337000,615000,2017-07-27 08:15:37,2017-07-27 08:15:37,2017,7,27,3,3,612285.7142857143,606666.6666666666,608500.0,0.008196721311475308,0.0037727687160414142
1501229852000,615000,2017-07-28 08:17:32,2017-07-28 08:17:32,2017,7,28,4,3,613000.0,606766.6666666666,608566.6666666666,0.0,0.0037301255256296253
1501314738000,619000,2017-07-29 07:52:18,2017-07-29 07:52:18,2017,7,29,5,3,614285.7142857143,607066.6666666666,608677.7777777778,0.006504065040650486,0.0038444950015684804
1501488618000,618000,2017-07-31 08:10:18,2017-07-31 08:10:18,2017,7,31,0,3,614857.1428571428,607400.0,608755.5555555555,-0.001615508885298822,0.0037999268441972285
1501575017000,617000,2017-08-01 08:10:17,2017-08-01 08:10:17,2017,8,1,1,3,615285.7142857143,607733.3333333334,608822.2222222222,-0.0016181229773463146,0.0037993996449848934
1501662469000,617000,2017-08-02 08:27:49,2017-08-02 08:27:49,2017,8,2,2,3,615857.1428571428,608000.0,608877.7777777778,0.0,0.0037648359208589106
1501747870000,615000,2017-08-03 08:11:10,2017-08-03 08:11:10,2017,8,3,3,3,616571.4285714285,608333.3333333334,608944.4444444445,-0.0032414910858995505,0.003596468723469804
1501833904000,617000,2017-08-04 08:05:04,2017-08-04 08:05:04,2017,8,4,4,3,616857.1428571428,608700.0,609022.2222222222,0.003252032520325132,0.003625072058657139
1501921233000,613000,2017-08-05 08:20:33,2017-08-05 08:20:33,2017,8,5,5,3,616571.4285714285,608900.0,609055.5555555555,-0.00648298217179899,0.0038419386115368737
1502093465000,613000,2017-08-07 08:11:05,2017-08-07 08:11:05,2017,8,7,0,3,615714.2857142857,609166.6666666666,609077.7777777778,0.0,0.003781206522039638
1502178618000,613000,2017-08-08 07:50:18,2017-08-08 07:50:18,2017,8,8,1,3,615000.0,609566.6666666666,609066.6666666666,0.0,0.0035407746657235336
1502265864000,615000,2017-08-09 08:04:24,2017-08-09 08:04:24,2017,8,9,2,3,614714.2857142857,609933.3333333334,609033.3333333334,0.0032626427406199365,0.0034814995134108268
1502351696000,618000,2017-08-10 07:54:56,2017-08-10 07:54:56,2017,8,10,3,3,614857.1428571428,610433.3333333334,609033.3333333334,0.004878048780487809,0.0035389237685640946
1502439189000,621000,2017-08-11 08:13:09,2017-08-11 08:13:09,2017,8,11,4,3,615714.2857142857,611066.6666666666,609044.4444444445,0.004854368932038833,0.003580814626926193
1502440660000,621000,2017-08-11 08:37:40,2017-08-11 08:37:40,2017,8,11,4,3,616285.7142857143,611766.6666666666,609111.1111111111,0.0,0.003491430147481217
1502521748000,623000,2017-08-12 07:09:08,2017-08-12 07:09:08,2017,8,12,5,3,617714.2857142857,612566.6666666666,609155.5555555555,0.0032206119162641045,0.003469265397309933
1502698659000,621000,2017-08-14 08:17:39,2017-08-14 08:17:39,2017,8,14,0,3,618857.1428571428,613266.6666666666,609222.2222222222,-0.0032102728731941976,0.0035651975494988774
1502783922000,619000,2017-08-15 07:58:42,2017-08-15 07:58:42,2017,8,15,1,3,619714.2857142857,613833.3333333334,609244.4444444445,-0.0032206119162641045,0.003627280940601992
1502870300000,618000,2017-08-16 07:58:20,2017-08-16 07:58:20,2017,8,16,2,3,620142.8571428572,614366.6666666666,609244.4444444445,-0.001615508885298822,0.003653537990647134
1503044449000,624000,2017-08-18 08:20:49,2017-08-18 08:20:49,2017,8,18,4,3,621000.0,615100.0,609344.4444444445,0.009708737864077666,0.003987519035095257
1503125802000,622000,2017-08-19 06:56:42,2017-08-19 06:56:42,2017,8,19,5,3,621142.8571428572,615633.3333333334,609422.2222222222,-0.0032051282051281937,0.003929255187621338
1503302880000,622000,2017-08-21 08:08:00,2017-08-21 08:08:00,2017,8,21,0,3,621285.7142857143,616133.3333333334,609566.6666666666,0.0,0.003929601428131736
1503388859000,624000,2017-08-22 08:00:59,2017-08-22 08:00:59,2017,8,22,1,3,621428.5714285715,616700.0,609722.2222222222,0.003215434083601254,0.0039502193080653315
1503475427000,621000,2017-08-23 08:03:47,2017-08-23 08:03:47,2017,8,23,2,3,621428.5714285715,617066.6666666666,609855.5555555555,-0.004807692307692291,0.004009257823507069
1503560821000,624000,2017-08-24 07:47:01,2017-08-24 07:47:01,2017,8,24,3,3,622142.8571428572,617533.3333333334,610022.2222222222,0.004830917874396157,0.004080557706035026
1503646942000,623000,2017-08-25 07:42:22,2017-08-25 07:42:22,2017,8,25,4,3,622857.1428571428,617966.6666666666,610200.0,-0.0016025641025640969,0.004101350290055256
1503729759000,624000,2017-08-26 06:42:39,2017-08-26 06:42:39,2017,8,26,5,3,622857.1428571428,618300.0,610388.8888888889,0.0016051364365972098,0.003954987275451122
1503906480000,625000,2017-08-28 07:48:00,2017-08-28 07:48:00,2017,8,28,0,3,623285.7142857143,618666.6666666666,610666.6666666666,0.0016025641025640969,0.003958176817274346
1503994055000,634000,2017-08-29 08:07:35,2017-08-29 08:07:35,2017,8,29,1,3,625000.0,619366.6666666666,611066.6666666666,0.014399999999999968,0.00466560735130883
1504079580000,631000,2017-08-30 07:53:00,2017-08-30 07:53:00,2017,8,30,2,3,626000.0,620066.6666666666,611422.2222222222,-0.004731861198738141,0.0046584739059457375
1504166495000,631000,2017-08-31 08:01:35,2017-08-31 08:01:35,2017,8,31,3,3,627428.5714285715,620600.0,611755.5555555555,0.0,0.004466702694453936
1504513282000,638000,2017-09-04 08:21:22,2017-09-04 08:21:22,2017,9,4,0,3,629428.5714285715,621366.6666666666,612177.7777777778,0.011093502377178988,0.004836424759525947
1504599127000,637000,2017-09-05 08:12:07,2017-09-05 08:12:07,2017,9,5,1,3,631428.5714285715,621966.6666666666,612600.0,-0.0015673981191222097,0.004757107431859994
1504685257000,639000,2017-09-06 08:07:37,2017-09-06 08:07:37,2017,9,6,2,3,633571.4285714285,622666.6666666666,613077.7777777778,0.0031397174254317317,0.0047473088678991245
1504771226000,636000,2017-09-07 08:00:26,2017-09-07 08:00:26,2017,9,7,3,3,635142.8571428572,623300.0,613466.6666666666,-0.0046948356807511304,0.004840930360528579
1504857505000,642000,2017-09-08 07:58:25,2017-09-08 07:58:25,2017,9,8,4,3,636285.7142857143,624133.3333333334,613922.2222222222,0.009433962264151052,0.005073048695934268
1504940027000,641000,2017-09-09 06:53:47,2017-09-09 06:53:47,2017,9,9,5,3,637714.2857142857,625000.0,614388.8888888889,-0.0015576323987538387,0.005029772907628427
1505117304000,637000,2017-09-11 08:08:24,2017-09-11 08:08:24,2017,9,11,0,3,638571.4285714285,625666.6666666666,614800.0,-0.006240249609984372,0.005204354876807712
1505202778000,631000,2017-09-12 07:52:58,2017-09-12 07:52:58,2017,9,12,1,3,637571.4285714285,626266.6666666666,615100.0,-0.009419152276295084,0.005376200040164093
1505288879000,632000,2017-09-13 07:47:59,2017-09-13 07:47:59,2017,9,13,2,3,636857.1428571428,626900.0,615355.5555555555,0.0015847860538826808,0.005374033377733727
1505375587000,629000,2017-09-14 07:53:07,2017-09-14 07:53:07,2017,9,14,3,3,635428.5714285715,627433.3333333334,615622.2222222222,-0.004746835443038,0.005474407092292774
1505462169000,634000,2017-09-15 07:56:09,2017-09-15 07:56:09,2017,9,15,4,3,635142.8571428572,628066.6666666666,615866.6666666666,0.007949125596184325,0.005610112331471436
1505543631000,632000,2017-09-16 06:33:51,2017-09-16 06:33:51,2017,9,16,5,3,633714.2857142857,628533.3333333334,616133.3333333334,-0.003154574132492094,0.005611805134681033
1505721357000,629000,2017-09-18 07:55:57,2017-09-18 07:55:57,2017,9,18,0,3,632000.0,628800.0,616355.5555555555,-0.004746835443038,0.005644063936244194
1505807574000,627000,2017-09-19 07:52:54,2017-09-19 07:52:54,2017,9,19,1,3,630571.4285714285,629000.0,616588.8888888889,-0.0031796502384737746,0.005682377365196473
1505895098000,629000,2017-09-20 08:11:38,2017-09-20 08:11:38,2017,9,20,2,3,630285.7142857143,629200.0,616844.4444444445,0.0031897926634769647,0.0056818406612046575
1505983377000,627000,2017-09-21 08:42:57,2017-09-21 08:42:57,2017,9,21,3,3,629571.4285714285,629400.0,617066.6666666666,-0.0031796502384737746,0.00568118447796769
1506068193000,624000,2017-09-22 08:16:33,2017-09-22 08:16:33,2017,9,22,4,3,628857.1428571428,629566.6666666666,617200.0,-0.004784688995215336,0.005721980132882458
1506148505000,627000,2017-09-23 06:35:05,2017-09-23 06:35:05,2017,9,23,5,3,627857.1428571428,629866.6666666666,617388.8888888889,0.004807692307692291,0.005768437602431848
1506327214000,626000,2017-09-25 08:13:34,2017-09-25 08:13:34,2017,9,25,0,3,627000.0,629933.3333333334,617566.6666666666,-0.0015948963317384823,0.005509417408359897
1506411893000,630000,2017-09-26 07:44:53,2017-09-26 07:44:53,2017,9,26,1,3,627142.8571428572,630200.0,617800.0,0.006389776357827559,0.005587599155409093
1506501052000,627000,2017-09-27 08:30:52,2017-09-27 08:30:52,2017,9,27,2,3,627142.8571428572,630366.6666666666,617988.8888888889,-0.004761904761904745,0.005667626699171246
1506586302000,625000,2017-09-28 08:11:42,2017-09-28 08:11:42,2017,9,28,3,3,626571.4285714285,630400.0,618088.8888888889,-0.0031897926634768536,0.005673968514499587
1506673974000,628000,2017-09-29 08:32:54,2017-09-29 08:32:54,2017,9,29,4,3,626714.2857142857,630633.3333333334,618233.3333333334,0.0047999999999999154,0.005660355252832341
1506752344000,627000,2017-09-30 06:19:04,2017-09-30 06:19:04,2017,9,30,5,3,627142.8571428572,630733.3333333334,618366.6666666666,-0.0015923566878981443,0.0056077864293059615
1506937290000,621000,2017-10-02 09:41:30,2017-10-02 09:41:30,2017,10,2,0,4,626285.7142857143,630666.6666666666,618388.8888888889,-0.009569377990430672,0.005877041576986174
1507018981000,619000,2017-10-03 08:23:01,2017-10-03 08:23:01,2017,10,3,1,4,625285.7142857143,630500.0,618422.2222222222,-0.0032206119162641045,0.00589504427911597
1507036395000,620000,2017-10-03 13:13:15,2017-10-03 13:13:15,2017,10,3,1,4,623857.1428571428,630333.3333333334,618488.8888888889,0.001615508885298933,0.005895185131501097
1507106072000,622000,2017-10-04 08:34:32,2017-10-04 08:34:32,2017,10,4,2,4,623142.8571428572,629933.3333333334,618622.2222222222,0.003225806451612856,0.005255927627903822
1507192725000,622000,2017-10-05 08:38:45,2017-10-05 08:38:45,2017,10,5,3,4,622714.2857142857,629633.3333333334,618733.3333333334,0.0,0.0051990765273294565
1507279113000,622000,2017-10-06 08:38:33,2017-10-06 08:38:33,2017,10,6,4,4,621857.1428571428,629333.3333333334,618866.6666666666,0.0,0.0051990765273294565
1507359251000,628000,2017-10-07 06:54:11,2017-10-07 06:54:11,2017,10,7,5,4,622000.0,629000.0,619044.4444444445,0.009646302250803762,0.005093772886311017
1507538395000,628000,2017-10-09 08:39:55,2017-10-09 08:39:55,2017,10,9,0,4,623000.0,628700.0,619244.4444444445,0.0,0.005090632335337486
1507624026000,633000,2017-10-10 08:27:06,2017-10-10 08:27:06,2017,10,10,1,4,625000.0,628500.0,619522.2222222222,0.0079617834394905,0.0052808412381474025
1507707587000,636000,2017-10-11 07:39:47,2017-10-11 07:39:47,2017,10,11,2,4,627285.7142857143,628500.0,619844.4444444445,0.004739336492890933,0.005291055290079541
1507796976000,638000,2017-10-12 08:29:36,2017-10-12 08:29:36,2017,10,12,3,4,629571.4285714285,628366.6666666666,620166.6666666666,0.003144654088050425,0.005022719067363525
1507882350000,640000,2017-10-13 08:12:30,2017-10-13 08:12:30,2017,10,13,4,4,632142.8571428572,628333.3333333334,620555.5555555555,0.0031347962382444194,0.005051837617465642
1507963567000,645000,2017-10-14 06:46:07,2017-10-14 06:46:07,2017,10,14,5,4,635428.5714285715,628600.0,620988.8888888889,0.0078125,0.00510827121263665
1508141956000,644000,2017-10-16 08:19:16,2017-10-16 08:19:16,2017,10,16,0,4,637714.2857142857,629033.3333333334,621400.0,-0.0015503875968991832,0.004776418390916079
1508228445000,640000,2017-10-17 08:20:45,2017-10-17 08:20:45,2017,10,17,1,4,639428.5714285715,629300.0,621788.8888888889,-0.006211180124223614,0.0049355378974926594
1508315398000,638000,2017-10-18 08:29:58,2017-10-18 08:29:58,2017,10,18,2,4,640142.8571428572,629600.0,622200.0,-0.0031250000000000444,0.0048854940284765195
1508400369000,637000,2017-10-19 08:06:09,2017-10-19 08:06:09,2017,10,19,3,4,640285.7142857143,629700.0,622566.6666666666,-0.0015673981191222097,0.004689157625287273
1508485663000,642000,2017-10-20 07:47:43,2017-10-20 07:47:43,2017,10,20,4,4,640857.1428571428,630033.3333333334,623000.0,0.007849293563579218,0.004847980883711252
1508565110000,639000,2017-10-21 05:51:50,2017-10-21 05:51:50,2017,10,21,5,4,640714.2857142857,630366.6666666666,623411.1111111111,-0.004672897196261627,0.00484522124376287
1508744600000,638000,2017-10-23 07:43:20,2017-10-23 07:43:20,2017,10,23,0,4,639714.2857142857,630733.3333333334,623833.3333333334,-0.0015649452269170805,0.004811358227613267
1508832662000,643000,2017-10-24 08:11:02,2017-10-24 08:11:02,2017,10,24,1,4,639571.4285714285,631200.0,624322.2222222222,0.00783699059561127,0.004970103651899431
1508919583000,639000,2017-10-25 08:19:43,2017-10-25 08:19:43,2017,10,25,2,4,639428.5714285715,631600.0,624755.5555555555,-0.0062208398133748455,0.005082674019675125
1509005714000,642000,2017-10-26 08:15:14,2017-10-26 08:15:14,2017,10,26,3,4,640000.0,632200.0,625200.0,0.0046948356807512415,0.005027872065912414
1509091634000,636000,2017-10-27 08:07:14,2017-10-27 08:07:14,2017,10,27,4,4,639857.1428571428,632500.0,625577.7777777778,-0.009345794392523366,0.005310527627045068
1509173160000,641000,2017-10-28 06:46:00,2017-10-28 06:46:00,2017,10,28,5,4,639714.2857142857,633000.0,626011.1111111111,0.007861635220125729,0.005461101702268199
1509351969000,641000,2017-10-30 08:26:09,2017-10-30 08:26:09,2017,10,30,0,4,640000.0,633366.6666666666,626400.0,0.0,0.00535939451731461
1509437274000,640000,2017-10-31 08:07:54,2017-10-31 08:07:54,2017,10,31,1,4,640285.7142857143,633800.0,626766.6666666666,-0.0015600624024960652,0.005280418372947756
1509523633000,637000,2017-11-01 08:07:13,2017-11-01 08:07:13,2017,11,1,2,4,639428.5714285715,634200.0,627100.0,-0.004687499999999956,0.005325329570933931
1509610571000,640000,2017-11-02 08:16:11,2017-11-02 08:16:11,2017,11,2,3,4,639571.4285714285,634600.0,627433.3333333334,0.0047095761381474865,0.005322923460162122
1509697602000,640000,2017-11-03 08:26:42,2017-11-03 08:26:42,2017,11,3,4,4,639285.7142857143,635033.3333333334,627766.6666666666,0.0,0.005307763399513226
1509778553000,634000,2017-11-04 06:55:53,2017-11-04 06:55:53,2017,11,4,5,4,639000.0,635466.6666666666,628033.3333333334,-0.009375000000000022,0.005294900846283204
1509957349000,638000,2017-11-06 08:35:49,2017-11-06 08:35:49,2017,11,6,0,4,638571.4285714285,636100.0,628300.0,0.006309148264984188,0.005337001377968103
1510043154000,639000,2017-11-07 08:25:54,2017-11-07 08:25:54,2017,11,7,1,4,638285.7142857143,636733.3333333334,628577.7777777778,0.0015673981191222097,0.005336824124790746
1510128663000,637000,2017-11-08 08:11:03,2017-11-08 08:11:03,2017,11,8,2,4,637857.1428571428,637233.3333333334,628844.4444444445,-0.003129890453834161,0.005372291950259311
1510215876000,639000,2017-11-09 08:24:36,2017-11-09 08:24:36,2017,11,9,3,4,638142.8571428572,637800.0,629166.6666666666,0.0031397174254317317,0.00538656028216984
1510301981000,640000,2017-11-10 08:19:41,2017-11-10 08:19:41,2017,11,10,4,4,638142.8571428572,638400.0,629444.4444444445,0.0015649452269170805,0.005384988743146646
1510378554000,636000,2017-11-11 05:35:54,2017-11-11 05:35:54,2017,11,11,5,4,637571.4285714285,638666.6666666666,629677.7777777778,-0.006249999999999978,0.00528245593365872
1510560714000,636000,2017-11-13 08:11:54,2017-11-13 08:11:54,2017,11,13,0,4,637857.1428571428,638933.3333333334,629866.6666666666,0.0,0.00528245593365872
1510646289000,637000,2017-11-14 07:58:09,2017-11-14 07:58:09,2017,11,14,1,4,637714.2857142857,639066.6666666666,630077.7777777778,0.0015723270440251014,0.005093988274081855
1510732919000,638000,2017-11-15 08:01:59,2017-11-15 08:01:59,2017,11,15,2,4,637571.4285714285,639133.3333333334,630311.1111111111,0.0015698587127157548,0.005029539487221124
1510819277000,638000,2017-11-16 08:01:17,2017-11-16 08:01:17,2017,11,16,3,4,637714.2857142857,639133.3333333334,630544.4444444445,0.0,0.004996924753318686
1510907006000,638000,2017-11-17 08:23:26,2017-11-17 08:23:26,2017,11,17,4,4,637571.4285714285,639066.6666666666,630800.0,0.0,0.004962026907711777
1510989184000,643000,2017-11-18 07:13:04,2017-11-18 07:13:04,2017,11,18,5,4,638000.0,639000.0,631088.8888888889,0.00783699059561127,0.004963374103544796
1511165688000,643000,2017-11-20 08:14:48,2017-11-20 08:14:48,2017,11,20,0,4,639000.0,638966.6666666666,631422.2222222222,0.0,0.004955726804456407
1511251581000,637000,2017-11-21 08:06:21,2017-11-21 08:06:21,2017,11,21,1,4,639142.8571428572,638866.6666666666,631688.8888888889,-0.009331259720062213,0.005119730672502611
1511337967000,639000,2017-11-22 08:06:07,2017-11-22 08:06:07,2017,11,22,2,4,639428.5714285715,638900.0,631977.7777777778,0.0031397174254317317,0.005121708193104818
1511424647000,641000,2017-11-23 08:10:47,2017-11-23 08:10:47,2017,11,23,3,4,639857.1428571428,639033.3333333334,632266.6666666666,0.003129890453834161,0.0051418475244925255
1511511354000,640000,2017-11-24 08:15:54,2017-11-24 08:15:54,2017,11,24,4,4,640142.8571428572,638966.6666666666,632511.1111111111,-0.0015600624024960652,0.004943676808319544
1511589877000,639000,2017-11-25 06:04:37,2017-11-25 06:04:37,2017,11,25,5,4,640285.7142857143,638966.6666666666,632711.1111111111,-0.0015625000000000222,0.004876455111463763
1511769330000,639000,2017-11-27 07:55:30,2017-11-27 07:55:30,2017,11,27,0,4,639714.2857142857,639000.0,632911.1111111111,0.0,0.004867371726995911
1511855671000,641000,2017-11-28 07:54:31,2017-11-28 07:54:31,2017,11,28,1,4,639428.5714285715,638933.3333333334,633111.1111111111,0.003129890453834161,0.0046804308680739965
1511943167000,640000,2017-11-29 08:12:47,2017-11-29 08:12:47,2017,11,29,2,4,639857.1428571428,638966.6666666666,633322.2222222222,-0.0015600624024960652,0.004545427732933994
1512029045000,637000,2017-11-30 08:04:05,2017-11-30 08:04:05,2017,11,30,3,4,639571.4285714285,638800.0,633522.2222222222,-0.004687499999999956,0.0045384532186568075
1512196603000,635000,2017-12-02 06:36:43,2017-12-02 06:36:43,2017,12,2,5,4,638714.2857142857,638766.6666666666,633711.1111111111,-0.0031397174254317317,0.004241299349759153
1512375093000,633000,2017-12-04 08:11:33,2017-12-04 08:11:33,2017,12,4,0,4,637714.2857142857,638500.0,633811.1111111111,-0.0031496062992125706,0.0040033591979389115
1512461522000,635000,2017-12-05 08:12:02,2017-12-05 08:12:02,2017,12,5,1,4,637142.8571428572,638300.0,633955.5555555555,0.003159557661927437,0.004055755957747609
1512549216000,631000,2017-12-06 08:33:36,2017-12-06 08:33:36,2017,12,6,2,4,636000.0,638000.0,634055.5555555555,-0.006299212598425252,0.004196171564895351
1512633973000,631000,2017-12-07 08:06:13,2017-12-07 08:06:13,2017,12,7,3,4,634571.4285714285,637800.0,634133.3333333334,0.0,0.0041200415106726
1512721506000,628000,2017-12-08 08:25:06,2017-12-08 08:25:06,2017,12,8,4,4,632857.1428571428,637400.0,634211.1111111111,-0.004754358161648153,0.004084838608907752
1512799370000,628000,2017-12-09 06:02:50,2017-12-09 06:02:50,2017,12,9,5,4,631571.4285714285,637000.0,634255.5555555555,0.0,0.004084838608907752
1512980815000,628000,2017-12-11 08:26:55,2017-12-11 08:26:55,2017,12,11,0,4,630571.4285714285,636800.0,634311.1111111111,0.0,0.0037358736452906293
1513065231000,627000,2017-12-12 07:53:51,2017-12-12 07:53:51,2017,12,12,1,4,629714.2857142857,636433.3333333334,634344.4444444445,-0.0015923566878981443,0.003525735448938572
1513152249000,628000,2017-12-13 08:04:09,2017-12-13 08:04:09,2017,12,13,2,4,628714.2857142857,636066.6666666666,634377.7777777778,0.0015948963317384823,0.003526314761761781
1513239011000,633000,2017-12-14 08:10:11,2017-12-14 08:10:11,2017,12,14,3,4,629000.0,635933.3333333334,634366.6666666666,0.0079617834394905,0.003818320838588684
1513325273000,632000,2017-12-15 08:07:53,2017-12-15 08:07:53,2017,12,15,4,4,629142.8571428572,635700.0,634377.7777777778,-0.0015797788309637184,0.0037728059475945646
1513400988000,633000,2017-12-16 05:09:48,2017-12-16 05:09:48,2017,12,16,5,4,629857.1428571428,635466.6666666666,634400.0,0.0015822784810126667,0.0037731122521917626
1513584375000,632000,2017-12-18 08:06:15,2017-12-18 08:06:15,2017,12,18,0,4,630428.5714285715,635333.3333333334,634333.3333333334,-0.0015797788309637184,0.0036147221911509227
1513671145000,635000,2017-12-19 08:12:25,2017-12-19 08:12:25,2017,12,19,1,4,631428.5714285715,635300.0,634311.1111111111,0.004746835443038,0.003726133419331356
1513756272000,635000,2017-12-20 07:51:12,2017-12-20 07:51:12,2017,12,20,2,4,632571.4285714285,635233.3333333334,634266.6666666666,0.0,0.0037136262835291613
1513842069000,637000,2017-12-21 07:41:09,2017-12-21 07:41:09,2017,12,21,3,4,633857.1428571428,635200.0,634277.7777777778,0.0031496062992126816,0.0037491243373455963
1513930916000,636000,2017-12-22 08:21:56,2017-12-22 08:21:56,2017,12,22,4,4,634285.7142857143,635133.3333333334,634211.1111111111,-0.0015698587127158659,0.0037594090823280355
1514008889000,638000,2017-12-23 06:01:29,2017-12-23 06:01:29,2017,12,23,5,4,635142.8571428572,635133.3333333334,634177.7777777778,0.003144654088050425,0.0038057850026203977
1514360974000,642000,2017-12-27 07:49:34,2017-12-27 07:49:34,2017,12,27,2,4,636428.5714285715,635100.0,634233.3333333334,0.006269592476489061,0.003703983925766783
1514447881000,643000,2017-12-28 07:58:01,2017-12-28 07:58:01,2017,12,28,3,4,638000.0,635100.0,634366.6666666666,0.0015576323987538387,0.0037155391569910837
1514534548000,645000,2017-12-29 08:02:28,2017-12-29 08:02:28,2017,12,29,4,4,639428.5714285715,635366.6666666666,634511.1111111111,0.0031104199066873672,0.003309485007994822
1514617502000,647000,2017-12-30 07:05:02,2017-12-30 07:05:02,2017,12,30,5,4,641142.8571428572,635633.3333333334,634711.1111111111,0.0031007751937983663,0.003308389496117607
1514881074000,649000,2018-01-02 08:17:54,2018-01-02 08:17:54,2018,1,2,1,1,642857.1428571428,635900.0,634877.7777777778,0.0030911901081915882,0.003307303823636752
1514967459000,652000,2018-01-03 08:17:39,2018-01-03 08:17:39,2018,1,3,2,1,645142.8571428572,636300.0,635100.0,0.0046224961479199855,0.0033717405592239235
1515053690000,647000,2018-01-04 08:14:50,2018-01-04 08:14:50,2018,1,4,3,1,646428.5714285715,636566.6666666666,635300.0,-0.0076687116564416735,0.0036786746252215233
1515139865000,650000,2018-01-05 08:11:05,2018-01-05 08:11:05,2018,1,5,4,1,647571.4285714285,636933.3333333334,635555.5555555555,0.004636785162287493,0.0037569357008271367
1515216709000,646000,2018-01-06 05:31:49,2018-01-06 05:31:49,2018,1,6,5,1,648000.0,637100.0,635744.4444444445,-0.006153846153846176,0.0039181997107631894
1515398523000,648000,2018-01-08 08:02:03,2018-01-08 08:02:03,2018,1,8,0,1,648428.5714285715,637366.6666666666,635977.7777777778,0.003095975232198178,0.003935531143124542
1515485576000,647000,2018-01-09 08:12:56,2018-01-09 08:12:56,2018,1,9,1,1,648428.5714285715,637700.0,636233.3333333334,-0.0015432098765432167,0.0038353681275429116
1515572864000,645000,2018-01-10 08:27:44,2018-01-10 08:27:44,2018,1,10,2,1,647857.1428571428,638033.3333333334,636433.3333333334,-0.0030911901081916993,0.0038337784893049997
1515658614000,648000,2018-01-11 08:16:54,2018-01-11 08:16:54,2018,1,11,3,1,647285.7142857143,638533.3333333334,636677.7777777778,0.0046511627906977715,0.003840275736503488
1515744723000,650000,2018-01-12 08:12:03,2018-01-12 08:12:03,2018,1,12,4,1,647714.2857142857,639033.3333333334,636900.0,0.0030864197530864335,0.003838741262061278
1515823171000,651000,2018-01-13 05:59:31,2018-01-13 05:59:31,2018,1,13,5,1,647857.1428571428,639700.0,637166.6666666666,0.0015384615384614886,0.0035991643787537373
1516005958000,650000,2018-01-15 08:45:58,2018-01-15 08:45:58,2018,1,15,0,1,648428.5714285715,640333.3333333334,637444.4444444445,-0.001536098310291889,0.003625402995967153
1516088313000,649000,2018-01-16 07:38:33,2018-01-16 07:38:33,2018,1,16,1,1,648571.4285714285,641033.3333333334,637677.7777777778,-0.0015384615384614886,0.0034947091326538037
1516175247000,647000,2018-01-17 07:47:27,2018-01-17 07:47:27,2018,1,17,2,1,648571.4285714285,641666.6666666666,637900.0,-0.0030816640986132127,0.0035726670100943133
1516263325000,643000,2018-01-18 08:15:25,2018-01-18 08:15:25,2018,1,18,3,1,648285.7142857143,642166.6666666666,638144.4444444445,-0.0061823802163832875,0.0038032179622731017
1516349912000,643000,2018-01-19 08:18:32,2018-01-19 08:18:32,2018,1,19,4,1,647571.4285714285,642700.0,638411.1111111111,0.0,0.003779802821103964
1516430969000,643000,2018-01-20 06:49:29,2018-01-20 06:49:29,2018,1,20,5,1,646571.4285714285,643200.0,638666.6666666666,0.0,0.003780139928132745
1516608341000,643000,2018-01-22 08:05:41,2018-01-22 08:05:41,2018,1,22,0,1,645428.5714285715,643533.3333333334,638900.0,0.0,0.0035308257007737143
1516694728000,642000,2018-01-23 08:05:28,2018-01-23 08:05:28,2018,1,23,1,1,644285.7142857143,643866.6666666666,639122.2222222222,-0.0015552099533436836,0.003530322609628804
1516782114000,645000,2018-01-24 08:21:54,2018-01-24 08:21:54,2018,1,24,2,1,643714.2857142857,644266.6666666666,639377.7777777778,0.004672897196261738,0.0036063802949467027
1516867789000,651000,2018-01-25 08:09:49,2018-01-25 08:09:49,2018,1,25,3,1,644285.7142857143,644900.0,639633.3333333334,0.009302325581395321,0.003910631446997481
1516954434000,648000,2018-01-26 08:13:54,2018-01-26 08:13:54,2018,1,26,4,1,645000.0,645333.3333333334,639855.5555555555,-0.004608294930875556,0.00397364415957802
1517038169000,650000,2018-01-27 07:29:29,2018-01-27 07:29:29,2018,1,27,5,1,646000.0,645833.3333333334,640044.4444444445,0.0030864197530864335,0.003995236966682543
1517214299000,651000,2018-01-29 08:24:59,2018-01-29 08:24:59,2018,1,29,0,1,647142.8571428572,646300.0,640211.1111111111,0.0015384615384614886,0.003973140505489915
1517299914000,648000,2018-01-30 08:11:54,2018-01-30 08:11:54,2018,1,30,1,1,647857.1428571428,646700.0,640322.2222222222,-0.004608294930875556,0.004071369210961256
1517386724000,650000,2018-01-31 08:18:44,2018-01-31 08:18:44,2018,1,31,2,1,649000.0,647100.0,640433.3333333334,0.0030864197530864335,0.004070143261079785
1517473900000,653000,2018-02-01 08:31:40,2018-02-01 08:31:40,2018,2,1,3,1,650142.8571428572,647466.6666666666,640522.2222222222,0.004615384615384688,0.004001727191737419
1517560069000,653000,2018-02-02 08:27:49,2018-02-02 08:27:49,2018,2,2,4,1,650428.5714285715,647800.0,640622.2222222222,0.0,0.003998631116489079
1517637838000,648000,2018-02-03 06:03:58,2018-02-03 06:03:58,2018,2,3,5,1,650428.5714285715,647900.0,640711.1111111111,-0.007656967840735107,0.004234584316050445
1517819802000,648000,2018-02-05 08:36:42,2018-02-05 08:36:42,2018,2,5,0,1,650142.8571428572,647933.3333333334,640822.2222222222,0.0,0.004198099815318005
1517904128000,653000,2018-02-06 08:02:08,2018-02-06 08:02:08,2018,2,6,1,1,650428.5714285715,648066.6666666666,641000.0,0.007716049382715973,0.0043936129171670306
1517992079000,651000,2018-02-07 08:27:59,2018-02-07 08:27:59,2018,2,7,2,1,650857.1428571428,648033.3333333334,641100.0,-0.003062787136294043,0.004351565055307504
1518077456000,649000,2018-02-08 08:10:56,2018-02-08 08:10:56,2018,2,8,3,1,650714.2857142857,648100.0,641211.1111111111,-0.003072196620583667,0.004150025504518636
1518162879000,652000,2018-02-09 07:54:39,2018-02-09 07:54:39,2018,2,9,4,1,650571.4285714285,648166.6666666666,641366.6666666666,0.0046224961479199855,0.004149488976333679
1518240158000,652000,2018-02-10 05:22:38,2018-02-10 05:22:38,2018,2,10,5,1,650428.5714285715,648366.6666666666,641466.6666666666,0.0,0.003977672752141076
1518423293000,651000,2018-02-12 08:14:53,2018-02-12 08:14:53,2018,2,12,0,1,650857.1428571428,648466.6666666666,641600.0,-0.0015337423312883347,0.003955842565544912
1518509328000,653000,2018-02-13 08:08:48,2018-02-13 08:08:48,2018,2,13,1,1,651571.4285714285,648666.6666666666,641722.2222222222,0.003072196620583778,0.0039769498236929155
1518596239000,658000,2018-02-14 08:17:19,2018-02-14 08:17:19,2018,2,14,2,1,652285.7142857143,649100.0,641966.6666666666,0.007656967840734996,0.004140261490773939
1518684063000,663000,2018-02-15 08:41:03,2018-02-15 08:41:03,2018,2,15,3,1,654000.0,649600.0,642211.1111111111,0.0075987841945288626,0.004270824996346294
1518851634000,658000,2018-02-17 07:13:54,2018-02-17 07:13:54,2018,2,17,5,1,655285.7142857143,649866.6666666666,642400.0,-0.007541478129713397,0.00450650392281697
1519028458000,658000,2018-02-19 08:20:58,2018-02-19 08:20:58,2018,2,19,0,1,656142.8571428572,650100.0,642600.0,0.0,0.0045020610085177715
1519114682000,656000,2018-02-20 08:18:02,2018-02-20 08:18:02,2018,2,20,1,1,656714.2857142857,650300.0,642811.1111111111,-0.003039513677811523,0.004532234491278208
1519202108000,652000,2018-02-21 08:35:08,2018-02-21 08:35:08,2018,2,21,2,1,656857.1428571428,650400.0,642944.4444444445,-0.0060975609756097615,0.004670883687099696
1519286983000,652000,2018-02-22 08:09:43,2018-02-22 08:09:43,2018,2,22,3,1,656714.2857142857,650566.6666666666,643077.7777777778,0.0,0.004630750948129278
1519374369000,656000,2018-02-23 08:26:09,2018-02-23 08:26:09,2018,2,23,4,1,656428.5714285715,651000.0,643322.2222222222,0.006134969325153339,0.004585032312667791
1519455688000,656000,2018-02-24 07:01:28,2018-02-24 07:01:28,2018,2,24,5,1,655428.5714285715,651433.3333333334,643522.2222222222,0.0,0.004585032312667791
1519632776000,655000,2018-02-26 08:12:56,2018-02-26 08:12:56,2018,2,26,0,1,655000.0,651833.3333333334,643700.0,-0.0015243902439023849,0.004601218765844969
1519719205000,657000,2018-02-27 08:13:25,2018-02-27 08:13:25,2018,2,27,1,1,654857.1428571428,652300.0,643922.2222222222,0.003053435114503733,0.004620607230210558
1519804899000,653000,2018-02-28 08:01:39,2018-02-28 08:01:39,2018,2,28,2,1,654428.5714285715,652666.6666666666,644077.7777777778,-0.0060882800608828,0.0047695837307340965
1519893476000,655000,2018-03-01 08:37:56,2018-03-01 08:37:56,2018,3,1,3,1,654857.1428571428,653000.0,644244.4444444445,0.003062787136294043,0.004730811391799443
1519977848000,658000,2018-03-02 08:04:08,2018-03-02 08:04:08,2018,3,2,4,1,655714.2857142857,653233.3333333334,644488.8888888889,0.004580152671755711,0.004501665016651598
1520059353000,659000,2018-03-03 06:42:33,2018-03-03 06:42:33,2018,3,3,5,1,656142.8571428572,653600.0,644744.4444444445,0.001519756838905817,0.00440617093249766
1520237234000,658000,2018-03-05 08:07:14,2018-03-05 08:07:14,2018,3,5,0,1,656428.5714285715,653866.6666666666,644977.7777777778,-0.0015174506828528056,0.004395688876462522
1520322818000,657000,2018-03-06 07:53:38,2018-03-06 07:53:38,2018,3,6,1,1,656714.2857142857,654066.6666666666,645188.8888888889,-0.001519756838905817,0.004404241664591871
1520410229000,665000,2018-03-07 08:10:29,2018-03-07 08:10:29,2018,3,7,2,1,657857.1428571428,654633.3333333334,645488.8888888889,0.0121765601217656,0.004805104735518649
1520496305000,659000,2018-03-08 08:05:05,2018-03-08 08:05:05,2018,3,8,3,1,658714.2857142857,654933.3333333334,645722.2222222222,-0.009022556390977488,0.0051117140364908996
1520585722000,658000,2018-03-09 08:55:22,2018-03-09 08:55:22,2018,3,9,4,1,659142.8571428572,655100.0,645888.8888888889,-0.0015174506828528056,0.005062657235603366
1520666979000,661000,2018-03-10 07:29:39,2018-03-10 07:29:39,2018,3,10,5,1,659571.4285714285,655366.6666666666,646088.8888888889,0.004559270516717229,0.005122455235292985
1520841752000,661000,2018-03-12 08:02:32,2018-03-12 08:02:32,2018,3,12,0,1,659857.1428571428,655800.0,646355.5555555555,0.0,0.004891767699635002
1520928780000,660000,2018-03-13 08:13:00,2018-03-13 08:13:00,2018,3,13,1,1,660142.8571428572,656200.0,646588.8888888889,-0.001512859304084735,0.004906729210364722
1521014947000,659000,2018-03-14 08:09:07,2018-03-14 08:09:07,2018,3,14,2,1,660428.5714285715,656400.0,646788.8888888889,-0.0015151515151514694,0.004732979826408189
1521100378000,659000,2018-03-15 07:52:58,2018-03-15 07:52:58,2018,3,15,3,1,659571.4285714285,656666.6666666666,647000.0,0.0,0.004690431933587489
1521187166000,656000,2018-03-16 07:59:26,2018-03-16 07:59:26,2018,3,16,4,1,659142.8571428572,656900.0,647188.8888888889,-0.004552352048558417,0.00473597313267154
1521273541000,656000,2018-03-17 07:59:01,2018-03-17 07:59:01,2018,3,17,5,1,658857.1428571428,657033.3333333334,647377.7777777778,0.0,0.004667498823027068
1521447864000,656000,2018-03-19 08:24:24,2018-03-19 08:24:24,2018,3,19,0,1,658142.8571428572,657166.6666666666,647544.4444444445,0.0,0.004667498823027068
1521533124000,658000,2018-03-20 08:05:24,2018-03-20 08:05:24,2018,3,20,1,1,657714.2857142857,657400.0,647744.4444444445,0.0030487804878047697,0.004683273379299882
1521620034000,657000,2018-03-21 08:13:54,2018-03-21 08:13:54,2018,3,21,2,1,657285.7142857143,657533.3333333334,647966.6666666666,-0.001519756838905817,0.004666826505829776
1521705966000,665000,2018-03-22 08:06:06,2018-03-22 08:06:06,2018,3,22,3,1,658142.8571428572,657766.6666666666,648300.0,0.0121765601217656,0.0049779587545043325
1521793832000,664000,2018-03-23 08:30:32,2018-03-23 08:30:32,2018,3,23,4,1,658857.1428571428,657800.0,648644.4444444445,-0.0015037593984962294,0.004795904599669882
1521875117000,672000,2018-03-24 07:05:17,2018-03-24 07:05:17,2018,3,24,5,1,661142.8571428572,658266.6666666666,649055.5555555555,0.012048192771084265,0.005051836818011293
1522052706000,672000,2018-03-26 08:25:06,2018-03-26 08:25:06,2018,3,26,0,1,663428.5714285715,658733.3333333334,649511.1111111111,0.0,0.005051836818011293
1522137197000,673000,2018-03-27 07:53:17,2018-03-27 07:53:17,2018,3,27,1,1,665857.1428571428,659300.0,649977.7777777778,0.0014880952380953438,0.005003222225902409
1522224228000,666000,2018-03-28 08:03:48,2018-03-28 08:03:48,2018,3,28,2,1,667000.0,659766.6666666666,650400.0,-0.010401188707280795,0.005264615784603946
1522311237000,662000,2018-03-29 08:13:57,2018-03-29 08:13:57,2018,3,29,3,1,667714.2857142857,660100.0,650777.7777777778,-0.006006006006005982,0.005405326297626184
1522474052000,662000,2018-03-31 05:27:32,2018-03-31 05:27:32,2018,3,31,5,1,667285.7142857143,660300.0,651155.5555555555,0.0,0.005300671436393402
1522656646000,663000,2018-04-02 08:10:46,2018-04-02 08:10:46,2018,4,2,0,2,667142.8571428572,660533.3333333334,651555.5555555555,0.0015105740181269312,0.005304728587888444
1522743225000,669000,2018-04-03 08:13:45,2018-04-03 08:13:45,2018,4,3,1,2,666714.2857142857,661000.0,652011.1111111111,0.009049773755656076,0.005521559660719724
1522829637000,666000,2018-04-04 08:13:57,2018-04-04 08:13:57,2018,4,4,2,2,665857.1428571428,661300.0,652377.7777777778,-0.004484304932735439,0.005582872956366239
1522916417000,666000,2018-04-05 08:20:17,2018-04-05 08:20:17,2018,4,5,3,2,664857.1428571428,661733.3333333334,652755.5555555555,0.0,0.0054452646915871
1523002130000,666000,2018-04-06 08:08:50,2018-04-06 08:08:50,2018,4,6,4,2,664857.1428571428,662100.0,653122.2222222222,0.0,0.005427569732321893
1523084746000,667000,2018-04-07 07:05:46,2018-04-07 07:05:46,2018,4,7,5,2,665571.4285714285,662400.0,653511.1111111111,0.0015015015015014122,0.0053780020119425665
1523261781000,665000,2018-04-09 08:16:21,2018-04-09 08:16:21,2018,4,9,0,2,666000.0,662600.0,653844.4444444445,-0.0029985007496251548,0.005410666703079023
1523347534000,669000,2018-04-10 08:05:34,2018-04-10 08:05:34,2018,4,10,1,2,666857.1428571428,662966.6666666666,654222.2222222222,0.006015037593984918,0.005496726909285728
1523434330000,670000,2018-04-11 08:12:10,2018-04-11 08:12:10,2018,4,11,2,2,667000.0,663400.0,654588.8888888889,0.001494768310911887,0.005484798213078885
1523521294000,674000,2018-04-12 08:21:34,2018-04-12 08:21:34,2018,4,12,3,2,668142.8571428572,663700.0,655011.1111111111,0.005970149253731405,0.0051420752663130535
1523606528000,669000,2018-04-13 08:02:08,2018-04-13 08:02:08,2018,4,13,4,2,668571.4285714285,664033.3333333334,655355.5555555555,-0.007418397626112738,0.005047527962456944
1523866115000,671000,2018-04-16 08:08:35,2018-04-16 08:08:35,2018,4,16,0,2,669285.7142857143,664466.6666666666,655677.7777777778,0.002989536621823552,0.00505203649794275
1523953786000,673000,2018-04-17 08:29:46,2018-04-17 08:29:46,2018,4,17,1,2,670142.8571428572,664866.6666666666,656011.1111111111,0.0029806259314455463,0.005018179928934468
1524039801000,673000,2018-04-18 08:23:21,2018-04-18 08:23:21,2018,4,18,2,2,671285.7142857143,665266.6666666666,656322.2222222222,0.0,0.005018179928934468
1524126744000,674000,2018-04-19 08:32:24,2018-04-19 08:32:24,2018,4,19,3,2,672000.0,665733.3333333334,656622.2222222222,0.0014858841010401136,0.00500424095390188
1524213408000,671000,2018-04-20 08:36:48,2018-04-20 08:36:48,2018,4,20,4,2,672142.8571428572,666133.3333333334,656866.6666666666,-0.004451038575667643,0.005077468346099143
1524297871000,668000,2018-04-21 08:04:31,2018-04-21 08:04:31,2018,4,21,5,2,671285.7142857143,666433.3333333334,657044.4444444445,-0.0044709388971684305,0.005161042401690812
1524471139000,668000,2018-04-23 08:12:19,2018-04-23 08:12:19,2018,4,23,0,2,671142.8571428572,666833.3333333334,657277.7777777778,0.0,0.005074632739781048
1524556378000,668000,2018-04-24 07:52:58,2018-04-24 07:52:58,2018,4,24,1,2,670714.2857142857,667233.3333333334,657477.7777777778,0.0,0.005074632739781048
1524643340000,671000,2018-04-25 08:02:20,2018-04-25 08:02:20,2018,4,25,2,2,670428.5714285715,667733.3333333334,657755.5555555555,0.004491017964071808,0.005121830777675402
1524729584000,668000,2018-04-26 07:59:44,2018-04-26 07:59:44,2018,4,26,3,2,669714.2857142857,668066.6666666666,657977.7777777778,-0.0044709388971684305,0.005189841733491946
1524815639000,668000,2018-04-27 07:53:59,2018-04-27 07:53:59,2018,4,27,4,2,668857.1428571428,668433.3333333334,658211.1111111111,0.0,0.005176686918741451
1524902344000,667000,2018-04-28 07:59:04,2018-04-28 07:59:04,2018,4,28,5,2,668285.7142857143,668500.0,658455.5555555555,-0.0014970059880239361,0.0046991502588950825
1525076587000,668000,2018-04-30 08:23:07,2018-04-30 08:23:07,2018,4,30,0,2,668285.7142857143,668633.3333333334,658677.7777777778,0.0014992503748125774,0.004695555331919714
1525248401000,664000,2018-05-02 08:06:41,2018-05-02 08:06:41,2018,5,2,2,2,667714.2857142857,668366.6666666666,658833.3333333334,-0.005988023952095856,0.004262343182950115
1525336641000,666000,2018-05-03 08:37:21,2018-05-03 08:37:21,2018,5,3,3,2,667428.5714285715,668166.6666666666,659000.0,0.003012048192771122,0.004307095046173372
1525420953000,670000,2018-05-04 08:02:33,2018-05-04 08:02:33,2018,5,4,4,2,667285.7142857143,668066.6666666666,659222.2222222222,0.006006006006006093,0.004448083940638769
1525501419000,670000,2018-05-05 06:23:39,2018-05-05 06:23:39,2018,5,5,5,2,667571.4285714285,668200.0,659455.5555555555,0.0,0.0040038161555976766
1525681030000,670000,2018-05-07 08:17:10,2018-05-07 08:17:10,2018,5,7,0,2,667857.1428571428,668466.6666666666,659711.1111111111,0.0,0.0038287495058566437
1525766281000,671000,2018-05-08 07:58:01,2018-05-08 07:58:01,2018,5,8,1,2,668428.5714285715,668766.6666666666,660022.2222222222,0.0014925373134329067,0.0038329656894538224
1525853480000,673000,2018-05-09 08:11:20,2018-05-09 08:11:20,2018,5,9,2,2,669142.8571428572,669100.0,660355.5555555555,0.0029806259314455463,0.003856221354085532
1526025747000,675000,2018-05-11 08:02:27,2018-05-11 08:02:27,2018,5,11,4,2,670714.2857142857,669300.0,660711.1111111111,0.002971768202080227,0.0035384551660083588
1526107874000,673000,2018-05-12 06:51:14,2018-05-12 06:51:14,2018,5,12,5,2,671714.2857142857,669533.3333333334,661044.4444444445,-0.002962962962962945,0.003477851935928938
1526285161000,670000,2018-05-14 08:06:01,2018-05-14 08:06:01,2018,5,14,0,2,671714.2857142857,669666.6666666666,661355.5555555555,-0.004457652303120341,0.0035870280817209264
1526370996000,669000,2018-05-15 07:56:36,2018-05-15 07:56:36,2018,5,15,1,2,671571.4285714285,669766.6666666666,661622.2222222222,-0.0014925373134327957,0.003600307519453222
1526456298000,665000,2018-05-16 07:38:18,2018-05-16 07:38:18,2018,5,16,2,2,670857.1428571428,669700.0,661777.7777777778,-0.005979073243647215,0.0037594434598691843
1526544159000,667000,2018-05-17 08:02:39,2018-05-17 08:02:39,2018,5,17,3,2,670285.7142857143,669766.6666666666,661988.8888888889,0.003007518796992459,0.0037593150555022482
1526630939000,666000,2018-05-18 08:08:59,2018-05-18 08:08:59,2018,5,18,4,2,669285.7142857143,669666.6666666666,662166.6666666666,-0.0014992503748125774,0.0035990090728261043
1526712304000,667000,2018-05-19 06:45:04,2018-05-19 06:45:04,2018,5,19,5,2,668142.8571428572,669566.6666666666,662344.4444444445,0.0015015015015014122,0.003599114971377704
1526889453000,667000,2018-05-21 07:57:33,2018-05-21 07:57:33,2018,5,21,0,2,667285.7142857143,669333.3333333334,662555.5555555555,0.0,0.003409486123511784
1526976768000,670000,2018-05-22 08:12:48,2018-05-22 08:12:48,2018,5,22,1,2,667285.7142857143,669366.6666666666,662777.7777777778,0.004497751124437732,0.003246937302994617
1527063422000,670000,2018-05-23 08:17:02,2018-05-23 08:17:02,2018,5,23,2,2,667428.5714285715,669333.3333333334,662966.6666666666,0.0,0.003199290841286483
1527150605000,672000,2018-05-24 08:30:05,2018-05-24 08:30:05,2018,5,24,3,2,668428.5714285715,669300.0,663177.7777777778,0.0029850746268655914,0.0031994360059296816
1527235938000,675000,2018-05-25 08:12:18,2018-05-25 08:12:18,2018,5,25,4,2,669571.4285714285,669366.6666666666,663477.7777777778,0.0044642857142858094,0.003303703227186673
1527323169000,672000,2018-05-26 08:26:09,2018-05-26 08:26:09,2018,5,26,5,2,670428.5714285715,669300.0,663744.4444444445,-0.004444444444444473,0.0033943561531434457
1527497024000,671000,2018-05-28 08:43:44,2018-05-28 08:43:44,2018,5,28,0,2,671000.0,669300.0,663944.4444444445,-0.0014880952380952328,0.0033051264969192295
1527668384000,669000,2018-05-30 08:19:44,2018-05-30 08:19:44,2018,5,30,2,2,671285.7142857143,669333.3333333334,664144.4444444445,-0.0029806259314456574,0.0032462021931035073
1527755542000,668000,2018-05-31 08:32:22,2018-05-31 08:32:22,2018,5,31,3,2,671000.0,669333.3333333334,664355.5555555555,-0.001494768310911776,0.003258522981923679
1527926007000,664000,2018-06-02 07:53:27,2018-06-02 07:53:27,2018,6,2,5,2,670142.8571428572,669200.0,664488.8888888889,-0.005988023952095856,0.003437340014750287
1528099850000,663000,2018-06-04 08:10:50,2018-06-04 08:10:50,2018,6,4,0,2,668857.1428571428,668933.3333333334,664611.1111111111,-0.001506024096385561,0.0033281012377972454
1528187201000,662000,2018-06-05 08:26:41,2018-06-05 08:26:41,2018,6,5,1,2,667000.0,668733.3333333334,664733.3333333334,-0.0015082956259426794,0.0032459062319044668
1528273245000,665000,2018-06-06 08:20:45,2018-06-06 08:20:45,2018,6,6,2,2,666000.0,668633.3333333334,664866.6666666666,0.004531722054380571,0.003363457504158392
1528359413000,665000,2018-06-07 08:16:53,2018-06-07 08:16:53,2018,6,7,3,2,665142.8571428572,668566.6666666666,664944.4444444445,0.0,0.0033537915807315705
1528445610000,665000,2018-06-08 08:13:30,2018-06-08 08:13:30,2018,6,8,4,2,664571.4285714285,668466.6666666666,664966.6666666666,0.0,0.003340365029724609
1528530483000,667000,2018-06-09 07:48:03,2018-06-09 07:48:03,2018,6,9,5,2,664428.5714285715,668566.6666666666,665066.6666666666,0.003007518796992459,0.0031984727132753727
1529569715000,655000,2018-06-21 08:28:35,2018-06-21 08:28:35,2018,6,21,3,2,663142.8571428572,668200.0,665033.3333333334,-0.01799100449775115,0.004560309773213075
1529654923000,660000,2018-06-22 08:08:43,2018-06-22 08:08:43,2018,6,22,4,2,662714.2857142857,667866.6666666666,665077.7777777778,0.007633587786259444,0.004649735861811591
1529739862000,661000,2018-06-23 07:44:22,2018-06-23 07:44:22,2018,6,23,5,2,662571.4285714285,667566.6666666666,665177.7777777778,0.0015151515151514694,0.004663457276973143
1529915234000,662000,2018-06-25 08:27:14,2018-06-25 08:27:14,2018,6,25,0,2,662142.8571428572,667300.0,665288.8888888889,0.001512859304084735,0.004676542054904526
1530002063000,660000,2018-06-26 08:34:23,2018-06-26 08:34:23,2018,6,26,1,2,661428.5714285715,666933.3333333334,665333.3333333334,-0.0030211480362537513,0.004686495474734736
1530173837000,657000,2018-06-28 08:17:17,2018-06-28 08:17:17,2018,6,28,3,2,660285.7142857143,666400.0,665344.4444444445,-0.004545454545454519,0.004692960513577046
1530261486000,659000,2018-06-29 08:38:06,2018-06-29 08:38:06,2018,6,29,4,2,659142.8571428572,665866.6666666666,665388.8888888889,0.003044140030441511,0.004694979622434988
1530338376000,663000,2018-06-30 05:59:36,2018-06-30 05:59:36,2018,6,30,5,2,660285.7142857143,665533.3333333334,665455.5555555555,0.006069802731411222,0.00483818313307635
1530520784000,664000,2018-07-02 08:39:44,2018-07-02 08:39:44,2018,7,2,0,3,660857.1428571428,665333.3333333334,665577.7777777778,0.0015082956259426794,0.00479175775957741
1530607570000,659000,2018-07-03 08:46:10,2018-07-03 08:46:10,2018,7,3,1,3,660571.4285714285,665000.0,665622.2222222222,-0.0075301204819276935,0.004967625484256834
1530693042000,665000,2018-07-04 08:30:42,2018-07-04 08:30:42,2018,7,4,2,3,661000.0,665000.0,665700.0,0.009104704097116834,0.005152780632071957
1530778430000,664000,2018-07-05 08:13:50,2018-07-05 08:13:50,2018,7,5,3,3,661571.4285714285,664900.0,665755.5555555555,-0.0015037593984962294,0.005128141837677072
1530864656000,666000,2018-07-06 08:10:56,2018-07-06 08:10:56,2018,7,6,4,3,662857.1428571428,664900.0,665844.4444444445,0.003012048192771122,0.005152917165577432
1530942637000,665000,2018-07-07 05:50:37,2018-07-07 05:50:37,2018,7,7,5,3,663714.2857142857,664833.3333333334,665933.3333333334,-0.0015015015015015232,0.0051521703373405454
1531123815000,666000,2018-07-09 08:10:15,2018-07-09 08:10:15,2018,7,9,0,3,664142.8571428572,664800.0,665944.4444444445,0.0015037593984963404,0.005160356578324558
1531210779000,664000,2018-07-10 08:19:39,2018-07-10 08:19:39,2018,7,10,1,3,664142.8571428572,664600.0,666000.0,-0.0030030030030030463,0.00511456900384892
1531297828000,663000,2018-07-11 08:30:28,2018-07-11 08:30:28,2018,7,11,2,3,664714.2857142857,664366.6666666666,666055.5555555555,-0.001506024096385561,0.00511904281406655
1531383554000,661000,2018-07-12 08:19:14,2018-07-12 08:19:14,2018,7,12,3,3,664142.8571428572,664000.0,666055.5555555555,-0.003016591251885359,0.005101970563486656
1531468631000,663000,2018-07-13 07:57:11,2018-07-13 07:57:11,2018,7,13,4,3,664000.0,663600.0,666077.7777777778,0.00302571860816947,0.005059927326846787
1531552739000,660000,2018-07-14 07:18:59,2018-07-14 07:18:59,2018,7,14,5,3,663142.8571428572,663200.0,666077.7777777778,-0.004524886877828038,0.005062063781703784
1531728314000,660000,2018-07-16 08:05:14,2018-07-16 08:05:14,2018,7,16,0,3,662428.5714285715,662833.3333333334,666088.8888888889,0.0,0.005060230205820632
1531816077000,660000,2018-07-17 08:27:57,2018-07-17 08:27:57,2018,7,17,1,3,661571.4285714285,662533.3333333334,666100.0,0.0,0.005039845428988579
1531902635000,656000,2018-07-18 08:30:35,2018-07-18 08:30:35,2018,7,18,2,3,660428.5714285715,662133.3333333334,666100.0,-0.0060606060606061,0.005140755793426347
1531987610000,656000,2018-07-19 08:06:50,2018-07-19 08:06:50,2018,7,19,3,3,659428.5714285715,661866.6666666666,666100.0,0.0,0.0050392349625214
1532073953000,655000,2018-07-20 08:05:53,2018-07-20 08:05:53,2018,7,20,4,3,658571.4285714285,661600.0,666088.8888888889,-0.0015243902439023849,0.005039376128885152
1532158713000,660000,2018-07-21 07:38:33,2018-07-21 07:38:33,2018,7,21,5,3,658142.8571428572,661533.3333333334,666111.1111111111,0.007633587786259444,0.005241896013955377
1532333529000,660000,2018-07-23 08:12:09,2018-07-23 08:12:09,2018,7,23,0,3,658142.8571428572,661366.6666666666,666144.4444444445,0.0,0.005168980607294384
1532420946000,656000,2018-07-24 08:29:06,2018-07-24 08:29:06,2018,7,24,1,3,657571.4285714285,661066.6666666666,666044.4444444445,-0.0060606060606061,0.005276647286841978
1532506219000,656000,2018-07-25 08:10:19,2018-07-25 08:10:19,2018,7,25,2,3,657000.0,660766.6666666666,665955.5555555555,0.0,0.005276647286841978
1532593504000,662000,2018-07-26 08:25:04,2018-07-26 08:25:04,2018,7,26,3,3,657857.1428571428,660600.0,665844.4444444445,0.009146341463414531,0.0055280192598543085
1532680589000,659000,2018-07-27 08:36:29,2018-07-27 08:36:29,2018,7,27,4,3,658285.7142857143,660733.3333333334,665700.0,-0.004531722054380682,0.004485166113793956
1532756118000,660000,2018-07-28 05:35:18,2018-07-28 05:35:18,2018,7,28,5,3,659000.0,660733.3333333334,665555.5555555555,0.0015174506828528056,0.0042700654044847755
1532938729000,659000,2018-07-30 08:18:49,2018-07-30 08:18:49,2018,7,30,0,3,658857.1428571428,660666.6666666666,665477.7777777778,-0.0015151515151514694,0.004269044751319365
1533024705000,654000,2018-07-31 08:11:45,2018-07-31 08:11:45,2018,7,31,1,3,658000.0,660400.0,665388.8888888889,-0.007587253414264028,0.004469654781587916
1533112759000,656000,2018-08-01 08:39:19,2018-08-01 08:39:19,2018,8,1,2,3,658000.0,660266.6666666666,665322.2222222222,0.003058103975535076,0.004484296738699283
1533198441000,654000,2018-08-02 08:27:21,2018-08-02 08:27:21,2018,8,2,3,3,657714.2857142857,660166.6666666666,665222.2222222222,-0.0030487804878048808,0.004442332667217824
1533286659000,651000,2018-08-03 08:57:39,2018-08-03 08:57:39,2018,8,3,4,3,656142.8571428572,659900.0,665022.2222222222,-0.004587155963302725,0.004471929609287732
1533543905000,654000,2018-08-06 08:25:05,2018-08-06 08:25:05,2018,8,6,0,3,655428.5714285715,659600.0,664888.8888888889,0.004608294930875667,0.004406529536922203
1533630038000,652000,2018-08-07 08:20:38,2018-08-07 08:20:38,2018,8,7,1,3,654285.7142857143,659200.0,664733.3333333334,-0.003058103975535187,0.004415549852524021
1533642300000,660000,2018-08-07 11:45:00,2018-08-07 11:45:00,2018,8,7,1,3,654428.5714285715,659233.3333333334,664666.6666666666,0.012269938650306678,0.0048062084188256315
1533716802000,653000,2018-08-08 08:26:42,2018-08-08 08:26:42,2018,8,8,2,3,654285.7142857143,658833.3333333334,664511.1111111111,-0.010606060606060619,0.004874152400871221
1533803523000,651000,2018-08-09 08:32:03,2018-08-09 08:32:03,2018,8,9,3,3,653571.4285714285,658400.0,664355.5555555555,-0.003062787136294043,0.004892448515922644
1533887816000,650000,2018-08-10 07:56:56,2018-08-10 07:56:56,2018,8,10,4,3,653000.0,657866.6666666666,664144.4444444445,-0.001536098310291889,0.004845385357359834
1533970841000,650000,2018-08-11 07:00:41,2018-08-11 07:00:41,2018,8,11,5,3,652857.1428571428,657366.6666666666,663922.2222222222,0.0,0.004845632635299228
1534148556000,650000,2018-08-13 08:22:36,2018-08-13 08:22:36,2018,8,13,0,3,652285.7142857143,656833.3333333334,663655.5555555555,0.0,0.0048292771343614585
1534234113000,649000,2018-08-14 08:08:33,2018-08-14 08:08:33,2018,8,14,1,3,651857.1428571428,656333.3333333334,663433.3333333334,-0.0015384615384614886,0.004813605963024745
1534320236000,649000,2018-08-15 08:03:56,2018-08-15 08:03:56,2018,8,15,2,3,650285.7142857143,655866.6666666666,663188.8888888889,0.0,0.004813304546461059
1534408254000,645000,2018-08-16 08:30:54,2018-08-16 08:30:54,2018,8,16,3,3,649142.8571428572,655333.3333333334,662877.7777777778,-0.006163328197226536,0.0048990519056655996
1534751602000,648000,2018-08-20 07:53:22,2018-08-20 07:53:22,2018,8,20,0,3,648714.2857142857,654833.3333333334,662600.0,0.0046511627906977715,0.0049515841347414005
1534839354000,649000,2018-08-21 08:15:54,2018-08-21 08:15:54,2018,8,21,1,3,648571.4285714285,654466.6666666666,662322.2222222222,0.0015432098765431057,0.004915904249678505
1535011237000,650000,2018-08-23 08:00:37,2018-08-23 08:00:37,2018,8,23,3,3,648571.4285714285,654133.3333333334,662088.8888888889,0.0015408320493066618,0.004929861070489315
1535098580000,648000,2018-08-24 08:16:20,2018-08-24 08:16:20,2018,8,24,4,3,648285.7142857143,653733.3333333334,661866.6666666666,-0.003076923076923088,0.004951124785105341
1535181816000,657000,2018-08-25 07:23:36,2018-08-25 07:23:36,2018,8,25,5,3,649428.5714285715,653766.6666666666,661744.4444444445,0.01388888888888884,0.005501485005894945
1535357200000,654000,2018-08-27 08:06:40,2018-08-27 08:06:40,2018,8,27,0,3,650142.8571428572,653700.0,661588.8888888889,-0.004566210045662156,0.005566141479851162
1535444785000,655000,2018-08-28 08:26:25,2018-08-28 08:26:25,2018,8,28,1,3,651571.4285714285,653700.0,661411.1111111111,0.001529051987767538,0.0055668655676008845
1535531950000,652000,2018-08-29 08:39:10,2018-08-29 08:39:10,2018,8,29,2,3,652142.8571428572,653433.3333333334,661233.3333333334,-0.004580152671755711,0.005435541908750095
1535617767000,655000,2018-08-30 08:29:27,2018-08-30 08:29:27,2018,8,30,3,3,653000.0,653266.6666666666,661088.8888888889,0.004601226993865115,0.005511376931463474
1535703405000,652000,2018-08-31 08:16:45,2018-08-31 08:16:45,2018,8,31,4,3,653285.7142857143,653133.3333333334,660922.2222222222,-0.004580152671755711,0.005463874723323175
1535785913000,654000,2018-09-01 07:11:53,2018-09-01 07:11:53,2018,9,1,5,3,654142.8571428572,653066.6666666666,660766.6666666666,0.0030674846625766694,0.005496149233562246
1535963657000,654000,2018-09-03 08:34:17,2018-09-03 08:34:17,2018,9,3,0,3,653714.2857142857,652800.0,660655.5555555555,0.0,0.005212659048715879
1536049069000,656000,2018-09-04 08:17:49,2018-09-04 08:17:49,2018,9,4,1,3,654000.0,652700.0,660544.4444444445,0.003058103975535076,0.005188946200246643
1536136161000,655000,2018-09-05 08:29:21,2018-09-05 08:29:21,2018,9,5,2,3,654000.0,652533.3333333334,660377.7777777778,-0.0015243902439023849,0.005185178433034698
1536222849000,661000,2018-09-06 08:34:09,2018-09-06 08:34:09,2018,9,6,3,3,655285.7142857143,652600.0,660277.7777777778,0.009160305343511421,0.005454032165829253
1536309549000,662000,2018-09-07 08:39:09,2018-09-07 08:39:09,2018,9,7,4,3,656285.7142857143,652866.6666666666,660188.8888888889,0.001512859304084735,0.005260490081995216
1536393405000,659000,2018-09-08 07:56:45,2018-09-08 07:56:45,2018,9,8,5,3,657285.7142857143,652966.6666666666,660055.5555555555,-0.004531722054380682,0.005311438186896796
1536567932000,659000,2018-09-10 08:25:32,2018-09-10 08:25:32,2018,9,10,0,3,658000.0,653133.3333333334,659900.0,0.0,0.005276867613334527
1536652651000,659000,2018-09-11 07:57:31,2018-09-11 07:57:31,2018,9,11,1,3,658714.2857142857,653400.0,659722.2222222222,0.0,0.005197209730279066
1536743005000,662000,2018-09-12 09:03:25,2018-09-12 09:03:25,2018,9,12,2,3,659571.4285714285,653666.6666666666,659600.0,0.004552352048558417,0.005195665040338666
1536828162000,667000,2018-09-13 08:42:42,2018-09-13 08:42:42,2018,9,13,3,3,661285.7142857143,654166.6666666666,659566.6666666666,0.007552870090634434,0.005310741559147249
1536913970000,663000,2018-09-14 08:32:50,2018-09-14 08:32:50,2018,9,14,4,3,661571.4285714285,654266.6666666666,659500.0,-0.005997001499250421,0.004984153584751659
1536998019000,661000,2018-09-15 07:53:39,2018-09-15 07:53:39,2018,9,15,5,3,661428.5714285715,654533.3333333334,659455.5555555555,-0.003016591251885359,0.004596199307914329
1537172370000,661000,2018-09-17 08:19:30,2018-09-17 08:19:30,2018,9,17,0,3,661714.2857142857,654866.6666666666,659388.8888888889,0.0,0.004550043109564725
1537259668000,664000,2018-09-18 08:34:28,2018-09-18 08:34:28,2018,9,18,1,3,662428.5714285715,655333.3333333334,659366.6666666666,0.004538577912254205,0.004590457058492509
1537345483000,666000,2018-09-19 08:24:43,2018-09-19 08:24:43,2018,9,19,2,3,663428.5714285715,655866.6666666666,659355.5555555555,0.003012048192771122,0.00460705919518958
1537432560000,668000,2018-09-20 08:36:00,2018-09-20 08:36:00,2018,9,20,3,3,664285.7142857143,656466.6666666666,659366.6666666666,0.0030030030030030463,0.004621204965393756
1537519302000,668000,2018-09-21 08:41:42,2018-09-21 08:41:42,2018,9,21,4,3,664428.5714285715,657100.0,659344.4444444445,0.0,0.004601462273813183
1537604608000,665000,2018-09-22 08:23:28,2018-09-22 08:23:28,2018,9,22,5,3,664714.2857142857,657633.3333333334,659288.8888888889,-0.004491017964071808,0.0047060574032479225
1537776847000,663000,2018-09-24 08:14:07,2018-09-24 08:14:07,2018,9,24,0,3,665000.0,658233.3333333334,659188.8888888889,-0.003007518796992459,0.004578042020283308
1537863224000,666000,2018-09-25 08:13:44,2018-09-25 08:13:44,2018,9,25,1,3,665714.2857142857,658833.3333333334,659088.8888888889,0.004524886877828038,0.004574557519470975
1537950867000,667000,2018-09-26 08:34:27,2018-09-26 08:34:27,2018,9,26,2,3,666142.8571428572,659433.3333333334,659033.3333333334,0.0015015015015014122,0.00457436911410817
1538036354000,666000,2018-09-27 08:19:14,2018-09-27 08:19:14,2018,9,27,3,3,666142.8571428572,659966.6666666666,658977.7777777778,-0.0014992503748125774,0.004593828906401596
1538124308000,660000,2018-09-28 08:45:08,2018-09-28 08:45:08,2018,9,28,4,3,665000.0,660366.6666666666,658877.7777777778,-0.009009009009009028,0.004885791586093685
1538202493000,663000,2018-09-29 06:28:13,2018-09-29 06:28:13,2018,9,29,5,3,664285.7142857143,660566.6666666666,658822.2222222222,0.00454545454545463,0.004270007637512587
1538382694000,663000,2018-10-01 08:31:34,2018-10-01 08:31:34,2018,10,1,0,4,664000.0,660866.6666666666,658811.1111111111,0.0,0.0041703485122081925
1538383228000,663000,2018-10-01 08:40:28,2018-10-01 08:40:28,2018,10,1,0,4,664000.0,661133.3333333334,658811.1111111111,0.0,0.004166225941449903
1538469309000,662000,2018-10-02 08:35:09,2018-10-02 08:35:09,2018,10,2,1,4,663428.5714285715,661466.6666666666,658811.1111111111,-0.0015082956259426794,0.004076045188171052
1538474477000,662000,2018-10-02 10:01:17,2018-10-02 10:01:17,2018,10,2,1,4,662714.2857142857,661700.0,658777.7777777778,0.0,0.0040029182234471924
1538555429000,670000,2018-10-03 08:30:29,2018-10-03 08:30:29,2018,10,3,2,4,663285.7142857143,662300.0,658833.3333333334,0.012084592145015005,0.004427225515606197
1538640325000,670000,2018-10-04 08:05:25,2018-10-04 08:05:25,2018,10,4,3,4,664714.2857142857,662833.3333333334,658888.8888888889,0.0,0.004411255346864043
1538727351000,671000,2018-10-05 08:15:51,2018-10-05 08:15:51,2018,10,5,4,4,665857.1428571428,663400.0,658933.3333333334,0.0014925373134329067,0.004410158510651341
1538807651000,676000,2018-10-06 06:34:11,2018-10-06 06:34:11,2018,10,6,5,4,667714.2857142857,664066.6666666666,659166.6666666666,0.007451564828613977,0.004556026327642354
1538984989000,675000,2018-10-08 07:49:49,2018-10-08 07:49:49,2018,10,8,0,4,669428.5714285715,664733.3333333334,659333.3333333334,-0.0014792899408283544,0.004555168039440309
1539071276000,668000,2018-10-09 07:47:56,2018-10-09 07:47:56,2018,10,9,1,4,670285.7142857143,664966.6666666666,659411.1111111111,-0.010370370370370363,0.004742429416706081
1539158303000,669000,2018-10-10 07:58:23,2018-10-10 07:58:23,2018,10,10,2,4,671285.7142857143,665200.0,659488.8888888889,0.0014970059880239361,0.004742297645449867
1539245870000,669000,2018-10-11 08:17:50,2018-10-11 08:17:50,2018,10,11,3,4,671142.8571428572,665533.3333333334,659588.8888888889,0.0,0.004652379186391142
1539246361000,669000,2018-10-11 08:26:01,2018-10-11 08:26:01,2018,10,11,3,4,671000.0,665866.6666666666,659722.2222222222,0.0,0.004652379186391142
1539333499000,680000,2018-10-12 08:38:19,2018-10-12 08:38:19,2018,10,12,4,4,672285.7142857143,666566.6666666666,659955.5555555555,0.01644245142002987,0.005484083165720359
1539410125000,676000,2018-10-13 05:55:25,2018-10-13 05:55:25,2018,10,13,5,4,672285.7142857143,667033.3333333334,660100.0,-0.00588235294117645,0.005584968879892633
1539591274000,677000,2018-10-15 08:14:34,2018-10-15 08:14:34,2018,10,15,0,4,672571.4285714285,667366.6666666666,660244.4444444445,0.0014792899408284654,0.005436582683547278
1539677441000,681000,2018-10-16 08:10:41,2018-10-16 08:10:41,2018,10,16,1,4,674428.5714285715,667966.6666666666,660488.8888888889,0.005908419497784312,0.005379411712732852
1539763882000,679000,2018-10-17 08:11:22,2018-10-17 08:11:22,2018,10,17,2,4,675857.1428571428,668566.6666666666,660644.4444444445,-0.002936857562408246,0.005377425550602385
1539778120000,679000,2018-10-17 12:08:40,2018-10-17 12:08:40,2018,10,17,2,4,677285.7142857143,669166.6666666666,660811.1111111111,0.0,0.005377425550602385
1539850005000,676000,2018-10-18 08:06:45,2018-10-18 08:06:45,2018,10,18,3,4,678285.7142857143,669566.6666666666,660922.2222222222,-0.004418262150220897,0.005417508412787732
1539937719000,678000,2018-10-19 08:28:39,2018-10-19 08:28:39,2018,10,19,4,4,678000.0,669966.6666666666,661066.6666666666,0.002958579881656709,0.005416700120903739
1539941387000,678000,2018-10-19 09:29:47,2018-10-19 09:29:47,2018,10,19,4,4,678285.7142857143,670300.0,661200.0,0.0,0.005398662067241498
1540021445000,680000,2018-10-20 07:44:05,2018-10-20 07:44:05,2018,10,20,5,4,678714.2857142857,670700.0,661377.7777777778,0.002949852507374562,0.005415898919779728
1540196499000,680000,2018-10-22 08:21:39,2018-10-22 08:21:39,2018,10,22,0,4,678571.4285714285,671200.0,661566.6666666666,0.0,0.005331513554695941
1540283240000,677000,2018-10-23 08:27:20,2018-10-23 08:27:20,2018,10,23,1,4,678285.7142857143,671666.6666666666,661744.4444444445,-0.004411764705882337,0.0053717211682986175
1540368979000,682000,2018-10-24 08:16:19,2018-10-24 08:16:19,2018,10,24,2,4,678714.2857142857,672200.0,661955.5555555555,0.007385524372230501,0.005466319461696523
1540370377000,682000,2018-10-24 08:39:37,2018-10-24 08:39:37,2018,10,24,2,4,679571.4285714285,672700.0,662200.0,0.0,0.0054666061493046265
1540454237000,682000,2018-10-25 07:57:17,2018-10-25 07:57:17,2018,10,25,3,4,680142.8571428572,673233.3333333334,662444.4444444445,0.0,0.005452111820084814
1540540497000,681000,2018-10-26 07:54:57,2018-10-26 07:54:57,2018,10,26,4,4,680571.4285714285,673933.3333333334,662677.7777777778,-0.0014662756598240456,0.005149399196711614
1540624856000,682000,2018-10-27 07:20:56,2018-10-27 07:20:56,2018,10,27,5,4,680857.1428571428,674566.6666666666,662966.6666666666,0.001468428781204123,0.005108005304191543
1540802030000,682000,2018-10-29 08:33:50,2018-10-29 08:33:50,2018,10,29,0,4,681142.8571428572,675200.0,663255.5555555555,0.0,0.005108005304191543
1540887013000,681000,2018-10-30 08:10:13,2018-10-30 08:10:13,2018,10,30,1,4,681714.2857142857,675800.0,663544.4444444445,-0.0014662756598240456,0.00512444514170107
1540974044000,678000,2018-10-31 08:20:44,2018-10-31 08:20:44,2018,10,31,2,4,681142.8571428572,676333.3333333334,663744.4444444445,-0.004405286343612369,0.005198272592430877
1541059953000,675000,2018-11-01 08:12:33,2018-11-01 08:12:33,2018,11,1,3,4,680142.8571428572,676766.6666666666,663911.1111111111,-0.004424778761061954,0.005284094001131559
1541147705000,681000,2018-11-02 08:35:05,2018-11-02 08:35:05,2018,11,2,4,4,680000.0,677133.3333333334,664188.8888888889,0.008888888888888946,0.005073911668683001
1541231536000,678000,2018-11-03 07:52:16,2018-11-03 07:52:16,2018,11,3,5,4,679571.4285714285,677400.0,664433.3333333334,-0.004405286343612369,0.005153658154623918
1541405885000,678000,2018-11-05 08:18:05,2018-11-05 08:18:05,2018,11,5,0,4,679000.0,677633.3333333334,664611.1111111111,0.0,0.005150035595996035
1541492528000,673000,2018-11-06 08:22:08,2018-11-06 08:22:08,2018,11,6,1,4,677714.2857142857,677533.3333333334,664766.6666666666,-0.007374631268436627,0.0051572974434238765
1541578939000,670000,2018-11-07 08:22:19,2018-11-07 08:22:19,2018,11,7,2,4,676142.8571428572,677366.6666666666,664877.7777777778,-0.004457652303120341,0.005212431197731216
1541664836000,665000,2018-11-08 08:13:56,2018-11-08 08:13:56,2018,11,8,3,4,674285.7142857143,677266.6666666666,664944.4444444445,-0.007462686567164201,0.005041701800295913
1541752044000,662000,2018-11-09 08:27:24,2018-11-09 08:27:24,2018,11,9,4,4,672428.5714285715,677033.3333333334,665033.3333333334,-0.004511278195488688,0.0050935912802757295
1541836127000,660000,2018-11-10 07:48:47,2018-11-10 07:48:47,2018,11,10,5,4,669428.5714285715,676733.3333333334,665077.7777777778,-0.0030211480362537513,0.0051164908949519645
1542011938000,659000,2018-11-12 08:38:58,2018-11-12 08:38:58,2018,11,12,0,4,666714.2857142857,676400.0,665133.3333333334,-0.0015151515151514694,0.005119487610383044
1542096916000,660000,2018-11-13 08:15:16,2018-11-13 08:15:16,2018,11,13,1,4,664142.8571428572,675733.3333333334,665233.3333333334,0.0015174506828528056,0.004025709814702065
1542182544000,663000,2018-11-14 08:02:24,2018-11-14 08:02:24,2018,11,14,2,4,662714.2857142857,675300.0,665333.3333333334,0.00454545454545463,0.004038598637367412
1542192149000,663000,2018-11-14 10:42:29,2018-11-14 10:42:29,2018,11,14,2,4,661714.2857142857,674833.3333333334,665455.5555555555,0.0,0.004020832723908569
1542268265000,663000,2018-11-15 07:51:05,2018-11-15 07:51:05,2018,11,15,3,4,661428.5714285715,674233.3333333334,665488.8888888889,0.0,0.0038265718882487913
1542269255000,662000,2018-11-15 08:07:35,2018-11-15 08:07:35,2018,11,15,3,4,661428.5714285715,673666.6666666666,665588.8888888889,-0.0015082956259426794,0.003809011658505374
1542356458000,664000,2018-11-16 08:20:58,2018-11-16 08:20:58,2018,11,16,4,4,662000.0,673166.6666666666,665733.3333333334,0.0030211480362538623,0.00387135354903634
1542438954000,662000,2018-11-17 07:15:54,2018-11-17 07:15:54,2018,11,17,5,4,662428.5714285715,672700.0,665866.6666666666,-0.003012048192771122,0.00383357460099363
1542615042000,662000,2018-11-19 08:10:42,2018-11-19 08:10:42,2018,11,19,0,4,662714.2857142857,672166.6666666666,666000.0,0.0,0.0037740643863427657
1542616048000,662000,2018-11-19 08:27:28,2018-11-19 08:27:28,2018,11,19,0,4,662571.4285714285,671633.3333333334,666133.3333333334,0.0,0.0037740643863427657
1542619592000,662000,2018-11-19 09:26:32,2018-11-19 09:26:32,2018,11,19,0,4,662428.5714285715,671033.3333333334,666277.7777777778,0.0,0.0037112019156379213
1542787621000,662000,2018-11-21 08:07:01,2018-11-21 08:07:01,2018,11,21,2,4,662285.7142857143,670433.3333333334,666422.2222222222,0.0,0.0037112019156379213
1542802230000,662000,2018-11-21 12:10:30,2018-11-21 12:10:30,2018,11,21,2,4,662285.7142857143,669933.3333333334,666611.1111111111,0.0,0.0036536861395588156
1542873431000,665000,2018-11-22 07:57:11,2018-11-22 07:57:11,2018,11,22,3,4,662428.5714285715,669366.6666666666,666800.0,0.004531722054380571,0.003467225573400982
1542959658000,665000,2018-11-23 07:54:18,2018-11-23 07:54:18,2018,11,23,4,4,662857.1428571428,668800.0,666977.7777777778,0.0,0.003467225573400982
1543042832000,662000,2018-11-24 07:00:32,2018-11-24 07:00:32,2018,11,24,5,4,662857.1428571428,668133.3333333334,667111.1111111111,-0.004511278195488688,0.0035270630283127263
1543222100000,662000,2018-11-26 08:48:20,2018-11-26 08:48:20,2018,11,26,0,4,662857.1428571428,667500.0,667266.6666666666,0.0,0.003530330760724099
1543308252000,661000,2018-11-27 08:44:12,2018-11-27 08:44:12,2018,11,27,1,4,662714.2857142857,666800.0,667311.1111111111,-0.0015105740181269312,0.003502129186767309
1543394917000,657500,2018-11-28 08:48:37,2018-11-28 08:48:37,2018,11,28,2,4,662071.4285714285,665983.3333333334,667350.0,-0.005295007564296572,0.003580661820632196
1543481303000,661000,2018-11-29 08:48:23,2018-11-29 08:48:23,2018,11,29,3,4,661928.5714285715,665316.6666666666,667416.6666666666,0.005323193916349833,0.003773446877429193
1543565792000,659000,2018-11-30 08:16:32,2018-11-30 08:16:32,2018,11,30,4,4,661071.4285714285,664683.3333333334,667494.4444444445,-0.00302571860816947,0.0037385886039734257
1543649581000,657000,2018-12-01 07:33:01,2018-12-01 07:33:01,2018,12,1,5,4,659928.5714285715,664083.3333333334,667516.6666666666,-0.003034901365705611,0.003702355009314439
1543823233000,655000,2018-12-03 07:47:13,2018-12-03 07:47:13,2018,12,3,0,4,658928.5714285715,663216.6666666666,667550.0,-0.0030441400304414,0.00322537841013867
1543912838000,656500,2018-12-04 08:40:38,2018-12-04 08:40:38,2018,12,4,1,4,658142.8571428572,662500.0,667577.7777777778,0.0022900763358779663,0.0032341351418065257
1543998787000,660000,2018-12-05 08:33:07,2018-12-05 08:33:07,2018,12,5,2,4,658000.0,661900.0,667644.4444444445,0.005331302361005319,0.0034351017190785236
1544085707000,662000,2018-12-06 08:41:47,2018-12-06 08:41:47,2018,12,6,3,4,658642.8571428572,661533.3333333334,667711.1111111111,0.003030303030302939,0.0032796348095774377
1544169344000,665000,2018-12-07 07:55:44,2018-12-07 07:55:44,2018,12,7,4,4,659214.2857142857,661366.6666666666,667822.2222222222,0.004531722054380571,0.00332013875793624
1544258535000,668500,2018-12-08 08:42:15,2018-12-08 08:42:15,2018,12,8,5,4,660571.4285714285,661483.3333333334,667905.5555555555,0.0052631578947368585,0.0031759103808051974
1544428780000,669000,2018-12-10 07:59:40,2018-12-10 07:59:40,2018,12,10,0,4,662285.7142857143,661716.6666666666,667983.3333333334,0.0007479431563202077,0.003050718907880982
1544517697000,666000,2018-12-11 08:41:37,2018-12-11 08:41:37,2018,12,11,1,4,663857.1428571428,661916.6666666666,668061.1111111111,-0.004484304932735439,0.0031175218596537495
1544603001000,668000,2018-12-12 08:23:21,2018-12-12 08:23:21,2018,12,12,2,4,665500.0,662216.6666666666,668161.1111111111,0.0030030030030030463,0.0031355716524282405
1544690377000,668000,2018-12-13 08:39:37,2018-12-13 08:39:37,2018,12,13,3,4,666642.8571428572,662483.3333333334,668261.1111111111,0.0,0.003130109821055867
1544774902000,665000,2018-12-14 08:08:22,2018-12-14 08:08:22,2018,12,14,4,4,667071.4285714285,662550.0,668294.4444444445,-0.004491017964071808,0.0031527847360103803
1544856668000,664000,2018-12-15 06:51:08,2018-12-15 06:51:08,2018,12,15,5,4,666928.5714285715,662583.3333333334,668261.1111111111,-0.0015037593984962294,0.003166439486661796
1545034840000,664000,2018-12-17 08:20:40,2018-12-17 08:20:40,2018,12,17,0,4,666285.7142857143,662616.6666666666,668272.2222222222,0.0,0.003166439486661796
1545121529000,668000,2018-12-18 08:25:29,2018-12-18 08:25:29,2018,12,18,1,4,666142.8571428572,662816.6666666666,668350.0,0.006024096385542244,0.003332481475207692
1545206886000,667000,2018-12-19 08:08:06,2018-12-19 08:08:06,2018,12,19,2,4,666285.7142857143,662916.6666666666,668416.6666666666,-0.0014970059880239361,0.0033075534065385996
1545293828000,662000,2018-12-20 08:17:08,2018-12-20 08:17:08,2018,12,20,3,4,665428.5714285715,662916.6666666666,668394.4444444445,-0.007496251874062998,0.003548207802419644
1545380609000,669000,2018-12-21 08:23:29,2018-12-21 08:23:29,2018,12,21,4,4,665571.4285714285,663150.0,668427.7777777778,0.010574018126888296,0.004038853331099093
1545463228000,666000,2018-12-22 07:20:28,2018-12-22 07:20:28,2018,12,22,5,4,665714.2857142857,663283.3333333334,668405.5555555555,-0.004484304932735439,0.00413443137153289
1545812961000,671000,2018-12-26 08:29:21,2018-12-26 08:29:21,2018,12,26,2,4,666714.2857142857,663583.3333333334,668438.8888888889,0.007507507507507505,0.004343273823039486
1545897265000,674000,2018-12-27 07:54:25,2018-12-27 07:54:25,2018,12,27,3,4,668142.8571428572,663983.3333333334,668538.8888888889,0.0044709388971684305,0.0044032611155999405
1545982696000,674000,2018-12-28 07:38:16,2018-12-28 07:38:16,2018,12,28,4,4,669000.0,664383.3333333334,668661.1111111111,0.0,0.0044032611155999405
1546071162000,676000,2018-12-29 08:12:42,2018-12-29 08:12:42,2018,12,29,5,4,670285.7142857143,664750.0,668772.2222222222,0.0029673590504450953,0.00436428715622211
1546245280000,676000,2018-12-31 08:34:40,2018-12-31 08:34:40,2018,12,31,0,4,672285.7142857143,665116.6666666666,668872.2222222222,0.0,0.00436428715622211
1546416020000,674000,2019-01-02 08:00:20,2019-01-02 08:00:20,2019,1,2,2,1,673000.0,665516.6666666666,668961.1111111111,-0.00295857988165682,0.004311000412303495
1546502725000,676000,2019-01-03 08:05:25,2019-01-03 08:05:25,2019,1,3,3,1,674428.5714285715,665983.3333333334,669138.8888888889,0.0029673590504450953,0.004330567386604516
1546590102000,681000,2019-01-04 08:21:42,2019-01-04 08:21:42,2019,1,4,4,1,675857.1428571428,666650.0,669338.8888888889,0.007396449704142105,0.004476179607528408
1546675775000,673000,2019-01-05 08:09:35,2019-01-05 08:09:35,2019,1,5,5,1,675714.2857142857,667166.6666666666,669450.0,-0.011747430249632873,0.004922083224871328
1546848101000,673000,2019-01-07 08:01:41,2019-01-07 08:01:41,2019,1,7,0,1,675571.4285714285,667566.6666666666,669561.1111111111,0.0,0.004848377142206783
1546936100000,669000,2019-01-08 08:28:20,2019-01-08 08:28:20,2019,1,8,1,1,674571.4285714285,667900.0,669638.8888888889,-0.005943536404160454,0.004952011170822874
1547022328000,666000,2019-01-09 08:25:28,2019-01-09 08:25:28,2019,1,9,2,1,673142.8571428572,668200.0,669683.3333333334,-0.004484304932735439,0.004994715657197821
1547107680000,671000,2019-01-10 08:08:00,2019-01-10 08:08:00,2019,1,10,3,1,672714.2857142857,668733.3333333334,669694.4444444445,0.007507507507507505,0.005109239316928696
1547193164000,669000,2019-01-11 07:52:44,2019-01-11 07:52:44,2019,1,11,4,1,671714.2857142857,669150.0,669683.3333333334,-0.0029806259314456574,0.005147331976480531
1547275458000,669000,2019-01-12 06:44:18,2019-01-12 06:44:18,2019,1,12,5,1,670000.0,669450.0,669661.1111111111,0.0,0.005071311957096584
1547453631000,669000,2019-01-14 08:13:51,2019-01-14 08:13:51,2019,1,14,0,1,669428.5714285715,669683.3333333334,669583.3333333334,0.0,0.005048561716067735
1547540744000,669000,2019-01-15 08:25:44,2019-01-15 08:25:44,2019,1,15,1,1,668857.1428571428,669816.6666666666,669516.6666666666,0.0,0.00498694932567527
1547627793000,670000,2019-01-16 08:36:33,2019-01-16 08:36:33,2019,1,16,2,1,669000.0,669866.6666666666,669538.8888888889,0.001494768310911887,0.004902067599618628
1547713243000,672000,2019-01-17 08:20:43,2019-01-17 08:20:43,2019,1,17,3,1,669857.1428571428,669966.6666666666,669572.2222222222,0.0029850746268655914,0.004929418758822837
1547799329000,672000,2019-01-18 08:15:29,2019-01-18 08:15:29,2019,1,18,4,1,670000.0,670166.6666666666,669605.5555555555,0.0,0.0048510702054243154
1548057963000,670000,2019-01-21 08:06:03,2019-01-21 08:06:03,2019,1,21,0,1,670142.8571428572,670233.3333333334,669616.6666666666,-0.0029761904761904656,0.004859449248878959
1548145205000,669000,2019-01-22 08:20:05,2019-01-22 08:20:05,2019,1,22,1,1,670142.8571428572,670266.6666666666,669494.4444444445,-0.0014925373134327957,0.004868257935539381
1548231709000,671000,2019-01-23 08:21:49,2019-01-23 08:21:49,2019,1,23,2,1,670428.5714285715,670466.6666666666,669438.8888888889,0.002989536621823552,0.004818368371831257
1548317148000,669000,2019-01-24 08:05:48,2019-01-24 08:05:48,2019,1,24,3,1,670428.5714285715,670633.3333333334,669350.0,-0.0029806259314456574,0.004845016310659527
1548404708000,667000,2019-01-25 08:25:08,2019-01-25 08:25:08,2019,1,25,4,1,670000.0,670733.3333333334,669194.4444444445,-0.002989536621823663,0.004881188026579628
1548486842000,677000,2019-01-26 07:14:02,2019-01-26 07:14:02,2019,1,26,5,1,670714.2857142857,671033.3333333334,669172.2222222222,0.014992503748125996,0.0054893510238404625
1548664309000,675000,2019-01-28 08:31:49,2019-01-28 08:31:49,2019,1,28,0,1,671142.8571428572,671300.0,669127.7777777778,-0.002954209748892156,0.005513665111214779
1548750261000,672000,2019-01-29 08:24:21,2019-01-29 08:24:21,2019,1,29,1,1,671428.5714285715,671633.3333333334,669083.3333333334,-0.004444444444444473,0.005389478079553485
1548836421000,676000,2019-01-30 08:20:21,2019-01-30 08:20:21,2019,1,30,2,1,672428.5714285715,671866.6666666666,669061.1111111111,0.005952380952380931,0.005152859151280418
1548922767000,680000,2019-01-31 08:19:27,2019-01-31 08:19:27,2019,1,31,3,1,673714.2857142857,672333.3333333334,669083.3333333334,0.00591715976331364,0.005165597662615025
1549007948000,679000,2019-02-01 07:59:08,2019-02-01 07:59:08,2019,2,1,4,1,675142.8571428572,672600.0,669072.2222222222,-0.0014705882352941124,0.0050159010117627155
1549097595000,675000,2019-02-02 08:53:15,2019-02-02 08:53:15,2019,2,2,5,1,676285.7142857143,672633.3333333334,669016.6666666666,-0.00589101620029453,0.00508274583960999
1549268788000,675000,2019-02-04 08:26:28,2019-02-04 08:26:28,2019,2,4,0,1,676000.0,672666.6666666666,668994.4444444445,0.0,0.00508274583960999
1549441821000,675000,2019-02-06 08:30:21,2019-02-06 08:30:21,2019,2,6,2,1,676000.0,672633.3333333334,668916.6666666666,0.0,0.005053040670668891
1549527480000,672000,2019-02-07 08:18:00,2019-02-07 08:18:00,2019,2,7,3,1,676000.0,672500.0,668805.5555555555,-0.004444444444444473,0.005116669442519852
1549613490000,674000,2019-02-08 08:11:30,2019-02-08 08:11:30,2019,2,8,4,1,675714.2857142857,672500.0,668716.6666666666,0.0029761904761904656,0.005120470473607614
1549695803000,675000,2019-02-09 07:03:23,2019-02-09 07:03:23,2019,2,9,5,1,675000.0,672466.6666666666,668650.0,0.0014836795252226587,0.005098064398647401
1549872319000,675000,2019-02-11 08:05:19,2019-02-11 08:05:19,2019,2,11,0,1,674428.5714285715,672266.6666666666,668572.2222222222,0.0,0.004901238444401307
1549958488000,673000,2019-02-12 08:01:28,2019-02-12 08:01:28,2019,2,12,1,1,674142.8571428572,672266.6666666666,668472.2222222222,-0.002962962962962945,0.0044327351333397665
1550045268000,676000,2019-02-13 08:07:48,2019-02-13 08:07:48,2019,2,13,2,1,674285.7142857143,672366.6666666666,668416.6666666666,0.004457652303120341,0.004506505100811457
1550131983000,673000,2019-02-14 08:13:03,2019-02-14 08:13:03,2019,2,14,3,1,674000.0,672500.0,668361.1111111111,-0.004437869822485174,0.004444161687877335
1550218641000,677000,2019-02-15 08:17:21,2019-02-15 08:17:21,2019,2,15,4,1,674714.2857142857,672866.6666666666,668383.3333333334,0.005943536404160454,0.004472196391253149
1550301131000,681000,2019-02-16 07:12:11,2019-02-16 07:12:11,2019,2,16,5,1,675714.2857142857,673200.0,668383.3333333334,0.005908419497784312,0.004395353496591115
1550477208000,680000,2019-02-18 08:06:48,2019-02-18 08:06:48,2019,2,18,0,1,676428.5714285715,673566.6666666666,668405.5555555555,-0.001468428781204123,0.004362579599397037
1550564032000,683000,2019-02-19 08:13:52,2019-02-19 08:13:52,2019,2,19,1,1,677571.4285714285,674033.3333333334,668461.1111111111,0.004411764705882337,0.004417312974548539
1550650941000,689000,2019-02-20 08:22:21,2019-02-20 08:22:21,2019,2,20,2,1,679857.1428571428,674700.0,668638.8888888889,0.008784773060029227,0.004654135058636024
1550736663000,686000,2019-02-21 08:11:03,2019-02-21 08:11:03,2019,2,21,3,1,681285.7142857143,675266.6666666666,668816.6666666666,-0.004354136429608135,0.0047530045604537744
1550823007000,682000,2019-02-22 08:10:07,2019-02-22 08:10:07,2019,2,22,4,1,682571.4285714285,675666.6666666666,669005.5555555555,-0.005830903790087438,0.004904383862414851
1550905177000,684000,2019-02-23 06:59:37,2019-02-23 06:59:37,2019,2,23,5,1,683571.4285714285,676066.6666666666,669250.0,0.0029325513196480912,0.004903513661526427
1551082323000,683000,2019-02-25 08:12:03,2019-02-25 08:12:03,2019,2,25,0,1,683857.1428571428,676433.3333333334,669505.5555555555,-0.0014619883040936088,0.004916946705753581
1551168352000,680000,2019-02-26 08:05:52,2019-02-26 08:05:52,2019,2,26,1,1,683857.1428571428,676766.6666666666,669738.8888888889,-0.004392386530014614,0.004958619858464322
1551256582000,679000,2019-02-27 08:36:22,2019-02-27 08:36:22,2019,2,27,2,1,683285.7142857143,677100.0,669950.0,-0.0014705882352941124,0.004958316449544431
1551340301000,674000,2019-02-28 07:51:41,2019-02-28 07:51:41,2019,2,28,3,1,681142.8571428572,677200.0,670072.2222222222,-0.007363770250368162,0.0051366348564795055
1551428505000,673000,2019-03-01 08:21:45,2019-03-01 08:21:45,2019,3,1,4,1,679285.7142857143,677333.3333333334,670183.3333333334,-0.0014836795252225476,0.005112272946131301
1551512422000,669000,2019-03-02 07:40:22,2019-03-02 07:40:22,2019,3,2,5,1,677428.5714285715,677400.0,670250.0,-0.005943536404160454,0.005203681126287283
1551688968000,665500,2019-03-04 08:42:48,2019-03-04 08:42:48,2019,3,4,0,1,674785.7142857143,677016.6666666666,670288.8888888889,-0.0052316890881913825,0.004467495260141494
1551774886000,665000,2019-03-05 08:34:46,2019-03-05 08:34:46,2019,3,5,1,1,672214.2857142857,676683.3333333334,670300.0,-0.0007513148009016257,0.004444854309599655
1551861331000,665500,2019-03-06 08:35:31,2019-03-06 08:35:31,2019,3,6,2,1,670142.8571428572,676466.6666666666,670338.8888888889,0.0007518796992480592,0.004386214471848621
1551945889000,665500,2019-03-07 08:04:49,2019-03-07 08:04:49,2019,3,7,3,1,668214.2857142857,676116.6666666666,670377.7777777778,0.0,0.004224598805980873
1552033297000,664500,2019-03-08 08:21:37,2019-03-08 08:21:37,2019,3,8,4,1,666857.1428571428,675600.0,670405.5555555555,-0.0015026296018031404,0.004048696174331615
1552118611000,669000,2019-03-09 08:03:31,2019-03-09 08:03:31,2019,3,9,5,1,666285.7142857143,675266.6666666666,670483.3333333334,0.006772009029345272,0.004272341426062912
1552293404000,672500,2019-03-11 08:36:44,2019-03-11 08:36:44,2019,3,11,0,1,666785.7142857143,675183.3333333334,670600.0,0.0052316890881913825,0.004269700171189212
1552379186000,674000,2019-03-12 08:26:26,2019-03-12 08:26:26,2019,3,12,1,1,668000.0,675150.0,670733.3333333334,0.0022304832713755385,0.004291135655234501
1552465556000,679000,2019-03-13 08:25:56,2019-03-13 08:25:56,2019,3,13,2,1,670000.0,675283.3333333334,670888.8888888889,0.007418397626112849,0.004502110426156785
1552552278000,680000,2019-03-14 08:31:18,2019-03-14 08:31:18,2019,3,14,3,1,672071.4285714285,675550.0,671055.5555555555,0.0014727540500736325,0.00442018458509917
1552638257000,675000,2019-03-15 08:24:17,2019-03-15 08:24:17,2019,3,15,4,1,673428.5714285715,675583.3333333334,671200.0,-0.007352941176470562,0.0046110828128353935
1552728230000,680000,2019-03-16 09:23:50,2019-03-16 09:23:50,2019,3,16,5,1,675642.8571428572,675750.0,671400.0,0.007407407407407307,0.004797240410527678
1552899602000,678500,2019-03-18 09:00:02,2019-03-18 09:00:02,2019,3,18,0,1,677000.0,675866.6666666666,671594.4444444445,-0.0022058823529411686,0.004818177345117341
1552985492000,675500,2019-03-19 08:51:32,2019-03-19 08:51:32,2019,3,19,1,1,677428.5714285715,675950.0,671794.4444444445,-0.004421518054532059,0.00485821577596437
1553071621000,676500,2019-03-20 08:47:01,2019-03-20 08:47:01,2019,3,20,2,1,677785.7142857143,675966.6666666666,671966.6666666666,0.001480384900073961,0.0047968913529892075
1553156993000,680000,2019-03-21 08:29:53,2019-03-21 08:29:53,2019,3,21,3,1,677928.5714285715,676200.0,672200.0,0.005173688100517326,0.004808757747533401
1553243610000,672000,2019-03-22 08:33:30,2019-03-22 08:33:30,2019,3,22,4,1,676785.7142857143,676033.3333333334,672366.6666666666,-0.0117647058823529,0.005172352663884426
1553328559000,676000,2019-03-23 08:09:19,2019-03-23 08:09:19,2019,3,23,5,1,676928.5714285715,675866.6666666666,672600.0,0.005952380952380931,0.005174158833224408
1553502314000,675000,2019-03-25 08:25:14,2019-03-25 08:25:14,2019,3,25,0,1,676214.2857142857,675700.0,672805.5555555555,-0.0014792899408283544,0.005174248661132557
1553588435000,681000,2019-03-26 08:20:35,2019-03-26 08:20:35,2019,3,26,1,1,676571.4285714285,675633.3333333334,673038.8888888889,0.008888888888888946,0.005373561485037544
1553674991000,676000,2019-03-27 08:23:11,2019-03-27 08:23:11,2019,3,27,2,1,676642.8571428572,675200.0,673194.4444444445,-0.007342143906020504,0.005261253290254101
1553761420000,674000,2019-03-28 08:23:40,2019-03-28 08:23:40,2019,3,28,3,1,676285.7142857143,674800.0,673294.4444444445,-0.00295857988165682,0.005233205773714614
1553850038000,669000,2019-03-29 09:00:38,2019-03-29 09:00:38,2019,3,29,4,1,674714.2857142857,674366.6666666666,673300.0,-0.007418397626112738,0.005295837418473709
1554107587000,669000,2019-04-01 08:33:07,2019-04-01 08:33:07,2019,4,1,0,2,674285.7142857143,673866.6666666666,673300.0,0.0,0.0052547600170568054
1554194506000,669000,2019-04-02 08:41:46,2019-04-02 08:41:46,2019,4,2,1,2,673285.7142857143,673400.0,673333.3333333334,0.0,0.005254473555963101
1554366535000,670000,2019-04-04 08:28:55,2019-04-04 08:28:55,2019,4,4,3,2,672571.4285714285,673066.6666666666,673355.5555555555,0.001494768310911887,0.0052207469420785645
1554453324000,669500,2019-04-05 08:35:24,2019-04-05 08:35:24,2019,4,5,4,2,670928.5714285715,672750.0,673372.2222222222,-0.0007462686567164534,0.005217684371560698
1554538112000,669500,2019-04-06 08:08:32,2019-04-06 08:08:32,2019,4,6,5,2,670000.0,672600.0,673422.2222222222,0.0,0.005052112977814949
1554713716000,669500,2019-04-08 08:55:16,2019-04-08 08:55:16,2019,4,8,0,2,669357.1428571428,672483.3333333334,673483.3333333334,0.0,0.005046483031310924
1554798239000,671000,2019-04-09 08:23:59,2019-04-09 08:23:59,2019,4,9,1,2,669642.8571428572,672550.0,673561.1111111111,0.0022404779686333587,0.004943289543132329
1554885006000,672500,2019-04-10 08:30:06,2019-04-10 08:30:06,2019,4,10,2,2,670142.8571428572,672783.3333333334,673611.1111111111,0.0022354694485842153,0.00485213340790226
1554970569000,673500,2019-04-11 08:16:09,2019-04-11 08:16:09,2019,4,11,3,2,670785.7142857143,673066.6666666666,673683.3333333334,0.0014869888475836923,0.004851660921564472
1555056363000,669000,2019-04-12 08:06:03,2019-04-12 08:06:03,2019,4,12,4,2,670642.8571428572,673183.3333333334,673761.1111111111,-0.006681514476614692,0.005021745794461708
1555146686000,668500,2019-04-13 09:11:26,2019-04-13 09:11:26,2019,4,13,5,2,670500.0,673283.3333333334,673755.5555555555,-0.0007473841554559435,0.005024558909095785
1555315610000,669000,2019-04-15 08:06:50,2019-04-15 08:06:50,2019,4,15,0,2,670428.5714285715,673433.3333333334,673788.8888888889,0.0007479431563202077,0.005015638978253106
1555402670000,666500,2019-04-16 08:17:50,2019-04-16 08:17:50,2019,4,16,1,2,670000.0,673350.0,673738.8888888889,-0.0037369207772794955,0.0049093521686096285
1555576027000,665000,2019-04-18 08:27:07,2019-04-18 08:27:07,2019,4,18,3,2,669142.8571428572,673100.0,673638.8888888889,-0.0022505626406601476,0.0048176609400566285
1555659437000,665000,2019-04-19 07:37:17,2019-04-19 07:37:17,2019,4,19,4,2,668071.4285714285,672800.0,673538.8888888889,0.0,0.004793413943559248
1555748430000,665000,2019-04-20 08:20:30,2019-04-20 08:20:30,2019,4,20,5,2,666857.1428571428,672333.3333333334,673416.6666666666,0.0,0.004559864931086041
1555835396000,665000,2019-04-21 08:29:56,2019-04-21 08:29:56,2019,4,21,6,2,666285.7142857143,671833.3333333334,673294.4444444445,0.0,0.004543742034383233
1555921474000,665000,2019-04-22 08:24:34,2019-04-22 08:24:34,2019,4,22,0,2,665785.7142857143,671500.0,673194.4444444445,0.0,0.00436931863661804
1556008801000,665000,2019-04-23 08:40:01,2019-04-23 08:40:01,2019,4,23,1,2,665214.2857142857,671000.0,673072.2222222222,0.0,0.004109311360003558
1556094501000,665000,2019-04-24 08:28:21,2019-04-24 08:28:21,2019,4,24,2,2,665000.0,670550.0,672894.4444444445,0.0,0.004101814606360051
1556180525000,667000,2019-04-25 08:22:05,2019-04-25 08:22:05,2019,4,25,3,2,665285.7142857143,670266.6666666666,672827.7777777778,0.003007518796992459,0.004091229169251743
1556268256000,670000,2019-04-26 08:44:16,2019-04-26 08:44:16,2019,4,26,4,2,666000.0,670050.0,672794.4444444445,0.004497751124437732,0.004175623420506082
1556354378000,673500,2019-04-27 08:39:38,2019-04-27 08:39:38,2019,4,27,5,2,667214.2857142857,669833.3333333334,672844.4444444445,0.0052238805970148405,0.004177907193902272
1556526773000,673000,2019-04-29 08:32:53,2019-04-29 08:32:53,2019,4,29,0,2,668357.1428571428,669866.6666666666,672922.2222222222,-0.0007423904974016571,0.003577495886616545
1556613770000,670500,2019-04-30 08:42:50,2019-04-30 08:42:50,2019,4,30,1,2,669142.8571428572,669683.3333333334,672916.6666666666,-0.003714710252600284,0.003461547031650596
1556699233000,673000,2019-05-01 08:27:13,2019-05-01 08:27:13,2019,5,1,2,2,670285.7142857143,669616.6666666666,672961.1111111111,0.0037285607755406236,0.0035285649122861634
1556786022000,670000,2019-05-02 08:33:42,2019-05-02 08:33:42,2019,5,2,3,2,671000.0,669250.0,672972.2222222222,-0.004457652303120341,0.0031813764779149174
1556872362000,669000,2019-05-03 08:32:42,2019-05-03 08:32:42,2019,5,3,4,2,671285.7142857143,669016.6666666666,672972.2222222222,-0.0014925373134327957,0.002918342929212866
1556956720000,674000,2019-05-04 07:58:40,2019-05-04 07:58:40,2019,5,4,5,2,671857.1428571428,669016.6666666666,673027.7777777778,0.007473841554558991,0.0032035242735421066
1557130987000,673000,2019-05-06 08:23:07,2019-05-06 08:23:07,2019,5,6,0,2,671785.7142857143,669150.0,673061.1111111111,-0.0014836795252225476,0.002897979205405154
1557218157000,674000,2019-05-07 08:35:57,2019-05-07 08:35:57,2019,5,7,1,2,671928.5714285715,669316.6666666666,673083.3333333334,0.0014858841010401136,0.002907077239989446
1557304176000,674500,2019-05-08 08:29:36,2019-05-08 08:29:36,2019,5,8,2,2,672500.0,669500.0,673111.1111111111,0.0007418397626113293,0.002908011946972955
1557391297000,671000,2019-05-09 08:41:37,2019-05-09 08:41:37,2019,5,9,3,2,672214.2857142857,669533.3333333334,673122.2222222222,-0.005189028910303928,0.0030633847605869096
1557476964000,673000,2019-05-10 08:29:24,2019-05-10 08:29:24,2019,5,10,4,2,672642.8571428572,669650.0,673166.6666666666,0.0029806259314455463,0.003105086552375663
1557565045000,673500,2019-05-11 08:57:25,2019-05-11 08:57:25,2019,5,11,5,2,673285.7142857143,669783.3333333334,673194.4444444445,0.0007429420505200568,0.003106576316559155
1557736263000,673500,2019-05-13 08:31:03,2019-05-13 08:31:03,2019,5,13,0,2,673214.2857142857,669916.6666666666,673244.4444444445,0.0,0.003106576316559155
1557823220000,678000,2019-05-14 08:40:20,2019-05-14 08:40:20,2019,5,14,1,2,673928.5714285715,670150.0,673366.6666666666,0.006681514476614803,0.003306388321808307
1557908820000,678000,2019-05-15 08:27:00,2019-05-15 08:27:00,2019,5,15,2,2,674500.0,670333.3333333334,673377.7777777778,0.0,0.0032875971499658862
1557994475000,678000,2019-05-16 08:14:35,2019-05-16 08:14:35,2019,5,16,3,2,675000.0,670483.3333333334,673411.1111111111,0.0,0.003279922224878624
1558081261000,674000,2019-05-17 08:21:01,2019-05-17 08:21:01,2019,5,17,4,2,675428.5714285715,670650.0,673433.3333333334,-0.005899705014749235,0.0032257961512241326
1558167512000,672000,2019-05-18 08:18:32,2019-05-18 08:18:32,2019,5,18,5,2,675285.7142857143,670766.6666666666,673388.8888888889,-0.0029673590504450953,0.0032746354116875
1558342047000,672000,2019-05-20 08:47:27,2019-05-20 08:47:27,2019,5,20,0,2,675071.4285714285,670866.6666666666,673300.0,0.0,0.003273003257736499
1558427537000,672000,2019-05-21 08:32:17,2019-05-21 08:32:17,2019,5,21,1,2,674857.1428571428,671050.0,673222.2222222222,0.0,0.00318985720344543
1558513233000,671000,2019-05-22 08:20:33,2019-05-22 08:20:33,2019,5,22,2,2,673857.1428571428,671250.0,673177.7777777778,-0.0014880952380952328,0.0031719960336141794
1558600093000,671000,2019-05-23 08:28:13,2019-05-23 08:28:13,2019,5,23,3,2,672857.1428571428,671450.0,673133.3333333334,0.0,0.0031719960336141794
1558685958000,675000,2019-05-24 08:19:18,2019-05-24 08:19:18,2019,5,24,4,2,672428.5714285715,671783.3333333334,673133.3333333334,0.005961251862891315,0.003334816757983668
1558946795000,674000,2019-05-27 08:46:35,2019-05-27 08:46:35,2019,5,27,0,2,672428.5714285715,672083.3333333334,673155.5555555555,-0.001481481481481528,0.0033534394303368596
1559031917000,671000,2019-05-28 08:25:17,2019-05-28 08:25:17,2019,5,28,1,2,672285.7142857143,672283.3333333334,673122.2222222222,-0.004451038575667643,0.00347061928169743
1559119217000,670000,2019-05-29 08:40:17,2019-05-29 08:40:17,2019,5,29,2,2,672000.0,672450.0,673066.6666666666,-0.0014903129657227732,0.003485772190414884
1559290798000,675000,2019-05-31 08:19:58,2019-05-31 08:19:58,2019,5,31,4,2,672428.5714285715,672783.3333333334,673066.6666666666,0.00746268656716409,0.003724977157882638
1560154436000,690000,2019-06-10 08:13:56,2019-06-10 08:13:56,2019,6,10,0,2,675142.8571428572,673550.0,673255.5555555555,0.022222222222222143,0.005431332249484253
1560241912000,682000,2019-06-11 08:31:52,2019-06-11 08:31:52,2019,6,11,1,2,676714.2857142857,673950.0,673322.2222222222,-0.011594202898550732,0.00586600677095589
1560328483000,682000,2019-06-12 08:34:43,2019-06-12 08:34:43,2019,6,12,2,2,677714.2857142857,674233.3333333334,673422.2222222222,0.0,0.005801454198960819
1560415008000,684000,2019-06-13 08:36:48,2019-06-13 08:36:48,2019,6,13,3,2,679142.8571428572,674600.0,673500.0,0.0029325513196480912,0.005814534988369846
1560500805000,690000,2019-06-14 08:26:45,2019-06-14 08:26:45,2019,6,14,4,2,681857.1428571428,675250.0,673600.0,0.00877192982456143,0.005943704149555973
1560587205000,690000,2019-06-15 08:26:45,2019-06-15 08:26:45,2019,6,15,5,2,684714.2857142857,675816.6666666666,673711.1111111111,0.0,0.005923044848415453
1560760165000,688000,2019-06-17 08:29:25,2019-06-17 08:29:25,2019,6,17,0,2,686571.4285714285,676416.6666666666,673766.6666666666,-0.0028985507246376274,0.0058815747079118625
1560855423000,691000,2019-06-18 10:57:03,2019-06-18 10:57:03,2019,6,18,1,2,686714.2857142857,677150.0,673788.8888888889,0.0043604651162789665,0.005896507039096041
1560934657000,693000,2019-06-19 08:57:37,2019-06-19 08:57:37,2019,6,19,2,2,688285.7142857143,677783.3333333334,673866.6666666666,0.0028943560057888007,0.00578390003158487
1561020205000,703000,2019-06-20 08:43:25,2019-06-20 08:43:25,2019,6,20,3,2,691285.7142857143,678783.3333333334,674100.0,0.01443001443001446,0.006263511305684482
1561104561000,711000,2019-06-21 08:09:21,2019-06-21 08:09:21,2019,6,21,4,2,695142.8571428572,680016.6666666666,674400.0,0.011379800853485111,0.0065194271616559425
1561115782000,716000,2019-06-21 11:16:22,2019-06-21 11:16:22,2019,6,21,4,2,698857.1428571428,681400.0,674766.6666666666,0.007032348804500765,0.006584937842145882
1561190139000,708000,2019-06-22 07:55:39,2019-06-22 07:55:39,2019,6,22,5,2,701428.5714285715,682633.3333333334,675077.7777777778,-0.011173184357541888,0.0068940117014300644
1561365110000,711500,2019-06-24 08:31:50,2019-06-24 08:31:50,2019,6,24,0,2,704785.7142857143,683916.6666666666,675438.8888888889,0.004943502824858781,0.006914752678475004
1561450828000,722000,2019-06-25 08:20:28,2019-06-25 08:20:28,2019,6,25,1,2,709214.2857142857,685533.3333333334,675972.2222222222,0.014757554462403455,0.007298130003621471
1561537214000,718000,2019-06-26 08:20:14,2019-06-26 08:20:14,2019,6,26,2,2,712785.7142857143,687016.6666666666,676472.2222222222,-0.005540166204986097,0.007428476074419343
1561625954000,716000,2019-06-27 08:59:14,2019-06-27 08:59:14,2019,6,27,3,2,714642.8571428572,688283.3333333334,676994.4444444445,-0.0027855153203342198,0.007430925787694119
1561711551000,720000,2019-06-28 08:45:51,2019-06-28 08:45:51,2019,6,28,4,2,715928.5714285715,689683.3333333334,677600.0,0.005586592178770999,0.007453037819354306
1561883503000,714000,2019-06-30 08:31:43,2019-06-30 08:31:43,2019,6,30,6,2,715642.8571428572,690883.3333333334,678144.4444444445,-0.008333333333333304,0.007683131663684365
1561970706000,708000,2019-07-01 08:45:06,2019-07-01 08:45:06,2019,7,1,0,3,715642.8571428572,692016.6666666666,678616.6666666666,-0.008403361344537785,0.007782098725813396
1562055688000,703000,2019-07-02 08:21:28,2019-07-02 08:21:28,2019,7,2,1,3,714428.5714285715,693050.0,679033.3333333334,-0.007062146892655385,0.007901254735459133
1562142357000,723000,2019-07-03 08:25:57,2019-07-03 08:25:57,2019,7,3,2,3,714571.4285714285,694750.0,679683.3333333334,0.028449502133712556,0.009295068374835829
1562227555000,720000,2019-07-04 08:05:55,2019-07-04 08:05:55,2019,7,4,3,3,714857.1428571428,696350.0,680250.0,-0.004149377593360981,0.009363903530252701
1562311266000,718000,2019-07-05 07:21:06,2019-07-05 07:21:06,2019,7,5,4,3,715142.8571428572,697916.6666666666,680755.5555555555,-0.002777777777777768,0.00938504203523253
1562396428000,710000,2019-07-06 07:00:28,2019-07-06 07:00:28,2019,7,6,5,3,713714.2857142857,699216.6666666666,681155.5555555555,-0.011142061281337101,0.009694621973608118
1562573920000,709000,2019-07-08 08:18:40,2019-07-08 08:18:40,2019,7,8,0,3,713000.0,700350.0,681488.8888888889,-0.0014084507042253502,0.009682316123019046
1562660385000,708000,2019-07-09 08:19:45,2019-07-09 08:19:45,2019,7,9,1,3,713000.0,701483.3333333334,681800.0,-0.0014104372355430161,0.009681523748545187
1562746343000,708000,2019-07-10 08:12:23,2019-07-10 08:12:23,2019,7,10,2,3,713714.2857142857,702716.6666666666,682166.6666666666,0.0,0.00961811709467622
1562831968000,720000,2019-07-11 07:59:28,2019-07-11 07:59:28,2019,7,11,3,3,713285.7142857143,704383.3333333334,682611.1111111111,0.016949152542372836,0.009980632119312669
1562920024000,710000,2019-07-12 08:27:04,2019-07-12 08:27:04,2019,7,12,4,3,711857.1428571428,705550.0,682961.1111111111,-0.01388888888888884,0.010364736412828235
1563002815000,715000,2019-07-13 07:26:55,2019-07-13 07:26:55,2019,7,13,5,3,711428.5714285715,706383.3333333334,683400.0,0.007042253521126751,0.009678020480075076
1563178227000,715000,2019-07-15 08:10:27,2019-07-15 08:10:27,2019,7,15,0,3,712142.8571428572,707483.3333333334,683827.7777777778,0.0,0.009374914873650084
1563264919000,711000,2019-07-16 08:15:19,2019-07-16 08:15:19,2019,7,16,1,3,712428.5714285715,708450.0,684172.2222222222,-0.005594405594405605,0.00946344276102033
1563351440000,706000,2019-07-17 08:17:20,2019-07-17 08:17:20,2019,7,17,2,3,712142.8571428572,709183.3333333334,684550.0,-0.007032348804500654,0.009583086505320304
1563440195000,714000,2019-07-18 08:56:35,2019-07-18 08:56:35,2019,7,18,3,3,713000.0,709983.3333333334,684972.2222222222,0.011331444759206777,0.009664790128185604
1563524950000,723000,2019-07-19 08:29:10,2019-07-19 08:29:10,2019,7,19,4,3,713428.5714285715,711083.3333333334,685505.5555555555,0.012605042016806678,0.009883019066314894
1563694301000,712000,2019-07-21 07:31:41,2019-07-21 07:31:41,2019,7,21,6,3,713714.2857142857,711883.3333333334,685850.0,-0.015214384508990264,0.010322575721401031
1563783820000,713000,2019-07-22 08:23:40,2019-07-22 08:23:40,2019,7,22,0,3,713428.5714285715,712616.6666666666,686261.1111111111,0.001404494382022392,0.010305410739979275
1563870425000,714000,2019-07-23 08:27:05,2019-07-23 08:27:05,2019,7,23,1,3,713285.7142857143,713316.6666666666,686705.5555555555,0.0014025245441795509,0.01030003335952967
1563955356000,712000,2019-07-24 08:02:36,2019-07-24 08:02:36,2019,7,24,2,3,713428.5714285715,713616.6666666666,687183.3333333334,-0.0028011204481792618,0.01000417581459295
1564042593000,717000,2019-07-25 08:16:33,2019-07-25 08:16:33,2019,7,25,3,3,715000.0,713816.6666666666,687716.6666666666,0.0070224719101124045,0.009871100750182495
1564131123000,711000,2019-07-26 08:52:03,2019-07-26 08:52:03,2019,7,26,4,3,714571.4285714285,713650.0,688183.3333333334,-0.008368200836820106,0.009910738010903999
1564215520000,713000,2019-07-27 08:18:40,2019-07-27 08:18:40,2019,7,27,5,3,713142.8571428572,713816.6666666666,688661.1111111111,0.002812939521800173,0.00970286848233241
1564305469000,713000,2019-07-28 09:17:49,2019-07-28 09:17:49,2019,7,28,6,3,713285.7142857143,713866.6666666666,689144.4444444445,0.0,0.009662829772469654
1564388049000,714000,2019-07-29 08:14:09,2019-07-29 08:14:09,2019,7,29,0,3,713428.5714285715,713600.0,689638.8888888889,0.0014025245441795509,0.009264407166652801
1564475903000,716000,2019-07-30 08:38:23,2019-07-30 08:38:23,2019,7,30,1,3,713714.2857142857,713533.3333333334,690155.5555555555,0.0028011204481792618,0.009227747698151679
1564562240000,720000,2019-07-31 08:37:20,2019-07-31 08:37:20,2019,7,31,2,3,714857.1428571428,713666.6666666666,690700.0,0.005586592178770999,0.009268736262343279
1564647893000,711500,2019-08-01 08:24:53,2019-08-01 08:24:53,2019,8,1,3,3,714071.4285714285,713383.3333333334,691133.3333333334,-0.011805555555555514,0.009463813792239937
1564735339000,726000,2019-08-02 08:42:19,2019-08-02 08:42:19,2019,8,2,4,3,716214.2857142857,713783.3333333334,691716.6666666666,0.02037947997189038,0.010061882331159322
1564819352000,731000,2019-08-03 08:02:32,2019-08-03 08:02:32,2019,8,3,5,3,718785.7142857143,714550.0,692405.5555555555,0.00688705234159781,0.00997677048532391
1564994294000,733000,2019-08-05 08:38:14,2019-08-05 08:38:14,2019,8,5,0,3,721642.8571428572,715550.0,693122.2222222222,0.002735978112175186,0.00985957073443725
1565079835000,748000,2019-08-06 08:23:55,2019-08-06 08:23:55,2019,8,6,1,3,726500.0,716383.3333333334,694000.0,0.02046384720327432,0.009190326998104181
1565167383000,755000,2019-08-07 08:43:03,2019-08-07 08:43:03,2019,8,7,2,3,732071.4285714285,717550.0,694983.3333333334,0.009358288770053402,0.009251190056931164
1565252229000,762000,2019-08-08 08:17:09,2019-08-08 08:17:09,2019,8,8,3,3,738071.4285714285,719016.6666666666,696061.1111111111,0.009271523178807861,0.0093148067464327
1565337024000,761000,2019-08-09 07:50:24,2019-08-09 07:50:24,2019,8,9,4,3,745142.8571428572,720716.6666666666,697127.7777777778,-0.001312335958005284,0.009003297969389408
1565423456000,756000,2019-08-10 07:50:56,2019-08-10 07:50:56,2019,8,10,5,3,749428.5714285715,722283.3333333334,698138.8888888889,-0.006570302233902758,0.009126167455638566
1565596939000,758000,2019-08-12 08:02:19,2019-08-12 08:02:19,2019,8,12,0,3,753285.7142857143,723950.0,699172.2222222222,0.002645502645502562,0.009101122046998335
1565683988000,764000,2019-08-13 08:13:08,2019-08-13 08:13:08,2019,8,13,1,3,757714.2857142857,725816.6666666666,700272.2222222222,0.0079155672823219,0.009146257392756806
1565769818000,763000,2019-08-14 08:03:38,2019-08-14 08:03:38,2019,8,14,2,3,759857.1428571428,727250.0,701361.1111111111,-0.0013089005235602524,0.008756362519528682
1565856169000,768000,2019-08-15 08:02:49,2019-08-15 08:02:49,2019,8,15,3,3,761714.2857142857,729183.3333333334,702505.5555555555,0.006553079947575258,0.00826086616040024
1565943305000,775000,2019-08-16 08:15:05,2019-08-16 08:15:05,2019,8,16,4,3,763571.4285714285,731183.3333333334,703705.5555555555,0.00911458333333326,0.008307361511674957
1566034161000,768000,2019-08-17 09:29:21,2019-08-17 09:29:21,2019,8,17,5,3,764571.4285714285,732950.0,704794.4444444445,-0.00903225806451613,0.008569000406393036
1566112264000,768000,2019-08-18 07:11:04,2019-08-18 07:11:04,2019,8,18,6,3,766285.7142857143,734850.0,705844.4444444445,0.0,0.008448561389628755
1566202797000,766000,2019-08-19 08:19:57,2019-08-19 08:19:57,2019,8,19,0,3,767428.5714285715,736850.0,706877.7777777778,-0.0026041666666666297,0.008311897731698697
1566290139000,758000,2019-08-20 08:35:39,2019-08-20 08:35:39,2019,8,20,1,3,766571.4285714285,738316.6666666666,707850.0,-0.010443864229765065,0.008486154582061563
1566375835000,765000,2019-08-21 08:23:55,2019-08-21 08:23:55,2019,8,21,2,3,766857.1428571428,739716.6666666666,708872.2222222222,0.00923482849604218,0.00836274484530152
1566461149000,764000,2019-08-22 08:05:49,2019-08-22 08:05:49,2019,8,22,3,3,766285.7142857143,741450.0,709916.6666666666,-0.0013071895424836555,0.007742791625246348
1566547589000,760000,2019-08-23 08:06:29,2019-08-23 08:06:29,2019,8,23,4,3,764142.8571428572,743016.6666666666,710927.7777777778,-0.005235602094240788,0.007865610385662533
1566632672000,774000,2019-08-24 07:44:32,2019-08-24 07:44:32,2019,8,24,5,3,765000.0,745016.6666666666,712038.8888888889,0.018421052631578894,0.008404355401439611
1566807671000,783000,2019-08-26 08:21:11,2019-08-26 08:21:11,2019,8,26,0,3,767142.8571428572,747383.3333333334,713261.1111111111,0.011627906976744207,0.00848951069681821
1566894773000,775500,2019-08-27 08:32:53,2019-08-27 08:32:53,2019,8,27,1,3,768500.0,749333.3333333334,714388.8888888889,-0.009578544061302652,0.00876876828524509
1566979899000,781000,2019-08-28 08:11:39,2019-08-28 08:11:39,2019,8,28,2,3,771785.7142857143,751666.6666666666,715572.2222222222,0.007092198581560183,0.008550182770335021
1567065858000,780000,2019-08-29 08:04:18,2019-08-29 08:04:18,2019,8,29,3,3,773928.5714285715,753900.0,716783.3333333334,-0.001280409731113985,0.00858865477330917
1567152974000,775000,2019-08-30 08:16:14,2019-08-30 08:16:14,2019,8,30,4,3,775500.0,755966.6666666666,717916.6666666666,-0.0064102564102563875,0.008745048696077801
1567237366000,772000,2019-08-31 07:42:46,2019-08-31 07:42:46,2019,8,31,5,3,777214.2857142857,757900.0,719011.1111111111,-0.003870967741935516,0.008827140471967617
1567413293000,777000,2019-09-02 08:34:53,2019-09-02 08:34:53,2019,9,2,0,3,777642.8571428572,759933.3333333334,720161.1111111111,0.006476683937823857,0.008854857016749181
1567499288000,774000,2019-09-03 08:28:08,2019-09-03 08:28:08,2019,9,3,1,3,776357.1428571428,761733.3333333334,721227.7777777778,-0.0038610038610038533,0.008918882513298455
1567587422000,784000,2019-09-04 08:57:02,2019-09-04 08:57:02,2019,9,4,2,3,777571.4285714285,764150.0,722405.5555555555,0.012919896640826822,0.008695568496696794
1567670066000,784000,2019-09-05 07:54:26,2019-09-05 07:54:26,2019,9,5,3,3,778000.0,766083.3333333334,723583.3333333334,0.0,0.008088168759239468
1567759820000,774000,2019-09-06 08:50:20,2019-09-06 08:50:20,2019,9,6,4,3,777142.8571428572,767516.6666666666,724694.4444444445,-0.012755102040816313,0.008512764306027138
1567845185000,768000,2019-09-07 08:33:05,2019-09-07 08:33:05,2019,9,7,5,3,776142.8571428572,768683.3333333334,725761.1111111111,-0.007751937984496138,0.008692491881553868
1567932698000,768000,2019-09-08 08:51:38,2019-09-08 08:51:38,2019,9,8,6,3,775571.4285714285,769350.0,726827.7777777778,0.0,0.007930013806114659
1568018156000,767000,2019-09-09 08:35:56,2019-09-09 08:35:56,2019,9,9,0,3,774142.8571428572,769750.0,727883.3333333334,-0.0013020833333333703,0.007775749082594723
1568104036000,763000,2019-09-10 08:27:16,2019-09-10 08:27:16,2019,9,10,1,3,772571.4285714285,769783.3333333334,728905.5555555555,-0.0052151238591916504,0.0076647986966646015
1568191244000,760000,2019-09-11 08:40:44,2019-09-11 08:40:44,2019,9,11,2,3,769142.8571428572,769750.0,729894.4444444445,-0.003931847968545177,0.007695970588834536
1568275373000,761000,2019-09-12 08:02:53,2019-09-12 08:02:53,2019,9,12,3,3,765857.1428571428,769916.6666666666,730850.0,0.001315789473684159,0.007598414709574316
1568363000000,762000,2019-09-13 08:23:20,2019-09-13 08:23:20,2019,9,13,4,3,764142.8571428572,770050.0,731827.7777777778,0.0013140604467805073,0.007587806851022506
1568448625000,754000,2019-09-14 08:10:25,2019-09-14 08:10:25,2019,9,14,5,3,762142.8571428572,769716.6666666666,732750.0,-0.01049868766404205,0.007686569150975062
1568622276000,762000,2019-09-16 08:24:36,2019-09-16 08:24:36,2019,9,16,0,3,761285.7142857143,769683.3333333334,733772.2222222222,0.010610079575596787,0.0079423134357432
1568708238000,762000,2019-09-17 08:17:18,2019-09-17 08:17:18,2019,9,17,1,3,760571.4285714285,769483.3333333334,734738.8888888889,0.0,0.007845010255806834
1568794567000,766000,2019-09-18 08:16:07,2019-09-18 08:16:07,2019,9,18,2,3,761000.0,769183.3333333334,735583.3333333334,0.005249343832020914,0.007716913733610614
1568879888000,761000,2019-09-19 07:58:08,2019-09-19 07:58:08,2019,9,19,3,3,761142.8571428572,768950.0,736461.1111111111,-0.00652741514360311,0.007632947301988901
1568967164000,765000,2019-09-20 08:12:44,2019-09-20 08:12:44,2019,9,20,4,3,761714.2857142857,768850.0,737383.3333333334,0.005256241787122251,0.007699562410932873
1569047874000,772000,2019-09-21 06:37:54,2019-09-21 06:37:54,2019,9,21,5,3,763142.8571428572,769050.0,738361.1111111111,0.009150326797385588,0.007865136180495618
1569227663000,771000,2019-09-23 08:34:23,2019-09-23 08:34:23,2019,9,23,0,3,765571.4285714285,769483.3333333334,739261.1111111111,-0.0012953367875647714,0.007607752938916174
1569313765000,774000,2019-09-24 08:29:25,2019-09-24 08:29:25,2019,9,24,1,3,767285.7142857143,769783.3333333334,740194.4444444445,0.0038910505836575737,0.007459600576723399
1569399950000,778000,2019-09-25 08:25:50,2019-09-25 08:25:50,2019,9,25,2,3,769571.4285714285,770250.0,741194.4444444445,0.0051679586563306845,0.007501557871660981
1569486475000,771000,2019-09-26 08:27:55,2019-09-26 08:27:55,2019,9,26,3,3,770285.7142857143,770616.6666666666,742083.3333333334,-0.00899742930591263,0.007633315747492226
1569571790000,771000,2019-09-27 08:09:50,2019-09-27 08:09:50,2019,9,27,4,3,771714.2857142857,770516.6666666666,742950.0,0.0,0.006842560213761416
1569660652000,770000,2019-09-28 08:50:52,2019-09-28 08:50:52,2019,9,28,5,3,772428.5714285715,770083.3333333334,743694.4444444445,-0.0012970168612191912,0.00647526478441078
1569740980000,770000,2019-09-29 07:09:40,2019-09-29 07:09:40,2019,9,29,6,3,772142.8571428572,769900.0,744350.0,0.0,0.006246200517073511
1569834245000,770000,2019-09-30 09:04:05,2019-09-30 09:04:05,2019,9,30,0,3,772000.0,769533.3333333334,744950.0,0.0,0.006092285366561661
1569918944000,760000,2019-10-01 08:35:44,2019-10-01 08:35:44,2019,10,1,1,4,770000.0,768866.6666666666,745527.7777777778,-0.012987012987012991,0.006507739429801066
1570002067000,764000,2019-10-02 07:41:07,2019-10-02 07:41:07,2019,10,2,2,4,768000.0,768500.0,746111.1111111111,0.0052631578947368585,0.006512493473630536
1570089052000,771000,2019-10-03 07:50:52,2019-10-03 07:50:52,2019,10,3,3,4,768000.0,768466.6666666666,746655.5555555555,0.009162303664921545,0.006708586809466107
1570174275000,773000,2019-10-04 07:31:15,2019-10-04 07:31:15,2019,10,4,4,4,768285.7142857143,768333.3333333334,747266.6666666666,0.0025940337224383825,0.00661571167004462
1570259252000,770000,2019-10-05 07:07:32,2019-10-05 07:07:32,2019,10,5,5,4,768285.7142857143,768200.0,747866.6666666666,-0.0038809831824062613,0.006616099028714329
1570345192000,770000,2019-10-06 06:59:52,2019-10-06 06:59:52,2019,10,6,6,4,768285.7142857143,767733.3333333334,748422.2222222222,0.0,0.006139209793938556
1570437412000,770000,2019-10-07 08:36:52,2019-10-07 08:36:52,2019,10,7,0,4,768285.7142857143,767266.6666666666,749044.4444444445,0.0,0.006139209793938556
1570522166000,765000,2019-10-08 08:09:26,2019-10-08 08:09:26,2019,10,8,1,4,769000.0,766966.6666666666,749677.7777777778,-0.00649350649350644,0.005808625978039634
1570608900000,771000,2019-10-09 08:15:00,2019-10-09 08:15:00,2019,10,9,2,4,770000.0,767066.6666666666,750433.3333333334,0.007843137254901933,0.005823341366102061
1570698308000,775000,2019-10-10 09:05:08,2019-10-10 09:05:08,2019,10,10,3,4,770571.4285714285,767300.0,751011.1111111111,0.005188067444876765,0.005895433485636695
1570781322000,767000,2019-10-11 08:08:42,2019-10-11 08:08:42,2019,10,11,4,4,769714.2857142857,767300.0,751533.3333333334,-0.010322580645161339,0.006202992702524938
1570868187000,765000,2019-10-12 08:16:27,2019-10-12 08:16:27,2019,10,12,5,4,769000.0,767366.6666666666,752055.5555555555,-0.0026075619295958807,0.006145125751498363
1570948487000,765000,2019-10-13 06:34:47,2019-10-13 06:34:47,2019,10,13,6,4,768285.7142857143,767533.3333333334,752666.6666666666,0.0,0.0060977946116425865
1571041033000,763000,2019-10-14 08:17:13,2019-10-14 08:17:13,2019,10,14,0,4,767285.7142857143,767600.0,753266.6666666666,-0.002614379084967311,0.006116000602102108
1571126933000,765000,2019-10-15 08:08:53,2019-10-15 08:08:53,2019,10,15,1,4,767285.7142857143,767700.0,753900.0,0.002621231979030192,0.006129548336679091
1571212339000,761000,2019-10-16 07:52:19,2019-10-16 07:52:19,2019,10,16,2,4,765857.1428571428,767933.3333333334,754488.8888888889,-0.005228758169934622,0.00588448881135551
1571298739000,767000,2019-10-17 07:52:19,2019-10-17 07:52:19,2019,10,17,3,4,764714.2857142857,768100.0,755011.1111111111,0.007884362680683266,0.005739462856485356
1571387551000,767000,2019-10-18 08:32:31,2019-10-18 08:32:31,2019,10,18,4,4,764714.2857142857,768266.6666666666,755644.4444444445,0.0,0.005739462856485356
1571468801000,765000,2019-10-19 07:06:41,2019-10-19 07:06:41,2019,10,19,5,4,764714.2857142857,768233.3333333334,756200.0,-0.0026075619295958807,0.005681683467510943
1571556055000,765000,2019-10-20 07:20:55,2019-10-20 07:20:55,2019,10,20,6,4,764714.2857142857,768366.6666666666,756755.5555555555,0.0,0.00554760407536241
1571644873000,765000,2019-10-21 08:01:13,2019-10-21 08:01:13,2019,10,21,0,4,765000.0,768366.6666666666,757355.5555555555,0.0,0.0054644499457435665
1571731087000,761000,2019-10-22 07:58:07,2019-10-22 07:58:07,2019,10,22,1,4,764428.5714285715,768000.0,757966.6666666666,-0.005228758169934622,0.005262362250300727
1571818186000,760000,2019-10-23 08:09:46,2019-10-23 08:09:46,2019,10,23,2,4,764285.7142857143,767633.3333333334,758477.7777777778,-0.0013140604467805073,0.005262465252368303
1571904055000,761000,2019-10-24 08:00:55,2019-10-24 08:00:55,2019,10,24,3,4,763428.5714285715,767200.0,758900.0,0.001315789473684159,0.005209689871785886
1571989812000,763000,2019-10-25 07:50:12,2019-10-25 07:50:12,2019,10,25,4,4,762857.1428571428,766700.0,759466.6666666666,0.0026281208935610145,0.00513362433009488
1572076212000,766000,2019-10-26 07:50:12,2019-10-26 07:50:12,2019,10,26,5,4,763000.0,766533.3333333334,760055.5555555555,0.003931847968545288,0.00494677839629119
1572171135000,766000,2019-10-27 10:12:15,2019-10-27 10:12:15,2019,10,27,6,4,763142.8571428572,766366.6666666666,760633.3333333334,0.0,0.00494677839629119
1572250616000,766000,2019-10-28 08:16:56,2019-10-28 08:16:56,2019,10,28,0,4,763285.7142857143,766233.3333333334,761233.3333333334,0.0,0.004942571362806628
1572337464000,761000,2019-10-29 08:24:24,2019-10-29 08:24:24,2019,10,29,1,4,763285.7142857143,765933.3333333334,761722.2222222222,-0.00652741514360311,0.005077048981709849
1572423897000,760000,2019-10-30 08:24:57,2019-10-30 08:24:57,2019,10,30,2,4,763285.7142857143,765600.0,762266.6666666666,-0.0013140604467805073,0.005079331278994007
1572510524000,764000,2019-10-31 08:28:44,2019-10-31 08:28:44,2019,10,31,3,4,763714.2857142857,765733.3333333334,762833.3333333334,0.0052631578947368585,0.004592234218085496
1572597008000,773000,2019-11-01 08:30:08,2019-11-01 08:30:08,2019,11,1,4,4,765142.8571428572,766033.3333333334,763500.0,0.011780104712041828,0.004978611116651489
1572678023000,773000,2019-11-02 07:00:23,2019-11-02 07:00:23,2019,11,2,5,4,766142.8571428572,766100.0,764155.5555555555,0.0,0.004695700781747384
1572776169000,773000,2019-11-03 10:16:09,2019-11-03 10:16:09,2019,11,3,6,4,767142.8571428572,766100.0,764788.8888888889,0.0,0.004671957943830483
1572857392000,772000,2019-11-04 08:49:52,2019-11-04 08:49:52,2019,11,4,0,4,768000.0,766166.6666666666,765366.6666666666,-0.001293661060802087,0.004621249223911529
1572942719000,767000,2019-11-05 08:31:59,2019-11-05 08:31:59,2019,11,5,1,4,768857.1428571428,766066.6666666666,765983.3333333334,-0.006476683937823857,0.004774664644895079
1573030125000,759000,2019-11-06 08:48:45,2019-11-06 08:48:45,2019,11,6,2,4,768714.2857142857,765700.0,766350.0,-0.010430247718383301,0.005132064121643048
1573116626000,759000,2019-11-07 08:50:26,2019-11-07 08:50:26,2019,11,7,3,4,768000.0,765500.0,766661.1111111111,0.0,0.005004464624661481
1573201747000,754000,2019-11-08 08:29:07,2019-11-08 08:29:07,2019,11,8,4,4,765285.7142857143,764933.3333333334,766894.4444444445,-0.006587615283267456,0.004891973474343305
1573284392000,750000,2019-11-09 07:26:32,2019-11-09 07:26:32,2019,11,9,5,4,762000.0,764100.0,766916.6666666666,-0.0053050397877983935,0.004828862848605909
1573460919000,751000,2019-11-11 08:28:39,2019-11-11 08:28:39,2019,11,11,0,4,758857.1428571428,763566.6666666666,766872.2222222222,0.0013333333333334085,0.004518605288814054
1573547041000,750000,2019-11-12 08:24:01,2019-11-12 08:24:01,2019,11,12,1,4,755714.2857142857,763066.6666666666,766738.8888888889,-0.0013315579227696217,0.004505945963230098
1573634858000,752000,2019-11-13 08:47:38,2019-11-13 08:47:38,2019,11,13,2,4,753571.4285714285,762633.3333333334,766638.8888888889,0.002666666666666595,0.004545342410918076
1573721441000,755000,2019-11-14 08:50:41,2019-11-14 08:50:41,2019,11,14,3,4,753000.0,762366.6666666666,766627.7777777778,0.003989361702127603,0.004602031234124341
1573807841000,757000,2019-11-15 08:50:41,2019-11-15 08:50:41,2019,11,15,4,4,752714.2857142857,762100.0,766616.6666666666,0.0026490066225166586,0.004602650477706249
1573893925000,756000,2019-11-16 08:45:25,2019-11-16 08:45:25,2019,11,16,5,4,753000.0,761933.3333333334,766527.7777777778,-0.0013210039630119352,0.0045139695085732075
1573980399000,756000,2019-11-17 08:46:39,2019-11-17 08:46:39,2019,11,17,6,4,753857.1428571428,761566.6666666666,766450.0,0.0,0.004248152278840553
1574065826000,757000,2019-11-18 08:30:26,2019-11-18 08:30:26,2019,11,18,0,4,754714.2857142857,761233.3333333334,766327.7777777778,0.001322751322751392,0.0042600750751806415
1574153007000,758000,2019-11-19 08:43:27,2019-11-19 08:43:27,2019,11,19,1,4,755857.1428571428,761000.0,766138.8888888889,0.0013210039630118242,0.004251156475500929
1574237593000,760000,2019-11-20 08:13:13,2019-11-20 08:13:13,2019,11,20,2,4,757000.0,760833.3333333334,766050.0,0.0026385224274405594,0.004284687925193831
1574323933000,760000,2019-11-21 08:12:13,2019-11-21 08:12:13,2019,11,21,3,4,757714.2857142857,760666.6666666666,765961.1111111111,0.0,0.004284687925193831
1574410905000,757000,2019-11-22 08:21:45,2019-11-22 08:21:45,2019,11,22,4,4,757714.2857142857,760533.3333333334,765861.1111111111,-0.003947368421052588,0.004239072800752687
1574497163000,756000,2019-11-23 08:19:23,2019-11-23 08:19:23,2019,11,23,5,4,757714.2857142857,760400.0,765838.8888888889,-0.0013210039630119352,0.004239137779949372
1574583634000,756000,2019-11-24 08:20:34,2019-11-24 08:20:34,2019,11,24,6,4,757714.2857142857,760233.3333333334,765738.8888888889,0.0,0.00423006225282039
1574671311000,756000,2019-11-25 08:41:51,2019-11-25 08:41:51,2019,11,25,0,4,757571.4285714285,760000.0,765650.0,0.0,0.00419631505381311
1574756661000,752000,2019-11-26 08:24:21,2019-11-26 08:24:21,2019,11,26,1,4,756714.2857142857,759533.3333333334,765561.1111111111,-0.005291005291005346,0.004213498935880054
1574843576000,754000,2019-11-27 08:32:56,2019-11-27 08:32:56,2019,11,27,2,4,755857.1428571428,759133.3333333334,765338.8888888889,0.0026595744680850686,0.00425447057476851
1574844398000,754000,2019-11-27 08:46:38,2019-11-27 08:46:38,2019,11,27,2,4,755000.0,758733.3333333334,765016.6666666666,0.0,0.00425447057476851
1574929675000,753000,2019-11-28 08:27:55,2019-11-28 08:27:55,2019,11,28,3,4,754428.5714285715,758466.6666666666,764766.6666666666,-0.0013262599469495706,0.004104445545798922
1574929714000,753000,2019-11-28 08:28:34,2019-11-28 08:28:34,2019,11,28,3,4,754000.0,758233.3333333334,764455.5555555555,0.0,0.0041007470367142645
1575014893000,753000,2019-11-29 08:08:13,2019-11-29 08:08:13,2019,11,29,4,4,753571.4285714285,757866.6666666666,764155.5555555555,0.0,0.003964857610472518
1575094261000,756000,2019-11-30 06:11:01,2019-11-30 06:11:01,2019,11,30,5,4,753571.4285714285,757300.0,763944.4444444445,0.003984063745019917,0.0033401503090090103
1575274734000,755000,2019-12-02 08:18:54,2019-12-02 08:18:54,2019,12,2,0,4,754000.0,756700.0,763755.5555555555,-0.001322751322751281,0.0033388357937391556
1575364734000,756000,2019-12-03 09:18:54,2019-12-03 09:18:54,2019,12,3,1,4,754285.7142857143,756133.3333333334,763522.2222222222,0.0013245033112583293,0.003358201878906338
1575447663000,762000,2019-12-04 08:21:03,2019-12-04 08:21:03,2019,12,4,2,4,755428.5714285715,755800.0,763388.8888888889,0.007936507936507908,0.003709729237371479
1575534072000,761000,2019-12-05 08:21:12,2019-12-05 08:21:12,2019,12,5,3,4,756571.4285714285,755600.0,763133.3333333334,-0.001312335958005284,0.0035350728309550294
1575621202000,760000,2019-12-06 08:33:22,2019-12-06 08:33:22,2019,12,6,4,4,757571.4285714285,755633.3333333334,762866.6666666666,-0.0013140604467805073,0.0029782773111870684
1575702124000,756000,2019-12-07 07:02:04,2019-12-07 07:02:04,2019,12,7,5,4,758000.0,755533.3333333334,762666.6666666666,-0.0052631578947368585,0.0031322489823565813
1575788571000,756000,2019-12-08 07:02:51,2019-12-08 07:02:51,2019,12,8,6,4,758000.0,755600.0,762533.3333333334,0.0,0.002884871384431256
1575879901000,753000,2019-12-09 08:25:01,2019-12-09 08:25:01,2019,12,9,0,4,757714.2857142857,755700.0,762366.6666666666,-0.003968253968253954,0.002807927156348676
1575965767000,752000,2019-12-10 08:16:07,2019-12-10 08:16:07,2019,12,10,1,4,757142.8571428572,755733.3333333334,762200.0,-0.0013280212483399723,0.002810862907313816
1576053036000,753000,2019-12-11 08:30:36,2019-12-11 08:30:36,2019,12,11,2,4,755857.1428571428,755833.3333333334,762088.8888888889,0.0013297872340425343,0.002807811427564424
1576139518000,759000,2019-12-12 08:31:58,2019-12-12 08:31:58,2019,12,12,3,4,755571.4285714285,756066.6666666666,762077.7777777778,0.007968127490039834,0.003121792520013634
1576225218000,755000,2019-12-13 08:20:18,2019-12-13 08:20:18,2019,12,13,4,4,754857.1428571428,756066.6666666666,762011.1111111111,-0.005270092226614009,0.0032025342261818427
1576312470000,759000,2019-12-14 08:34:30,2019-12-14 08:34:30,2019,12,14,5,4,755285.7142857143,756133.3333333334,761977.7777777778,0.005298013245033095,0.0033125784720331184
1576393755000,759000,2019-12-15 07:09:15,2019-12-15 07:09:15,2019,12,15,6,4,755714.2857142857,756233.3333333334,762033.3333333334,0.0,0.00330189348608537
1576485782000,758000,2019-12-16 08:43:02,2019-12-16 08:43:02,2019,12,16,0,4,756428.5714285715,756300.0,761988.8888888889,-0.0013175230566534468,0.003312527287071152
1576570644000,760000,2019-12-17 08:17:24,2019-12-17 08:17:24,2019,12,17,1,4,757571.4285714285,756400.0,761966.6666666666,0.0026385224274405594,0.0033379789191897947
1576657230000,761000,2019-12-18 08:20:30,2019-12-18 08:20:30,2019,12,18,2,4,758714.2857142857,756500.0,761911.1111111111,0.001315789473684159,0.0033379152867160197
1576743608000,760000,2019-12-19 08:20:08,2019-12-19 08:20:08,2019,12,19,3,4,758857.1428571428,756500.0,761900.0,-0.0013140604467805073,0.003313693061377555
1576830178000,760000,2019-12-20 08:22:58,2019-12-20 08:22:58,2019,12,20,4,4,759571.4285714285,756500.0,761844.4444444445,0.0,0.003313693061377555
1576911923000,761000,2019-12-21 07:05:23,2019-12-21 07:05:23,2019,12,21,5,4,759857.1428571428,756633.3333333334,761722.2222222222,0.001315789473684159,0.0032356139167542437
1577089167000,761000,2019-12-23 08:19:27,2019-12-23 08:19:27,2019,12,23,0,4,760142.8571428572,756800.0,761611.1111111111,0.0,0.0032234378355040054
1577348806000,767000,2019-12-26 08:26:46,2019-12-26 08:26:46,2019,12,26,3,4,761428.5714285715,757166.6666666666,761533.3333333334,0.007884362680683266,0.0035128959248874815
1577433701000,771000,2019-12-27 08:01:41,2019-12-27 08:01:41,2019,12,27,4,4,763000.0,757666.6666666666,761455.5555555555,0.0052151238591917615,0.00361547443718885
1577693894000,771000,2019-12-30 08:18:14,2019-12-30 08:18:14,2019,12,30,0,4,764428.5714285715,758300.0,761455.5555555555,0.0,0.003439882431268385
1577780755000,771000,2019-12-31 08:25:55,2019-12-31 08:25:55,2019,12,31,1,4,766000.0,758866.6666666666,761455.5555555555,0.0,0.003425553816649913
1577952627000,771000,2020-01-02 08:10:27,2020-01-02 08:10:27,2020,1,2,3,1,767571.4285714285,759433.3333333334,761466.6666666666,0.0,0.003425553816649913
1578040473000,775000,2020-01-03 08:34:33,2020-01-03 08:34:33,2020,1,3,4,1,769571.4285714285,760166.6666666666,761522.2222222222,0.005188067444876765,0.0034952206153284412
1578123795000,783000,2020-01-04 07:43:15,2020-01-04 07:43:15,2020,1,4,5,1,772714.2857142857,761166.6666666666,761666.6666666666,0.010322580645161228,0.0038833652982815355
1578299384000,792000,2020-01-06 08:29:44,2020-01-06 08:29:44,2020,1,6,0,1,776285.7142857143,762466.6666666666,762022.2222222222,0.011494252873563315,0.004294847826838282
1578385487000,793000,2020-01-07 08:24:47,2020-01-07 08:24:47,2020,1,7,1,1,779428.5714285715,763700.0,762344.4444444445,0.0012626262626262985,0.004273486650234214
1578473679000,808000,2020-01-08 08:54:39,2020-01-08 08:54:39,2020,1,8,2,1,784714.2857142857,765466.6666666666,762755.5555555555,0.018915510718789497,0.00527563175726835
1578559469000,791000,2020-01-09 08:44:29,2020-01-09 08:44:29,2020,1,9,3,1,787571.4285714285,766633.3333333334,762955.5555555555,-0.02103960396039606,0.00678039617659351
1578644875000,786000,2020-01-10 08:27:55,2020-01-10 08:27:55,2020,1,10,4,1,789714.2857142857,767433.3333333334,763133.3333333334,-0.006321112515802807,0.006815588404880938
1578732505000,789000,2020-01-11 08:48:25,2020-01-11 08:48:25,2020,1,11,5,1,791714.2857142857,768366.6666666666,763344.4444444445,0.003816793893129722,0.006818444045161039
1578903465000,787000,2020-01-13 08:17:45,2020-01-13 08:17:45,2020,1,13,0,1,792285.7142857143,769266.6666666666,763533.3333333334,-0.0025348542458808465,0.006837751853534635
1578990284000,776000,2020-01-14 08:24:44,2020-01-14 08:24:44,2020,1,14,1,1,790000.0,769933.3333333334,763655.5555555555,-0.013977128335451061,0.007291244229806887
1579077709000,776000,2020-01-15 08:41:49,2020-01-15 08:41:49,2020,1,15,2,1,787571.4285714285,770600.0,763711.1111111111,0.0,0.007291244229806887
1579162853000,781000,2020-01-16 08:20:53,2020-01-16 08:20:53,2020,1,16,3,1,783714.2857142857,771533.3333333334,763777.7777777778,0.006443298969072142,0.007299487558230278
1579248571000,777000,2020-01-17 08:09:31,2020-01-17 08:09:31,2020,1,17,4,1,781714.2857142857,772366.6666666666,763888.8888888889,-0.005121638924455829,0.007378009988289512
1579340045000,779000,2020-01-18 09:34:05,2020-01-18 09:34:05,2020,1,18,5,1,780714.2857142857,773233.3333333334,764044.4444444445,0.002574002574002643,0.0073827423825645
1579509547000,778000,2020-01-20 08:39:07,2020-01-20 08:39:07,2020,1,20,0,1,779142.8571428572,773866.6666666666,764188.8888888889,-0.0012836970474967568,0.007281016646622753
1579595195000,780000,2020-01-21 08:26:35,2020-01-21 08:26:35,2020,1,21,1,1,778142.8571428572,774700.0,764377.7777777778,0.0025706940874035134,0.007193954041447229
1579681626000,778000,2020-01-22 08:27:06,2020-01-22 08:27:06,2020,1,22,2,1,778428.5714285715,775333.3333333334,764522.2222222222,-0.002564102564102555,0.007179375211968617
1579768254000,781000,2020-01-23 08:30:54,2020-01-23 08:30:54,2020,1,23,3,1,779142.8571428572,776066.6666666666,764744.4444444445,0.003856041131105492,0.007198136167925474
1579852533000,777000,2020-01-24 07:55:33,2020-01-24 07:55:33,2020,1,24,4,1,778571.4285714285,776700.0,764855.5555555555,-0.005121638924455829,0.007273085693603038
1580113887000,783000,2020-01-27 08:31:27,2020-01-27 08:31:27,2020,1,27,0,1,779428.5714285715,777466.6666666666,765033.3333333334,0.007722007722007707,0.007374671709407221
1580200936000,783000,2020-01-28 08:42:16,2020-01-28 08:42:16,2020,1,28,1,1,780000.0,778200.0,765233.3333333334,0.0,0.007376768230363601
1580286188000,780000,2020-01-29 08:23:08,2020-01-29 08:23:08,2020,1,29,2,1,780285.7142857143,778866.6666666666,765400.0,-0.003831417624521105,0.007417928282704026
1580372144000,783000,2020-01-30 08:15:44,2020-01-30 08:15:44,2020,1,30,3,1,780714.2857142857,779633.3333333334,765600.0,0.0038461538461538325,0.007435181394178523
1580458476000,783000,2020-01-31 08:14:36,2020-01-31 08:14:36,2020,1,31,4,1,781428.5714285715,780366.6666666666,765844.4444444445,0.0,0.007437263502896458
1580547458000,790000,2020-02-01 08:57:38,2020-02-01 08:57:38,2020,2,1,5,1,782714.2857142857,781333.3333333334,766177.7777777778,0.008939974457215838,0.00757459529845429
1580683061000,790000,2020-02-02 22:37:41,2020-02-02 22:37:41,2020,2,2,6,1,784571.4285714285,782100.0,766500.0,0.0,0.007473478343838081
1580719015000,788000,2020-02-03 08:36:55,2020-02-03 08:36:55,2020,2,3,0,1,785285.7142857143,782666.6666666666,766777.7777777778,-0.0025316455696202667,0.007457073477970186
1580805303000,787000,2020-02-04 08:35:03,2020-02-04 08:35:03,2020,2,4,1,1,785857.1428571428,783200.0,767011.1111111111,-0.0012690355329949554,0.00746509420418893
1580891637000,780000,2020-02-05 08:33:57,2020-02-05 08:33:57,2020,2,5,2,1,785857.1428571428,783500.0,767166.6666666666,-0.008894536213468918,0.007668206910007569
1580978101000,779000,2020-02-06 08:35:01,2020-02-06 08:35:01,2020,2,6,3,1,785285.7142857143,783766.6666666666,767311.1111111111,-0.0012820512820512775,0.0076741718179080725
1581061837000,781000,2020-02-07 07:50:37,2020-02-07 07:50:37,2020,2,7,4,1,785000.0,783966.6666666666,767533.3333333334,0.0025673940949935137,0.007632268638335818
1581323811000,784000,2020-02-10 08:36:51,2020-02-10 08:36:51,2020,2,10,0,1,784142.8571428572,784000.0,767800.0,0.003841229193341844,0.007427329592630427
1581410195000,785000,2020-02-11 08:36:35,2020-02-11 08:36:35,2020,2,11,1,1,783428.5714285715,783766.6666666666,768033.3333333334,0.0012755102040815647,0.00711296812138931
1581495105000,783000,2020-02-12 08:11:45,2020-02-12 08:11:45,2020,2,12,2,1,782714.2857142857,783433.3333333334,768144.4444444445,-0.002547770700636942,0.007118649625579036
1581581811000,783000,2020-02-13 08:16:51,2020-02-13 08:16:51,2020,2,13,3,1,782142.8571428572,782600.0,768255.5555555555,0.0,0.006116076897928126
1581667623000,786000,2020-02-14 08:07:03,2020-02-14 08:07:03,2020,2,14,4,1,783000.0,782433.3333333334,768400.0,0.003831417624521105,0.004868481366230114
1581748734000,789000,2020-02-15 06:38:54,2020-02-15 06:38:54,2020,2,15,5,1,784428.5714285715,782533.3333333334,768588.8888888889,0.003816793893129722,0.004779984473708068
1581846933000,789000,2020-02-16 09:55:33,2020-02-16 09:55:33,2020,2,16,6,1,785571.4285714285,782533.3333333334,768833.3333333334,0.0,0.004729218330378673
1581929106000,788000,2020-02-17 08:45:06,2020-02-17 08:45:06,2020,2,17,0,1,786142.8571428572,782566.6666666666,769155.5555555555,-0.0012674271229404788,0.00471132001866909
1582014909000,788000,2020-02-18 08:35:09,2020-02-18 08:35:09,2020,2,18,1,1,786571.4285714285,782966.6666666666,769477.7777777778,0.0,0.003896698845350033
1582100666000,792000,2020-02-19 08:24:26,2020-02-19 08:24:26,2020,2,19,2,1,787857.1428571428,783500.0,769900.0,0.0050761421319796,0.003982647798490072
1582188181000,797000,2020-02-20 08:43:01,2020-02-20 08:43:01,2020,2,20,3,1,789857.1428571428,784033.3333333334,770422.2222222222,0.0063131313131312705,0.003976227383037991
1582273846000,802000,2020-02-21 08:30:46,2020-02-21 08:30:46,2020,2,21,4,1,792142.8571428572,784866.6666666666,770988.8888888889,0.006273525721455453,0.003946685932234911
1582353954000,813000,2020-02-22 06:45:54,2020-02-22 06:45:54,2020,2,22,5,1,795571.4285714285,786000.0,771688.8888888889,0.013715710723191998,0.004568891177955027
1582440427000,813000,2020-02-23 06:47:07,2020-02-23 06:47:07,2020,2,23,6,1,799000.0,787166.6666666666,772366.6666666666,0.0,0.004548516270704929
1582534395000,818000,2020-02-24 08:53:15,2020-02-24 08:53:15,2020,2,24,0,1,803285.7142857143,788433.3333333334,773066.6666666666,0.006150061500614923,0.004624481533284422
1582564515000,828000,2020-02-24 17:15:15,2020-02-24 17:15:15,2020,2,24,0,1,809000.0,790100.0,773855.5555555555,0.012224938875305513,0.004942885686125209
1582621474000,818000,2020-02-25 09:04:34,2020-02-25 09:04:34,2020,2,25,1,1,812714.2857142857,791333.3333333334,774544.4444444445,-0.012077294685990392,0.005563635634597107
1582705381000,817000,2020-02-26 08:23:01,2020-02-26 08:23:01,2020,2,26,2,1,815571.4285714285,792666.6666666666,775222.2222222222,-0.0012224938875305957,0.005446498057926741
1582792318000,822000,2020-02-27 08:31:58,2020-02-27 08:31:58,2020,2,27,3,1,818428.5714285715,793966.6666666666,775944.4444444445,0.006119951040391758,0.0053928960867953585
1582878525000,825000,2020-02-28 08:28:45,2020-02-28 08:28:45,2020,2,28,4,1,820142.8571428572,795366.6666666666,776688.8888888889,0.0036496350364962904,0.005395891187067654
1582966232000,815000,2020-02-29 08:50:32,2020-02-29 08:50:32,2020,2,29,5,1,820428.5714285715,796533.3333333334,777300.0,-0.012121212121212088,0.005882298530551887
1583103028000,815000,2020-03-01 22:50:28,2020-03-01 22:50:28,2020,3,1,6,1,820000.0,797600.0,777911.1111111111,0.0,0.005870873368565498
1583139414000,819000,2020-03-02 08:56:54,2020-03-02 08:56:54,2020,3,2,0,1,818714.2857142857,798800.0,778600.0,0.004907975460122671,0.005900188203626146
1583224428000,824000,2020-03-03 08:33:48,2020-03-03 08:33:48,2020,3,3,1,1,819571.4285714285,799933.3333333334,779355.5555555555,0.006105006105006083,0.005799024765584271
1583311048000,836000,2020-03-04 08:37:28,2020-03-04 08:37:28,2020,3,4,2,1,822285.7142857143,801466.6666666666,780244.4444444445,0.014563106796116498,0.006266588992736336
1583397018000,831000,2020-03-05 08:30:18,2020-03-05 08:30:18,2020,3,5,3,1,823571.4285714285,802900.0,781077.7777777778,-0.005980861244019087,0.006381427943582802
1583481298000,846000,2020-03-06 07:54:58,2020-03-06 07:54:58,2020,3,6,4,1,826571.4285714285,804866.6666666666,782122.2222222222,0.018050541516245522,0.00700608936923978
1583564608000,851000,2020-03-07 07:03:28,2020-03-07 07:03:28,2020,3,7,5,1,831714.2857142857,807233.3333333334,783200.0,0.005910165484633634,0.0066949488082337655
1583742706000,860000,2020-03-09 08:31:46,2020-03-09 08:31:46,2020,3,9,0,1,838142.8571428572,809933.3333333334,784377.7777777778,0.010575793184488758,0.006787115352292145
1583829159000,851000,2020-03-10 08:32:39,2020-03-10 08:32:39,2020,3,10,1,1,842714.2857142857,812266.6666666666,785466.6666666666,-0.010465116279069764,0.007239298280681179
1583915388000,848000,2020-03-11 08:29:48,2020-03-11 08:29:48,2020,3,11,2,1,846142.8571428572,814400.0,786522.2222222222,-0.003525264394829586,0.007330302607566353
1584001942000,840000,2020-03-12 08:32:22,2020-03-12 08:32:22,2020,3,12,3,1,846714.2857142857,816233.3333333334,787488.8888888889,-0.009433962264150941,0.00765297077935902
1584086926000,821000,2020-03-13 08:08:46,2020-03-13 08:08:46,2020,3,13,4,1,845285.7142857143,817500.0,788211.1111111111,-0.02261904761904765,0.008870761798703273
1584165965000,818000,2020-03-14 06:06:05,2020-03-14 06:06:05,2020,3,14,5,1,841285.7142857143,818666.6666666666,788911.1111111111,-0.0036540803897685548,0.008918716211970995
1584256346000,818000,2020-03-15 07:12:26,2020-03-15 07:12:26,2020,3,15,6,1,836571.4285714285,819733.3333333334,789600.0,0.0,0.008911568359282085
1584347653000,828000,2020-03-16 08:34:13,2020-03-16 08:34:13,2020,3,16,0,1,832000.0,821033.3333333334,790333.3333333334,0.012224938875305513,0.00912094937495401
1584433786000,810000,2020-03-17 08:29:46,2020-03-17 08:29:46,2020,3,17,1,1,826142.8571428572,821733.3333333334,790877.7777777778,-0.021739130434782594,0.01007065871870969
1584520258000,835000,2020-03-18 08:30:58,2020-03-18 08:30:58,2020,3,18,2,1,824285.7142857143,823300.0,791711.1111111111,0.030864197530864113,0.011444394511864579
1584606584000,823000,2020-03-19 08:29:44,2020-03-19 08:29:44,2020,3,19,3,1,821857.1428571428,824466.6666666666,792455.5555555555,-0.014371257485029987,0.011825273292582369
1584691099000,833000,2020-03-20 07:58:19,2020-03-20 07:58:19,2020,3,20,4,1,823571.4285714285,825833.3333333334,793311.1111111111,0.012150668286755817,0.01196836674031107
1584713938000,868000,2020-03-20 14:18:58,2020-03-20 14:18:58,2020,3,20,4,1,830714.2857142857,828200.0,794588.8888888889,0.04201680672268915,0.014034318461208709
1584777167000,879000,2020-03-21 07:52:47,2020-03-21 07:52:47,2020,3,21,5,1,839428.5714285715,830766.6666666666,796000.0,0.012672811059907918,0.014134954386788384
1584863654000,879000,2020-03-22 07:54:14,2020-03-22 07:54:14,2020,3,22,6,1,846714.2857142857,832966.6666666666,797400.0,0.0,0.014002838129076729
1584953395000,870000,2020-03-23 08:49:55,2020-03-23 08:49:55,2020,3,23,0,1,855285.7142857143,834866.6666666666,798633.3333333334,-0.010238907849829393,0.014194364883714861
1584966959000,900000,2020-03-23 12:35:59,2020-03-23 12:35:59,2020,3,23,0,1,864571.4285714285,837600.0,800244.4444444445,0.034482758620689724,0.015350823862169705
1585040824000,928000,2020-03-24 09:07:04,2020-03-24 09:07:04,2020,3,24,1,1,879571.4285714285,840933.3333333334,802122.2222222222,0.03111111111111109,0.016098415872107884
1585212717000,933000,2020-03-26 08:51:57,2020-03-26 08:51:57,2020,3,26,3,1,893857.1428571428,844766.6666666666,804055.5555555555,0.005387931034482651,0.01581277191212225
1585297734000,933000,2020-03-27 08:28:54,2020-03-27 08:28:54,2020,3,27,4,1,903142.8571428572,848633.3333333334,806000.0,0.0,0.01579904815999573
1585556479000,935000,2020-03-30 08:21:19,2020-03-30 08:21:19,2020,3,30,0,1,911142.8571428572,852400.0,807944.4444444445,0.002143622722400762,0.015802144056269597
1585642747000,933000,2020-03-31 08:19:07,2020-03-31 08:19:07,2020,3,31,1,1,918857.1428571428,856000.0,809855.5555555555,-0.002139037433155133,0.01584718165876776
1585728619000,920000,2020-04-01 08:10:19,2020-04-01 08:10:19,2020,4,1,2,2,926000.0,859500.0,811633.3333333334,-0.01393354769560562,0.01591497039874815
1585816234000,927000,2020-04-02 08:30:34,2020-04-02 08:30:34,2020,4,2,3,2,929857.1428571428,863233.3333333334,813488.8888888889,0.007608695652173925,0.015906867757681225
1585902458000,953000,2020-04-03 08:27:38,2020-04-03 08:27:38,2020,4,3,4,2,933428.5714285715,867700.0,815622.2222222222,0.028047464940668787,0.016481838296667474
1585988810000,943000,2020-04-04 08:26:50,2020-04-04 08:26:50,2020,4,4,5,2,934857.1428571428,871666.6666666666,817644.4444444445,-0.01049317943336836,0.016726963648080666
1586162302000,940000,2020-04-06 08:38:22,2020-04-06 08:38:22,2020,4,6,0,2,935857.1428571428,875133.3333333334,819566.6666666666,-0.0031813361611876534,0.01667765197625847
1586248347000,972000,2020-04-07 08:32:27,2020-04-07 08:32:27,2020,4,7,1,2,941142.8571428572,879833.3333333334,821800.0,0.03404255319148941,0.0174314322731173
1586333459000,955000,2020-04-08 08:10:59,2020-04-08 08:10:59,2020,4,8,2,2,944285.7142857143,883466.6666666666,823844.4444444445,-0.017489711934156382,0.017745709013319053
1586420112000,947000,2020-04-09 08:15:12,2020-04-09 08:15:12,2020,4,9,3,2,948142.8571428572,886666.6666666666,825800.0,-0.008376963350785305,0.01788931945757753
1586598276000,960000,2020-04-11 09:44:36,2020-04-11 09:44:36,2020,4,11,5,2,952857.1428571428,890000.0,827900.0,0.01372756071805692,0.017940138546346865
1586766112000,961000,2020-04-13 08:21:52,2020-04-13 08:21:52,2020,4,13,0,2,954000.0,893666.6666666666,829966.6666666666,0.0010416666666666075,0.01774598585531503
1586851856000,957000,2020-04-14 08:10:56,2020-04-14 08:10:56,2020,4,14,1,2,956000.0,897300.0,831900.0,-0.004162330905306932,0.01775594086927721
1586939245000,952000,2020-04-15 08:27:25,2020-04-15 08:27:25,2020,4,15,2,2,957714.2857142857,901033.3333333334,833677.7777777778,-0.005224660397074143,0.01766094976094914
1587027923000,948000,2020-04-16 09:05:23,2020-04-16 09:05:23,2020,4,16,3,2,954285.7142857143,905266.6666666666,835400.0,-0.004201680672268893,0.01699959178411433
1587111767000,951000,2020-04-17 08:22:47,2020-04-17 08:22:47,2020,4,17,4,2,953714.2857142857,909700.0,836988.8888888889,0.0031645569620253333,0.01692609546377117
1587199510000,936000,2020-04-18 08:45:10,2020-04-18 08:45:10,2020,4,18,5,2,952142.8571428572,913633.3333333334,838600.0,-0.01577287066246058,0.01733235772648417
1587372259000,926000,2020-04-20 08:44:19,2020-04-20 08:44:19,2020,4,20,0,2,947285.7142857143,916900.0,840155.5555555555,-0.010683760683760646,0.017490834408962614
1587460185000,933000,2020-04-21 09:09:45,2020-04-21 09:09:45,2020,4,21,1,2,943285.7142857143,921000.0,841755.5555555555,0.0075593952483801186,0.01681586738295251
1587544619000,937000,2020-04-22 08:36:59,2020-04-22 08:36:59,2020,4,22,2,2,940428.5714285715,924400.0,843422.2222222222,0.004287245444801746,0.01608266329062213
1587630444000,943000,2020-04-23 08:27:24,2020-04-23 08:27:24,2020,4,23,3,2,939142.8571428572,928400.0,845277.7777777778,0.006403415154749181,0.015708485008537373
1587717666000,953000,2020-04-24 08:41:06,2020-04-24 08:41:06,2020,4,24,4,2,939857.1428571428,932400.0,847244.4444444445,0.010604453870625585,0.015685597121931735
1587805617000,952000,2020-04-25 09:06:57,2020-04-25 09:06:57,2020,4,25,5,2,940000.0,935200.0,849144.4444444445,-0.0010493179433368471,0.014027479409149848
1587974594000,948000,2020-04-27 08:03:14,2020-04-27 08:03:14,2020,4,27,0,2,941714.2857142857,937500.0,851044.4444444445,-0.004201680672268893,0.013971830640810059
1588062912000,944000,2020-04-28 08:35:12,2020-04-28 08:35:12,2020,4,28,1,2,944285.7142857143,939666.6666666666,852877.7777777778,-0.00421940928270037,0.014020220314622429
1588148240000,937000,2020-04-29 08:17:20,2020-04-29 08:17:20,2020,4,29,2,2,944857.1428571428,941900.0,854644.4444444445,-0.007415254237288171,0.013941181595177361
1588234685000,937000,2020-04-30 08:18:05,2020-04-30 08:18:05,2020,4,30,3,2,944857.1428571428,943133.3333333334,856388.8888888889,0.0,0.012573660057698298
1588409101000,925000,2020-05-02 08:45:01,2020-05-02 08:45:01,2020,5,2,5,2,942285.7142857143,943033.3333333334,858022.2222222222,-0.012806830309498363,0.01150908867231461
1588581253000,923000,2020-05-04 08:34:13,2020-05-04 08:34:13,2020,5,4,0,2,938000.0,942700.0,859600.0,-0.00216216216216214,0.01146868088701324
1588666534000,922000,2020-05-05 08:15:34,2020-05-05 08:15:34,2020,5,5,1,2,933714.2857142857,942333.3333333334,861211.1111111111,-0.0010834236186348933,0.011469422115541241
1588753380000,922000,2020-05-06 08:23:00,2020-05-06 08:23:00,2020,5,6,2,2,930000.0,941900.0,862755.5555555555,0.0,0.011460139433216367
1588926768000,927000,2020-05-08 08:32:48,2020-05-08 08:32:48,2020,5,8,4,2,927571.4285714285,941700.0,864355.5555555555,0.005422993492407713,0.011503734727431112
1589013435000,920000,2020-05-09 08:37:15,2020-05-09 08:37:15,2020,5,9,5,2,925142.8571428572,941700.0,865911.1111111111,-0.007551240560949246,0.011297232376313141
1589187290000,920000,2020-05-11 08:54:50,2020-05-11 08:54:50,2020,5,11,0,2,922714.2857142857,941466.6666666666,867433.3333333334,0.0,0.011206993992034118
1589273435000,912000,2020-05-12 08:50:35,2020-05-12 08:50:35,2020,5,12,1,2,920857.1428571428,940100.0,868866.6666666666,-0.008695652173912993,0.009951801104037395
1589357625000,917000,2020-05-13 08:13:45,2020-05-13 08:13:45,2020,5,13,2,2,920000.0,939233.3333333334,870277.7777777778,0.005482456140350811,0.009876545237570429
1589444272000,919000,2020-05-14 08:17:52,2020-05-14 08:17:52,2020,5,14,3,2,919571.4285714285,938533.3333333334,871711.1111111111,0.0021810250817884125,0.00988207052490068
1589531125000,926000,2020-05-15 08:25:25,2020-05-15 08:25:25,2020,5,15,4,2,920142.8571428572,937000.0,873244.4444444445,0.007616974972796564,0.0075897794207296435
1589619438000,928000,2020-05-16 08:57:18,2020-05-16 08:57:18,2020,5,16,5,2,920285.7142857143,936100.0,874811.1111111111,0.002159827213822796,0.0069945886443013175
1589791108000,934000,2020-05-18 08:38:28,2020-05-18 08:38:28,2020,5,18,0,2,922285.7142857143,935666.6666666666,876522.2222222222,0.006465517241379226,0.006974713009370146
1589876896000,924000,2020-05-19 08:28:16,2020-05-19 08:28:16,2020,5,19,1,2,922857.1428571428,934466.6666666666,878133.3333333334,-0.010706638115631661,0.006684197833527489
1589962998000,926000,2020-05-20 08:23:18,2020-05-20 08:23:18,2020,5,20,2,2,924857.1428571428,933300.0,879744.4444444445,0.0021645021645022577,0.006700605042898165
1590135872000,916000,2020-05-22 08:24:32,2020-05-22 08:24:32,2020,5,22,4,2,924714.2857142857,931933.3333333334,881211.1111111111,-0.010799136069114423,0.006907659557465802
1590483612000,917000,2020-05-26 09:00:12,2020-05-26 09:00:12,2020,5,26,1,2,924428.5714285715,930766.6666666666,882677.7777777778,0.0010917030567685337,0.006884401805673906
1590567582000,909000,2020-05-27 08:19:42,2020-05-27 08:19:42,2020,5,27,2,2,922000.0,929466.6666666666,884077.7777777778,-0.008724100327153761,0.007000370196685236
1590654935000,908000,2020-05-28 08:35:35,2020-05-28 08:35:35,2020,5,28,3,2,919142.8571428572,928033.3333333334,885466.6666666666,-0.0011001100110010764,0.006948100942976048
1590740835000,913000,2020-05-29 08:27:15,2020-05-29 08:27:15,2020,5,29,4,2,916142.8571428572,927266.6666666666,886877.7777777778,0.005506607929515406,0.006515355234873761
1590827638000,914000,2020-05-30 08:33:58,2020-05-30 08:33:58,2020,5,30,5,2,914714.2857142857,926866.6666666666,888266.6666666666,0.0010952902519167917,0.006249200367245825
1591087610000,920000,2020-06-02 08:46:50,2020-06-02 08:46:50,2020,6,2,1,2,913857.1428571428,926433.3333333334,889722.2222222222,0.006564551422319376,0.006207923907193511
1591172758000,904000,2020-06-03 08:25:58,2020-06-03 08:25:58,2020,6,3,2,2,912142.8571428572,925333.3333333334,891011.1111111111,-0.017391304347826098,0.006864596630519392
1591259216000,887000,2020-06-04 08:26:56,2020-06-04 08:26:56,2020,6,4,3,2,907857.1428571428,923466.6666666666,892111.1111111111,-0.01880530973451322,0.007425361717589171
1591346473000,888000,2020-06-05 08:41:13,2020-06-05 08:41:13,2020,6,5,4,2,904857.1428571428,921300.0,893177.7777777778,0.0011273957158963732,0.007062855035693468
1591433711000,876000,2020-06-06 08:55:11,2020-06-06 08:55:11,2020,6,6,5,2,900285.7142857143,918766.6666666666,894055.5555555555,-0.013513513513513487,0.007345986254182326
1591604091000,876000,2020-06-08 08:14:51,2020-06-08 08:14:51,2020,6,8,0,2,895000.0,916366.6666666666,894877.7777777778,0.0,0.007357266346878817
1591690500000,875000,2020-06-09 08:15:00,2020-06-09 08:15:00,2020,6,9,1,2,889428.5714285715,914066.6666666666,895566.6666666666,-0.0011415525114155667,0.007355410925026562
1591779018000,881000,2020-06-10 08:50:18,2020-06-10 08:50:18,2020,6,10,2,2,883857.1428571428,912200.0,896322.2222222222,0.006857142857142895,0.007486960896461245
1591865224000,893000,2020-06-11 08:47:04,2020-06-11 08:47:04,2020,6,11,3,2,882285.7142857143,910733.3333333334,897155.5555555555,0.013620885357548351,0.008008803748751426
1591950716000,886000,2020-06-12 08:31:56,2020-06-12 08:31:56,2020,6,12,4,2,882142.8571428572,909433.3333333334,897800.0,-0.007838745800671898,0.007817538326393189
1592037685000,900000,2020-06-13 08:41:25,2020-06-13 08:41:25,2020,6,13,5,2,883857.1428571428,908666.6666666666,898711.1111111111,0.015801354401805856,0.008422137366315832
1592210200000,902000,2020-06-15 08:36:40,2020-06-15 08:36:40,2020,6,15,0,2,887571.4285714285,908000.0,899655.5555555555,0.0022222222222221255,0.008439993491790311
1592296385000,898000,2020-06-16 08:33:05,2020-06-16 08:33:05,2020,6,16,1,2,890714.2857142857,907200.0,900500.0,-0.0044345898004434225,0.008466172660562628
1592383704000,895000,2020-06-17 08:48:24,2020-06-17 08:48:24,2020,6,17,2,2,893571.4285714285,906133.3333333334,901277.7777777778,-0.0033407572383074013,0.008393355214775489
1592469023000,900000,2020-06-18 08:30:23,2020-06-18 08:30:23,2020,6,18,3,2,896285.7142857143,905466.6666666666,902222.2222222222,0.005586592178770999,0.008389839920666305
1592555818000,895000,2020-06-19 08:36:58,2020-06-19 08:36:58,2020,6,19,4,2,896571.4285714285,904633.3333333334,903111.1111111111,-0.005555555555555536,0.008435087048324064
1592640060000,905000,2020-06-20 08:01:00,2020-06-20 08:01:00,2020,6,20,5,2,899285.7142857143,904400.0,904066.6666666666,0.011173184357541999,0.008579330105426065
1592735690000,905000,2020-06-21 10:34:50,2020-06-21 10:34:50,2020,6,21,6,2,900000.0,904000.0,904966.6666666666,0.0,0.008511773334203972
1592814266000,907000,2020-06-22 08:24:26,2020-06-22 08:24:26,2020,6,22,0,2,900714.2857142857,903600.0,905755.5555555555,0.0022099447513812542,0.00851207781155148
1592900776000,908000,2020-06-23 08:26:16,2020-06-23 08:26:16,2020,6,23,1,2,902142.8571428572,903000.0,906611.1111111111,0.0011025358324145973,0.008382538642546193
1592988046000,916000,2020-06-24 08:40:46,2020-06-24 08:40:46,2020,6,24,2,2,905142.8571428572,902600.0,907388.8888888889,0.008810572687224738,0.008544965100252606
1593075168000,907000,2020-06-25 08:52:48,2020-06-25 08:52:48,2020,6,25,3,2,906142.8571428572,901700.0,908011.1111111111,-0.009825327510917026,0.008611108287188725
1593161810000,910000,2020-06-26 08:56:50,2020-06-26 08:56:50,2020,6,26,4,2,908285.7142857143,901233.3333333334,908566.6666666666,0.00330760749724357,0.008441547681414871
1593244577000,912000,2020-06-27 07:56:17,2020-06-27 07:56:17,2020,6,27,5,2,909285.7142857143,900766.6666666666,909244.4444444445,0.00219780219780219,0.008441908806006716
1593326016000,912000,2020-06-28 06:33:36,2020-06-28 06:33:36,2020,6,28,6,2,910285.7142857143,900633.3333333334,909955.5555555555,0.0,0.00821357053692698
1593420244000,911000,2020-06-29 08:44:04,2020-06-29 08:44:04,2020,6,29,0,2,910857.1428571428,900433.3333333334,910744.4444444445,-0.0010964912280702066,0.00821221761927164
1593506166000,918000,2020-06-30 08:36:06,2020-06-30 08:36:06,2020,6,30,1,2,912285.7142857143,900733.3333333334,911822.2222222222,0.007683863885839637,0.008170258507211333
1593592591000,919000,2020-07-01 08:36:31,2020-07-01 08:36:31,2020,7,1,2,3,912714.2857142857,901100.0,912944.4444444445,0.0010893246187364536,0.00816653655012347
1593678269000,915000,2020-07-02 08:24:29,2020-07-02 08:24:29,2020,7,2,3,3,913857.1428571428,901166.6666666666,914022.2222222222,-0.0043525571273123065,0.008153723097970205
1593765800000,928000,2020-07-03 08:43:20,2020-07-03 08:43:20,2020,7,3,4,3,916428.5714285715,901633.3333333334,915133.3333333334,0.014207650273224015,0.008550421962178848
1593854125000,930000,2020-07-04 09:15:25,2020-07-04 09:15:25,2020,7,4,5,3,919000.0,901966.6666666666,916466.6666666666,0.0021551724137931494,0.008480945995325687
1593936225000,930000,2020-07-05 08:03:45,2020-07-05 08:03:45,2020,7,5,6,3,921571.4285714285,902833.3333333334,917522.2222222222,0.0,0.00778942616931704
1594025001000,931000,2020-07-06 08:43:21,2020-07-06 08:43:21,2020,7,6,0,3,924428.5714285715,904300.0,918722.2222222222,0.0010752688172042113,0.00683589911459918
1594110806000,934000,2020-07-07 08:33:26,2020-07-07 08:33:26,2020,7,7,1,3,926714.2857142857,905833.3333333334,919844.4444444445,0.0032223415682062218,0.006841205250016256
1594196962000,934000,2020-07-08 08:29:22,2020-07-08 08:29:22,2020,7,8,2,3,928857.1428571428,907766.6666666666,920577.7777777778,0.0,0.006221238060144008
1594283182000,940000,2020-07-09 08:26:22,2020-07-09 08:26:22,2020,7,9,3,3,932428.5714285715,909900.0,921255.5555555555,0.0064239828693790635,0.006254866385958912
1594370884000,937000,2020-07-10 08:48:04,2020-07-10 08:48:04,2020,7,10,4,3,933714.2857142857,911966.6666666666,921900.0,-0.0031914893617021045,0.006305566220406994
1594455129000,937000,2020-07-11 08:12:09,2020-07-11 08:12:09,2020,7,11,5,3,934714.2857142857,913833.3333333334,922644.4444444445,0.0,0.006258927604078904
1594628314000,938000,2020-07-13 08:18:34,2020-07-13 08:18:34,2020,7,13,0,3,935857.1428571428,915333.3333333334,923066.6666666666,0.0010672358591248265,0.0058678259536652745
1594714792000,938000,2020-07-14 08:19:52,2020-07-14 08:19:52,2020,7,14,1,3,936857.1428571428,917066.6666666666,923177.7777777778,0.0,0.005598777430284757
1594801410000,942000,2020-07-15 08:23:30,2020-07-15 08:23:30,2020,7,15,2,3,938000.0,918466.6666666666,923277.7777777778,0.004264392324093924,0.004973599882880471
1594890443000,949000,2020-07-16 09:07:23,2020-07-16 09:07:23,2020,7,16,3,3,940142.8571428572,920033.3333333334,923455.5555555555,0.007430997876857859,0.005088074843744532
1594975867000,944000,2020-07-17 08:51:07,2020-07-17 08:51:07,2020,7,17,4,3,940714.2857142857,921566.6666666666,923555.5555555555,-0.005268703898840932,0.005124938639055511
1595061011000,956000,2020-07-18 08:30:11,2020-07-18 08:30:11,2020,7,18,5,3,943428.5714285715,923600.0,923811.1111111111,0.012711864406779627,0.005412671416049376
1595138325000,956000,2020-07-19 05:58:45,2020-07-19 05:58:45,2020,7,19,6,3,946142.8571428572,925466.6666666666,924211.1111111111,0.0,0.005388699000589798
1595233775000,956000,2020-07-20 08:29:35,2020-07-20 08:29:35,2020,7,20,0,3,948714.2857142857,927500.0,924533.3333333334,0.0,0.005211646617039989
1595320774000,963000,2020-07-21 08:39:34,2020-07-21 08:39:34,2020,7,21,1,3,952285.7142857143,929433.3333333334,924644.4444444445,0.007322175732217495,0.005027521975151841
1595407893000,982000,2020-07-22 08:51:33,2020-07-22 08:51:33,2020,7,22,2,3,958000.0,932000.0,925077.7777777778,0.019730010384215957,0.005951033358227062
1595492967000,977000,2020-07-23 08:29:27,2020-07-23 08:29:27,2020,7,23,3,3,962000.0,934333.3333333334,925488.8888888889,-0.005091649694501044,0.0061204683877918685
1595580019000,984000,2020-07-24 08:40:19,2020-07-24 08:40:19,2020,7,24,4,3,967714.2857142857,936866.6666666666,925622.2222222222,0.007164790174001956,0.006172619353089797
1595665701000,989000,2020-07-25 08:28:21,2020-07-25 08:28:21,2020,7,25,5,3,972428.5714285715,939300.0,926000.0,0.005081300813008172,0.006082233109634704
1595755970000,989000,2020-07-26 09:32:50,2020-07-26 09:32:50,2020,7,26,6,3,977142.8571428572,942033.3333333334,926466.6666666666,0.0,0.005639817843730077
1595838345000,997000,2020-07-27 08:25:45,2020-07-27 08:25:45,2020,7,27,0,3,983000.0,944933.3333333334,926877.7777777778,0.008088978766430666,0.005718611849253167
1595926067000,1022000,2020-07-28 08:47:47,2020-07-28 08:47:47,2020,7,28,1,3,991428.5714285715,948600.0,927555.5555555555,0.02507522567703102,0.006984408000035137
1595938920000,1013000,2020-07-28 12:22:00,2020-07-28 12:22:00,2020,7,28,1,3,995857.1428571428,951966.6666666666,928177.7777777778,-0.008806262230919737,0.007327406035680836
1596011206000,1013000,2020-07-29 08:26:46,2020-07-29 08:26:46,2020,7,29,2,3,1001000.0,955366.6666666666,928855.5555555555,0.0,0.007306221980115119
1596097602000,1016000,2020-07-30 08:26:42,2020-07-30 08:26:42,2020,7,30,3,3,1005571.4285714285,958633.3333333334,929611.1111111111,0.0029615004935834577,0.00726527756125538
1596271816000,1028000,2020-08-01 08:50:16,2020-08-01 08:50:16,2020,8,1,5,3,1011142.8571428572,962266.6666666666,930466.6666666666,0.011811023622047223,0.0074093587697760515
1596443372000,1028000,2020-08-03 08:29:32,2020-08-03 08:29:32,2020,8,3,0,3,1016714.2857142857,966033.3333333334,931488.8888888889,0.0,0.007286429659619331
1596529792000,1029000,2020-08-04 08:29:52,2020-08-04 08:29:52,2020,8,4,1,3,1021285.7142857143,969400.0,932633.3333333334,0.0009727626459143934,0.0070381632221771144
1596617294000,1048000,2020-08-05 08:48:14,2020-08-05 08:48:14,2020,8,5,2,3,1025000.0,973333.3333333334,933911.1111111111,0.01846452866861026,0.00754450563085694
1596702630000,1054000,2020-08-06 08:30:30,2020-08-06 08:30:30,2020,8,6,3,3,1030857.1428571428,977466.6666666666,935211.1111111111,0.005725190839694694,0.007511729493042093
1596791984000,1065000,2020-08-07 09:19:44,2020-08-07 09:19:44,2020,8,7,4,3,1038285.7142857143,981933.3333333334,936566.6666666666,0.010436432637571214,0.007571310347253463
1596875354000,1055000,2020-08-08 08:29:14,2020-08-08 08:29:14,2020,8,8,5,3,1043857.1428571428,985966.6666666666,937700.0,-0.009389671361502372,0.007984699985322946
1596954702000,1055000,2020-08-09 06:31:42,2020-08-09 06:31:42,2020,8,9,6,3,1047714.2857142857,990000.0,938844.4444444445,0.0,0.007984699985322946
1597048190000,1054000,2020-08-10 08:29:50,2020-08-10 08:29:50,2020,8,10,0,3,1051428.5714285714,993800.0,940022.2222222222,-0.0009478672985782088,0.008024034193133148
1597134459000,1056000,2020-08-11 08:27:39,2020-08-11 08:27:39,2020,8,11,1,3,1055285.7142857143,997766.6666666666,941266.6666666666,0.00189753320683117,0.007923114681484131
1597224718000,1026000,2020-08-12 09:31:58,2020-08-12 09:31:58,2020,8,12,2,3,1052142.857142857,1000733.3333333334,942255.5555555555,-0.02840909090909094,0.009877303160170124
1597307567000,1028000,2020-08-13 08:32:47,2020-08-13 08:32:47,2020,8,13,3,3,1048428.5714285715,1003733.3333333334,943266.6666666666,0.0019493177387914784,0.009872427663209274
1597394304000,1040000,2020-08-14 08:38:24,2020-08-14 08:38:24,2020,8,14,4,3,1044857.1428571428,1007133.3333333334,944544.4444444445,0.011673151750972721,0.00997529853239786
1597480902000,1035000,2020-08-15 08:41:42,2020-08-15 08:41:42,2020,8,15,5,3,1042000.0,1010233.3333333334,945788.8888888889,-0.004807692307692291,0.010088041578861685
1597557257000,1035000,2020-08-16 05:54:17,2020-08-16 05:54:17,2020,8,16,6,3,1039142.8571428572,1013100.0,947044.4444444445,0.0,0.01007159861009836
1597651666000,1030000,2020-08-17 08:07:46,2020-08-17 08:07:46,2020,8,17,0,3,1035714.2857142857,1015966.6666666666,948244.4444444445,-0.004830917874396157,0.01005959755679212
1597741190000,1050000,2020-08-18 08:59:50,2020-08-18 08:59:50,2020,8,18,1,3,1034857.1428571428,1019100.0,949611.1111111111,0.01941747572815533,0.010353956692915415
1597827033000,1058000,2020-08-19 08:50:33,2020-08-19 08:50:33,2020,8,19,2,3,1039428.5714285715,1022500.0,951144.4444444445,0.007619047619047636,0.01036662596048245
1597912654000,1030000,2020-08-20 08:37:34,2020-08-20 08:37:34,2020,8,20,3,3,1039714.2857142857,1024966.6666666666,952366.6666666666,-0.026465028355387554,0.011708393758023497
1597997621000,1031000,2020-08-21 08:13:41,2020-08-21 08:13:41,2020,8,21,4,3,1038428.5714285715,1027233.3333333334,953688.8888888889,0.000970873786407811,0.011676595556205422
1598086093000,1027000,2020-08-22 08:48:13,2020-08-22 08:48:13,2020,8,22,5,3,1037285.7142857143,1028733.3333333334,954911.1111111111,-0.0038797284190106307,0.01125224683746829
1598165726000,1027000,2020-08-23 06:55:26,2020-08-23 06:55:26,2020,8,23,6,3,1036142.8571428572,1030400.0,956111.1111111111,0.0,0.011186728618146239
1598257913000,1023000,2020-08-24 08:31:53,2020-08-24 08:31:53,2020,8,24,0,3,1035142.8571428572,1031700.0,957188.8888888889,-0.003894839337877265,0.011183539291152267
1598344533000,1021000,2020-08-25 08:35:33,2020-08-25 08:35:33,2020,8,25,1,3,1031000.0,1032766.6666666666,958222.2222222222,-0.0019550342130987275,0.011176522999261754
1598431375000,1011000,2020-08-26 08:42:55,2020-08-26 08:42:55,2020,8,26,2,3,1024285.7142857143,1033500.0,959077.7777777778,-0.009794319294809006,0.011352116445847023
1598516575000,1019000,2020-08-27 08:22:55,2020-08-27 08:22:55,2020,8,27,3,3,1022714.2857142857,1034233.3333333334,960133.3333333334,0.007912957467853587,0.011348261948257731
1598603038000,1012000,2020-08-28 08:23:58,2020-08-28 08:23:58,2020,8,28,4,3,1020000.0,1033900.0,961088.8888888889,-0.006869479882237517,0.010454503059853456
1598691406000,1027000,2020-08-29 08:56:46,2020-08-29 08:56:46,2020,8,29,5,3,1020000.0,1034366.6666666666,962322.2222222222,0.014822134387351804,0.010677263463341677
1598784248000,1027000,2020-08-30 10:44:08,2020-08-30 10:44:08,2020,8,30,6,3,1020000.0,1034833.3333333334,963544.4444444445,0.0,0.010677263463341677
1598863524000,1030000,2020-08-31 08:45:24,2020-08-31 08:45:24,2020,8,31,0,3,1021000.0,1035300.0,964888.8888888889,0.0029211295034079487,0.010676946768004044
1598948882000,1020000,2020-09-01 08:28:02,2020-09-01 08:28:02,2020,9,1,1,3,1020857.1428571428,1035033.3333333334,966133.3333333334,-0.009708737864077666,0.010614341224097466
1598962991000,1026000,2020-09-01 12:23:11,2020-09-01 12:23:11,2020,9,1,1,3,1023000.0,1034966.6666666666,967388.8888888889,0.00588235294117645,0.01067244466697789
1599035945000,1024000,2020-09-02 08:39:05,2020-09-02 08:39:05,2020,9,2,2,3,1023714.2857142857,1034800.0,968611.1111111111,-0.0019493177387914784,0.010676503566660285
1599121443000,1024000,2020-09-03 08:24:03,2020-09-03 08:24:03,2020,9,3,3,3,1025428.5714285715,1034000.0,969766.6666666666,0.0,0.010084795251380065
1599209576000,1021000,2020-09-04 08:52:56,2020-09-04 08:52:56,2020,9,4,4,3,1024571.4285714285,1032900.0,971066.6666666666,-0.0029296875,0.010017557566539307
1599294365000,1020000,2020-09-05 08:26:05,2020-09-05 08:26:05,2020,9,5,5,3,1023571.4285714285,1031400.0,972544.4444444445,-0.0009794319294809117,0.009781767526379673
1599380776000,1020000,2020-09-06 08:26:16,2020-09-06 08:26:16,2020,9,6,6,3,1022142.8571428572,1030233.3333333334,974011.1111111111,0.0,0.009666566776034714
1599467157000,1020000,2020-09-07 08:25:57,2020-09-07 08:25:57,2020,9,7,0,3,1022142.8571428572,1029066.6666666666,975611.1111111111,0.0,0.009666566776034714
1599553716000,1015000,2020-09-08 08:28:36,2020-09-08 08:28:36,2020,9,8,1,3,1020571.4285714285,1027766.6666666666,977155.5555555555,-0.004901960784313708,0.009691648479135052
1599640823000,1017000,2020-09-09 08:40:23,2020-09-09 08:40:23,2020,9,9,2,3,1019571.4285714285,1026466.6666666666,978733.3333333334,0.0019704433497536034,0.009692463802446621
1599724953000,1027000,2020-09-10 08:02:33,2020-09-10 08:02:33,2020,9,10,3,3,1020000.0,1026500.0,980355.5555555555,0.009832841691248762,0.00842331578784848
1599813603000,1028000,2020-09-11 08:40:03,2020-09-11 08:40:03,2020,9,11,4,3,1021000.0,1026500.0,981855.5555555555,0.0009737098344693162,0.00841767885776311
1599900001000,1031000,2020-09-12 08:40:01,2020-09-12 08:40:01,2020,9,12,5,3,1022571.4285714285,1026200.0,983466.6666666666,0.0029182879377431803,0.00814769345052837
1599984438000,1031000,2020-09-13 08:07:18,2020-09-13 08:07:18,2020,9,13,6,3,1024142.8571428572,1026066.6666666666,984922.2222222222,0.0,0.008102264297847281
1600072196000,1031000,2020-09-14 08:29:56,2020-09-14 08:29:56,2020,9,14,0,3,1025714.2857142857,1025933.3333333334,986355.5555555555,0.0,0.008102264297847281
1600157850000,1037000,2020-09-15 08:17:30,2020-09-15 08:17:30,2020,9,15,1,3,1028857.1428571428,1026166.6666666666,987900.0,0.005819592628516057,0.008121011543151039
1600246397000,1030000,2020-09-16 08:53:17,2020-09-16 08:53:17,2020,9,16,2,3,1030714.2857142857,1025500.0,989400.0,-0.0067502410800385215,0.007361988248997408
1600330667000,1030000,2020-09-17 08:17:47,2020-09-17 08:17:47,2020,9,17,3,3,1031142.8571428572,1024566.6666666666,990844.4444444445,0.0,0.00719774594233864
1600418247000,1030000,2020-09-18 08:37:27,2020-09-18 08:37:27,2020,9,18,4,3,1031428.5714285715,1024566.6666666666,992344.4444444445,0.0,0.00533253389235217
1600504582000,1023000,2020-09-19 08:36:22,2020-09-19 08:36:22,2020,9,19,5,3,1030285.7142857143,1024300.0,993655.5555555555,-0.006796116504854344,0.0054712050114129555
1600598566000,1023000,2020-09-20 10:42:46,2020-09-20 10:42:46,2020,9,20,6,3,1029142.8571428572,1024166.6666666666,994966.6666666666,0.0,0.005428014444734374
1600676234000,1024000,2020-09-21 08:17:14,2020-09-21 08:17:14,2020,9,21,0,3,1028142.8571428572,1024066.6666666666,996266.6666666666,0.0009775171065493637,0.005431666654557439
1600762955000,1009000,2020-09-22 08:22:35,2020-09-22 08:22:35,2020,9,22,1,3,1024142.8571428572,1023600.0,997388.8888888889,-0.0146484375,0.006015349293618912
1600848781000,1007000,2020-09-23 08:13:01,2020-09-23 08:13:01,2020,9,23,2,3,1020857.1428571428,1023133.3333333334,998400.0,-0.001982160555004997,0.006015586648130846
1600868588000,1007000,2020-09-23 13:43:08,2020-09-23 13:43:08,2020,9,23,2,3,1017571.4285714285,1023000.0,999511.1111111111,0.0,0.00575048849523211
1600937076000,1002000,2020-09-24 08:44:36,2020-09-24 08:44:36,2020,9,24,3,3,1013571.4285714285,1022433.3333333334,1000533.3333333334,-0.0049652432969214955,0.0056093954463852964
1601022688000,1009000,2020-09-25 08:31:28,2020-09-25 08:31:28,2020,9,25,4,3,1011571.4285714285,1022333.3333333334,1001611.1111111111,0.00698602794411185,0.005641056991242928
1601109510000,1006000,2020-09-26 08:38:30,2020-09-26 08:38:30,2020,9,26,5,3,1009142.8571428572,1021633.3333333334,1002655.5555555555,-0.0029732408325073845,0.004907553254464041
1601190320000,1006000,2020-09-27 07:05:20,2020-09-27 07:05:20,2020,9,27,6,3,1006571.4285714285,1020933.3333333334,1003711.1111111111,0.0,0.004907553254464041
1601281232000,1006000,2020-09-28 08:20:32,2020-09-28 08:20:32,2020,9,28,0,3,1006142.8571428572,1020133.3333333334,1004688.8888888889,0.0,0.004862477998118978
1601367790000,1014000,2020-09-29 08:23:10,2020-09-29 08:23:10,2020,9,29,1,3,1007142.8571428572,1019933.3333333334,1005744.4444444445,0.007952286282306265,0.004812315469977423
1601454100000,1016000,2020-09-30 08:21:40,2020-09-30 08:21:40,2020,9,30,2,3,1008428.5714285715,1019600.0,1006866.6666666666,0.0019723865877712132,0.004693802388979227
1601539499000,1013000,2020-10-01 08:04:59,2020-10-01 08:04:59,2020,10,1,3,4,1010000.0,1019233.3333333334,1007811.1111111111,-0.0029527559055118058,0.004709393849421817
1601627119000,1015000,2020-10-02 08:25:19,2020-10-02 08:25:19,2020,10,2,4,4,1010857.1428571428,1018933.3333333334,1008755.5555555555,0.001974333662388972,0.004728199633276139
1601713556000,1014000,2020-10-03 08:25:56,2020-10-03 08:25:56,2020,10,3,5,4,1012000.0,1018700.0,1009688.8888888889,-0.0009852216748768017,0.004703937992025548
1601803749000,1014000,2020-10-04 09:29:09,2020-10-04 09:29:09,2020,10,4,6,4,1013142.8571428572,1018500.0,1010611.1111111111,0.0,0.004701873619841847
1601886473000,1015000,2020-10-05 08:27:53,2020-10-05 08:27:53,2020,10,5,0,4,1014428.5714285715,1018333.3333333334,1011511.1111111111,0.0009861932938854956,0.004706663426656492
1601972534000,1017000,2020-10-06 08:22:14,2020-10-06 08:22:14,2020,10,6,1,4,1014857.1428571428,1018233.3333333334,1012433.3333333334,0.0019704433497536034,0.004722594807459179
1602058722000,999000,2020-10-07 08:18:42,2020-10-07 08:18:42,2020,10,7,2,4,1012428.5714285715,1017700.0,1013088.8888888889,-0.017699115044247815,0.005657824428422091
1602145494000,1004000,2020-10-08 08:24:54,2020-10-08 08:24:54,2020,10,8,3,4,1011142.8571428572,1017266.6666666666,1013833.3333333334,0.005005005005005003,0.005730433082804962
1602230835000,1007000,2020-10-09 08:07:15,2020-10-09 08:07:15,2020,10,9,4,4,1010000.0,1016600.0,1014611.1111111111,0.0029880478087649376,0.005437193000325323
1602319211000,1019000,2020-10-10 08:40:11,2020-10-10 08:40:11,2020,10,10,5,4,1010714.2857142857,1016300.0,1015511.1111111111,0.011916583912611634,0.00589687846230439
1602400300000,1019000,2020-10-11 07:11:40,2020-10-11 07:11:40,2020,10,11,6,4,1011428.5714285715,1015900.0,1016411.1111111111,0.0,0.005866355795212021
1602490874000,1017000,2020-10-12 08:21:14,2020-10-12 08:21:14,2020,10,12,0,4,1011714.2857142857,1015433.3333333334,1017244.4444444445,-0.001962708537782132,0.005872987752301913
1602577509000,1015000,2020-10-13 08:25:09,2020-10-13 08:25:09,2020,10,13,1,4,1011428.5714285715,1014900.0,1017977.7777777778,-0.001966568338249708,0.00587889215604249
1602663039000,1007000,2020-10-14 08:10:39,2020-10-14 08:10:39,2020,10,14,2,4,1012571.4285714285,1013900.0,1018677.7777777778,-0.007881773399014746,0.005902815575275779
1602750323000,1009000,2020-10-15 08:25:23,2020-10-15 08:25:23,2020,10,15,3,4,1013285.7142857143,1013200.0,1019266.6666666666,0.0019860973187686426,0.0058223186541193775
1602835930000,1011000,2020-10-16 08:12:10,2020-10-16 08:12:10,2020,10,16,4,4,1013857.1428571428,1012566.6666666666,1019877.7777777778,0.001982160555004997,0.005841398988598318
1602921949000,1008000,2020-10-17 08:05:49,2020-10-17 08:05:49,2020,10,17,5,4,1012285.7142857143,1011833.3333333334,1020455.5555555555,-0.0029673590504450953,0.005855925984549654
1603006651000,1008000,2020-10-18 07:37:31,2020-10-18 07:37:31,2020,10,18,6,4,1010714.2857142857,1011333.3333333334,1020955.5555555555,0.0,0.005742430941122353
1603095456000,1008000,2020-10-19 08:17:36,2020-10-19 08:17:36,2020,10,19,0,4,1009428.5714285715,1010833.3333333334,1021244.4444444445,0.0,0.005742430941122353
1603181356000,1008000,2020-10-20 08:09:16,2020-10-20 08:09:16,2020,10,20,1,4,1008428.5714285715,1010300.0,1021588.8888888889,0.0,0.0057366679147132105
1603268876000,1012000,2020-10-21 08:27:56,2020-10-21 08:27:56,2020,10,21,2,4,1009142.8571428572,1010400.0,1021900.0,0.003968253968253954,0.005129141304115515
1603354349000,1011000,2020-10-22 08:12:29,2020-10-22 08:12:29,2020,10,22,3,4,1009428.5714285715,1010533.3333333334,1022144.4444444445,-0.0009881422924901129,0.005118347812995455
1603440791000,1007000,2020-10-23 08:13:11,2020-10-23 08:13:11,2020,10,23,4,4,1008857.1428571428,1010533.3333333334,1022344.4444444445,-0.003956478733926794,0.005172890945322871
1603528031000,1008000,2020-10-24 08:27:11,2020-10-24 08:27:11,2020,10,24,5,4,1008857.1428571428,1010733.3333333334,1022466.6666666666,0.0009930486593843213,0.005088864612529259
1603607520000,1008000,2020-10-25 06:32:00,2020-10-25 06:32:00,2020,10,25,6,4,1008857.1428571428,1010700.0,1022311.1111111111,0.0,0.004925390229887451
1603700709000,1007000,2020-10-26 08:25:09,2020-10-26 08:25:09,2020,10,26,0,4,1008714.2857142857,1010733.3333333334,1022244.4444444445,-0.0009920634920634885,0.004897649426560912
1603787119000,1007000,2020-10-27 08:25:19,2020-10-27 08:25:19,2020,10,27,1,4,1008571.4285714285,1010766.6666666666,1022177.7777777778,0.0,0.004897649426560912
1603873368000,1007000,2020-10-28 08:22:48,2020-10-28 08:22:48,2020,10,28,2,4,1007857.1428571428,1010800.0,1022077.7777777778,0.0,0.004897649426560912
1603959924000,995000,2020-10-29 08:25:24,2020-10-29 08:25:24,2020,10,29,3,4,1005571.4285714285,1010166.6666666666,1021711.1111111111,-0.011916583912611745,0.00512938674600577
1604046358000,992000,2020-10-30 08:25:58,2020-10-30 08:25:58,2020,10,30,4,4,1003428.5714285715,1009366.6666666666,1021311.1111111111,-0.0030150753768843908,0.005123370842257976
1604134139000,996000,2020-10-31 08:48:59,2020-10-31 08:48:59,2020,10,31,5,4,1001714.2857142857,1008800.0,1020944.4444444445,0.0040322580645162365,0.005179809886050516
1604217574000,996000,2020-11-01 07:59:34,2020-11-01 07:59:34,2020,11,1,6,4,1000000.0,1008166.6666666666,1020366.6666666666,0.0,0.005159119868827364
1604306172000,994000,2020-11-02 08:36:12,2020-11-02 08:36:12,2020,11,2,0,4,998142.8571428572,1007500.0,1019700.0,-0.002008032128514081,0.005165014958309035
1604391496000,1004000,2020-11-03 08:18:16,2020-11-03 08:18:16,2020,11,3,1,4,997714.2857142857,1007166.6666666666,1019022.2222222222,0.010060362173038184,0.005522920820033707
1604478594000,1004000,2020-11-04 08:29:54,2020-11-04 08:29:54,2020,11,4,2,4,997285.7142857143,1006800.0,1018455.5555555555,0.0,0.005517838355448606
1604564721000,1000000,2020-11-05 08:25:21,2020-11-05 08:25:21,2020,11,5,3,4,998000.0,1006233.3333333334,1017844.4444444445,-0.003984063745019917,0.005538607291208283
1604650618000,1009000,2020-11-06 08:16:58,2020-11-06 08:16:58,2020,11,6,4,4,1000428.5714285715,1006566.6666666666,1017344.4444444445,0.008999999999999897,0.004780675273016127
1604738727000,1004000,2020-11-07 08:45:27,2020-11-07 08:45:27,2020,11,7,5,4,1001571.4285714285,1006566.6666666666,1016766.6666666666,-0.0049554013875123815,0.004791603913304795
1604816254000,1004000,2020-11-08 06:17:34,2020-11-08 06:17:34,2020,11,8,6,4,1002714.2857142857,1006466.6666666666,1016522.2222222222,0.0,0.004758530551185333
1604910316000,1006000,2020-11-09 08:25:16,2020-11-09 08:25:16,2020,11,9,0,4,1004428.5714285715,1006033.3333333334,1016277.7777777778,0.0019920318725099584,0.0042083160875480315
1604997198000,972000,2020-11-10 08:33:18,2020-11-10 08:33:18,2020,11,10,1,4,999857.1428571428,1004466.6666666666,1015522.2222222222,-0.03379721669980118,0.0074032143881970465
1605082675000,970000,2020-11-11 08:17:55,2020-11-11 08:17:55,2020,11,11,2,4,995000.0,1002900.0,1014800.0,-0.002057613168724326,0.007403418907832646
1605168861000,968000,2020-11-12 08:14:21,2020-11-12 08:14:21,2020,11,12,3,4,990428.5714285715,1001333.3333333334,1014055.5555555555,-0.0020618556701030855,0.007403624637624588
1605255256000,978000,2020-11-13 08:14:16,2020-11-13 08:14:16,2020,11,13,4,4,986000.0,1000366.6666666666,1013477.7777777778,0.010330578512396604,0.007610515484010471
1605340773000,985000,2020-11-14 07:59:33,2020-11-14 07:59:33,2020,11,14,5,4,983285.7142857143,999566.6666666666,1012755.5555555555,0.007157464212679043,0.0077367179817083185
1605418386000,985000,2020-11-15 05:33:06,2020-11-15 05:33:06,2020,11,15,6,4,980571.4285714285,998700.0,1011944.4444444445,0.0,0.007720826808387617
1605514341000,985000,2020-11-16 08:12:21,2020-11-16 08:12:21,2020,11,16,0,4,977571.4285714285,997933.3333333334,1011444.4444444445,0.0,0.007711620250082328
1605601453000,980000,2020-11-17 08:24:13,2020-11-17 08:24:13,2020,11,17,1,4,978714.2857142857,997000.0,1010877.7777777778,-0.005076142131979711,0.007750416314969065
1605687594000,975000,2020-11-18 08:19:54,2020-11-18 08:19:54,2020,11,18,2,4,979428.5714285715,995900.0,1010300.0,-0.005102040816326481,0.007785675764097812
1605773827000,973000,2020-11-19 08:17:07,2020-11-19 08:17:07,2020,11,19,3,4,980142.8571428572,994733.3333333334,1009700.0,-0.002051282051282022,0.007784878314772204
1605862029000,973000,2020-11-20 08:47:09,2020-11-20 08:47:09,2020,11,20,4,4,979428.5714285715,993433.3333333334,1009144.4444444445,0.0,0.0077284644169203975
1605948013000,977000,2020-11-21 08:40:13,2020-11-21 08:40:13,2020,11,21,5,4,978285.7142857143,992300.0,1008655.5555555555,0.004110996916752319,0.007790921748657272
1606035584000,977000,2020-11-22 08:59:44,2020-11-22 08:59:44,2020,11,22,6,4,977142.8571428572,991300.0,1008277.7777777778,0.0,0.007774543992758466
1606121643000,977000,2020-11-23 08:54:03,2020-11-23 08:54:03,2020,11,23,0,4,976000.0,990266.6666666666,1007811.1111111111,0.0,0.00776797366846834
1606206942000,961000,2020-11-24 08:35:42,2020-11-24 08:35:42,2020,11,24,1,4,973285.7142857143,988700.0,1007244.4444444445,-0.016376663254861867,0.008254651072765276
1606292956000,953000,2020-11-25 08:29:16,2020-11-25 08:29:16,2020,11,25,2,4,970142.8571428572,986900.0,1006422.2222222222,-0.008324661810613976,0.008345406248847208
1606378283000,953000,2020-11-26 08:11:23,2020-11-26 08:11:23,2020,11,26,3,4,967285.7142857143,985100.0,1005600.0,0.0,0.008345406248847208
1606465951000,951000,2020-11-27 08:32:31,2020-11-27 08:32:31,2020,11,27,4,4,964142.8571428572,983233.3333333334,1004722.2222222222,-0.0020986358866736943,0.00833857823994326
1606552004000,942000,2020-11-28 08:26:44,2020-11-28 08:26:44,2020,11,28,5,4,959142.8571428572,981466.6666666666,1003855.5555555555,-0.009463722397476393,0.008248221844153988
1606631681000,942000,2020-11-29 06:34:41,2020-11-29 06:34:41,2020,11,29,6,4,954142.8571428572,979800.0,1002922.2222222222,0.0,0.00825114358511603
1606725526000,942000,2020-11-30 08:38:46,2020-11-30 08:38:46,2020,11,30,0,4,949142.8571428572,978000.0,1002011.1111111111,0.0,0.008187325617117533
1606811348000,938000,2020-12-01 08:29:08,2020-12-01 08:29:08,2020,12,1,1,4,945857.1428571428,976066.6666666666,1001055.5555555555,-0.00424628450106157,0.008191417227010327
1606897405000,952000,2020-12-02 08:23:25,2020-12-02 08:23:25,2020,12,2,2,4,945714.2857142857,974666.6666666666,1000288.8888888889,0.014925373134328401,0.008752551309528397
1606986745000,957000,2020-12-03 09:12:25,2020-12-03 09:12:25,2020,12,3,3,4,946285.7142857143,973100.0,999588.8888888889,0.005252100840336116,0.008577720455197611
1607069362000,961000,2020-12-04 08:09:22,2020-12-04 08:09:22,2020,12,4,4,4,947714.2857142857,971666.6666666666,998933.3333333334,0.004179728317659448,0.00863768295012628
1607156134000,960000,2020-12-05 08:15:34,2020-12-05 08:15:34,2020,12,5,5,4,950285.7142857143,970333.3333333334,998266.6666666666,-0.0010405827263267886,0.008624278982833935
1607236586000,960000,2020-12-06 06:36:26,2020-12-06 06:36:26,2020,12,6,6,4,952857.1428571428,968700.0,997655.5555555555,0.0,0.0084065761492092
1607330789000,959000,2020-12-07 08:46:29,2020-12-07 08:46:29,2020,12,7,0,4,955285.7142857143,967200.0,997011.1111111111,-0.0010416666666667185,0.008383422135310856
1607416359000,966000,2020-12-08 08:32:39,2020-12-08 08:32:39,2020,12,8,1,4,959285.7142857143,965933.3333333334,996333.3333333334,0.007299270072992803,0.008532837717560193
1607588107000,956000,2020-12-10 08:15:07,2020-12-10 08:15:07,2020,12,10,3,4,959857.1428571428,964266.6666666666,995533.3333333334,-0.010351966873705987,0.008667684143701749
1607675630000,954000,2020-12-11 08:33:50,2020-12-11 08:33:50,2020,12,11,4,4,959428.5714285715,963666.6666666666,994677.7777777778,-0.0020920502092049986,0.0061942298659249965
1607758972000,954000,2020-12-12 07:42:52,2020-12-12 07:42:52,2020,12,12,5,4,958428.5714285715,963133.3333333334,993822.2222222222,0.0,0.006188972531642711
1607841353000,954000,2020-12-13 06:35:53,2020-12-13 06:35:53,2020,12,13,6,4,957571.4285714285,962666.6666666666,992966.6666666666,0.0,0.006182886022246799
1607934260000,952000,2020-12-14 08:24:20,2020-12-14 08:24:20,2020,12,14,0,4,956428.5714285715,961800.0,992022.2222222222,-0.002096436058700246,0.005841391610897382
1608020225000,951000,2020-12-15 08:17:05,2020-12-15 08:17:05,2020,12,15,1,4,955285.7142857143,960666.6666666666,991144.4444444445,-0.0010504201680672232,0.005640665259574272
1608107165000,962000,2020-12-16 08:26:05,2020-12-16 08:26:05,2020,12,16,2,4,954714.2857142857,959900.0,990388.8888888889,0.011566771819137678,0.006099016379208949
1608193386000,965000,2020-12-17 08:23:06,2020-12-17 08:23:06,2020,12,17,3,4,956000.0,959233.3333333334,989666.6666666666,0.0031185031185030354,0.006139024134432484
1608279855000,972000,2020-12-18 08:24:15,2020-12-18 08:24:15,2020,12,18,4,4,958571.4285714285,958966.6666666666,989100.0,0.007253886010362587,0.0062453621272359405
1608366576000,970000,2020-12-19 08:29:36,2020-12-19 08:29:36,2020,12,19,5,4,960857.1428571428,958800.0,988511.1111111111,-0.002057613168724326,0.006188349593098809
1608446198000,970000,2020-12-20 06:36:38,2020-12-20 06:36:38,2020,12,20,6,4,963142.8571428572,958700.0,987911.1111111111,0.0,0.006177973918572738
1608540701000,976000,2020-12-21 08:51:41,2020-12-21 08:51:41,2020,12,21,0,4,966571.4285714285,958800.0,987544.4444444445,0.006185567010309256,0.006283213360231898
1608626169000,970000,2020-12-22 08:36:09,2020-12-22 08:36:09,2020,12,22,1,4,969285.7142857143,958566.6666666666,987133.3333333334,-0.006147540983606592,0.006337533632963963
1608713194000,966000,2020-12-23 08:46:34,2020-12-23 08:46:34,2020,12,23,2,4,969857.1428571428,958200.0,986677.7777777778,-0.004123711340206171,0.006377188431333811
1608799869000,971000,2020-12-24 08:51:09,2020-12-24 08:51:09,2020,12,24,3,4,970714.2857142857,958000.0,986333.3333333334,0.005175983436852993,0.006456720712327345
1608884396000,973000,2020-12-25 08:19:56,2020-12-25 08:19:56,2020,12,25,4,4,970857.1428571428,958400.0,985933.3333333334,0.002059732234809486,0.00569492434378342
1608973058000,973000,2020-12-26 08:57:38,2020-12-26 08:57:38,2020,12,26,5,4,971285.7142857143,959066.6666666666,985566.6666666666,0.0,0.005451269167759142
1609051331000,973000,2020-12-27 06:42:11,2020-12-27 06:42:11,2020,12,27,6,4,971714.2857142857,959733.3333333334,985200.0,0.0,0.005451269167759142
1609145174000,977000,2020-12-28 08:46:14,2020-12-28 08:46:14,2020,12,28,0,4,971857.1428571428,960600.0,984877.7777777778,0.004110996916752319,0.005458955163544036
1609231798000,967000,2020-12-29 08:49:58,2020-12-29 08:49:58,2020,12,29,1,4,971428.5714285715,961433.3333333334,984355.5555555555,-0.010235414534288667,0.0055111104546085084
1609317271000,965000,2020-12-30 08:34:31,2020-12-30 08:34:31,2020,12,30,2,4,971285.7142857143,962200.0,983788.8888888889,-0.0020682523267838704,0.005535486435941793
1609576057000,969000,2021-01-02 08:27:37,2021-01-02 08:27:37,2021,1,2,5,1,971000.0,963100.0,983300.0,0.004145077720207224,0.00556598149914233
1609748886000,975000,2021-01-04 08:28:06,2021-01-04 08:28:06,2021,1,4,0,1,971285.7142857143,964333.3333333334,982855.5555555555,0.006191950464396356,0.005555721829302841
1609835352000,975000,2021-01-05 08:29:12,2021-01-05 08:29:12,2021,1,5,1,1,971571.4285714285,965100.0,982422.2222222222,0.0,0.00492666022443091
1609922300000,981000,2021-01-06 08:38:20,2021-01-06 08:38:20,2021,1,6,2,1,972714.2857142857,965900.0,982055.5555555555,0.006153846153846176,0.0049573656379370236
1610009094000,971000,2021-01-07 08:44:54,2021-01-07 08:44:54,2021,1,7,3,1,971857.1428571428,966233.3333333334,981566.6666666666,-0.010193679918450549,0.005305588809217328
1610094742000,969000,2021-01-08 08:32:22,2021-01-08 08:32:22,2021,1,8,4,1,972142.8571428572,966533.3333333334,981033.3333333334,-0.002059732234809486,0.005318105673969702
1610180148000,954000,2021-01-09 08:15:48,2021-01-09 08:15:48,2021,1,9,5,1,970571.4285714285,966333.3333333334,980533.3333333334,-0.015479876160990669,0.0060511583497492635
1610261620000,954000,2021-01-10 06:53:40,2021-01-10 06:53:40,2021,1,10,6,1,968428.5714285715,966166.6666666666,979977.7777777778,0.0,0.006049098401366307
1610353821000,952000,2021-01-11 08:30:21,2021-01-11 08:30:21,2021,1,11,0,1,965142.8571428572,965700.0,979366.6666666666,-0.002096436058700246,0.005890928987484889
1610439538000,957000,2021-01-12 08:18:58,2021-01-12 08:18:58,2021,1,12,1,1,962571.4285714285,965733.3333333334,978677.7777777778,0.005252100840336116,0.005673142013206513
1610526188000,965000,2021-01-13 08:23:08,2021-01-13 08:23:08,2021,1,13,2,1,960285.7142857143,966100.0,978077.7777777778,0.008359456635318674,0.005855030233751536
1610612498000,955000,2021-01-14 08:21:38,2021-01-14 08:21:38,2021,1,14,3,1,958000.0,966133.3333333334,977388.8888888889,-0.010362694300518172,0.0061762384502645614
1610700198000,956000,2021-01-15 08:43:18,2021-01-15 08:43:18,2021,1,15,4,1,956142.8571428572,966200.0,976733.3333333334,0.0010471204188482464,0.006178884498982979
1610785307000,948000,2021-01-16 08:21:47,2021-01-16 08:21:47,2021,1,16,5,1,955285.7142857143,966066.6666666666,976077.7777777778,-0.008368200836820106,0.006358833227525269
1610877489000,948000,2021-01-17 09:58:09,2021-01-17 09:58:09,2021,1,17,6,1,954428.5714285715,965966.6666666666,975400.0,0.0,0.006356429165981966
1610958058000,944000,2021-01-18 08:20:58,2021-01-18 08:20:58,2021,1,18,0,1,953285.7142857143,965366.6666666666,974655.5555555555,-0.00421940928270037,0.006002071509741397
1611044095000,952000,2021-01-19 08:14:55,2021-01-19 08:14:55,2021,1,19,1,1,952571.4285714285,964933.3333333334,974033.3333333334,0.008474576271186418,0.006193470926270374
1611131120000,954000,2021-01-20 08:25:20,2021-01-20 08:25:20,2021,1,20,2,1,951000.0,964333.3333333334,973433.3333333334,0.0021008403361344463,0.006042539338717793
1611217933000,963000,2021-01-21 08:32:13,2021-01-21 08:32:13,2021,1,21,3,1,952142.8571428572,964100.0,972933.3333333334,0.009433962264151052,0.0063057965661855375
1611304074000,961000,2021-01-22 08:27:54,2021-01-22 08:27:54,2021,1,22,4,1,952857.1428571428,963800.0,972411.1111111111,-0.0020768431983385627,0.00631466794280441
1611391762000,957000,2021-01-23 08:49:22,2021-01-23 08:49:22,2021,1,23,5,1,954142.8571428572,963166.6666666666,971800.0,-0.004162330905306932,0.0062307374600753
1611563260000,958000,2021-01-25 08:27:40,2021-01-25 08:27:40,2021,1,25,0,1,955571.4285714285,962766.6666666666,971211.1111111111,0.0010449320794148065,0.006149204363028062
1611649398000,958000,2021-01-26 08:23:18,2021-01-26 08:23:18,2021,1,26,1,1,957571.4285714285,962500.0,970666.6666666666,0.0,0.006108973799848797
1611736914000,956000,2021-01-27 08:41:54,2021-01-27 08:41:54,2021,1,27,2,1,958142.8571428572,962000.0,970088.8888888889,-0.0020876826722338038,0.006029560787436483
1611821491000,952000,2021-01-28 08:11:31,2021-01-28 08:11:31,2021,1,28,3,1,957857.1428571428,961300.0,969466.6666666666,-0.004184100418409997,0.006045854603492248
1611908129000,954000,2021-01-29 08:15:29,2021-01-29 08:15:29,2021,1,29,4,1,956571.4285714285,960666.6666666666,968877.7777777778,0.0021008403361344463,0.006066485531143854
1611995599000,954000,2021-01-30 08:33:19,2021-01-30 08:33:19,2021,1,30,5,1,955571.4285714285,960033.3333333334,968288.8888888889,0.0,0.006066485531143854
1612167553000,955000,2021-02-01 08:19:13,2021-02-01 08:19:13,2021,2,1,0,1,955285.7142857143,959300.0,967711.1111111111,0.0010482180293500676,0.006009288422951177
1612254910000,954000,2021-02-02 08:35:10,2021-02-02 08:35:10,2021,2,2,1,1,954714.2857142857,958866.6666666666,967255.5555555555,-0.0010471204188481353,0.005736686846496321
1612340883000,947000,2021-02-03 08:28:03,2021-02-03 08:28:03,2021,2,3,2,1,953142.8571428572,958266.6666666666,966755.5555555555,-0.007337526205450695,0.0058675858351451456
1612426920000,943000,2021-02-04 08:22:00,2021-02-04 08:22:00,2021,2,4,3,1,951285.7142857143,957400.0,966166.6666666666,-0.004223864836325197,0.005832519672655792
1612512903000,930000,2021-02-05 08:15:03,2021-02-05 08:15:03,2021,2,5,4,1,948142.8571428572,955900.0,965433.3333333334,-0.01378579003181335,0.006129029596367861
1612600022000,940000,2021-02-06 08:27:02,2021-02-06 08:27:02,2021,2,6,5,1,946142.8571428572,954733.3333333334,964833.3333333334,0.010752688172043001,0.006524770218270282
1612773632000,940000,2021-02-08 08:40:32,2021-02-08 08:40:32,2021,2,8,0,1,944142.8571428572,953366.6666666666,964122.2222222222,0.0,0.0063808413586562505
1612860371000,943000,2021-02-09 08:46:11,2021-02-09 08:46:11,2021,2,9,1,1,942428.5714285715,952433.3333333334,963444.4444444445,0.0031914893617022155,0.006210621574288662
1612945947000,945000,2021-02-10 08:32:27,2021-02-10 08:32:27,2021,2,10,2,1,941142.8571428572,951633.3333333334,962833.3333333334,0.0021208907741250282,0.006231872290473465
1613031789000,945000,2021-02-11 08:23:09,2021-02-11 08:23:09,2021,2,11,3,1,940857.1428571428,951333.3333333334,962122.2222222222,0.0,0.005582995509000207
1613206366000,940000,2021-02-13 08:52:46,2021-02-13 08:52:46,2021,2,13,5,1,940428.5714285715,950866.6666666666,961411.1111111111,-0.005291005291005346,0.005656255387855669
1613378575000,940000,2021-02-15 08:42:55,2021-02-15 08:42:55,2021,2,15,0,1,941857.1428571428,950466.6666666666,960700.0,0.0,0.005648505456279654
1613464545000,935000,2021-02-16 08:35:45,2021-02-16 08:35:45,2021,2,16,1,1,941142.8571428572,949733.3333333334,959911.1111111111,-0.005319148936170248,0.005612900417085503
1613550215000,922000,2021-02-17 08:23:35,2021-02-17 08:23:35,2021,2,17,2,1,938571.4285714285,948300.0,959355.5555555555,-0.013903743315508033,0.00583308196430346
1613637820000,925000,2021-02-18 08:43:40,2021-02-18 08:43:40,2021,2,18,3,1,936000.0,947300.0,958855.5555555555,0.0032537960954446277,0.005646605251688505
1613723283000,923000,2021-02-19 08:28:03,2021-02-19 08:28:03,2021,2,19,4,1,932857.1428571428,946200.0,958355.5555555555,-0.00216216216216214,0.005635935929101942
1613810253000,930000,2021-02-20 08:37:33,2021-02-20 08:37:33,2021,2,20,5,1,930714.2857142857,945600.0,957822.2222222222,0.007583965330444142,0.005684227382012941
1613890766000,930000,2021-02-21 06:59:26,2021-02-21 06:59:26,2021,2,21,6,1,929285.7142857143,945000.0,957211.1111111111,0.0,0.005684227382012941
1613983134000,930000,2021-02-22 08:38:54,2021-02-22 08:38:54,2021,2,22,0,1,927857.1428571428,944533.3333333334,956600.0,0.0,0.005644235945884838
1614069274000,938000,2021-02-23 08:34:34,2021-02-23 08:34:34,2021,2,23,1,1,928285.7142857143,944066.6666666666,956077.7777777778,0.008602150537634357,0.0056512607734099255
1614156439000,938000,2021-02-24 08:47:19,2021-02-24 08:47:19,2021,2,24,2,1,930571.4285714285,943533.3333333334,955611.1111111111,0.0,0.005631180416647842
1614241331000,934000,2021-02-25 08:22:11,2021-02-25 08:22:11,2021,2,25,3,1,931857.1428571428,942566.6666666666,955155.5555555555,-0.004264392324093813,0.005341784238126198
1614327764000,922000,2021-02-26 08:22:44,2021-02-26 08:22:44,2021,2,26,4,1,931714.2857142857,941266.6666666666,954588.8888888889,-0.012847965738758016,0.005761786124829557
1614415176000,917000,2021-02-27 08:39:36,2021-02-27 08:39:36,2021,2,27,5,1,929857.1428571428,939933.3333333334,953966.6666666666,-0.005422993492407824,0.0057874393640526866
1614496418000,917000,2021-02-28 07:13:38,2021-02-28 07:13:38,2021,2,28,6,1,928000.0,938566.6666666666,953300.0,0.0,0.005775312058946684
1614587357000,923000,2021-03-01 08:29:17,2021-03-01 08:29:17,2021,3,1,0,1,927000.0,937400.0,952700.0,0.0065430752453652374,0.0059524313009120325
1614674049000,923000,2021-03-02 08:34:09,2021-03-02 08:34:09,2021,3,2,1,1,924857.1428571428,936300.0,952100.0,0.0,0.005954173114911416
1614759419000,928000,2021-03-03 08:16:59,2021-03-03 08:16:59,2021,3,3,2,1,923428.5714285715,935500.0,951733.3333333334,0.005417118093174356,0.006043009574668722
1614847014000,923000,2021-03-04 08:36:54,2021-03-04 08:36:54,2021,3,4,3,1,921857.1428571428,934466.6666666666,951400.0,-0.0053879310344827624,0.006072239901754788
1614932882000,918000,2021-03-05 08:28:02,2021-03-05 08:28:02,2021,3,5,4,1,921285.7142857143,933266.6666666666,951011.1111111111,-0.005417118093174467,0.0061192963986600206
1615020192000,923000,2021-03-06 08:43:12,2021-03-06 08:43:12,2021,3,6,5,1,922142.8571428572,932200.0,950700.0,0.005446623093681824,0.0062283071062643885
1615106711000,923000,2021-03-07 08:45:11,2021-03-07 08:45:11,2021,3,7,6,1,923000.0,931166.6666666666,950488.8888888889,0.0,0.0062316432761310185
1615191862000,924000,2021-03-08 08:24:22,2021-03-08 08:24:22,2021,3,8,0,1,923142.8571428572,930400.0,950288.8888888889,0.0010834236186347823,0.0061289507629675305
1615278708000,915000,2021-03-09 08:31:48,2021-03-09 08:31:48,2021,3,9,1,1,922000.0,929466.6666666666,949988.8888888889,-0.009740259740259716,0.006315107131341362
1615365259000,930000,2021-03-10 08:34:19,2021-03-10 08:34:19,2021,3,10,2,1,922285.7142857143,929466.6666666666,949900.0,0.016393442622950838,0.006602825461199094
1615450881000,930000,2021-03-11 08:21:21,2021-03-11 08:21:21,2021,3,11,3,1,923285.7142857143,929133.3333333334,949655.5555555555,0.0,0.006284355261807783
1615537420000,929000,2021-03-12 08:23:40,2021-03-12 08:23:40,2021,3,12,4,1,924857.1428571428,928766.6666666666,949344.4444444445,-0.0010752688172043223,0.006285431080354958
1615623552000,926000,2021-03-13 08:19:12,2021-03-13 08:19:12,2021,3,13,5,1,925285.7142857143,928200.0,948955.5555555555,-0.0032292787944026013,0.006269159964319096
1615795569000,924000,2021-03-15 08:06:09,2021-03-15 08:06:09,2021,3,15,0,1,925428.5714285715,927500.0,948555.5555555555,-0.002159827213822907,0.006254093810493149
1615883814000,927000,2021-03-16 08:36:54,2021-03-16 08:36:54,2021,3,16,1,1,925857.1428571428,926900.0,948188.8888888889,0.0032467532467532756,0.0062951178056681045
1615969652000,927000,2021-03-17 08:27:32,2021-03-17 08:27:32,2021,3,17,2,1,927571.4285714285,926466.6666666666,947833.3333333334,0.0,0.006233606332371655
1616057992000,935000,2021-03-18 08:59:52,2021-03-18 08:59:52,2021,3,18,3,1,928285.7142857143,926300.0,947488.8888888889,0.008629989212513456,0.006450228654449197
1616141627000,925000,2021-03-19 08:13:47,2021-03-19 08:13:47,2021,3,19,4,1,927571.4285714285,925966.6666666666,947144.4444444445,-0.010695187165775444,0.006669521970089983
1616229869000,934000,2021-03-20 08:44:29,2021-03-20 08:44:29,2021,3,20,5,1,928285.7142857143,926366.6666666666,946922.2222222222,0.00972972972972963,0.0064021845205616944
1616317129000,934000,2021-03-21 08:58:49,2021-03-21 08:58:49,2021,3,21,6,1,929428.5714285715,926666.6666666666,946700.0,0.0,0.006380588445473629
1616402092000,931000,2021-03-22 08:34:52,2021-03-22 08:34:52,2021,3,22,0,1,930428.5714285715,926933.3333333334,946444.4444444445,-0.0032119914346895317,0.006397654794480884
1616487448000,929000,2021-03-23 08:17:28,2021-03-23 08:17:28,2021,3,23,1,1,930714.2857142857,926900.0,946188.8888888889,-0.002148227712137518,0.006261253240607444
1616573566000,921000,2021-03-24 08:12:46,2021-03-24 08:12:46,2021,3,24,2,1,929857.1428571428,926600.0,945855.5555555555,-0.008611410118406937,0.006454851847910038
1616661461000,924000,2021-03-25 08:37:41,2021-03-25 08:37:41,2021,3,25,3,1,928285.7142857143,926400.0,945433.3333333334,0.0032573289902280145,0.0064874550973202496
1616746840000,921000,2021-03-26 08:20:40,2021-03-26 08:20:40,2021,3,26,4,1,927714.2857142857,925833.3333333334,944944.4444444445,-0.0032467532467532756,0.006291096448086789
1616834822000,922000,2021-03-27 08:47:02,2021-03-27 08:47:02,2021,3,27,5,1,926000.0,925300.0,944388.8888888889,0.0010857763300760048,0.00629772968220906
1616917495000,922000,2021-03-28 07:44:55,2021-03-28 07:44:55,2021,3,28,6,1,924285.7142857143,924900.0,943855.5555555555,0.0,0.006259106005254721
1617006433000,921000,2021-03-29 08:27:13,2021-03-29 08:27:13,2021,3,29,0,1,922857.1428571428,924866.6666666666,943311.1111111111,-0.0010845986984815426,0.0058051795050568554
1617093909000,911000,2021-03-30 08:45:09,2021-03-30 08:45:09,2021,3,30,1,1,920285.7142857143,924666.6666666666,942588.8888888889,-0.010857763300760048,0.006058861437392115
1617178980000,903000,2021-03-31 08:23:00,2021-03-31 08:23:00,2021,3,31,2,1,917714.2857142857,924200.0,941844.4444444445,-0.008781558726673966,0.006257679249410447
1617265609000,913000,2021-04-01 08:26:49,2021-04-01 08:26:49,2021,4,1,3,2,916142.8571428572,923866.6666666666,941255.5555555555,0.011074197120708673,0.006483970918747427
1617352189000,922000,2021-04-02 08:29:49,2021-04-02 08:29:49,2021,4,2,4,2,916285.7142857143,923833.3333333334,940711.1111111111,0.009857612267250904,0.006746405193811502
1617438392000,922000,2021-04-03 08:26:32,2021-04-03 08:26:32,2021,4,3,5,2,916285.7142857143,923633.3333333334,940144.4444444445,0.0,0.006668062370375899
1617517960000,922000,2021-04-04 06:32:40,2021-04-04 06:32:40,2021,4,4,6,2,916285.7142857143,923600.0,939577.7777777778,0.0,0.006595530574336369
1617609664000,921000,2021-04-05 08:01:04,2021-04-05 08:01:04,2021,4,5,0,2,916285.7142857143,923700.0,939000.0,-0.0010845986984815426,0.006520171393764534
1617697296000,920000,2021-04-06 08:21:36,2021-04-06 08:21:36,2021,4,6,1,2,917571.4285714285,923600.0,938366.6666666666,-0.0010857763300760048,0.006445116096962477
1617784025000,924000,2021-04-07 08:27:05,2021-04-07 08:27:05,2021,4,7,2,2,920571.4285714285,923633.3333333334,937888.8888888889,0.004347826086956497,0.0064958579441103045
1617869993000,922000,2021-04-08 08:19:53,2021-04-08 08:19:53,2021,4,8,3,2,921857.1428571428,923566.6666666666,937411.1111111111,-0.0021645021645021467,0.00650521085366184
1617956812000,931000,2021-04-09 08:26:52,2021-04-09 08:26:52,2021,4,9,4,2,923142.8571428572,924100.0,936988.8888888889,0.009761388286334105,0.006478002564399463
1618044709000,927000,2021-04-10 08:51:49,2021-04-10 08:51:49,2021,4,10,5,2,923857.1428571428,924000.0,936455.5555555555,-0.004296455424274925,0.005804789028089571
1618128323000,927000,2021-04-11 08:05:23,2021-04-11 08:05:23,2021,4,11,6,2,924571.4285714285,923900.0,935922.2222222222,0.0,0.005804789028089571
1618215644000,926000,2021-04-12 08:20:44,2021-04-12 08:20:44,2021,4,12,0,2,925285.7142857143,923800.0,935311.1111111111,-0.0010787486515642097,0.005804809400555302
1618302516000,924000,2021-04-13 08:28:36,2021-04-13 08:28:36,2021,4,13,1,2,925857.1428571428,923733.3333333334,934788.8888888889,-0.002159827213822907,0.00578813538956206
1618390969000,930000,2021-04-14 09:02:49,2021-04-14 09:02:49,2021,4,14,2,2,926714.2857142857,923933.3333333334,934355.5555555555,0.006493506493506551,0.00589431292381569
1618474944000,925000,2021-04-15 08:22:24,2021-04-15 08:22:24,2021,4,15,3,2,927142.8571428572,923866.6666666666,934033.3333333334,-0.005376344086021501,0.005952225369466129
1618562118000,935000,2021-04-16 08:35:18,2021-04-16 08:35:18,2021,4,16,4,2,927714.2857142857,924133.3333333334,933822.2222222222,0.0108108108108107,0.00627420841991682
1618648837000,937000,2021-04-17 08:40:37,2021-04-17 08:40:37,2021,4,17,5,2,929142.8571428572,924200.0,933655.5555555555,0.002139037433155133,0.0060863474164519985
1618734762000,937000,2021-04-18 08:32:42,2021-04-18 08:32:42,2021,4,18,6,2,930571.4285714285,924600.0,933433.3333333334,0.0,0.0057360294268883165
1618821157000,939000,2021-04-19 08:32:37,2021-04-19 08:32:37,2021,4,19,0,2,932428.5714285715,924766.6666666666,933144.4444444445,0.002134471718249653,0.005473741702083435
1618907448000,933000,2021-04-20 08:30:48,2021-04-20 08:30:48,2021,4,20,1,2,933714.2857142857,924733.3333333334,932900.0,-0.006389776357827448,0.005604250996718875
1618994133000,932000,2021-04-21 08:35:33,2021-04-21 08:35:33,2021,4,21,2,2,934000.0,924766.6666666666,932633.3333333334,-0.001071811361200381,0.005575773962616107
1619080164000,940000,2021-04-22 08:29:24,2021-04-22 08:29:24,2021,4,22,3,2,936142.8571428572,925133.3333333334,932544.4444444445,0.008583690987124415,0.005770686666736373
1619165888000,935000,2021-04-23 08:18:08,2021-04-23 08:18:08,2021,4,23,4,2,936142.8571428572,925600.0,932400.0,-0.005319148936170248,0.005622643995181106
1619253770000,933000,2021-04-24 08:42:50,2021-04-24 08:42:50,2021,4,24,5,2,935571.4285714285,925900.0,932277.7777777778,-0.002139037433155133,0.005618312864061669
1619340492000,933000,2021-04-25 08:48:12,2021-04-25 08:48:12,2021,4,25,6,2,935000.0,926300.0,932066.6666666666,0.0,0.005577997530856059
1619425591000,933000,2021-04-26 08:26:31,2021-04-26 08:26:31,2021,4,26,0,2,934142.8571428572,926666.6666666666,931833.3333333334,0.0,0.005577229791094174
1619511742000,930000,2021-04-27 08:22:22,2021-04-27 08:22:22,2021,4,27,1,2,933714.2857142857,926933.3333333334,931466.6666666666,-0.003215434083601254,0.005616149773870501
1619598143000,926000,2021-04-28 08:22:23,2021-04-28 08:22:23,2021,4,28,2,2,932857.1428571428,927100.0,931077.7777777778,-0.004301075268817178,0.005673962815800974
1619684487000,931000,2021-04-29 08:21:27,2021-04-29 08:21:27,2021,4,29,3,2,931571.4285714285,927766.6666666666,930788.8888888889,0.005399568034557323,0.005348871735242434
1619770892000,922000,2021-04-30 08:21:32,2021-04-30 08:21:32,2021,4,30,4,2,929714.2857142857,928400.0,930388.8888888889,-0.009667024704618665,0.00540535725607841
1619857899000,921000,2021-05-01 08:31:39,2021-05-01 08:31:39,2021,5,1,5,2,928000.0,928666.6666666666,929977.7777777778,-0.0010845986984815426,0.005045162882195096
1619945245000,921000,2021-05-02 08:47:25,2021-05-02 08:47:25,2021,5,2,6,2,926285.7142857143,928633.3333333334,929588.8888888889,0.0,0.004711398366049799
1620029859000,921000,2021-05-03 08:17:39,2021-05-03 08:17:39,2021,5,3,0,2,924571.4285714285,928600.0,929244.4444444445,0.0,0.004711398366049799
1620116341000,930000,2021-05-04 08:19:01,2021-05-04 08:19:01,2021,5,4,1,2,924571.4285714285,928866.6666666666,928977.7777777778,0.009771986970684043,0.005039592424796874
1620203886000,922000,2021-05-05 08:38:06,2021-05-05 08:38:06,2021,5,5,2,2,924000.0,928900.0,928622.2222222222,-0.008602150537634357,0.005291433285066129
1620290519000,926000,2021-05-06 08:41:59,2021-05-06 08:41:59,2021,5,6,3,2,923285.7142857143,929100.0,928300.0,0.00433839479392617,0.005343709640823944
1620376920000,934000,2021-05-07 08:42:00,2021-05-07 08:42:00,2021,5,7,4,2,925000.0,929433.3333333334,928077.7777777778,0.008639308855291628,0.0055125049679287715
1620463091000,937000,2021-05-08 08:38:11,2021-05-08 08:38:11,2021,5,8,5,2,927285.7142857143,929933.3333333334,927966.6666666666,0.0032119914346895317,0.005514542534144696
1620635170000,937000,2021-05-10 08:26:10,2021-05-10 08:26:10,2021,5,10,0,2,929571.4285714285,930133.3333333334,927900.0,0.0,0.005233267929347169
1620722142000,933000,2021-05-11 08:35:42,2021-05-11 08:35:42,2021,5,11,1,2,931285.7142857143,930333.3333333334,927933.3333333334,-0.004268943436499417,0.005232450193441982
1621240832000,937000,2021-05-17 08:40:32,2021-05-17 08:40:32,2021,5,17,0,2,932285.7142857143,930666.6666666666,927900.0,0.004287245444801746,0.0052842896444936635
1621326977000,947000,2021-05-18 08:36:17,2021-05-18 08:36:17,2021,5,18,1,2,935857.1428571428,931366.6666666666,927977.7777777778,0.01067235859124871,0.00559924960686619
1621410868000,948000,2021-05-19 07:54:28,2021-05-19 07:54:28,2021,5,19,2,2,939000.0,932166.6666666666,928033.3333333334,0.001055966209081216,0.005572082779064168
1621496679000,947000,2021-05-20 07:44:39,2021-05-20 07:44:39,2021,5,20,3,2,940857.1428571428,932733.3333333334,928055.5555555555,-0.0010548523206751481,0.00547904650748778
1621583706000,957000,2021-05-21 07:55:06,2021-05-21 07:55:06,2021,5,21,4,2,943714.2857142857,933800.0,928188.8888888889,0.010559662090813049,0.005647710233051745
1621670702000,958000,2021-05-22 08:05:02,2021-05-22 08:05:02,2021,5,22,5,2,946714.2857142857,934566.6666666666,928388.8888888889,0.0010449320794148065,0.005344984422511884
1621755405000,958000,2021-05-23 07:36:45,2021-05-23 07:36:45,2021,5,23,6,2,950285.7142857143,935266.6666666666,928588.8888888889,0.0,0.00534110511406012
1621843092000,959000,2021-05-24 07:58:12,2021-05-24 07:58:12,2021,5,24,0,2,953428.5714285715,936000.0,928855.5555555555,0.0010438413361169019,0.0053394312897087765
1621929405000,955000,2021-05-25 07:56:45,2021-05-25 07:56:45,2021,5,25,1,2,954571.4285714285,936533.3333333334,929222.2222222222,-0.004171011470281538,0.0054082484474717585
1622102419000,962000,2021-05-27 08:00:19,2021-05-27 08:00:19,2021,5,27,3,2,956571.4285714285,937500.0,929633.3333333334,0.00732984293193728,0.005378767825721118
1622189646000,962000,2021-05-28 08:14:06,2021-05-28 08:14:06,2021,5,28,4,2,958714.2857142857,938500.0,930066.6666666666,0.0,0.005367841294276084
1622274827000,965000,2021-05-29 07:53:47,2021-05-29 07:53:47,2021,5,29,5,2,959857.1428571428,939333.3333333334,930455.5555555555,0.0031185031185030354,0.00519399102478405
1622367641000,965000,2021-05-30 09:40:41,2021-05-30 09:40:41,2021,5,30,6,2,960857.1428571428,940333.3333333334,930844.4444444445,0.0,0.005063942220020087
1622449146000,965000,2021-05-31 08:19:06,2021-05-31 08:19:06,2021,5,31,0,2,961857.1428571428,941400.0,931233.3333333334,0.0,0.005032223370543309
1622620425000,961000,2021-06-02 07:53:45,2021-06-02 07:53:45,2021,6,2,2,2,962142.8571428572,942333.3333333334,931488.8888888889,-0.004145077720207224,0.0051206456080251815
1622707348000,964000,2021-06-03 08:02:28,2021-06-03 08:02:28,2021,6,3,3,2,963428.5714285715,943366.6666666666,931777.7777777778,0.003121748178980255,0.005131356994418728
1622793511000,949000,2021-06-04 07:58:31,2021-06-04 07:58:31,2021,6,4,4,2,961571.4285714285,944000.0,931944.4444444445,-0.01556016597510368,0.00592342639887226
1622879910000,960000,2021-06-05 07:58:30,2021-06-05 07:58:30,2021,6,5,5,2,961285.7142857143,945133.3333333334,932366.6666666666,0.011591148577450028,0.006167168414956007
1622964875000,960000,2021-06-06 07:34:35,2021-06-06 07:34:35,2021,6,6,6,2,960571.4285714285,946100.0,932844.4444444445,0.0,0.0061196251566005555
1623053236000,959000,2021-06-07 08:07:16,2021-06-07 08:07:16,2021,6,7,0,2,959714.2857142857,947333.3333333334,933311.1111111111,-0.0010416666666667185,0.005793095110367706
1623139938000,960000,2021-06-08 08:12:18,2021-06-08 08:12:18,2021,6,8,1,2,959000.0,948633.3333333334,933722.2222222222,0.0010427528675704956,0.005775530542782756
1623225752000,957000,2021-06-09 08:02:32,2021-06-09 08:02:32,2021,6,9,2,2,958428.5714285715,949833.3333333334,934100.0,-0.0031250000000000444,0.005829570835034455
1623311509000,954000,2021-06-10 07:51:49,2021-06-10 07:51:49,2021,6,10,3,2,957000.0,950933.3333333334,934388.8888888889,-0.0031347962382445305,0.00588145464225735
1623398224000,957000,2021-06-11 07:57:04,2021-06-11 07:57:04,2021,6,11,4,2,958142.8571428572,951833.3333333334,934766.6666666666,0.003144654088050425,0.005668641414955769
1623485636000,948000,2021-06-12 08:13:56,2021-06-12 08:13:56,2021,6,12,5,2,956428.5714285715,952700.0,935100.0,-0.009404388714733591,0.005717039628812825
1623574337000,948000,2021-06-13 08:52:17,2021-06-13 08:52:17,2021,6,13,6,2,954714.2857142857,953433.3333333334,935377.7777777778,0.0,0.005682965291314284
1623656879000,945000,2021-06-14 07:47:59,2021-06-14 07:47:59,2021,6,14,0,2,952714.2857142857,953800.0,935622.2222222222,-0.0031645569620253333,0.005527898850346178
1623744111000,943000,2021-06-15 08:01:51,2021-06-15 08:01:51,2021,6,15,1,2,950285.7142857143,954000.0,935833.3333333334,-0.002116402116402072,0.005520200108516235
1623829857000,940000,2021-06-16 07:50:57,2021-06-16 07:50:57,2021,6,16,2,2,947857.1428571428,954100.0,936111.1111111111,-0.0031813361611876534,0.0055551680836112395
1623916480000,928000,2021-06-17 07:54:40,2021-06-17 07:54:40,2021,6,17,3,2,944142.8571428572,953933.3333333334,936088.8888888889,-0.012765957446808529,0.00598659565283348
1624003512000,920000,2021-06-18 08:05:12,2021-06-18 08:05:12,2021,6,18,4,2,938857.1428571428,953366.6666666666,935977.7777777778,-0.008620689655172376,0.0061182224224687765
1624089273000,920000,2021-06-19 07:54:33,2021-06-19 07:54:33,2021,6,19,5,2,934857.1428571428,952466.6666666666,935877.7777777778,0.0,0.005739201017823356
1624176796000,920000,2021-06-20 08:13:16,2021-06-20 08:13:16,2021,6,20,6,2,930857.1428571428,951533.3333333334,935811.1111111111,0.0,0.005729718592488946
1624261895000,923000,2021-06-21 07:51:35,2021-06-21 07:51:35,2021,6,21,0,2,927714.2857142857,950733.3333333334,935800.0,0.003260869565217428,0.005781792635562697
1624347977000,932000,2021-06-22 07:46:17,2021-06-22 07:46:17,2021,6,22,1,2,926142.8571428572,949900.0,935855.5555555555,0.009750812567713929,0.0057284447980494296
1624434813000,930000,2021-06-23 07:53:33,2021-06-23 07:53:33,2021,6,23,2,2,924714.2857142857,948966.6666666666,935888.8888888889,-0.0021459227467811592,0.00572135761711276
1624520945000,932000,2021-06-24 07:49:05,2021-06-24 07:49:05,2021,6,24,3,2,925285.7142857143,948100.0,935855.5555555555,0.0021505376344086446,0.005747374777952504
1624607799000,932000,2021-06-25 07:56:39,2021-06-25 07:56:39,2021,6,25,4,2,927000.0,947200.0,935933.3333333334,0.0,0.005738348915127482
1624694084000,934000,2021-06-26 07:54:44,2021-06-26 07:54:44,2021,6,26,5,2,929000.0,946500.0,935933.3333333334,0.0021459227467810482,0.005731425091634299
1624787666000,934000,2021-06-27 09:54:26,2021-06-27 09:54:26,2021,6,27,6,2,931000.0,945566.6666666666,935933.3333333334,0.0,0.0055288660186430345
1624866828000,933000,2021-06-28 07:53:48,2021-06-28 07:53:48,2021,6,28,0,2,932428.5714285715,944600.0,935955.5555555555,-0.0010706638115631772,0.005525848178783884
1624953362000,932000,2021-06-29 07:56:02,2021-06-29 07:56:02,2021,6,29,1,2,932428.5714285715,943500.0,935988.8888888889,-0.001071811361200381,0.005470708616361715
1625039515000,927000,2021-06-30 07:51:55,2021-06-30 07:51:55,2021,6,30,2,2,932000.0,942233.3333333334,936055.5555555555,-0.005364806866952843,0.005519466752644539
1625126469000,932000,2021-07-01 08:01:09,2021-07-01 08:01:09,2021,7,1,3,3,932000.0,941133.3333333334,936144.4444444445,0.005393743257820827,0.005650360886713684
1625212655000,935000,2021-07-02 07:57:35,2021-07-02 07:57:35,2021,7,2,4,3,932428.5714285715,940266.6666666666,936300.0,0.0032188841201716833,0.0056753765378315885
1625299688000,942000,2021-07-03 08:08:08,2021-07-03 08:08:08,2021,7,3,5,3,933571.4285714285,939533.3333333334,936522.2222222222,0.007486631016042855,0.0058356742317841786
1625388465000,942000,2021-07-04 08:47:45,2021-07-04 08:47:45,2021,7,4,6,3,934714.2857142857,939300.0,936744.4444444445,0.0,0.005122074791865104
1625470954000,941000,2021-07-05 07:42:34,2021-07-05 07:42:34,2021,7,5,0,3,935857.1428571428,938666.6666666666,936966.6666666666,-0.0010615711252653925,0.004610133105295253
1625557881000,939000,2021-07-06 07:51:21,2021-07-06 07:51:21,2021,7,6,1,3,936857.1428571428,937966.6666666666,937277.7777777778,-0.002125398512221044,0.004616034464285536
1625643693000,940000,2021-07-07 07:41:33,2021-07-07 07:41:33,2021,7,7,2,3,938714.2857142857,937333.3333333334,937688.8888888889,0.0010649627263046302,0.004627087618073007
1625730966000,945000,2021-07-08 07:56:06,2021-07-08 07:56:06,2021,7,8,3,3,940571.4285714285,936833.3333333334,938044.4444444445,0.005319148936170137,0.004745593857046927
1625817513000,947000,2021-07-09 07:58:33,2021-07-09 07:58:33,2021,7,9,4,3,942285.7142857143,936500.0,938322.2222222222,0.002116402116402183,0.004742631746583814
1625903626000,950000,2021-07-10 07:53:46,2021-07-10 07:53:46,2021,7,10,5,3,943428.5714285715,936366.6666666666,938633.3333333334,0.0031678986272438703,0.004754106242498968
1626077165000,950000,2021-07-12 08:06:05,2021-07-12 08:06:05,2021,7,12,0,3,944571.4285714285,936133.3333333334,938944.4444444445,0.0,0.004713933211935664
1626162865000,946000,2021-07-13 07:54:25,2021-07-13 07:54:25,2021,7,13,1,3,945285.7142857143,936066.6666666666,939222.2222222222,-0.004210526315789442,0.004453710385888867
1626249693000,945000,2021-07-14 08:01:33,2021-07-14 08:01:33,2021,7,14,2,3,946142.8571428572,935966.6666666666,939500.0,-0.0010570824524313016,0.004457392915447837
1626338392000,953000,2021-07-15 08:39:52,2021-07-15 08:39:52,2021,7,15,3,3,948000.0,936233.3333333334,939822.2222222222,0.00846560846560851,0.004681435492547048
1626421873000,956000,2021-07-16 07:51:13,2021-07-16 07:51:13,2021,7,16,4,3,949571.4285714285,936666.6666666666,940200.0,0.0031479538300105414,0.004686721417056773
1626509543000,949000,2021-07-17 08:12:23,2021-07-17 08:12:23,2021,7,17,5,3,949857.1428571428,936966.6666666666,940400.0,-0.007322175732217606,0.004855802494200239
1626681854000,950000,2021-07-19 08:04:14,2021-07-19 08:04:14,2021,7,19,0,3,949857.1428571428,937700.0,940655.5555555555,0.0010537407797681642,0.0041790296255502036
1626854312000,947000,2021-07-21 07:58:32,2021-07-21 07:58:32,2021,7,21,2,3,949428.5714285715,938600.0,940877.7777777778,-0.0031578947368421373,0.0038618254050014032
1626940458000,946000,2021-07-22 07:54:18,2021-07-22 07:54:18,2021,7,22,3,3,949428.5714285715,939466.6666666666,941100.0,-0.001055966209081327,0.0038757759131225304
1627027131000,946000,2021-07-23 07:58:51,2021-07-23 07:58:51,2021,7,23,4,3,949571.4285714285,940333.3333333334,941344.4444444445,0.0,0.0038757759131225304
1627112506000,943000,2021-07-24 07:41:46,2021-07-24 07:41:46,2021,7,24,5,3,948142.8571428572,941000.0,941488.8888888889,-0.003171247357293905,0.003920420433352888
1627285440000,942000,2021-07-26 07:44:00,2021-07-26 07:44:00,2021,7,26,0,3,946142.8571428572,941333.3333333334,941677.7777777778,-0.0010604453870625141,0.0035403482917220376
1627372321000,940000,2021-07-27 07:52:01,2021-07-27 07:52:01,2021,7,27,1,3,944857.1428571428,941666.6666666666,941733.3333333334,-0.002123142250530785,0.003539794262340487
1627458539000,940000,2021-07-28 07:48:59,2021-07-28 07:48:59,2021,7,28,2,3,943428.5714285715,941933.3333333334,941766.6666666666,0.0,0.0035240790296424862
1627545330000,945000,2021-07-29 07:55:30,2021-07-29 07:55:30,2021,7,29,3,3,943142.8571428572,942366.6666666666,941855.5555555555,0.005319148936170137,0.0036408127043842504
1627631292000,953000,2021-07-30 07:48:12,2021-07-30 07:48:12,2021,7,30,4,3,944142.8571428572,943000.0,942011.1111111111,0.00846560846560851,0.003913821448389969
1627718359000,948000,2021-07-31 07:59:19,2021-07-31 07:59:19,2021,7,31,5,3,944428.5714285715,943466.6666666666,942177.7777777778,-0.005246589716684125,0.004059704922418926
1627890584000,948000,2021-08-02 07:49:44,2021-08-02 07:49:44,2021,8,2,0,3,945142.8571428572,943966.6666666666,942355.5555555555,0.0,0.004050079299402055
1627977680000,948000,2021-08-03 08:01:20,2021-08-03 08:01:20,2021,8,3,1,3,946000.0,944500.0,942444.4444444445,0.0,0.004040088497439795
1628063389000,943000,2021-08-04 07:49:49,2021-08-04 07:49:49,2021,8,4,2,3,946428.5714285715,945033.3333333334,942533.3333333334,-0.0052742616033755185,0.004035529028164918
1628150771000,941000,2021-08-05 08:06:11,2021-08-05 08:06:11,2021,8,5,3,3,946571.4285714285,945333.3333333334,942622.2222222222,-0.0021208907741251393,0.0039588241625517885
1628237143000,939000,2021-08-06 08:05:43,2021-08-06 08:05:43,2021,8,6,4,3,945714.2857142857,945466.6666666666,942688.8888888889,-0.002125398512221044,0.0039444673289379594
1628323611000,931000,2021-08-07 08:06:51,2021-08-07 08:06:51,2021,8,7,5,3,942571.4285714285,945100.0,942666.6666666666,-0.008519701810436597,0.003999989150873122
1628496180000,921000,2021-08-09 08:03:00,2021-08-09 08:03:00,2021,8,9,0,3,938714.2857142857,944400.0,942566.6666666666,-0.01074113856068748,0.004422826638283987
1628582194000,925000,2021-08-10 07:56:34,2021-08-10 07:56:34,2021,8,10,1,3,935428.5714285715,943866.6666666666,942555.5555555555,0.004343105320304019,0.004518393129120106
1628754723000,932000,2021-08-12 07:52:03,2021-08-12 07:52:03,2021,8,12,3,3,933142.8571428572,943633.3333333334,942566.6666666666,0.00756756756756749,0.004743658971993641
1628840506000,932000,2021-08-13 07:41:46,2021-08-13 07:41:46,2021,8,13,4,3,931571.4285714285,943366.6666666666,942677.7777777778,0.0,0.004737549027103321
1628927418000,942000,2021-08-14 07:50:18,2021-08-14 07:50:18,2021,8,14,5,3,931714.2857142857,943266.6666666666,942911.1111111111,0.010729613733905685,0.005050460144130518
1629100600000,942000,2021-08-16 07:56:40,2021-08-16 07:56:40,2021,8,16,0,3,932142.8571428572,943100.0,943144.4444444445,0.0,0.005033276758197981
1629273828000,946000,2021-08-18 08:03:48,2021-08-18 08:03:48,2021,8,18,2,3,934285.7142857143,942966.6666666666,943422.2222222222,0.00424628450106157,0.005061664973188108
1629359893000,947000,2021-08-19 07:58:13,2021-08-19 07:58:13,2021,8,19,3,3,938000.0,942866.6666666666,943611.1111111111,0.0010570824524311906,0.005066265908736698
1629446121000,946000,2021-08-20 07:55:21,2021-08-20 07:55:21,2021,8,20,4,3,941000.0,942866.6666666666,943877.7777777778,-0.001055966209081327,0.005010286616139022
1629532251000,948000,2021-08-21 07:50:51,2021-08-21 07:50:51,2021,8,21,5,3,943285.7142857143,942966.6666666666,944122.2222222222,0.0021141649048626032,0.005020393974880833
1629705685000,946000,2021-08-23 08:01:25,2021-08-23 08:01:25,2021,8,23,0,3,945285.7142857143,942733.3333333334,944255.5555555555,-0.002109704641350185,0.004779536206483915
1629791804000,953000,2021-08-24 07:56:44,2021-08-24 07:56:44,2021,8,24,1,3,946857.1428571428,942633.3333333334,944433.3333333334,0.007399577167019,0.00494351581561539
1629877981000,950000,2021-08-25 07:53:01,2021-08-25 07:53:01,2021,8,25,2,3,948000.0,942666.6666666666,944577.7777777778,-0.0031479538300105414,0.004789365682117859
1629964154000,942000,2021-08-26 07:49:14,2021-08-26 07:49:14,2021,8,26,3,3,947428.5714285715,942400.0,944677.7777777778,-0.008421052631578996,0.00502713075864094
1630051650000,942000,2021-08-27 08:07:30,2021-08-27 08:07:30,2021,8,27,4,3,946714.2857142857,942233.3333333334,944733.3333333334,0.0,0.004997542661151591
1630138829000,951000,2021-08-28 08:20:29,2021-08-28 08:20:29,2021,8,28,5,3,947428.5714285715,942400.0,944777.7777777778,0.009554140127388644,0.005298632580999795
1630233859000,951000,2021-08-29 10:44:19,2021-08-29 10:44:19,2021,8,29,6,3,947857.1428571428,942566.6666666666,944811.1111111111,0.0,0.005298632580999795
1630309974000,951000,2021-08-30 07:52:54,2021-08-30 07:52:54,2021,8,30,0,3,948571.4285714285,942833.3333333334,944855.5555555555,0.0,0.005260775742215845
1630396654000,944000,2021-08-31 07:57:34,2021-08-31 07:57:34,2021,8,31,1,3,947285.7142857143,942900.0,944711.1111111111,-0.007360672975814886,0.005439466573930771
1630483855000,941000,2021-09-01 08:10:55,2021-09-01 08:10:55,2021,9,1,2,3,946000.0,942933.3333333334,944522.2222222222,-0.0031779661016949623,0.005457611123589878
1630569334000,939000,2021-09-02 07:55:34,2021-09-02 07:55:34,2021,9,2,3,3,945571.4285714285,942900.0,944311.1111111111,-0.002125398512221044,0.005472056375888335
1630655422000,937000,2021-09-03 07:50:22,2021-09-03 07:50:22,2021,9,3,4,3,944857.1428571428,942633.3333333334,944066.6666666666,-0.0021299254526091493,0.005389770581530279
1630742957000,943000,2021-09-04 08:09:17,2021-09-04 08:09:17,2021,9,4,5,3,943714.2857142857,942300.0,943933.3333333334,0.006403415154749181,0.005286690712695973
1630831578000,943000,2021-09-05 08:46:18,2021-09-05 08:46:18,2021,9,5,6,3,942571.4285714285,942133.3333333334,943722.2222222222,0.0,0.005204861389804881
1630915285000,942000,2021-09-06 08:01:25,2021-09-06 08:01:25,2021,9,6,0,3,941285.7142857143,941933.3333333334,943500.0,-0.0010604453870625141,0.005207315397254947
1631001202000,940000,2021-09-07 07:53:22,2021-09-07 07:53:22,2021,9,7,1,3,940714.2857142857,941666.6666666666,943222.2222222222,-0.002123142250530785,0.005218938949704842
1631088501000,928000,2021-09-08 08:08:21,2021-09-08 08:08:21,2021,9,8,2,3,938857.1428571428,941166.6666666666,942811.1111111111,-0.012765957446808529,0.005629750135900652
1631174606000,930000,2021-09-09 08:03:26,2021-09-09 08:03:26,2021,9,9,3,3,937571.4285714285,940800.0,942422.2222222222,0.0021551724137931494,0.005641912944423497
1631261110000,934000,2021-09-10 08:05:10,2021-09-10 08:05:10,2021,9,10,4,3,937142.8571428572,940633.3333333334,942122.2222222222,0.004301075268817289,0.005694971712056557
1631347724000,929000,2021-09-11 08:08:44,2021-09-11 08:08:44,2021,9,11,5,3,935142.8571428572,940566.6666666666,941733.3333333334,-0.005353319057815886,0.005562542361485352
1631433181000,929000,2021-09-12 07:53:01,2021-09-12 07:53:01,2021,9,12,6,3,933142.8571428572,940833.3333333334,941511.1111111111,0.0,0.00518391084797589
1631520237000,929000,2021-09-13 08:03:57,2021-09-13 08:03:57,2021,9,13,0,3,931285.7142857143,940966.6666666666,941166.6666666666,0.0,0.005127481935618804
1631606460000,932000,2021-09-14 08:01:00,2021-09-14 08:01:00,2021,9,14,1,3,930142.8571428572,940966.6666666666,940855.5555555555,0.0032292787944026013,0.004970021186471265
1631695059000,936000,2021-09-15 08:37:39,2021-09-15 08:37:39,2021,9,15,2,3,931285.7142857143,941100.0,940600.0,0.0042918454935623185,0.005031060864175824
1631781460000,932000,2021-09-16 08:37:40,2021-09-16 08:37:40,2021,9,16,3,3,931571.4285714285,940766.6666666666,940288.8888888889,-0.004273504273504258,0.004676875802342369
1631867246000,918000,2021-09-17 08:27:26,2021-09-17 08:27:26,2021,9,17,4,3,929285.7142857143,939966.6666666666,939855.5555555555,-0.015021459227467782,0.005388611330226614
1631952339000,918000,2021-09-18 08:05:39,2021-09-18 08:05:39,2021,9,18,5,3,927714.2857142857,939033.3333333334,939455.5555555555,0.0,0.005305370505345876
1632034585000,918000,2021-09-19 06:56:25,2021-09-19 06:56:25,2021,9,19,6,3,926142.8571428572,938066.6666666666,939022.2222222222,0.0,0.005294823832371199
1632125194000,917000,2021-09-20 08:06:34,2021-09-20 08:06:34,2021,9,20,0,3,924428.5714285715,937100.0,938677.7777777778,-0.0010893246187363426,0.0052948345853010975
1632211564000,922000,2021-09-21 08:06:04,2021-09-21 08:06:04,2021,9,21,1,3,923000.0,936233.3333333334,938388.8888888889,0.005452562704471031,0.0053971488195779386
1632297377000,926000,2021-09-22 07:56:17,2021-09-22 07:56:17,2021,9,22,2,3,921571.4285714285,935566.6666666666,938177.7777777778,0.00433839479392617,0.005475648118215877
1632384537000,924000,2021-09-23 08:08:57,2021-09-23 08:08:57,2021,9,23,3,3,920428.5714285715,934600.0,937966.6666666666,-0.002159827213822907,0.0052621905507916865
1632470998000,917000,2021-09-24 08:09:58,2021-09-24 08:09:58,2021,9,24,4,3,920285.7142857143,933500.0,937711.1111111111,-0.007575757575757569,0.005384714349474571
1632556980000,918000,2021-09-25 08:03:00,2021-09-25 08:03:00,2021,9,25,5,3,920285.7142857143,932700.0,937600.0,0.0010905125408942062,0.005220174739720948
1632637933000,918000,2021-09-26 06:32:13,2021-09-26 06:32:13,2021,9,26,6,3,920285.7142857143,931900.0,937577.7777777778,0.0,0.005220174739720948
1632730311000,918000,2021-09-27 08:11:51,2021-09-27 08:11:51,2021,9,27,0,3,920428.5714285715,930800.0,937555.5555555555,0.0,0.004841464778731987
1632816720000,918000,2021-09-28 08:12:00,2021-09-28 08:12:00,2021,9,28,1,3,919857.1428571428,929700.0,937533.3333333334,0.0,0.004841464778731987
1632902085000,913000,2021-09-29 07:54:45,2021-09-29 07:54:45,2021,9,29,2,3,918000.0,928433.3333333334,937422.2222222222,-0.005446623093681935,0.0048980582225346325
1632989825000,913000,2021-09-30 08:17:05,2021-09-30 08:17:05,2021,9,30,3,3,916428.5714285715,927400.0,937211.1111111111,0.0,0.00476907435162313
1633075544000,922000,2021-10-01 08:05:44,2021-10-01 08:05:44,2021,10,1,4,4,917142.8571428572,926766.6666666666,937122.2222222222,0.009857612267250904,0.00515183345819795
1633162708000,923000,2021-10-02 08:18:28,2021-10-02 08:18:28,2021,10,2,5,4,917857.1428571428,926233.3333333334,937022.2222222222,0.0010845986984815426,0.0051538296580052444
1633245664000,923000,2021-10-03 07:21:04,2021-10-03 07:21:04,2021,10,3,6,4,918571.4285714285,925766.6666666666,936922.2222222222,0.0,0.005146119471833817
1633334915000,924000,2021-10-04 08:08:35,2021-10-04 08:08:35,2021,10,4,0,4,919428.5714285715,925133.3333333334,936811.1111111111,0.0010834236186347823,0.00498971132328543
1633420718000,922000,2021-10-05 07:58:38,2021-10-05 07:58:38,2021,10,5,1,4,920000.0,924433.3333333334,936677.7777777778,-0.0021645021645021467,0.004995392472429433
1633507227000,917000,2021-10-06 08:00:27,2021-10-06 08:00:27,2021,10,6,2,4,920571.4285714285,923600.0,936500.0,-0.005422993492407824,0.005068062616107276
1633593872000,918000,2021-10-07 08:04:32,2021-10-07 08:04:32,2021,10,7,3,4,921285.7142857143,922866.6666666666,936344.4444444445,0.0010905125408942062,0.005074920577946661
1633681271000,914000,2021-10-08 08:21:11,2021-10-08 08:21:11,2021,10,8,4,4,920142.8571428572,922400.0,936200.0,-0.004357298474945481,0.004599886661934644
1633766763000,914000,2021-10-09 08:06:03,2021-10-09 08:06:03,2021,10,9,5,4,918857.1428571428,921866.6666666666,936000.0,0.0,0.004573804176908315
1633854306000,914000,2021-10-10 08:25:06,2021-10-10 08:25:06,2021,10,10,6,4,917571.4285714285,921200.0,935766.6666666666,0.0,0.004482408408349722
1633939547000,914000,2021-10-11 08:05:47,2021-10-11 08:05:47,2021,10,11,0,4,916142.8571428572,920700.0,935455.5555555555,0.0,0.004396990974678568
1634025371000,912000,2021-10-12 07:56:11,2021-10-12 07:56:11,2021,10,12,1,4,914714.2857142857,920133.3333333334,935122.2222222222,-0.002188183807439792,0.004405983106868423
1634111780000,916000,2021-10-13 07:56:20,2021-10-13 07:56:20,2021,10,13,2,4,914571.4285714285,919700.0,934844.4444444445,0.004385964912280604,0.004498579836921815
1634198767000,928000,2021-10-14 08:06:07,2021-10-14 08:06:07,2021,10,14,3,4,916000.0,919566.6666666666,934722.2222222222,0.013100436681222627,0.005098690249723359
1634285152000,926000,2021-10-15 08:05:52,2021-10-15 08:05:52,2021,10,15,4,4,917714.2857142857,919233.3333333334,934566.6666666666,-0.0021551724137931494,0.005041399695770495
1634371506000,914000,2021-10-16 08:05:06,2021-10-16 08:05:06,2021,10,16,5,4,917714.2857142857,918633.3333333334,934222.2222222222,-0.01295896328293733,0.005503002385768168
1634457234000,914000,2021-10-17 07:53:54,2021-10-17 07:53:54,2021,10,17,6,4,917714.2857142857,918500.0,933855.5555555555,0.0,0.004785486892352156
1634544241000,915000,2021-10-18 08:04:01,2021-10-18 08:04:01,2021,10,18,0,4,917857.1428571428,918400.0,933466.6666666666,0.001094091903719896,0.004790713281101969
1634630512000,915000,2021-10-19 08:01:52,2021-10-19 08:01:52,2021,10,19,1,4,918285.7142857143,918300.0,933077.7777777778,0.0,0.004790713281101969
1634717797000,916000,2021-10-20 08:16:37,2021-10-20 08:16:37,2021,10,20,2,4,918285.7142857143,918266.6666666666,932744.4444444445,0.0010928961748633004,0.004791709540728071
1634803981000,921000,2021-10-21 08:13:01,2021-10-21 08:13:01,2021,10,21,3,4,917285.7142857143,918233.3333333334,932477.7777777778,0.005458515283842891,0.004791944311185665
1634890141000,925000,2021-10-22 08:09:01,2021-10-22 08:09:01,2021,10,22,4,4,917142.8571428572,918200.0,932166.6666666666,0.004343105320304019,0.004792092294198524
1634975591000,928000,2021-10-23 07:53:11,2021-10-23 07:53:11,2021,10,23,5,4,919142.8571428572,918333.3333333334,931855.5555555555,0.00324324324324321,0.004810585609199502
1635063793000,928000,2021-10-24 08:23:13,2021-10-24 08:23:13,2021,10,24,6,4,921142.8571428572,918700.0,931622.2222222222,0.0,0.004584283077110976
1635149115000,929000,2021-10-25 08:05:15,2021-10-25 08:05:15,2021,10,25,0,4,923142.8571428572,919066.6666666666,931388.8888888889,0.0010775862068965747,0.004584217293956462
1635235786000,934000,2021-10-26 08:09:46,2021-10-26 08:09:46,2021,10,26,1,4,925857.1428571428,919600.0,931244.4444444445,0.005382131324004336,0.004672200036693784
1635321705000,929000,2021-10-27 08:01:45,2021-10-27 08:01:45,2021,10,27,2,4,927714.2857142857,919966.6666666666,931055.5555555555,-0.005353319057815886,0.004795969081780589
1635408450000,930000,2021-10-28 08:07:30,2021-10-28 08:07:30,2021,10,28,3,4,929000.0,920366.6666666666,930877.7777777778,0.0010764262648008671,0.004796836109978507
1635495050000,931000,2021-10-29 08:10:50,2021-10-29 08:10:50,2021,10,29,4,4,929857.1428571428,920966.6666666666,930744.4444444445,0.0010752688172042113,0.004666680022564894
1635580863000,925000,2021-10-30 08:01:03,2021-10-30 08:01:03,2021,10,30,5,4,929428.5714285715,921366.6666666666,930555.5555555555,-0.0064446831364124435,0.004843179085213366
1635668035000,925000,2021-10-31 08:13:55,2021-10-31 08:13:55,2021,10,31,6,4,929000.0,921466.6666666666,930388.8888888889,0.0,0.004505284690955406
1635754113000,924000,2021-11-01 08:08:33,2021-11-01 08:08:33,2021,11,1,0,4,928285.7142857143,921500.0,930211.1111111111,-0.00108108108108107,0.004506614690586656
1635840054000,930000,2021-11-02 08:00:54,2021-11-02 08:00:54,2021,11,2,1,4,927714.2857142857,921733.3333333334,930044.4444444445,0.006493506493506551,0.004657739311869021
1635926952000,929000,2021-11-03 08:09:12,2021-11-03 08:09:12,2021,11,3,2,4,927714.2857142857,921900.0,929777.7777777778,-0.0010752688172043223,0.004661290775583692
1636013383000,927000,2021-11-04 08:09:43,2021-11-04 08:09:43,2021,11,4,3,4,927285.7142857143,922066.6666666666,929544.4444444445,-0.0021528525296017342,0.004661088309577016
1636100106000,934000,2021-11-05 08:15:06,2021-11-05 08:15:06,2021,11,5,4,4,927714.2857142857,922633.3333333334,929388.8888888889,0.007551240560949246,0.004723737119338194
1636186020000,946000,2021-11-06 08:07:00,2021-11-06 08:07:00,2021,11,6,5,4,930714.2857142857,923566.6666666666,929366.6666666666,0.012847965738758127,0.005224986464740769
1636273800000,946000,2021-11-07 08:30:00,2021-11-07 08:30:00,2021,11,7,6,4,933714.2857142857,924633.3333333334,929400.0,0.0,0.005130195179691601
1636359871000,945000,2021-11-08 08:24:31,2021-11-08 08:24:31,2021,11,8,0,4,936714.2857142857,925666.6666666666,929444.4444444445,-0.0010570824524313016,0.0051420567732916676
1636444477000,943000,2021-11-09 07:54:37,2021-11-09 07:54:37,2021,11,9,1,4,938571.4285714285,926633.3333333334,929488.8888888889,-0.002116402116402072,0.00517245442902422
1636531806000,943000,2021-11-10 08:10:06,2021-11-10 08:10:06,2021,11,10,2,4,940571.4285714285,927600.0,929622.2222222222,0.0,0.00517245442902422
1636617431000,951000,2021-11-11 07:57:11,2021-11-11 07:57:11,2021,11,11,3,4,944000.0,928900.0,929955.5555555555,0.008483563096500557,0.005306960051767932
1636704765000,956000,2021-11-12 08:12:45,2021-11-12 08:12:45,2021,11,12,4,4,947142.8571428572,930233.3333333334,930300.0,0.00525762355415349,0.005326164409779634
1636791429000,955000,2021-11-13 08:17:09,2021-11-13 08:17:09,2021,11,13,5,4,948428.5714285715,931133.3333333334,930555.5555555555,-0.0010460251046024993,0.004864368475675583
1636877224000,955000,2021-11-14 08:07:04,2021-11-14 08:07:04,2021,11,14,6,4,949714.2857142857,932100.0,930811.1111111111,0.0,0.004832465143087799
1636964206000,955000,2021-11-15 08:16:46,2021-11-15 08:16:46,2021,11,15,0,4,951142.8571428572,933466.6666666666,930955.5555555555,0.0,0.004054580293193311
1637048821000,952000,2021-11-16 07:47:01,2021-11-16 07:47:01,2021,11,16,1,4,952428.5714285715,934733.3333333334,931066.6666666666,-0.003141361256544517,0.0041336900061066835
1637136252000,948000,2021-11-17 08:04:12,2021-11-17 08:04:12,2021,11,17,2,4,953142.8571428572,935833.3333333334,931088.8888888889,-0.004201680672268893,0.004256981942326558
1637223472000,956000,2021-11-18 08:17:52,2021-11-18 08:17:52,2021,11,18,3,4,953857.1428571428,937200.0,931188.8888888889,0.00843881856540074,0.00445004049997407
1637308925000,953000,2021-11-19 08:02:05,2021-11-19 08:02:05,2021,11,19,4,4,953428.5714285715,938433.3333333334,931266.6666666666,-0.003138075313807498,0.004528808571286524
1637395627000,947000,2021-11-20 08:07:07,2021-11-20 08:07:07,2021,11,20,5,4,952285.7142857143,939300.0,931255.5555555555,-0.006295907660020972,0.004665774022420824
1637476277000,947000,2021-11-21 06:31:17,2021-11-21 06:31:17,2021,11,21,6,4,951142.8571428572,940033.3333333334,931266.6666666666,0.0,0.004623694826301617
1637567878000,947000,2021-11-22 07:57:58,2021-11-22 07:57:58,2021,11,22,0,4,950000.0,940666.6666666666,931200.0,0.0,0.00460232276466532
1637654869000,935000,2021-11-23 08:07:49,2021-11-23 08:07:49,2021,11,23,1,4,947571.4285714285,940900.0,931033.3333333334,-0.012671594508975703,0.005208953252312377
1637741413000,929000,2021-11-24 08:10:13,2021-11-24 08:10:13,2021,11,24,2,4,944857.1428571428,940900.0,930888.8888888889,-0.0064171122994652885,0.005346478108667969
1637827446000,929000,2021-11-25 08:04:06,2021-11-25 08:04:06,2021,11,25,3,4,941000.0,940733.3333333334,930744.4444444445,0.0,0.005249550665347557
1637914049000,930000,2021-11-26 08:07:29,2021-11-26 08:07:29,2021,11,26,4,4,937714.2857142857,940766.6666666666,930511.1111111111,0.0010764262648008671,0.005160953679640587
1638000018000,929000,2021-11-27 08:00:18,2021-11-27 08:00:18,2021,11,27,5,4,935142.8571428572,940733.3333333334,930266.6666666666,-0.0010752688172043223,0.005161130269308868
1638080755000,929000,2021-11-28 06:25:55,2021-11-28 06:25:55,2021,11,28,6,4,932571.4285714285,940666.6666666666,930022.2222222222,0.0,0.00515697217966273
1638173331000,930000,2021-11-29 08:08:51,2021-11-29 08:08:51,2021,11,29,0,4,930142.8571428572,940833.3333333334,929866.6666666666,0.0010764262648008671,0.005016733354608657
1638259878000,930000,2021-11-30 08:11:18,2021-11-30 08:11:18,2021,11,30,1,4,929428.5714285715,941000.0,929744.4444444445,0.0,0.005016733354608657
1638346010000,925000,2021-12-01 08:06:50,2021-12-01 08:06:50,2021,12,1,2,4,928857.1428571428,941033.3333333334,929588.8888888889,-0.005376344086021501,0.0051146522151404
1638432432000,929000,2021-12-02 08:07:12,2021-12-02 08:07:12,2021,12,2,3,4,928857.1428571428,941000.0,929500.0,0.00432432432432428,0.005035114217013805
1638519794000,926000,2021-12-03 08:23:14,2021-12-03 08:23:14,2021,12,3,4,4,928285.7142857143,940900.0,929311.1111111111,-0.0032292787944026013,0.005065891712499323
1638606502000,932000,2021-12-04 08:28:22,2021-12-04 08:28:22,2021,12,4,5,4,928714.2857142857,941066.6666666666,929188.8888888889,0.00647948164146861,0.005188671019112971
1638687743000,932000,2021-12-05 07:02:23,2021-12-05 07:02:23,2021,12,5,6,4,929142.8571428572,941000.0,929077.7777777778,0.0,0.004999067284331353
1638778526000,932000,2021-12-06 08:15:26,2021-12-06 08:15:26,2021,12,6,0,4,929428.5714285715,940533.3333333334,928988.8888888889,0.0,0.004365345742510576
1638865044000,933000,2021-12-07 08:17:24,2021-12-07 08:17:24,2021,12,7,1,4,929857.1428571428,940100.0,929044.4444444445,0.0010729613733906351,0.004373865915565516
1638951162000,933000,2021-12-08 08:12:42,2021-12-08 08:12:42,2021,12,8,2,4,931000.0,939700.0,929077.7777777778,0.0,0.004373080166222677
1639037362000,930000,2021-12-09 08:09:22,2021-12-09 08:09:22,2021,12,9,3,4,931142.8571428572,939266.6666666666,929033.3333333334,-0.003215434083601254,0.004392371334387182
1639123672000,927000,2021-12-10 08:07:52,2021-12-10 08:07:52,2021,12,10,4,4,931285.7142857143,938733.3333333334,929011.1111111111,-0.003225806451612856,0.004420287941646
1639210219000,930000,2021-12-11 08:10:19,2021-12-11 08:10:19,2021,12,11,5,4,931000.0,938033.3333333334,929022.2222222222,0.003236245954692629,0.004145327946370471
1639289303000,930000,2021-12-12 06:08:23,2021-12-12 06:08:23,2021,12,12,6,4,930714.2857142857,937166.6666666666,929033.3333333334,0.0,0.0039914921292046055
1639382859000,930000,2021-12-13 08:07:39,2021-12-13 08:07:39,2021,12,13,0,4,930428.5714285715,936333.3333333334,929011.1111111111,0.0,0.00399483906102675
1639470206000,929000,2021-12-14 08:23:26,2021-12-14 08:23:26,2021,12,14,1,4,929857.1428571428,935466.6666666666,928933.3333333334,-0.0010752688172043223,0.0039915298191471665
1639555476000,924000,2021-12-15 08:04:36,2021-12-15 08:04:36,2021,12,15,2,4,928571.4285714285,934433.3333333334,928844.4444444445,-0.005382131324004336,0.004069323028884692
1639641569000,927000,2021-12-16 07:59:29,2021-12-16 07:59:29,2021,12,16,3,4,928142.8571428572,933600.0,928944.4444444445,0.0032467532467532756,0.004125106762088159
1639728756000,934000,2021-12-17 08:12:36,2021-12-17 08:12:36,2021,12,17,4,4,929142.8571428572,933133.3333333334,929122.2222222222,0.007551240560949246,0.004350542202811475
1639814575000,934000,2021-12-18 08:02:55,2021-12-18 08:02:55,2021,12,18,5,4,929714.2857142857,932400.0,929300.0,0.0,0.004013289699057206
1639894205000,934000,2021-12-19 06:10:05,2021-12-19 06:10:05,2021,12,19,6,4,930285.7142857143,931766.6666666666,929488.8888888889,0.0,0.003990213484614931
1639987243000,935000,2021-12-20 08:00:43,2021-12-20 08:00:43,2021,12,20,0,4,931000.0,931366.6666666666,929633.3333333334,0.0010706638115631772,0.003856049525544555
1640073939000,934000,2021-12-21 08:05:39,2021-12-21 08:05:39,2021,12,21,1,4,931714.2857142857,930933.3333333334,929722.2222222222,-0.0010695187165775666,0.0038569976355757184
1640160001000,931000,2021-12-22 08:00:01,2021-12-22 08:00:01,2021,12,22,2,4,932714.2857142857,930400.0,929800.0,-0.0032119914346895317,0.0038884292838565686
1640246512000,932000,2021-12-23 08:01:52,2021-12-23 08:01:52,2021,12,23,3,4,933428.5714285715,930300.0,929966.6666666666,0.0010741138560688146,0.0031522952550632256
1640333808000,933000,2021-12-24 08:16:48,2021-12-24 08:16:48,2021,12,24,4,4,933285.7142857143,930433.3333333334,930133.3333333334,0.0010729613733906351,0.0029231926281433587
1640592615000,931000,2021-12-27 08:10:15,2021-12-27 08:10:15,2021,12,27,0,4,932857.1428571428,930500.0,930277.7777777778,-0.002143622722400873,0.0029529662497885635
1640678267000,934000,2021-12-28 07:57:47,2021-12-28 07:57:47,2021,12,28,1,4,932857.1428571428,930633.3333333334,930455.5555555555,0.0032223415682062218,0.00300359458983759
1640765261000,932000,2021-12-29 08:07:41,2021-12-29 08:07:41,2021,12,29,2,4,932428.5714285715,930733.3333333334,930611.1111111111,-0.0021413276231263545,0.003024790480325956
1640851711000,933000,2021-12-30 08:08:31,2021-12-30 08:08:31,2021,12,30,3,4,932285.7142857143,930866.6666666666,930833.3333333334,0.0010729613733906351,0.0030297611352098643
1640938971000,938000,2021-12-31 08:22:51,2021-12-31 08:22:51,2021,12,31,4,4,933285.7142857143,931133.3333333334,931111.1111111111,0.005359056806002238,0.0031725591932844307
1641198426000,945000,2022-01-03 08:27:06,2022-01-03 08:27:06,2022,1,3,0,1,935142.8571428572,931633.3333333334,931366.6666666666,0.00746268656716409,0.003431042899618603
1641283929000,935000,2022-01-04 08:12:09,2022-01-04 08:12:09,2022,1,4,1,1,935428.5714285715,931966.6666666666,931500.0,-0.010582010582010581,0.003846958704157121
1641370348000,940000,2022-01-05 08:12:28,2022-01-05 08:12:28,2022,1,5,2,1,936714.2857142857,932333.3333333334,931688.8888888889,0.005347593582887722,0.003887590381945375
1641456064000,941000,2022-01-06 08:01:04,2022-01-06 08:01:04,2022,1,6,3,1,937714.2857142857,932833.3333333334,931877.7777777778,0.0010638297872340718,0.0038279559412831773
1641542667000,934000,2022-01-07 08:04:27,2022-01-07 08:04:27,2022,1,7,4,1,938000.0,932900.0,932011.1111111111,-0.007438894792773598,0.003925828244750723
1641629494000,934000,2022-01-08 08:11:34,2022-01-08 08:11:34,2022,1,8,5,1,938142.8571428572,932966.6666666666,932200.0,0.0,0.003925828244750723
1641710411000,934000,2022-01-09 06:40:11,2022-01-09 06:40:11,2022,1,9,6,1,937571.4285714285,933033.3333333334,932377.7777777778,0.0,0.003925828244750723
1641801049000,933000,2022-01-10 07:50:49,2022-01-10 07:50:49,2022,1,10,0,1,935857.1428571428,933033.3333333334,932588.8888888889,-0.0010706638115631772,0.003926619676473613
1641888758000,934000,2022-01-11 08:12:38,2022-01-11 08:12:38,2022,1,11,1,1,935714.2857142857,933066.6666666666,932811.1111111111,0.001071811361200492,0.003931422562155656
1641974926000,940000,2022-01-12 08:08:46,2022-01-12 08:08:46,2022,1,12,2,1,935714.2857142857,933400.0,933100.0,0.0064239828693790635,0.004048094897199811
1642061261000,941000,2022-01-13 08:07:41,2022-01-13 08:07:41,2022,1,13,3,1,935714.2857142857,933866.6666666666,933400.0,0.0010638297872340718,0.003992279145658355
1642147275000,939000,2022-01-14 08:01:15,2022-01-14 08:01:15,2022,1,14,4,1,936428.5714285715,934166.6666666666,933700.0,-0.002125398512221044,0.003985915815901232
1642234327000,938000,2022-01-15 08:12:07,2022-01-15 08:12:07,2022,1,15,5,1,937000.0,934433.3333333334,933944.4444444445,-0.0010649627263046302,0.003993679536517075
1642315260000,938000,2022-01-16 06:41:00,2022-01-16 06:41:00,2022,1,16,6,1,937571.4285714285,934700.0,934055.5555555555,0.0,0.003993679536517075
1642407695000,937000,2022-01-17 08:21:35,2022-01-17 08:21:35,2022,1,17,0,1,938142.8571428572,934966.6666666666,934177.7777777778,-0.0010660980810234255,0.003993571520939879
1642494261000,939000,2022-01-18 08:24:21,2022-01-18 08:24:21,2022,1,18,1,1,938857.1428571428,935466.6666666666,934455.5555555555,0.002134471718249653,0.0038587194631799137
1642578703000,936000,2022-01-19 07:51:43,2022-01-19 07:51:43,2022,1,19,2,1,938285.7142857143,935766.6666666666,934700.0,-0.0031948881789137795,0.0038822969045265846
1642667190000,948000,2022-01-20 08:26:30,2022-01-20 08:26:30,2022,1,20,3,1,939285.7142857143,936233.3333333334,935066.6666666666,0.012820512820512775,0.004315337522929882
1642752587000,947000,2022-01-21 08:09:47,2022-01-21 08:09:47,2022,1,21,4,1,940428.5714285715,936666.6666666666,935422.2222222222,-0.0010548523206751481,0.004323883652041432
1642839079000,945000,2022-01-22 08:11:19,2022-01-22 08:11:19,2022,1,22,5,1,941428.5714285715,937033.3333333334,935744.4444444445,-0.002111932418162654,0.0043489176004019876
1642920828000,945000,2022-01-23 06:53:48,2022-01-23 06:53:48,2022,1,23,6,1,942428.5714285715,937366.6666666666,936011.1111111111,0.0,0.004347612696666307
1643012203000,944000,2022-01-24 08:16:43,2022-01-24 08:16:43,2022,1,24,0,1,943428.5714285715,937700.0,936222.2222222222,-0.0010582010582010914,0.004347484523773967
1643098446000,947000,2022-01-25 08:14:06,2022-01-25 08:14:06,2022,1,25,1,1,944571.4285714285,938233.3333333334,936433.3333333334,0.0031779661016948513,0.004322696339695078
1643184462000,950000,2022-01-26 08:07:42,2022-01-26 08:07:42,2022,1,26,2,1,946571.4285714285,938833.3333333334,936677.7777777778,0.0031678986272438703,0.004347826142926255
1643270910000,938000,2022-01-27 08:08:30,2022-01-27 08:08:30,2022,1,27,3,1,945142.8571428572,939000.0,936777.7777777778,-0.012631578947368438,0.0049760877904808515
1643359798000,930000,2022-01-28 08:49:58,2022-01-28 08:49:58,2022,1,28,4,1,942714.2857142857,938966.6666666666,936733.3333333334,-0.008528784648187626,0.005210388702633094
1643443419000,928000,2022-01-29 08:03:39,2022-01-29 08:03:39,2022,1,29,5,1,940285.7142857143,938766.6666666666,936722.2222222222,-0.0021505376344086446,0.005187290917554907
1643527430000,928000,2022-01-30 07:23:50,2022-01-30 07:23:50,2022,1,30,6,1,937857.1428571428,938633.3333333334,936700.0,0.0,0.005174398751585993
1643617778000,927000,2022-01-31 08:29:38,2022-01-31 08:29:38,2022,1,31,0,1,935428.5714285715,938433.3333333334,936655.5555555555,-0.0010775862068965747,0.005172048760513204
1643702152000,931000,2022-02-01 07:55:52,2022-02-01 07:55:52,2022,2,1,1,1,933142.8571428572,938200.0,936722.2222222222,0.004314994606256839,0.005136730221189139
1643789053000,932000,2022-02-02 08:04:13,2022-02-02 08:04:13,2022,2,2,2,1,930571.4285714285,937766.6666666666,936800.0,0.0010741138560688146,0.004934986516446324
1643876364000,933000,2022-02-03 08:19:24,2022-02-03 08:19:24,2022,2,3,3,1,929857.1428571428,937700.0,936900.0,0.0010729613733906351,0.00455388771690817
1643961625000,934000,2022-02-04 08:00:25,2022-02-04 08:00:25,2022,2,4,4,1,930428.5714285715,937500.0,936944.4444444445,0.001071811361200492,0.004444356767336437
1644049560000,935000,2022-02-05 08:26:00,2022-02-05 08:26:00,2022,2,5,5,1,931428.5714285715,937300.0,937011.1111111111,0.0010706638115631772,0.004444424160204548
1644130015000,935000,2022-02-06 06:46:55,2022-02-06 06:46:55,2022,2,6,6,1,932428.5714285715,937333.3333333334,937100.0,0.0,0.004229136794206061
1644222068000,937000,2022-02-07 08:21:08,2022-02-07 08:21:08,2022,2,7,0,1,933857.1428571428,937433.3333333334,937133.3333333334,0.002139037433155133,0.004246360360278016
1644224330000,937000,2022-02-07 08:58:50,2022-02-07 08:58:50,2022,2,7,0,1,934714.2857142857,937533.3333333334,937033.3333333334,0.0,0.004246360360278016
1644307828000,943000,2022-02-08 08:10:28,2022-02-08 08:10:28,2022,2,8,1,1,936285.7142857143,937866.6666666666,937000.0,0.006403415154749181,0.0043911461235636405
1644394401000,943000,2022-02-09 08:13:21,2022-02-09 08:13:21,2022,2,9,2,1,937714.2857142857,938166.6666666666,936977.7777777778,0.0,0.004389554957198902
1644480774000,945000,2022-02-10 08:12:54,2022-02-10 08:12:54,2022,2,10,3,1,939285.7142857143,938333.3333333334,937000.0,0.0021208907741250282,0.004251663633364992
1644567075000,941000,2022-02-11 08:11:15,2022-02-11 08:11:15,2022,2,11,4,1,940142.8571428572,938333.3333333334,936977.7777777778,-0.004232804232804255,0.004323306686455366
1644654717000,953000,2022-02-12 08:31:57,2022-02-12 08:31:57,2022,2,12,5,1,942714.2857142857,938800.0,937000.0,0.012752391073326264,0.004886636980684051
1644734826000,953000,2022-02-13 06:47:06,2022-02-13 06:47:06,2022,2,13,6,1,945000.0,939300.0,936966.6666666666,0.0,0.0048787008006654295
1644825325000,953000,2022-02-14 07:55:25,2022-02-14 07:55:25,2022,2,14,0,1,947285.7142857143,939800.0,936944.4444444445,0.0,0.0048787008006654295
1644912561000,957000,2022-02-15 08:09:21,2022-02-15 08:09:21,2022,2,15,1,1,949285.7142857143,940466.6666666666,936966.6666666666,0.0041972717733473885,0.004913449904082364
1644999602000,946000,2022-02-16 08:20:02,2022-02-16 08:20:02,2022,2,16,2,1,949714.2857142857,940700.0,936866.6666666666,-0.011494252873563204,0.00538517122712388
1645084933000,953000,2022-02-17 08:02:13,2022-02-17 08:02:13,2022,2,17,3,1,950857.1428571428,941266.6666666666,936877.7777777778,0.007399577167019,0.005496907058670824
1645172111000,967000,2022-02-18 08:15:11,2022-02-18 08:15:11,2022,2,18,4,1,954571.4285714285,941900.0,937088.8888888889,0.014690451206715638,0.005648593760389581
1645258182000,969000,2022-02-19 08:09:42,2022-02-19 08:09:42,2022,2,19,5,1,956857.1428571428,942633.3333333334,937233.3333333334,0.0020682523267838704,0.0056443510680568455
1645340006000,969000,2022-02-20 06:53:26,2022-02-20 06:53:26,2022,2,20,6,1,959142.8571428572,943433.3333333334,937411.1111111111,0.0,0.0056201412755236746
1645430414000,972000,2022-02-21 08:00:14,2022-02-21 08:00:14,2022,2,21,0,1,961857.1428571428,944333.3333333334,937688.8888888889,0.003095975232198178,0.005632376102950805
1645517790000,972000,2022-02-22 08:16:30,2022-02-22 08:16:30,2022,2,22,1,1,964000.0,945266.6666666666,937966.6666666666,0.0,0.00562263990351149
1645604688000,969000,2022-02-23 08:24:48,2022-02-23 08:24:48,2022,2,23,2,1,967285.7142857143,946000.0,938211.1111111111,-0.0030864197530864335,0.005654815194045943
1645690408000,974000,2022-02-24 08:13:28,2022-02-24 08:13:28,2022,2,24,3,1,970285.7142857143,946800.0,938644.4444444445,0.005159958720330149,0.0056953574591066146
1645705724000,984000,2022-02-24 12:28:44,2022-02-24 12:28:44,2022,2,24,3,1,972714.2857142857,948333.3333333334,939255.5555555555,0.010266940451745477,0.005350574210971693
1645729307000,994000,2022-02-24 19:01:47,2022-02-24 19:01:47,2022,2,24,3,1,976285.7142857143,950466.6666666666,939977.7777777778,0.010162601626016343,0.005215698583639097
1645777028000,975000,2022-02-25 08:17:08,2022-02-25 08:17:08,2022,2,25,4,1,977142.8571428572,952033.3333333334,940477.7777777778,-0.019114688128772594,0.006475021172852989
1645863177000,969000,2022-02-26 08:12:57,2022-02-26 08:12:57,2022,2,26,5,1,976714.2857142857,953400.0,940922.2222222222,-0.006153846153846176,0.006625432151354335
1645949220000,969000,2022-02-27 08:07:00,2022-02-27 08:07:00,2022,2,27,6,1,976285.7142857143,954800.0,941366.6666666666,0.0,0.006614092654480003
1646035314000,978000,2022-02-28 08:01:54,2022-02-28 08:01:54,2022,2,28,0,1,977571.4285714285,956366.6666666666,941900.0,0.009287925696594534,0.006748053483215987
1646123056000,977000,2022-03-01 08:24:16,2022-03-01 08:24:16,2022,3,1,1,1,978000.0,957866.6666666666,942422.2222222222,-0.0010224948875255935,0.006765219920700065
1646209428000,987000,2022-03-02 08:23:48,2022-03-02 08:23:48,2022,3,2,2,1,978428.5714285715,959666.6666666666,943111.1111111111,0.010235414534288667,0.006945254573767272
1646295084000,987000,2022-03-03 08:11:24,2022-03-03 08:11:24,2022,3,3,3,1,977428.5714285715,961433.3333333334,943755.5555555555,0.0,0.006952418021450707
1646382429000,990000,2022-03-04 08:27:09,2022-03-04 08:27:09,2022,3,4,4,1,979571.4285714285,963266.6666666666,944466.6666666666,0.003039513677811634,0.006953954877850542
1646467749000,1005000,2022-03-05 08:09:09,2022-03-05 08:09:09,2022,3,5,5,1,984714.2857142857,965600.0,945277.7777777778,0.015151515151515138,0.0073479605050308676
1646550489000,1005000,2022-03-06 07:08:09,2022-03-06 07:08:09,2022,3,6,6,1,989857.1428571428,967866.6666666666,946088.8888888889,0.0,0.007361302990796916
1646639663000,1013000,2022-03-07 07:54:23,2022-03-07 07:54:23,2022,3,7,0,1,994857.1428571428,970400.0,946988.8888888889,0.007960199004975133,0.0074164017467953
1646727836000,1019000,2022-03-08 08:23:56,2022-03-08 08:23:56,2022,3,8,1,1,1000857.1428571428,972933.3333333334,947944.4444444445,0.005923000987166915,0.007408486607060003
1646814338000,1036000,2022-03-09 08:25:38,2022-03-09 08:25:38,2022,3,9,2,1,1007857.1428571428,976033.3333333334,949088.8888888889,0.016683022571148287,0.007820233576321377
1646900695000,1010000,2022-03-10 08:24:55,2022-03-10 08:24:55,2022,3,10,3,1,1011142.8571428572,978200.0,949977.7777777778,-0.025096525096525046,0.009371105632700369
1646985444000,1010000,2022-03-11 07:57:24,2022-03-11 07:57:24,2022,3,11,4,1,1014000.0,980500.0,950900.0,0.0,0.009301546554224346
1647073207000,1009000,2022-03-12 08:20:07,2022-03-12 08:20:07,2022,3,12,5,1,1014571.4285714285,982366.6666666666,951777.7777777778,-0.000990099009900991,0.009110749176086397
1647154311000,1009000,2022-03-13 06:51:51,2022-03-13 06:51:51,2022,3,13,6,1,1015142.8571428572,984233.3333333334,952655.5555555555,0.0,0.009110749176086397
1647245846000,1001000,2022-03-14 08:17:26,2022-03-14 08:17:26,2022,3,14,0,1,1013428.5714285715,985833.3333333334,953444.4444444445,-0.007928642220019877,0.009282508826029856
1647332070000,994000,2022-03-15 08:14:30,2022-03-15 08:14:30,2022,3,15,1,1,1009857.1428571428,987066.6666666666,954166.6666666666,-0.006993006993006978,0.009401981264516374
1647418299000,984000,2022-03-16 08:11:39,2022-03-16 08:11:39,2022,3,16,2,1,1002428.5714285715,988333.3333333334,954833.3333333334,-0.010060362173038184,0.009338081701972764
1647504271000,986000,2022-03-17 08:04:31,2022-03-17 08:04:31,2022,3,17,3,1,999000.0,989433.3333333334,955488.8888888889,0.00203252032520318,0.009269462996903767
1647591748000,991000,2022-03-18 08:22:28,2022-03-18 08:22:28,2022,3,18,4,1,996285.7142857143,990233.3333333334,956122.2222222222,0.005070993914807254,0.008946645522767678
1647677360000,984000,2022-03-19 08:09:20,2022-03-19 08:09:20,2022,3,19,5,1,992714.2857142857,990733.3333333334,956677.7777777778,-0.007063572149344055,0.00905863859703333
1647761781000,984000,2022-03-20 07:36:21,2022-03-20 07:36:21,2022,3,20,6,1,989142.8571428572,991233.3333333334,957233.3333333334,0.0,0.00905863859703333
1647850009000,983000,2022-03-21 08:06:49,2022-03-21 08:06:49,2022,3,21,0,1,986571.4285714285,991600.0,957766.6666666666,-0.00101626016260159,0.009049924729231591
1647936438000,989000,2022-03-22 08:07:18,2022-03-22 08:07:18,2022,3,22,1,1,985857.1428571428,992166.6666666666,958377.7777777778,0.006103763987792554,0.009108695876902946
1648023072000,984000,2022-03-23 08:11:12,2022-03-23 08:11:12,2022,3,23,2,1,985857.1428571428,992666.6666666666,958966.6666666666,-0.005055611729019249,0.009143343664286277
1648109676000,994000,2022-03-24 08:14:36,2022-03-24 08:14:36,2022,3,24,3,1,987000.0,993333.3333333334,959655.5555555555,0.010162601626016343,0.009274938439193522
1648195910000,1000000,2022-03-25 08:11:50,2022-03-25 08:11:50,2022,3,25,4,1,988285.7142857143,993866.6666666666,960400.0,0.006036217303822866,0.00915616847173605
1648282049000,999000,2022-03-26 08:07:29,2022-03-26 08:07:29,2022,3,26,5,1,990428.5714285715,994033.3333333334,961155.5555555555,-0.0010000000000000009,0.008978345222090312
1648365488000,999000,2022-03-27 07:18:08,2022-03-27 07:18:08,2022,3,27,6,1,992571.4285714285,994833.3333333334,961877.7777777778,0.0,0.008204854431598466
1648455225000,999000,2022-03-28 08:13:45,2022-03-28 08:13:45,2022,3,28,0,1,994857.1428571428,995833.3333333334,962622.2222222222,0.0,0.008100138871553735
1648541263000,985000,2022-03-29 08:07:43,2022-03-29 08:07:43,2022,3,29,1,1,994285.7142857143,996366.6666666666,963200.0,-0.014014014014014031,0.008554074603091549
1648627793000,983000,2022-03-30 08:09:53,2022-03-30 08:09:53,2022,3,30,2,1,994142.8571428572,996533.3333333334,963700.0,-0.0020304568527919065,0.00840513940647149
1648713816000,987000,2022-03-31 08:03:36,2022-03-31 08:03:36,2022,3,31,3,1,993142.8571428572,996866.6666666666,964166.6666666666,0.004069175991861629,0.00843088163751215
1648801031000,989000,2022-04-01 08:17:11,2022-04-01 08:17:11,2022,4,1,4,2,991571.4285714285,996933.3333333334,964766.6666666666,0.0020263424518742745,0.008230618402429075
1648887347000,985000,2022-04-02 08:15:47,2022-04-02 08:15:47,2022,4,2,5,2,989571.4285714285,996866.6666666666,965266.6666666666,-0.004044489383215333,0.008265369403885399
1648970353000,985000,2022-04-03 07:19:13,2022-04-03 07:19:13,2022,4,3,6,2,987571.4285714285,996700.0,965755.5555555555,0.0,0.008244993158019258
1649059778000,985000,2022-04-04 08:09:38,2022-04-04 08:09:38,2022,4,4,0,2,985571.4285714285,996033.3333333334,966322.2222222222,0.0,0.007723858975025001
1649145925000,988000,2022-04-05 08:05:25,2022-04-05 08:05:25,2022,4,5,1,2,986000.0,995466.6666666666,966922.2222222222,0.003045685279187804,0.0077525357652346
1649233097000,983000,2022-04-06 08:18:17,2022-04-06 08:18:17,2022,4,6,2,2,986000.0,994466.6666666666,967466.6666666666,-0.005060728744939236,0.007623698111527777
1649318689000,984000,2022-04-07 08:04:49,2022-04-07 08:04:49,2022,4,7,3,2,985571.4285714285,993300.0,968033.3333333334,0.0010172939979653517,0.007522617024788093
1649405292000,988000,2022-04-08 08:08:12,2022-04-08 08:08:12,2022,4,8,4,2,985428.5714285715,991700.0,968633.3333333334,0.004065040650406582,0.006811013861325197
1649491293000,994000,2022-04-09 08:01:33,2022-04-09 08:01:33,2022,4,9,5,2,986714.2857142857,991166.6666666666,969233.3333333334,0.006072874493927127,0.00530795795927384
1649576289000,994000,2022-04-10 07:38:09,2022-04-10 07:38:09,2022,4,10,6,2,988000.0,990633.3333333334,969822.2222222222,0.0,0.00530795795927384
1649664087000,993000,2022-04-11 08:01:27,2022-04-11 08:01:27,2022,4,11,0,2,989142.8571428572,990100.0,970422.2222222222,-0.001006036217303774,0.005308007584444019
1649751311000,997000,2022-04-12 08:15:11,2022-04-12 08:15:11,2022,4,12,1,2,990428.5714285715,989700.0,971077.7777777778,0.004028197381671594,0.0053721514824468545
1649837540000,1002000,2022-04-13 08:12:20,2022-04-13 08:12:20,2022,4,13,2,2,993142.8571428572,989733.3333333334,971788.8888888889,0.005015045135406293,0.005264071961292054
1649923854000,1006000,2022-04-14 08:10:54,2022-04-14 08:10:54,2022,4,14,3,2,996285.7142857143,990133.3333333334,972555.5555555555,0.003992015968063978,0.005138055058966292
1650010645000,1005000,2022-04-15 08:17:25,2022-04-15 08:17:25,2022,4,15,4,2,998714.2857142857,990833.3333333334,973288.8888888889,-0.0009940357852882276,0.004753000686647679
1650097166000,1005000,2022-04-16 08:19:26,2022-04-16 08:19:26,2022,4,16,5,2,1000285.7142857143,991466.6666666666,974055.5555555555,0.0,0.00474805752735141
1650180906000,1005000,2022-04-17 07:35:06,2022-04-17 07:35:06,2022,4,17,6,2,1001857.1428571428,991933.3333333334,974688.8888888889,0.0,0.004674843070653835
1650269533000,1010000,2022-04-18 08:12:13,2022-04-18 08:12:13,2022,4,18,0,2,1004285.7142857143,992800.0,975388.8888888889,0.004975124378109541,0.004519235217744969
1650355253000,1007000,2022-04-19 08:00:53,2022-04-19 08:00:53,2022,4,19,1,2,1005714.2857142857,993566.6666666666,976077.7777777778,-0.002970297029702973,0.004571406610153196
1650442444000,995000,2022-04-20 08:14:04,2022-04-20 08:14:04,2022,4,20,2,2,1004714.2857142857,993966.6666666666,976633.3333333334,-0.011916583912611745,0.00511948204927745
1650528897000,998000,2022-04-21 08:14:57,2022-04-21 08:14:57,2022,4,21,3,2,1003571.4285714285,994266.6666666666,977233.3333333334,0.0030150753768845018,0.005031480125534098
1650615114000,997000,2022-04-22 08:11:54,2022-04-22 08:11:54,2022,4,22,4,2,1002428.5714285715,994700.0,977788.8888888889,-0.0010020040080159776,0.004935819491117219
1650702070000,989000,2022-04-23 08:21:10,2022-04-23 08:21:10,2022,4,23,5,2,1000142.8571428572,994533.3333333334,978222.2222222222,-0.008024072216649913,0.004817122607546869
1650784714000,989000,2022-04-24 07:18:34,2022-04-24 07:18:34,2022,4,24,6,2,997857.1428571428,994166.6666666666,978788.8888888889,0.0,0.004673445805145303
1650874039000,988000,2022-04-25 08:07:19,2022-04-25 08:07:19,2022,4,25,0,2,994714.2857142857,993800.0,979433.3333333334,-0.0010111223458038054,0.004673498929814078
1650961123000,982000,2022-04-26 08:18:43,2022-04-26 08:18:43,2022,4,26,1,2,991142.8571428572,993233.3333333334,980033.3333333334,-0.006072874493927127,0.004787568776529431
1651046948000,981000,2022-04-27 08:09:08,2022-04-27 08:09:08,2022,4,27,2,2,989142.8571428572,992633.3333333334,980622.2222222222,-0.0010183299389001643,0.004787065338492858
1651133298000,975000,2022-04-28 08:08:18,2022-04-28 08:08:18,2022,4,28,3,2,985857.1428571428,992300.0,981155.5555555555,-0.006116207951070374,0.004205476192200167
1652084864000,977000,2022-05-09 08:27:44,2022-05-09 08:27:44,2022,5,9,0,2,983000.0,992100.0,981666.6666666666,0.002051282051282133,0.0042146330187634
1652170396000,970000,2022-05-10 08:13:16,2022-05-10 08:13:16,2022,5,10,1,2,980285.7142857143,991533.3333333334,982088.8888888889,-0.007164790174002067,0.00432039530001744
1652257204000,966000,2022-05-11 08:20:04,2022-05-11 08:20:04,2022,5,11,2,2,977000.0,990766.6666666666,982455.5555555555,-0.004123711340206171,0.004338825262333447
1652344113000,975000,2022-05-12 08:28:33,2022-05-12 08:28:33,2022,5,12,3,2,975142.8571428572,990433.3333333334,982911.1111111111,0.009316770186335477,0.004665124199742014
1652429654000,969000,2022-05-13 08:14:14,2022-05-13 08:14:14,2022,5,13,4,2,973285.7142857143,989900.0,983288.8888888889,-0.006153846153846176,0.004783915834632946
1652515852000,967000,2022-05-14 08:10:52,2022-05-14 08:10:52,2022,5,14,5,2,971285.7142857143,989300.0,983644.4444444445,-0.0020639834881320818,0.004790797856120758
1652598982000,967000,2022-05-15 07:16:22,2022-05-15 07:16:22,2022,5,15,6,2,970142.8571428572,988600.0,983977.7777777778,0.0,0.0047428319412587605
1652688999000,967000,2022-05-16 08:16:39,2022-05-16 08:16:39,2022,5,16,0,2,968714.2857142857,988066.6666666666,984311.1111111111,0.0,0.004672037547304996
1652776028000,974000,2022-05-17 08:27:08,2022-05-17 08:27:08,2022,5,17,1,2,969285.7142857143,987733.3333333334,984655.5555555555,0.007238883143743546,0.004876968141878896
1652862551000,971000,2022-05-18 08:29:11,2022-05-18 08:29:11,2022,5,18,2,2,970000.0,987166.6666666666,984966.6666666666,-0.0030800821355235763,0.004829221324962547
1652948439000,973000,2022-05-19 08:20:39,2022-05-19 08:20:39,2022,5,19,3,2,969714.2857142857,986466.6666666666,985277.7777777778,0.002059732234809486,0.004692599456114399
1653035098000,985000,2022-05-20 08:24:58,2022-05-20 08:24:58,2022,5,20,4,2,972000.0,986166.6666666666,985766.6666666666,0.012332990750256956,0.0052618149948574005
1653121259000,984000,2022-05-21 08:20:59,2022-05-21 08:20:59,2022,5,21,5,2,974428.5714285715,985866.6666666666,986111.1111111111,-0.0010152284263958977,0.0052618584108122
1653202338000,984000,2022-05-22 06:52:18,2022-05-22 06:52:18,2022,5,22,6,2,976857.1428571428,985433.3333333334,986455.5555555555,0.0,0.005198883517713551
1653292060000,984000,2022-05-23 07:47:40,2022-05-23 07:47:40,2022,5,23,0,2,979285.7142857143,984833.3333333334,986800.0,0.0,0.00509759269140707
1653379384000,987000,2022-05-24 08:03:04,2022-05-24 08:03:04,2022,5,24,1,2,981142.8571428572,984200.0,987133.3333333334,0.0030487804878047697,0.005071187831229322
1653466838000,992000,2022-05-25 08:20:38,2022-05-25 08:20:38,2022,5,25,2,2,984142.8571428572,983766.6666666666,987644.4444444445,0.005065856129685908,0.005175513238567358
1653552690000,988000,2022-05-26 08:11:30,2022-05-26 08:11:30,2022,5,26,3,2,986285.7142857143,983200.0,988033.3333333334,-0.0040322580645161255,0.005216401589440311
1653638220000,988000,2022-05-27 07:57:00,2022-05-27 07:57:00,2022,5,27,4,2,986714.2857142857,982633.3333333334,988266.6666666666,0.0,0.005216401589440311
1653725813000,986000,2022-05-28 08:16:53,2022-05-28 08:16:53,2022,5,28,5,2,987000.0,981833.3333333334,988455.5555555555,-0.002024291497975672,0.005116076476969291
1653807766000,986000,2022-05-29 07:02:46,2022-05-29 07:02:46,2022,5,29,6,2,987285.7142857143,981133.3333333334,988644.4444444445,0.0,0.005101120141447572
1653898877000,985000,2022-05-30 08:21:17,2022-05-30 08:21:17,2022,5,30,0,2,987428.5714285715,980800.0,988788.8888888889,-0.0010141987829614951,0.0046413470444779704
1653984086000,983000,2022-05-31 08:01:26,2022-05-31 08:01:26,2022,5,31,1,2,986857.1428571428,980300.0,988911.1111111111,-0.0020304568527919065,0.00460738616584658
1654072346000,979000,2022-06-01 08:32:26,2022-06-01 08:32:26,2022,6,1,2,2,985000.0,979700.0,989022.2222222222,-0.004069175991861629,0.004652843958397294
1654157167000,984000,2022-06-02 08:06:07,2022-06-02 08:06:07,2022,6,2,3,2,984428.5714285715,979533.3333333334,989133.3333333334,0.005107252298263587,0.0045464675899910935
1654244488000,989000,2022-06-03 08:21:28,2022-06-03 08:21:28,2022,6,3,4,2,984571.4285714285,979533.3333333334,989188.8888888889,0.005081300813008172,0.004646152064888886
1654330843000,979000,2022-06-04 08:20:43,2022-06-04 08:20:43,2022,6,4,5,2,983571.4285714285,979233.3333333334,989022.2222222222,-0.010111223458038388,0.0049988228833465756
1654413391000,979000,2022-06-05 07:16:31,2022-06-05 07:16:31,2022,6,5,6,2,982571.4285714285,979133.3333333334,989066.6666666666,0.0,0.004878196964086709
1654503273000,980000,2022-06-06 08:14:33,2022-06-06 08:14:33,2022,6,6,0,2,981857.1428571428,979100.0,989188.8888888889,0.0010214504596526286,0.004879034067788366
1654588693000,976000,2022-06-07 07:58:13,2022-06-07 07:58:13,2022,6,7,1,2,980857.1428571428,979133.3333333334,989266.6666666666,-0.004081632653061273,0.004804988603139374
1654676420000,981000,2022-06-08 08:20:20,2022-06-08 08:20:20,2022,6,8,2,2,981142.8571428572,979266.6666666666,989300.0,0.0051229508196721785,0.004881328012454774
1654761723000,983000,2022-06-09 08:02:03,2022-06-09 08:02:03,2022,6,9,3,2,981000.0,979700.0,989366.6666666666,0.0020387359836901986,0.004691420951196684
1654849311000,984000,2022-06-10 08:21:51,2022-06-10 08:21:51,2022,6,10,4,2,980285.7142857143,980300.0,989333.3333333334,0.0010172939979653517,0.004611639464558513
1654935623000,995000,2022-06-11 08:20:23,2022-06-11 08:20:23,2022,6,11,5,2,982571.4285714285,980966.6666666666,989422.2222222222,0.011178861788617933,0.004743299112796407
1655017227000,995000,2022-06-12 07:00:27,2022-06-12 07:00:27,2022,6,12,6,2,984857.1428571428,981833.3333333334,989477.7777777778,0.0,0.004567006128795068
1655108430000,996000,2022-06-13 08:20:30,2022-06-13 08:20:30,2022,6,13,0,2,987142.8571428572,982800.0,989377.7777777778,0.0010050251256281673,0.004532728962486574
1655194448000,986000,2022-06-14 08:14:08,2022-06-14 08:14:08,2022,6,14,1,2,988571.4285714285,983433.3333333334,989166.6666666666,-0.010040160642570295,0.0049593345650886635
1655280655000,984000,2022-06-15 08:10:55,2022-06-15 08:10:55,2022,6,15,2,2,989000.0,984000.0,988844.4444444445,-0.0020283975659228792,0.004982425924879369
1655367588000,994000,2022-06-16 08:19:48,2022-06-16 08:19:48,2022,6,16,3,2,990571.4285714285,984666.6666666666,988566.6666666666,0.010162601626016343,0.00514291162096646
1655454268000,999000,2022-06-17 08:24:28,2022-06-17 08:24:28,2022,6,17,4,2,992714.2857142857,985600.0,988155.5555555555,0.005030181086519203,0.005151026888433264
1655540338000,999000,2022-06-18 08:18:58,2022-06-18 08:18:58,2022,6,18,5,2,993285.7142857143,986466.6666666666,988033.3333333334,0.0,0.005149601937706375
1655623541000,999000,2022-06-19 07:25:41,2022-06-19 07:25:41,2022,6,19,6,2,993857.1428571428,986933.3333333334,987911.1111111111,0.0,0.004675202574262648
1655713257000,999000,2022-06-20 08:20:57,2022-06-20 08:20:57,2022,6,20,0,2,994285.7142857143,987433.3333333334,987800.0,0.0,0.004667666249593997
1655799647000,999000,2022-06-21 08:20:47,2022-06-21 08:20:47,2022,6,21,1,2,996142.8571428572,987933.3333333334,987688.8888888889,0.0,0.004667666249593997
1655885687000,993000,2022-06-22 08:14:47,2022-06-22 08:14:47,2022,6,22,2,2,997428.5714285715,988233.3333333334,987600.0,-0.006006006006005982,0.004816929292559797
1655971276000,999000,2022-06-23 08:01:16,2022-06-23 08:01:16,2022,6,23,3,2,998142.8571428572,988633.3333333334,987655.5555555555,0.0060422960725075026,0.004905705986091145
1656058777000,992000,2022-06-24 08:19:37,2022-06-24 08:19:37,2022,6,24,4,2,997142.8571428572,988633.3333333334,987744.4444444445,-0.00700700700700696,0.005005164846224303
1656145122000,992000,2022-06-25 08:18:42,2022-06-25 08:18:42,2022,6,25,5,2,996142.8571428572,988766.6666666666,987811.1111111111,0.0,0.004946611118016915
1656228755000,992000,2022-06-26 07:32:35,2022-06-26 07:32:35,2022,6,26,6,2,995142.8571428572,988900.0,987822.2222222222,0.0,0.004946611118016915
1656317072000,994000,2022-06-27 08:04:32,2022-06-27 08:04:32,2022,6,27,0,2,994428.5714285715,989166.6666666666,987933.3333333334,0.002016129032258007,0.004940469012294806
1656403881000,988000,2022-06-28 08:11:21,2022-06-28 08:11:21,2022,6,28,1,2,992857.1428571428,989233.3333333334,987977.7777777778,-0.006036217303822977,0.005073442933248997
1656490578000,988000,2022-06-29 08:16:18,2022-06-29 08:16:18,2022,6,29,2,2,992142.8571428572,989333.3333333334,988033.3333333334,0.0,0.005069277789643819
1656576432000,988000,2022-06-30 08:07:12,2022-06-30 08:07:12,2022,6,30,3,2,990571.4285714285,989500.0,988022.2222222222,0.0,0.005053191059475605
1656663982000,984000,2022-07-01 08:26:22,2022-07-01 08:26:22,2022,7,1,4,3,989428.5714285715,989666.6666666666,988022.2222222222,-0.004048582995951455,0.005052595097197521
1656750220000,991000,2022-07-02 08:23:40,2022-07-02 08:23:40,2022,7,2,5,3,989285.7142857143,989900.0,987988.8888888889,0.007113821138211351,0.005132687585824747
1656832511000,991000,2022-07-03 07:15:11,2022-07-03 07:15:11,2022,7,3,6,3,989142.8571428572,989966.6666666666,987888.8888888889,0.0,0.005050915488246522
1656922816000,989000,2022-07-04 08:20:16,2022-07-04 08:20:16,2022,7,4,0,3,988428.5714285715,990300.0,987777.7777777778,-0.0020181634712411745,0.004691165585968929
1657009208000,989000,2022-07-05 08:20:08,2022-07-05 08:20:08,2022,7,5,1,3,988571.4285714285,990633.3333333334,987666.6666666666,0.0,0.004691165585968929
1657096119000,977000,2022-07-06 08:28:39,2022-07-06 08:28:39,2022,7,6,2,3,987000.0,990533.3333333334,987422.2222222222,-0.01213346814964611,0.005212078101000807
1657181291000,969000,2022-07-07 08:08:11,2022-07-07 08:08:11,2022,7,7,3,3,984285.7142857143,990300.0,987244.4444444445,-0.008188331627430934,0.005372029736118026
1657268374000,969000,2022-07-08 08:19:34,2022-07-08 08:19:34,2022,7,8,4,3,982142.8571428572,989900.0,987088.8888888889,0.0,0.005276715000879479
1657353863000,969000,2022-07-09 08:04:23,2022-07-09 08:04:23,2022,7,9,5,3,979000.0,989433.3333333334,986888.8888888889,0.0,0.005257360476666701
1657527621000,969000,2022-07-11 08:20:21,2022-07-11 08:20:21,2022,7,11,0,3,975857.1428571428,988933.3333333334,986666.6666666666,0.0,0.005250748843998358
1657613413000,966000,2022-07-12 08:10:13,2022-07-12 08:10:13,2022,7,12,1,3,972571.4285714285,987966.6666666666,986455.5555555555,-0.003095975232198178,0.004781905444798936
1657699844000,964000,2022-07-13 08:10:44,2022-07-13 08:10:44,2022,7,13,2,3,969000.0,986933.3333333334,986222.2222222222,-0.0020703933747412417,0.004782297807647152
1657786066000,967000,2022-07-14 08:07:46,2022-07-14 08:07:46,2022,7,14,3,3,967571.4285714285,985966.6666666666,986022.2222222222,0.003112033195020736,0.004828666144408842
1657872795000,962000,2022-07-15 08:13:15,2022-07-15 08:13:15,2022,7,15,4,3,966571.4285714285,985166.6666666666,985733.3333333334,-0.005170630816959676,0.004589277639418855
1657958835000,962000,2022-07-16 08:07:15,2022-07-16 08:07:15,2022,7,16,5,3,965571.4285714285,984433.3333333334,985500.0,0.0,0.004585662062781605
1658041732000,962000,2022-07-17 07:08:52,2022-07-17 07:08:52,2022,7,17,6,3,964571.4285714285,983366.6666666666,985255.5555555555,0.0,0.0041021132499184645
1658131331000,963000,2022-07-18 08:02:11,2022-07-18 08:02:11,2022,7,18,0,3,963714.2857142857,982166.6666666666,984977.7777777778,0.0010395010395010118,0.0039592917101291675
1658218743000,961000,2022-07-19 08:19:03,2022-07-19 08:19:03,2022,7,19,1,3,963000.0,980900.0,984611.1111111111,-0.0020768431983385627,0.003955469236181643
1658305124000,963000,2022-07-20 08:18:44,2022-07-20 08:18:44,2022,7,20,2,3,962857.1428571428,979700.0,984266.6666666666,0.0020811654526535772,0.003996803742755146
1658391128000,957000,2022-07-21 08:12:08,2022-07-21 08:12:08,2022,7,21,3,3,961428.5714285715,978300.0,983866.6666666666,-0.006230529595015577,0.0040922360266163775
1658478052000,965000,2022-07-22 08:20:52,2022-07-22 08:20:52,2022,7,22,4,3,961857.1428571428,977166.6666666666,983511.1111111111,0.008359456635318674,0.004460479801495146
1658564143000,970000,2022-07-23 08:15:43,2022-07-23 08:15:43,2022,7,23,5,3,963000.0,976400.0,983155.5555555555,0.005181347150259086,0.004507380381797212
1658647602000,970000,2022-07-24 07:26:42,2022-07-24 07:26:42,2022,7,24,6,3,964142.8571428572,975433.3333333334,982755.5555555555,0.0,0.004323688401946051
1658737010000,969000,2022-07-25 08:16:50,2022-07-25 08:16:50,2022,7,25,0,3,965000.0,974666.6666666666,982355.5555555555,-0.0010309278350515427,0.004171045217991596
1658823449000,966000,2022-07-26 08:17:29,2022-07-26 08:17:29,2022,7,26,1,3,965714.2857142857,973800.0,981922.2222222222,-0.003095975232198178,0.004189513784078792
1658909500000,966000,2022-07-27 08:11:40,2022-07-27 08:11:40,2022,7,27,2,3,966142.8571428572,972933.3333333334,981488.8888888889,0.0,0.004189513784078792
1658995839000,978000,2022-07-28 08:10:39,2022-07-28 08:10:39,2022,7,28,3,3,969142.8571428572,972400.0,981133.3333333334,0.012422360248447228,0.004820537234485335
1659082793000,982000,2022-07-29 08:19:53,2022-07-29 08:19:53,2022,7,29,4,3,971571.4285714285,972200.0,980855.5555555555,0.004089979550102152,0.004775975697781191
1659169161000,982000,2022-07-30 08:19:21,2022-07-30 08:19:21,2022,7,30,5,3,973285.7142857143,972000.0,980711.1111111111,0.0,0.004775975697781191
1659252849000,982000,2022-07-31 07:34:09,2022-07-31 07:34:09,2022,7,31,6,3,975000.0,971800.0,980533.3333333334,0.0,0.004775975697781191
1659340379000,980000,2022-08-01 07:52:59,2022-08-01 07:52:59,2022,8,1,0,3,976571.4285714285,971666.6666666666,980344.4444444445,-0.0020366598778004397,0.004733894667699056
1659428381000,984000,2022-08-02 08:19:41,2022-08-02 08:19:41,2022,8,2,1,3,979142.8571428572,971433.3333333334,980288.8888888889,0.004081632653061273,0.004604615804796941
1659514714000,978000,2022-08-03 08:18:34,2022-08-03 08:18:34,2022,8,3,2,3,980857.1428571428,971000.0,980166.6666666666,-0.0060975609756097615,0.00472723858107604
1659599983000,983000,2022-08-04 07:59:43,2022-08-04 07:59:43,2022,8,4,3,3,981571.4285714285,970800.0,980111.1111111111,0.005112474437627856,0.004822891465148143
1659686313000,998000,2022-08-05 07:58:33,2022-08-05 07:58:33,2022,8,5,4,3,983857.1428571428,971100.0,980288.8888888889,0.015259409969481164,0.00558780340568864
1659773935000,989000,2022-08-06 08:18:55,2022-08-06 08:18:55,2022,8,6,5,3,984857.1428571428,971500.0,980377.7777777778,-0.009018036072144242,0.005373266014142472
1659857036000,989000,2022-08-07 07:23:56,2022-08-07 07:23:56,2022,8,7,6,3,985857.1428571428,972166.6666666666,980533.3333333334,0.0,0.005123006591320912
1659944932000,987000,2022-08-08 07:48:52,2022-08-08 07:48:52,2022,8,8,0,3,986857.1428571428,972766.6666666666,980644.4444444445,-0.002022244691607722,0.005145705174380636
1660032135000,996000,2022-08-09 08:02:15,2022-08-09 08:02:15,2022,8,9,1,3,988571.4285714285,973666.6666666666,980933.3333333334,0.00911854103343468,0.00537177071329093
1660119036000,995000,2022-08-10 08:10:36,2022-08-10 08:10:36,2022,8,10,2,3,991000.0,974533.3333333334,981255.5555555555,-0.0010040160642570406,0.005380887073903293
1660205447000,995000,2022-08-11 08:10:47,2022-08-11 08:10:47,2022,8,11,3,3,992714.2857142857,975500.0,981477.7777777778,0.0,0.0053311254925148795
1660291646000,990000,2022-08-12 08:07:26,2022-08-12 08:07:26,2022,8,12,4,3,991571.4285714285,976366.6666666666,981711.1111111111,-0.005025125628140725,0.005416420387140429
1660378685000,990000,2022-08-13 08:18:05,2022-08-13 08:18:05,2022,8,13,5,3,991714.2857142857,977133.3333333334,981966.6666666666,0.0,0.005402410086362282
1660460908000,990000,2022-08-14 07:08:28,2022-08-14 07:08:28,2022,8,14,6,3,991857.1428571428,978066.6666666666,982222.2222222222,0.0,0.005286668337933968
1660551502000,988000,2022-08-15 08:18:22,2022-08-15 08:18:22,2022,8,15,0,3,992000.0,978933.3333333334,982455.5555555555,-0.002020202020202033,0.005312257911718909
1660638058000,980000,2022-08-16 08:20:58,2022-08-16 08:20:58,2022,8,16,1,3,989714.2857142857,979533.3333333334,982522.2222222222,-0.0080971659919028,0.005559655571913802
1660724371000,980000,2022-08-17 08:19:31,2022-08-17 08:19:31,2022,8,17,2,3,987571.4285714285,980100.0,982622.2222222222,0.0,0.005560274117812907
1660809622000,975000,2022-08-18 08:00:22,2022-08-18 08:00:22,2022,8,18,3,3,984714.2857142857,980566.6666666666,982644.4444444445,-0.005102040816326481,0.005637361980199155
1660896789000,974000,2022-08-19 08:13:09,2022-08-19 08:13:09,2022,8,19,4,3,982428.5714285715,980933.3333333334,982522.2222222222,-0.0010256410256410664,0.0056358032083522365
1660983477000,972000,2022-08-20 08:17:57,2022-08-20 08:17:57,2022,8,20,5,3,979857.1428571428,981433.3333333334,982388.8888888889,-0.002053388090349051,0.005516839464763899
1661065383000,972000,2022-08-21 07:03:03,2022-08-21 07:03:03,2022,8,21,6,3,977285.7142857143,981666.6666666666,982255.5555555555,0.0,0.005315347955203422
1661155813000,971000,2022-08-22 08:10:13,2022-08-22 08:10:13,2022,8,22,0,3,974857.1428571428,981700.0,982111.1111111111,-0.0010288065843621075,0.005237211158750282
1661242849000,968000,2022-08-23 08:20:49,2022-08-23 08:20:49,2022,8,23,1,3,973142.8571428572,981633.3333333334,981900.0,-0.003089598352214229,0.005268462821258633
1661329386000,972000,2022-08-24 08:23:06,2022-08-24 08:23:06,2022,8,24,2,3,972000.0,981733.3333333334,981677.7777777778,0.004132231404958775,0.005319582077260788
1661414681000,972000,2022-08-25 08:04:41,2022-08-25 08:04:41,2022,8,25,3,3,971571.4285714285,981933.3333333334,981500.0,0.0,0.005285026529893104
1661501677000,972000,2022-08-26 08:14:37,2022-08-26 08:14:37,2022,8,26,4,3,971285.7142857143,982133.3333333334,981322.2222222222,0.0,0.005285026529893104
1661588287000,964000,2022-08-27 08:18:07,2022-08-27 08:18:07,2022,8,27,5,3,970142.8571428572,981666.6666666666,981077.7777777778,-0.008230452674897082,0.004976853131113412
1661671745000,964000,2022-08-28 07:29:05,2022-08-28 07:29:05,2022,8,28,6,3,969000.0,981066.6666666666,980833.3333333334,0.0,0.004903146944967519
1661760402000,962000,2022-08-29 08:06:42,2022-08-29 08:06:42,2022,8,29,0,3,967714.2857142857,980400.0,980577.7777777778,-0.0020746887966804906,0.004908948882368269
1661846780000,965000,2022-08-30 08:06:20,2022-08-30 08:06:20,2022,8,30,1,3,967285.7142857143,979833.3333333334,980377.7777777778,0.0031185031185030354,0.004956502201554552
1661934028000,957000,2022-08-31 08:20:28,2022-08-31 08:20:28,2022,8,31,2,3,965142.8571428572,979066.6666666666,980133.3333333334,-0.00829015544041456,0.005148101407043674
1662019687000,949000,2022-09-01 08:08:07,2022-09-01 08:08:07,2022,9,1,3,3,961857.1428571428,977900.0,979744.4444444445,-0.008359456635318674,0.005243304592855066
1662106710000,947000,2022-09-02 08:18:30,2022-09-02 08:18:30,2022,9,2,4,3,958285.7142857143,976866.6666666666,979277.7777777778,-0.0021074815595363283,0.005164627333473561
1662193752000,952000,2022-09-03 08:29:12,2022-09-03 08:29:12,2022,9,3,5,3,956571.4285714285,975833.3333333334,978977.7777777778,0.0052798310454065245,0.005171610349511475
1662273058000,952000,2022-09-04 06:30:58,2022-09-04 06:30:58,2022,9,4,6,3,954857.1428571428,974300.0,978677.7777777778,0.0,0.0041639778859892
1662364743000,951000,2022-09-05 07:59:03,2022-09-05 07:59:03,2022,9,5,0,3,953285.7142857143,973033.3333333334,978355.5555555555,-0.0010504201680672232,0.003918993147688876
1662453200000,955000,2022-09-06 08:33:20,2022-09-06 08:33:20,2022,9,6,1,3,951857.1428571428,971900.0,978122.2222222222,0.004206098843322792,0.00404037808532107
1662538007000,946000,2022-09-07 08:06:47,2022-09-07 08:06:47,2022,9,7,2,3,950285.7142857143,970533.3333333334,977733.3333333334,-0.009424083769633551,0.004311880320731227
1662624843000,950000,2022-09-08 08:14:03,2022-09-08 08:14:03,2022,9,8,3,3,950428.5714285715,969000.0,977366.6666666666,0.0042283298097252064,0.003980022199313027
1662711506000,947000,2022-09-09 08:18:26,2022-09-09 08:18:26,2022,9,9,4,3,950428.5714285715,967400.0,976955.5555555555,-0.0031578947368421373,0.003988928513976782
1662796453000,947000,2022-09-10 07:54:13,2022-09-10 07:54:13,2022,9,10,5,3,949714.2857142857,965800.0,976422.2222222222,0.0,0.003988928513976782
1662881118000,947000,2022-09-11 07:25:18,2022-09-11 07:25:18,2022,9,11,6,3,949000.0,964366.6666666666,975888.8888888889,0.0,0.0039471257694675185
1662970144000,947000,2022-09-12 08:09:04,2022-09-12 08:09:04,2022,9,12,0,3,948428.5714285715,962933.3333333334,975344.4444444445,0.0,0.0039471257694675185
1663057072000,950000,2022-09-13 08:17:52,2022-09-13 08:17:52,2022,9,13,1,3,947714.2857142857,961600.0,974944.4444444445,0.0031678986272438703,0.004029369568312772
1663143045000,942000,2022-09-14 08:10:45,2022-09-14 08:10:45,2022,9,14,2,3,947142.8571428572,960066.6666666666,974477.7777777778,-0.008421052631578996,0.004229695716656002
1663229984000,942000,2022-09-15 08:19:44,2022-09-15 08:19:44,2022,9,15,3,3,946000.0,958800.0,973900.0,0.0,0.004054141457711438
1663316324000,933000,2022-09-16 08:18:44,2022-09-16 08:18:44,2022,9,16,4,3,944000.0,957233.3333333334,973166.6666666666,-0.009554140127388533,0.004314626872671687
1663402682000,940000,2022-09-17 08:18:02,2022-09-17 08:18:02,2022,9,17,5,3,943000.0,956066.6666666666,972511.1111111111,0.007502679528403,0.004570767353315568
1663483707000,940000,2022-09-18 06:48:27,2022-09-18 06:48:27,2022,9,18,6,3,942000.0,954933.3333333334,971855.5555555555,0.0,0.004576008982285589
1663574342000,940000,2022-09-19 07:59:02,2022-09-19 07:59:02,2022,9,19,0,3,941000.0,953866.6666666666,971200.0,0.0,0.004577751231429327
1663661849000,942000,2022-09-20 08:17:29,2022-09-20 08:17:29,2022,9,20,1,3,939857.1428571428,952866.6666666666,970566.6666666666,0.0021276595744681437,0.0046118173769364775
1663747628000,937000,2022-09-21 08:07:08,2022-09-21 08:07:08,2022,9,21,2,3,939142.8571428572,951733.3333333334,969944.4444444445,-0.005307855626326963,0.004677351788078172
1663834581000,937000,2022-09-22 08:16:21,2022-09-22 08:16:21,2022,9,22,3,3,938428.5714285715,950700.0,969255.5555555555,0.0,0.00466778710095351
1663921141000,941000,2022-09-23 08:19:01,2022-09-23 08:19:01,2022,9,23,4,3,939571.4285714285,949666.6666666666,968688.8888888889,0.004268943436499528,0.004673108622420134
1664007526000,932000,2022-09-24 08:18:46,2022-09-24 08:18:46,2022,9,24,5,3,938428.5714285715,948333.3333333334,968022.2222222222,-0.009564293304994642,0.0049175039393707445
1664089108000,932000,2022-09-25 06:58:28,2022-09-25 06:58:28,2022,9,25,6,3,937285.7142857143,947000.0,967355.5555555555,0.0,0.0049175039393707445
1664179786000,932000,2022-09-26 08:09:46,2022-09-26 08:09:46,2022,9,26,0,3,936142.8571428572,945933.3333333334,966666.6666666666,0.0,0.004749315715405002
1664266285000,930000,2022-09-27 08:11:25,2022-09-27 08:11:25,2022,9,27,1,3,934428.5714285715,944800.0,966022.2222222222,-0.0021459227467811592,0.0047481232844113225
1664352572000,932000,2022-09-28 08:09:32,2022-09-28 08:09:32,2022,9,28,2,3,933714.2857142857,943800.0,965400.0,0.0021505376344086446,0.004783365070707317
1664438510000,942000,2022-09-29 08:01:50,2022-09-29 08:01:50,2022,9,29,3,3,934428.5714285715,943033.3333333334,964888.8888888889,0.010729613733905685,0.00519583278114215
1664525021000,945000,2022-09-30 08:03:41,2022-09-30 08:03:41,2022,9,30,4,3,935000.0,942633.3333333334,964455.5555555555,0.0031847133757962887,0.00504489085596801
1664612370000,943000,2022-10-01 08:19:30,2022-10-01 08:19:30,2022,10,1,5,4,936571.4285714285,942433.3333333334,963922.2222222222,-0.002116402116402072,0.004829768300216306
1664695327000,943000,2022-10-02 07:22:07,2022-10-02 07:22:07,2022,10,2,6,4,938142.8571428572,942300.0,963388.8888888889,0.0,0.004816376923390667
1664785138000,945000,2022-10-03 08:18:58,2022-10-03 08:18:58,2022,10,3,0,4,940000.0,942066.6666666666,962900.0,0.0021208907741250282,0.0047277450103371576
1664871599000,955000,2022-10-04 08:19:59,2022-10-04 08:19:59,2022,10,4,1,4,943571.4285714285,942166.6666666666,962522.2222222222,0.010582010582010692,0.005124043360849594
1664957984000,962000,2022-10-05 08:19:44,2022-10-05 08:19:44,2022,10,5,2,4,947857.1428571428,942533.3333333334,962355.5555555555,0.00732984293193728,0.0052841023520233885
1665043761000,957000,2022-10-06 08:09:21,2022-10-06 08:09:21,2022,10,6,3,4,950000.0,942600.0,962222.2222222222,-0.00519750519750517,0.005329069704135728
1665130709000,953000,2022-10-07 08:18:29,2022-10-07 08:18:29,2022,10,7,4,4,951142.8571428572,942833.3333333334,962044.4444444445,-0.004179728317659337,0.005086951138623995
1665216255000,949000,2022-10-08 08:04:15,2022-10-08 08:04:15,2022,10,8,5,4,952000.0,942800.0,961822.2222222222,-0.0041972717733472775,0.005092791829975388
1665298617000,949000,2022-10-09 06:56:57,2022-10-09 06:56:57,2022,10,9,6,4,952857.1428571428,942866.6666666666,961600.0,0.0,0.005058271496511642
1665389915000,949000,2022-10-10 08:18:35,2022-10-10 08:18:35,2022,10,10,0,4,953428.5714285715,942933.3333333334,961411.1111111111,0.0,0.005058271496511642
1665476333000,941000,2022-10-11 08:18:53,2022-10-11 08:18:53,2022,10,11,1,4,951428.5714285715,942733.3333333334,961155.5555555555,-0.008429926238145424,0.0052917833790502794
1665561520000,941000,2022-10-12 07:58:40,2022-10-12 07:58:40,2022,10,12,2,4,948428.5714285715,942533.3333333334,960866.6666666666,0.0,0.0052917833790502794
1665647400000,945000,2022-10-13 07:50:00,2022-10-13 07:50:00,2022,10,13,3,4,946714.2857142857,942366.6666666666,960677.7777777778,0.004250797024442088,0.005319159490870315
1665735844000,940000,2022-10-14 08:24:04,2022-10-14 08:24:04,2022,10,14,4,4,944857.1428571428,942300.0,960433.3333333334,-0.005291005291005346,0.005180466568484014
1665821430000,935000,2022-10-15 08:10:30,2022-10-15 08:10:30,2022,10,15,5,4,942857.1428571428,942066.6666666666,960133.3333333334,-0.005319148936170248,0.005268691798576758
1665905197000,935000,2022-10-16 07:26:37,2022-10-16 07:26:37,2022,10,16,6,4,940857.1428571428,942133.3333333334,959822.2222222222,0.0,0.0049660361197093545
1665993817000,935000,2022-10-17 08:03:37,2022-10-17 08:03:37,2022,10,17,0,4,938857.1428571428,941966.6666666666,959533.3333333334,0.0,0.004764332816058655
1666082013000,940000,2022-10-18 08:33:33,2022-10-18 08:33:33,2022,10,18,1,4,938714.2857142857,941966.6666666666,959277.7777777778,0.005347593582887722,0.0048696620834018595
1666167640000,940000,2022-10-19 08:20:40,2022-10-19 08:20:40,2022,10,19,2,4,938571.4285714285,941966.6666666666,959088.8888888889,0.0,0.0048696620834018595
1666254022000,933000,2022-10-20 08:20:22,2022-10-20 08:20:22,2022,10,20,3,4,936857.1428571428,941666.6666666666,958733.3333333334,-0.007446808510638281,0.0050370567440678315
1666339861000,936000,2022-10-21 08:11:01,2022-10-21 08:11:01,2022,10,21,4,4,936285.7142857143,941633.3333333334,958355.5555555555,0.003215434083601254,0.004985411837818807
1666426492000,945000,2022-10-22 08:14:52,2022-10-22 08:14:52,2022,10,22,5,4,937714.2857142857,941900.0,958077.7777777778,0.009615384615384581,0.005286948745863183
1666514779000,945000,2022-10-23 08:46:19,2022-10-23 08:46:19,2022,10,23,6,4,939142.8571428572,942033.3333333334,957811.1111111111,0.0,0.005233534954260667
1666598700000,946000,2022-10-24 08:05:00,2022-10-24 08:05:00,2022,10,24,0,4,940714.2857142857,942500.0,957588.8888888889,0.0010582010582009804,0.004902161895612982
1666686449000,943000,2022-10-25 08:27:29,2022-10-25 08:27:29,2022,10,25,1,4,941142.8571428572,942866.6666666666,957333.3333333334,-0.003171247357293905,0.00494749194428473
1666772117000,943000,2022-10-26 08:15:17,2022-10-26 08:15:17,2022,10,26,2,4,941571.4285714285,943233.3333333334,956944.4444444445,0.0,0.00494749194428473
1666859283000,948000,2022-10-27 08:28:03,2022-10-27 08:28:03,2022,10,27,3,4,943714.2857142857,943833.3333333334,956566.6666666666,0.005302226935312904,0.005001754334608725
1666945184000,944000,2022-10-28 08:19:44,2022-10-28 08:19:44,2022,10,28,4,4,944857.1428571428,944233.3333333334,956144.4444444445,-0.00421940928270037,0.005070645957291866
1667031229000,939000,2022-10-29 08:13:49,2022-10-29 08:13:49,2022,10,29,5,4,944000.0,944133.3333333334,955666.6666666666,-0.005296610169491567,0.004785284062539583
1667111940000,939000,2022-10-30 06:39:00,2022-10-30 06:39:00,2022,10,30,6,4,943142.8571428572,943933.3333333334,955211.1111111111,0.0,0.004745168492503608
1667204761000,939000,2022-10-31 08:26:01,2022-10-31 08:26:01,2022,10,31,0,4,942142.8571428572,943800.0,954711.1111111111,0.0,0.0047314290922879365
1667290945000,936000,2022-11-01 08:22:25,2022-11-01 08:22:25,2022,11,1,1,4,941142.8571428572,943566.6666666666,954244.4444444445,-0.0031948881789137795,0.004764223766919751
1667377586000,944000,2022-11-02 08:26:26,2022-11-02 08:26:26,2022,11,2,2,4,941285.7142857143,943533.3333333334,953811.1111111111,0.008547008547008517,0.0050119321652722
1667463859000,939000,2022-11-03 08:24:19,2022-11-03 08:24:19,2022,11,3,3,4,940000.0,943000.0,953155.5555555555,-0.005296610169491567,0.004680846787171359
1667550097000,939000,2022-11-04 08:21:37,2022-11-04 08:21:37,2022,11,4,4,4,939285.7142857143,942233.3333333334,952600.0,0.0,0.004440344666163829
1667636508000,954000,2022-11-05 08:21:48,2022-11-05 08:21:48,2022,11,5,5,4,941428.5714285715,942133.3333333334,952211.1111111111,0.015974440894568787,0.005313447741570081
1667718695000,954000,2022-11-06 07:11:35,2022-11-06 07:11:35,2022,11,6,6,4,943571.4285714285,942166.6666666666,951844.4444444445,0.0,0.005257040471543283
1667808833000,951000,2022-11-07 08:13:53,2022-11-07 08:13:53,2022,11,7,0,4,945285.7142857143,942233.3333333334,951344.4444444445,-0.0031446540880503138,0.005231176312005382
1667895657000,950000,2022-11-08 08:20:57,2022-11-08 08:20:57,2022,11,8,1,4,947285.7142857143,942266.6666666666,950844.4444444445,-0.001051524710830698,0.005235275307174796
1667981878000,961000,2022-11-09 08:17:58,2022-11-09 08:17:58,2022,11,9,2,4,949714.2857142857,942666.6666666666,950466.6666666666,0.011578947368421133,0.005642570187278458
1668068651000,959000,2022-11-10 08:24:11,2022-11-10 08:24:11,2022,11,10,3,4,952571.4285714285,943266.6666666666,950122.2222222222,-0.002081165452653466,0.005413040417214927
1668155128000,974000,2022-11-11 08:25:28,2022-11-11 08:25:28,2022,11,11,4,4,957571.4285714285,944366.6666666666,949944.4444444445,0.01564129301355588,0.0060629424207059935
1668241370000,972000,2022-11-12 08:22:50,2022-11-12 08:22:50,2022,11,12,5,4,960142.8571428572,945266.6666666666,949744.4444444445,-0.002053388090349051,0.006061633612554674
1668325480000,972000,2022-11-13 07:44:40,2022-11-13 07:44:40,2022,11,13,6,4,962714.2857142857,946333.3333333334,949566.6666666666,0.0,0.005949506919410967
1668414022000,970000,2022-11-14 08:20:22,2022-11-14 08:20:22,2022,11,14,0,4,965428.5714285715,947500.0,949455.5555555555,-0.002057613168724326,0.005856603306423115
1668499804000,973000,2022-11-15 08:10:04,2022-11-15 08:10:04,2022,11,15,1,4,968714.2857142857,948766.6666666666,949377.7777777778,0.003092783505154628,0.005861201757500724
1668585800000,981000,2022-11-16 08:03:20,2022-11-16 08:03:20,2022,11,16,2,4,971571.4285714285,950300.0,949444.4444444445,0.008221993833504637,0.005987004294535877
1668673300000,981000,2022-11-17 08:21:40,2022-11-17 08:21:40,2022,11,17,3,4,974714.2857142857,951666.6666666666,949522.2222222222,0.0,0.005951678922508103
1668759777000,980000,2022-11-18 08:22:57,2022-11-18 08:22:57,2022,11,18,4,4,975571.4285714285,953000.0,949611.1111111111,-0.0010193679918450993,0.0059630891334736084
1668846280000,978000,2022-11-19 08:24:40,2022-11-19 08:24:40,2022,11,19,5,4,976428.5714285715,954500.0,949677.7777777778,-0.0020408163265306367,0.005764685255993977
1668929739000,978000,2022-11-20 07:35:39,2022-11-20 07:35:39,2022,11,20,6,4,977285.7142857143,955900.0,949755.5555555555,0.0,0.005763262539535871
1669018477000,978000,2022-11-21 08:14:37,2022-11-21 08:14:37,2022,11,21,0,4,978428.5714285715,957000.0,949866.6666666666,0.0,0.005558987492712198
1669105201000,975000,2022-11-22 08:20:01,2022-11-22 08:20:01,2022,11,22,1,4,978714.2857142857,958000.0,949900.0,-0.0030674846625766694,0.005609038787463312
1669191233000,977000,2022-11-23 08:13:53,2022-11-23 08:13:53,2022,11,23,2,4,978142.8571428572,959033.3333333334,949955.5555555555,0.002051282051282133,0.005611973305414414
1669278088000,981000,2022-11-24 08:21:28,2022-11-24 08:21:28,2022,11,24,3,4,978142.8571428572,960300.0,950055.5555555555,0.004094165813715467,0.005578384912396703
1669363796000,980000,2022-11-25 08:09:56,2022-11-25 08:09:56,2022,11,25,4,4,978142.8571428572,961533.3333333334,950233.3333333334,-0.0010193679918450993,0.005589875205813026
1669449840000,981000,2022-11-26 08:04:00,2022-11-26 08:04:00,2022,11,26,5,4,978571.4285714285,962633.3333333334,950422.2222222222,0.0010204081632652073,0.005538556374504299
1669533434000,981000,2022-11-27 07:17:14,2022-11-27 07:17:14,2022,11,27,6,4,979000.0,963866.6666666666,950633.3333333334,0.0,0.005450215500051932
1669622666000,979000,2022-11-28 08:04:26,2022-11-28 08:04:26,2022,11,28,0,4,979142.8571428572,965200.0,950788.8888888889,-0.0020387359836900876,0.005345770788847631
1669710029000,977000,2022-11-29 08:20:29,2022-11-29 08:20:29,2022,11,29,1,4,979428.5714285715,966466.6666666666,951011.1111111111,-0.002042900919305368,0.005377207610120466
1669795162000,981000,2022-11-30 07:59:22,2022-11-30 07:59:22,2022,11,30,2,4,980000.0,967866.6666666666,951366.6666666666,0.004094165813715467,0.0053940296006373305
1669882479000,991000,2022-12-01 08:14:39,2022-12-01 08:14:39,2022,12,1,3,4,981428.5714285715,969700.0,951855.5555555555,0.010193679918450549,0.0055461730111097405
1669971041000,1004000,2022-12-02 08:50:41,2022-12-02 08:50:41,2022,12,2,4,4,984857.1428571428,971700.0,952433.3333333334,0.013118062563067578,0.005791863942661576
1670055606000,998000,2022-12-03 08:20:06,2022-12-03 08:20:06,2022,12,3,5,4,987285.7142857143,973666.6666666666,952944.4444444445,-0.005976095617529875,0.005822919433597442
1670138075000,998000,2022-12-04 07:14:35,2022-12-04 07:14:35,2022,12,4,6,4,989714.2857142857,975633.3333333334,953466.6666666666,0.0,0.005822919433597442
1670227241000,999000,2022-12-05 08:00:41,2022-12-05 08:00:41,2022,12,5,0,4,992571.4285714285,977133.3333333334,953955.5555555555,0.0010020040080160886,0.005196183082317485
1670314075000,984000,2022-12-06 08:07:55,2022-12-06 08:07:55,2022,12,6,1,4,993571.4285714285,978133.3333333334,954377.7777777778,-0.01501501501501501,0.006010069500936422
1670400503000,984000,2022-12-07 08:08:23,2022-12-07 08:08:23,2022,12,7,2,4,994000.0,979233.3333333334,954755.5555555555,0.0,0.005961614968694245
1670486478000,999000,2022-12-08 08:01:18,2022-12-08 08:01:18,2022,12,8,3,4,995142.8571428572,980866.6666666666,955333.3333333334,0.015243902439024293,0.006473998095003821
1670572941000,1003000,2022-12-09 08:02:21,2022-12-09 08:02:21,2022,12,9,4,4,995000.0,982266.6666666666,955955.5555555555,0.004004004004003914,0.006217991514280437
1670660132000,1007000,2022-12-10 08:15:32,2022-12-10 08:15:32,2022,12,10,5,4,996285.7142857143,983866.6666666666,956622.2222222222,0.003988035892322994,0.006197992149398675
1670742851000,1007000,2022-12-11 07:14:11,2022-12-11 07:14:11,2022,12,11,6,4,997571.4285714285,984966.6666666666,957288.8888888889,0.0,0.005610278523377079
1670832637000,1005000,2022-12-12 08:10:37,2022-12-12 08:10:37,2022,12,12,0,4,998428.5714285715,986066.6666666666,957900.0,-0.0019860973187686426,0.0056089766626876755
1670919772000,998000,2022-12-13 08:22:52,2022-12-13 08:22:52,2022,12,13,1,4,1000428.5714285715,986933.3333333334,958522.2222222222,-0.006965174129353269,0.005798268667492008
1671005283000,1013000,2022-12-14 08:08:03,2022-12-14 08:08:03,2022,12,14,2,4,1004571.4285714285,988366.6666666666,959311.1111111111,0.01503006012024044,0.006314391111787462
1671092700000,1013000,2022-12-15 08:25:00,2022-12-15 08:25:00,2022,12,15,3,4,1006571.4285714285,989700.0,960200.0,0.0,0.006312164299214144
1671178758000,1000000,2022-12-16 08:19:18,2022-12-16 08:19:18,2022,12,16,4,4,1006142.8571428572,990333.3333333334,960866.6666666666,-0.012833168805528095,0.006682886543448773
1671264589000,1008000,2022-12-17 08:09:49,2022-12-17 08:09:49,2022,12,17,5,4,1006285.7142857143,991233.3333333334,961622.2222222222,0.008000000000000007,0.006813920621412126
1671347614000,1008000,2022-12-18 07:13:34,2022-12-18 07:13:34,2022,12,18,6,4,1006428.5714285715,992166.6666666666,962377.7777777778,0.0,0.006806413102570512
1671438002000,1007000,2022-12-19 08:20:02,2022-12-19 08:20:02,2022,12,19,0,4,1006714.2857142857,993133.3333333334,963100.0,-0.0009920634920634885,0.006793139722640779
1671524438000,1004000,2022-12-20 08:20:38,2022-12-20 08:20:38,2022,12,20,1,4,1007571.4285714285,994000.0,963844.4444444445,-0.002979145978152964,0.006829889426506749
1671610987000,1016000,2022-12-21 08:23:07,2022-12-21 08:23:07,2022,12,21,2,4,1008000.0,995266.6666666666,964722.2222222222,0.01195219123505975,0.007118246448196079
1671696557000,1014000,2022-12-22 08:09:17,2022-12-22 08:09:17,2022,12,22,3,4,1008142.8571428572,996566.6666666666,965533.3333333334,-0.0019685039370078705,0.007097815380859221
1671783687000,1004000,2022-12-23 08:21:27,2022-12-23 08:21:27,2022,12,23,4,4,1008714.2857142857,997466.6666666666,966333.3333333334,-0.009861932938856066,0.0073837167555028185
1671870258000,1006000,2022-12-24 08:24:18,2022-12-24 08:24:18,2022,12,24,5,4,1008428.5714285715,998300.0,967155.5555555555,0.0019920318725099584,0.007362651223550763
1671953553000,1006000,2022-12-25 07:32:33,2022-12-25 07:32:33,2022,12,25,6,4,1008142.8571428572,999166.6666666666,967977.7777777778,0.0,0.007356002476127345
1672041756000,1006000,2022-12-26 08:02:36,2022-12-26 08:02:36,2022,12,26,0,4,1008000.0,1000000.0,968822.2222222222,0.0,0.007357782214595888
1672128672000,1008000,2022-12-27 08:11:12,2022-12-27 08:11:12,2022,12,27,1,4,1008571.4285714285,1000900.0,969666.6666666666,0.001988071570576455,0.007358672805842747
1672215788000,1014000,2022-12-28 08:23:08,2022-12-28 08:23:08,2022,12,28,2,4,1008285.7142857143,1002066.6666666666,970466.6666666666,0.005952380952380931,0.007392001685019869
1672301993000,1012000,2022-12-29 08:19:53,2022-12-29 08:19:53,2022,12,29,3,4,1008000.0,1003233.3333333334,971211.1111111111,-0.0019723865877712132,0.007390946773660711
1672389845000,1020000,2022-12-30 08:44:05,2022-12-30 08:44:05,2022,12,30,4,4,1010285.7142857143,1004533.3333333334,972066.6666666666,0.007905138339920903,0.0074746768151007816
1672476477000,1026000,2022-12-31 08:47:57,2022-12-31 08:47:57,2022,12,31,5,4,1013142.8571428572,1005700.0,972988.8888888889,0.00588235294117645,0.007338536738462455
1672559584000,1026000,2023-01-01 07:53:04,2023-01-01 07:53:04,2023,1,1,6,1,1016000.0,1006433.3333333334,973888.8888888889,0.0,0.006985214646658272
1672646871000,1026000,2023-01-02 08:07:51,2023-01-02 08:07:51,2023,1,2,0,1,1018857.1428571428,1007366.6666666666,974677.7777777778,0.0,0.0068711760685990384
1672732463000,1022000,2023-01-03 07:54:23,2023-01-03 07:54:23,2023,1,3,1,1,1020857.1428571428,1008166.6666666666,975344.4444444445,-0.003898635477582846,0.006926322175250172
1672819399000,1024000,2023-01-04 08:03:19,2023-01-04 08:03:19,2023,1,4,2,1,1022285.7142857143,1009000.0,976088.8888888889,0.001956947162426559,0.006929402009076661
1672906816000,1031000,2023-01-05 08:20:16,2023-01-05 08:20:16,2023,1,5,3,1,1025000.0,1010566.6666666666,976955.5555555555,0.0068359375,0.006326766369150165
1672992121000,1022000,2023-01-06 08:02:01,2023-01-06 08:02:01,2023,1,6,4,1,1025285.7142857143,1011833.3333333334,977766.6666666666,-0.008729388942773975,0.006596720385103614
1673079639000,1032000,2023-01-07 08:20:39,2023-01-07 08:20:39,2023,1,7,5,1,1026142.8571428572,1012933.3333333334,978688.8888888889,0.009784735812133016,0.006265350883413695
1673155185000,1032000,2023-01-08 05:19:45,2023-01-08 05:19:45,2023,1,8,6,1,1027000.0,1013900.0,979611.1111111111,0.0,0.00624402937330027
1673251729000,1033000,2023-01-09 08:08:49,2023-01-09 08:08:49,2023,1,9,0,1,1028000.0,1014766.6666666666,980633.3333333334,0.0009689922480620172,0.006217974708251382
1673338982000,1035000,2023-01-10 08:23:02,2023-01-10 08:23:02,2023,1,10,1,1,1029857.1428571428,1015700.0,981677.7777777778,0.0019361084220717029,0.006218694485421047
1673425013000,1035000,2023-01-11 08:16:53,2023-01-11 08:16:53,2023,1,11,2,1,1031428.5714285715,1016700.0,982677.7777777778,0.0,0.0061970778064461985
1673511792000,1035000,2023-01-12 08:23:12,2023-01-12 08:23:12,2023,1,12,3,1,1032000.0,1017933.3333333334,983733.3333333334,0.0,0.006016229433635907
1673598072000,1042000,2023-01-13 08:21:12,2023-01-13 08:21:12,2023,1,13,4,1,1034857.1428571428,1018900.0,984922.2222222222,0.006763285024154575,0.005532289175798096
1673683600000,1043000,2023-01-14 08:06:40,2023-01-14 08:06:40,2023,1,14,5,1,1036428.5714285715,1019900.0,986122.2222222222,0.0009596928982724684,0.00552934388750133
1673767687000,1043000,2023-01-15 07:28:07,2023-01-15 07:28:07,2023,1,15,6,1,1038000.0,1021333.3333333334,987322.2222222222,0.0,0.004881687015050248
1673856134000,1042000,2023-01-16 08:02:14,2023-01-16 08:02:14,2023,1,16,0,1,1039285.7142857143,1022466.6666666666,988455.5555555555,-0.0009587727708533222,0.004736897869527039
1673943558000,1032000,2023-01-17 08:19:18,2023-01-17 08:19:18,2023,1,17,1,1,1038857.1428571428,1023266.6666666666,989477.7777777778,-0.009596928982725572,0.005123249552212127
1674029370000,1022000,2023-01-18 08:09:30,2023-01-18 08:09:30,2023,1,18,2,1,1037000.0,1023766.6666666666,990466.6666666666,-0.009689922480620172,0.005462858258954243
1674115134000,1029000,2023-01-19 07:58:54,2023-01-19 07:58:54,2023,1,19,3,1,1036142.8571428572,1024600.0,991500.0,0.006849315068493178,0.005540713127693642
1674202804000,1039000,2023-01-20 08:20:04,2023-01-20 08:20:04,2023,1,20,4,1,1035714.2857142857,1025366.6666666666,992544.4444444445,0.009718172983479212,0.005399355397568926
1674288071000,1035000,2023-01-21 08:01:11,2023-01-21 08:01:11,2023,1,21,5,1,1034571.4285714285,1026066.6666666666,993544.4444444445,-0.0038498556304138454,0.005442895617424692
1674371430000,1035000,2023-01-22 07:10:30,2023-01-22 07:10:30,2023,1,22,6,1,1033428.5714285715,1027100.0,994533.3333333334,0.0,0.005068035153134717
1674461648000,1035000,2023-01-23 08:14:08,2023-01-23 08:14:08,2023,1,23,0,1,1032428.5714285715,1028066.6666666666,995555.5555555555,0.0,0.0050679993611895836
1674547227000,1037000,2023-01-24 08:00:27,2023-01-24 08:00:27,2023,1,24,1,1,1033142.8571428572,1029100.0,996600.0,0.0019323671497584183,0.005067654912179994
1674634447000,1040000,2023-01-25 08:14:07,2023-01-25 08:14:07,2023,1,25,2,1,1035714.2857142857,1030233.3333333334,997622.2222222222,0.0028929604628735728,0.005075005453938009
1674720157000,1035000,2023-01-26 08:02:37,2023-01-26 08:02:37,2023,1,26,3,1,1036571.4285714285,1031133.3333333334,998633.3333333334,-0.004807692307692291,0.005185434352711922
1674808044000,1030000,2023-01-27 08:27:24,2023-01-27 08:27:24,2023,1,27,4,1,1035285.7142857143,1031666.6666666666,999644.4444444445,-0.004830917874396157,0.005196468555367734
1674893956000,1029000,2023-01-28 08:19:16,2023-01-28 08:19:16,2023,1,28,5,1,1034428.5714285715,1032233.3333333334,1000644.4444444445,-0.000970873786407811,0.005183004093538744
1674976882000,1029000,2023-01-29 07:21:22,2023-01-29 07:21:22,2023,1,29,6,1,1033571.4285714285,1032533.3333333334,1001644.4444444445,0.0,0.004994670458322231
1675066102000,1029000,2023-01-30 08:08:22,2023-01-30 08:08:22,2023,1,30,0,1,1032714.2857142857,1032633.3333333334,1002677.7777777778,0.0,0.004882365105439946
1675152360000,1027000,2023-01-31 08:06:00,2023-01-31 08:06:00,2023,1,31,1,1,1031285.7142857143,1032666.6666666666,1003600.0,-0.0019436345966957758,0.0048967339781899495
1675239125000,1029000,2023-02-01 08:12:05,2023-02-01 08:12:05,2023,2,1,2,1,1029714.2857142857,1032766.6666666666,1004600.0,0.0019474196689386325,0.004909022362041511
1675326195000,1042000,2023-02-02 08:23:15,2023-02-02 08:23:15,2023,2,2,3,1,1030714.2857142857,1033433.3333333334,1005744.4444444445,0.01263362487852282,0.00535160897461615
1675412583000,1029000,2023-02-03 08:23:03,2023-02-03 08:23:03,2023,2,3,4,1,1030571.4285714285,1033600.0,1006577.7777777778,-0.0124760076775432,0.005855979276442619
1675499749000,1014000,2023-02-04 08:35:49,2023-02-04 08:35:49,2023,2,4,5,1,1028428.5714285715,1033033.3333333334,1007244.4444444445,-0.014577259475218707,0.006304427948819296
1675582167000,1014000,2023-02-05 07:29:27,2023-02-05 07:29:27,2023,2,5,6,1,1026285.7142857143,1032766.6666666666,1007944.4444444445,0.0,0.006111672064508626
1675671668000,1014000,2023-02-06 08:21:08,2023-02-06 08:21:08,2023,2,6,0,1,1024142.8571428572,1032166.6666666666,1008655.5555555555,0.0,0.005811757671754429
1675756797000,1017000,2023-02-07 07:59:57,2023-02-07 07:59:57,2023,2,7,1,1,1022714.2857142857,1031666.6666666666,1009277.7777777778,0.002958579881656709,0.00584676001700157
1675843962000,1028000,2023-02-08 08:12:42,2023-02-08 08:12:42,2023,2,8,2,1,1022571.4285714285,1031500.0,1010044.4444444445,0.010816125860373615,0.006196368119570248
1675929564000,1033000,2023-02-09 07:59:24,2023-02-09 07:59:24,2023,2,9,3,1,1021285.7142857143,1031433.3333333334,1010700.0,0.004863813229571967,0.006253040508362488
1676016726000,1026000,2023-02-10 08:12:06,2023-02-10 08:12:06,2023,2,10,4,1,1020857.1428571428,1031133.3333333334,1011300.0,-0.006776379477250738,0.006372587563113172
1676103851000,1028000,2023-02-11 08:24:11,2023-02-11 08:24:11,2023,2,11,5,1,1022857.1428571428,1030900.0,1011922.2222222222,0.0019493177387914784,0.006385375744686841
1676184735000,1028000,2023-02-12 06:52:15,2023-02-12 06:52:15,2023,2,12,6,1,1024857.1428571428,1030433.3333333334,1012566.6666666666,0.0,0.006248746986443324
1676275450000,1027000,2023-02-13 08:04:10,2023-02-13 08:04:10,2023,2,13,0,1,1026714.2857142857,1029900.0,1013166.6666666666,-0.0009727626459143934,0.0062438655933665385
1676361925000,1026000,2023-02-14 08:05:25,2023-02-14 08:05:25,2023,2,14,1,1,1028000.0,1029333.3333333334,1013666.6666666666,-0.0009737098344693162,0.006243727477219834
1676448281000,1029000,2023-02-15 08:04:41,2023-02-15 08:04:41,2023,2,15,2,1,1028142.8571428572,1028900.0,1014200.0,0.0029239766081872176,0.00627467230339618
1676534644000,1019000,2023-02-16 08:04:04,2023-02-16 08:04:04,2023,2,16,3,1,1026142.8571428572,1028466.6666666666,1014633.3333333334,-0.0097181729834791,0.006280836693205061
1676622221000,1019000,2023-02-17 08:23:41,2023-02-17 08:23:41,2023,2,17,4,1,1025142.8571428572,1028366.6666666666,1015088.8888888889,0.0,0.006030987441699198
1676707642000,1022000,2023-02-18 08:07:22,2023-02-18 08:07:22,2023,2,18,5,1,1024285.7142857143,1028133.3333333334,1015577.7777777778,0.0029440628066732533,0.0059173317612032615
1676787216000,1022000,2023-02-19 06:13:36,2023-02-19 06:13:36,2023,2,19,6,1,1023428.5714285715,1027566.6666666666,1016066.6666666666,0.0,0.005613242075897367
1676881565000,1020000,2023-02-20 08:26:05,2023-02-20 08:26:05,2023,2,20,0,1,1022428.5714285715,1027066.6666666666,1016566.6666666666,-0.00195694716242667,0.005585259077660137
1676967377000,1023000,2023-02-21 08:16:17,2023-02-21 08:16:17,2023,2,21,1,1,1022000.0,1026666.6666666666,1017077.7777777778,0.002941176470588225,0.005619527471311399
1677053502000,1019000,2023-02-22 08:11:42,2023-02-22 08:11:42,2023,2,22,2,1,1020571.4285714285,1026133.3333333334,1017500.0,-0.003910068426197455,0.005655796032176551
1677140635000,1015000,2023-02-23 08:23:55,2023-02-23 08:23:55,2023,2,23,3,1,1020000.0,1025400.0,1017888.8888888889,-0.003925417075564264,0.0056698925675730165
1677225945000,1016000,2023-02-24 08:05:45,2023-02-24 08:05:45,2023,2,24,4,1,1019571.4285714285,1024600.0,1018277.7777777778,0.0009852216748769127,0.005638830985627113
1677313680000,1012000,2023-02-25 08:28:00,2023-02-25 08:28:00,2023,2,25,5,1,1018142.8571428572,1023833.3333333334,1018622.2222222222,-0.003937007874015741,0.005619500437557772
1677395100000,1012000,2023-02-26 07:05:00,2023-02-26 07:05:00,2023,2,26,6,1,1016714.2857142857,1023233.3333333334,1018988.8888888889,0.0,0.005567009671662044
1677664760000,1021000,2023-03-01 09:59:20,2023-03-01 09:59:20,2023,3,1,2,1,1016857.1428571428,1022966.6666666666,1019477.7777777778,0.008893280632411127,0.0058278616449969015
1677751401000,1024000,2023-03-02 10:03:21,2023-03-02 10:03:21,2023,3,2,3,1,1017000.0,1022800.0,1019955.5555555555,0.002938295788442735,0.005856717467091727
1677834573000,1025000,2023-03-03 09:09:33,2023-03-03 09:09:33,2023,3,3,4,1,1017857.1428571428,1022666.6666666666,1020333.3333333334,0.0009765625,0.005860268313583326
1678090474000,1033000,2023-03-06 08:14:34,2023-03-06 08:14:34,2023,3,6,0,1,1020428.5714285715,1022866.6666666666,1020655.5555555555,0.007804878048780495,0.00602328019113391
1678176394000,1032000,2023-03-07 08:06:34,2023-03-07 08:06:34,2023,3,7,1,1,1022714.2857142857,1022966.6666666666,1021033.3333333334,-0.0009680542110358514,0.006017827822857983
1678262862000,1020000,2023-03-08 08:07:42,2023-03-08 08:07:42,2023,3,8,2,1,1023857.1428571428,1022233.3333333334,1021277.7777777778,-0.011627906976744207,0.005906605438503936
1678349434000,1024000,2023-03-09 08:10:34,2023-03-09 08:10:34,2023,3,9,3,1,1025571.4285714285,1022066.6666666666,1021555.5555555555,0.0039215686274509665,0.005525119890640982
1678436010000,1034000,2023-03-10 08:13:30,2023-03-10 08:13:30,2023,3,10,4,1,1027428.5714285715,1022733.3333333334,1022111.1111111111,0.009765625,0.005104372914841324
1678522660000,1049000,2023-03-11 08:17:40,2023-03-11 08:17:40,2023,3,11,5,1,1031000.0,1023900.0,1022833.3333333334,0.014506769825918697,0.005692567375372486
1678603581000,1049000,2023-03-12 06:46:21,2023-03-12 06:46:21,2023,3,12,6,1,1034428.5714285715,1025066.6666666666,1023388.8888888889,0.0,0.005692567375372486
1678695221000,1054000,2023-03-13 08:13:41,2023-03-13 08:13:41,2023,3,13,0,1,1037428.5714285715,1026300.0,1023955.5555555555,0.004766444232602529,0.0057218951507957
1678782205000,1064000,2023-03-14 08:23:25,2023-03-14 08:23:25,2023,3,14,1,1,1042000.0,1027500.0,1024588.8888888889,0.009487666034155628,0.005649655391694432
1678868588000,1054000,2023-03-15 08:23:08,2023-03-15 08:23:08,2023,3,15,2,1,1046857.1428571428,1028200.0,1025111.1111111111,-0.009398496240601517,0.005921090129991471
1678954094000,1064000,2023-03-16 08:08:14,2023-03-16 08:08:14,2023,3,16,3,1,1052571.4285714286,1029466.6666666666,1025766.6666666666,0.009487666034155628,0.005958534535032582
1679040680000,1063000,2023-03-17 08:11:20,2023-03-17 08:11:20,2023,3,17,4,1,1056714.2857142857,1030633.3333333334,1026488.8888888889,-0.0009398496240601295,0.005969847312758913
1679127644000,1088000,2023-03-18 08:20:44,2023-03-18 08:20:44,2023,3,18,5,1,1062285.7142857143,1032633.3333333334,1027322.2222222222,0.0235183443085607,0.007227526911523083
1679212425000,1088000,2023-03-19 07:53:45,2023-03-19 07:53:45,2023,3,19,6,1,1067857.142857143,1034666.6666666666,1028155.5555555555,0.0,0.007216285055466403
1679300609000,1085000,2023-03-20 08:23:29,2023-03-20 08:23:29,2023,3,20,0,1,1072285.7142857143,1036633.3333333334,1029100.0,-0.0027573529411765163,0.00724848159846602
1679386357000,1084000,2023-03-21 08:12:37,2023-03-21 08:12:37,2023,3,21,1,1,1075142.857142857,1038466.6666666666,1029944.4444444445,-0.0009216589861751334,0.007263567903794856
1679482221000,1074000,2023-03-22 10:50:21,2023-03-22 10:50:21,2023,3,22,2,1,1078000.0,1040300.0,1030677.7777777778,-0.009225092250922495,0.007237203488216312
1679559678000,1087000,2023-03-23 08:21:18,2023-03-23 08:21:18,2023,3,23,3,1,1081285.7142857143,1042566.6666666666,1031566.6666666666,0.012104283054003684,0.007468322503821063
1679559748000,1087000,2023-03-23 08:22:28,2023-03-23 08:22:28,2023,3,23,3,1,1084714.2857142857,1044733.3333333334,1032488.8888888889,0.0,0.0074773072866269235
1679645808000,1096000,2023-03-24 08:16:48,2023-03-24 08:16:48,2023,3,24,4,1,1085857.142857143,1047200.0,1033377.7777777778,0.008279668813247376,0.007550168486266224
1679732593000,1089000,2023-03-25 08:23:13,2023-03-25 08:23:13,2023,3,25,5,1,1086000.0,1049500.0,1034211.1111111111,-0.006386861313868564,0.00767972370181818
1679817163000,1089000,2023-03-26 07:52:43,2023-03-26 07:52:43,2023,3,26,6,1,1086571.4285714286,1051700.0,1035155.5555555555,0.0,0.007688870781224208
1679904225000,1087000,2023-03-27 08:03:45,2023-03-27 08:03:45,2023,3,27,0,1,1087000.0,1053966.6666666667,1036055.5555555555,-0.0018365472910927272,0.0076420227315295445
1679990880000,1077000,2023-03-28 08:08:00,2023-03-28 08:08:00,2023,3,28,1,1,1087428.5714285714,1056033.3333333333,1036844.4444444445,-0.009199632014719406,0.007845373961057086
1680077908000,1082000,2023-03-29 08:18:28,2023-03-29 08:18:28,2023,3,29,2,1,1086714.2857142857,1058233.3333333333,1037688.8888888889,0.00464252553389044,0.00785734052744444
1680164010000,1072000,2023-03-30 08:13:30,2023-03-30 08:13:30,2023,3,30,3,1,1084571.4285714286,1060233.3333333333,1038400.0,-0.009242144177449174,0.008055782690579985
1680250033000,1078000,2023-03-31 08:07:13,2023-03-31 08:07:13,2023,3,31,4,1,1082000.0,1062433.3333333333,1039111.1111111111,0.005597014925373234,0.008073784377627964
1680337070000,1072000,2023-04-01 08:17:50,2023-04-01 08:17:50,2023,4,1,5,2,1079571.4285714286,1064133.3333333333,1039777.7777777778,-0.005565862708719838,0.008088275729181003
1680423598000,1072000,2023-04-02 08:19:58,2023-04-02 08:19:58,2023,4,2,6,2,1077142.857142857,1065733.3333333333,1040355.5555555555,0.0,0.008090022729713703
1680509450000,1068000,2023-04-03 08:10:50,2023-04-03 08:10:50,2023,4,3,0,2,1074428.5714285714,1067166.6666666667,1040822.2222222222,-0.003731343283582045,0.008147183540955422
1680596689000,1073000,2023-04-04 08:24:49,2023-04-04 08:24:49,2023,4,4,1,2,1073857.142857143,1068500.0,1041344.4444444445,0.004681647940074862,0.008082249578677411
1680682895000,1083000,2023-04-05 08:21:35,2023-04-05 08:21:35,2023,4,5,2,2,1074000.0,1070200.0,1041977.7777777778,0.009319664492078328,0.008200150437515789
1680768244000,1078000,2023-04-06 08:04:04,2023-04-06 08:04:04,2023,4,6,3,2,1074857.142857143,1072133.3333333333,1042600.0,-0.004616805170821747,0.007903473089100884
1680854831000,1074000,2023-04-07 08:07:11,2023-04-07 08:07:11,2023,4,7,4,2,1074285.7142857143,1073800.0,1043155.5555555555,-0.0037105751391465214,0.007957980069886359
1680941486000,1074000,2023-04-08 08:11:26,2023-04-08 08:11:26,2023,4,8,5,2,1074571.4285714286,1075133.3333333333,1043633.3333333334,0.0,0.007811716612283971
1681027441000,1074000,2023-04-09 08:04:01,2023-04-09 08:04:01,2023,4,9,6,2,1074857.142857143,1075966.6666666667,1044211.1111111111,0.0,0.007404064641046568
1681114444000,1072000,2023-04-10 08:14:04,2023-04-10 08:14:04,2023,4,10,0,2,1075428.5714285714,1076733.3333333333,1044655.5555555555,-0.0018621973929237035,0.0074188959871327835
1681200119000,1069000,2023-04-11 08:01:59,2023-04-11 08:01:59,2023,4,11,1,2,1074857.142857143,1077233.3333333333,1045066.6666666666,-0.002798507462686617,0.007406214047830816
1681286412000,1071000,2023-04-12 08:00:12,2023-04-12 08:00:12,2023,4,12,2,2,1073142.857142857,1077466.6666666667,1045488.8888888889,0.00187090739008422,0.0072154952988696675
1681373232000,1075000,2023-04-13 08:07:12,2023-04-13 08:07:12,2023,4,13,3,2,1072714.2857142857,1078166.6666666667,1045933.3333333334,0.0037348272642390157,0.007005678183420443
1681460099000,1084000,2023-04-14 08:14:59,2023-04-14 08:14:59,2023,4,14,4,2,1074142.857142857,1078833.3333333333,1046477.7777777778,0.008372093023255811,0.006960135850536918
1681547465000,1067000,2023-04-15 08:31:05,2023-04-15 08:31:05,2023,4,15,5,2,1073142.857142857,1078966.6666666667,1046833.3333333334,-0.01568265682656822,0.0075696166868108
1681631590000,1067000,2023-04-16 07:53:10,2023-04-16 07:53:10,2023,4,16,6,2,1072142.857142857,1078266.6666666667,1047111.1111111111,0.0,0.00615128526469261
1681719109000,1066000,2023-04-17 08:11:49,2023-04-17 08:11:49,2023,4,17,0,2,1071285.7142857143,1077533.3333333333,1047366.6666666666,-0.0009372071227741197,0.0061503491276211925
1681805140000,1054000,2023-04-18 08:05:40,2023-04-18 08:05:40,2023,4,18,1,2,1069142.857142857,1076500.0,1047488.8888888889,-0.011257035647279534,0.006439175539491206
1682497944000,1062000,2023-04-26 08:32:24,2023-04-26 08:32:24,2023,4,26,2,2,1067857.142857143,1075766.6666666667,1047711.1111111111,0.007590132827324458,0.0066251131202693155
1682583594000,1062000,2023-04-27 08:19:54,2023-04-27 08:19:54,2023,4,27,3,2,1066000.0,1075366.6666666667,1048044.4444444445,0.0,0.006425022097806651
1682669559000,1062000,2023-04-28 08:12:39,2023-04-28 08:12:39,2023,4,28,4,2,1062857.142857143,1074533.3333333333,1048488.8888888889,0.0,0.005980333517288935
1682755192000,1056000,2023-04-29 07:59:52,2023-04-29 07:59:52,2023,4,29,5,2,1061285.7142857143,1073500.0,1048788.888888889,-0.005649717514124242,0.006044256482860968
1682837233000,1056000,2023-04-30 06:47:13,2023-04-30 06:47:13,2023,4,30,6,2,1059714.2857142857,1072166.6666666667,1048977.7777777778,0.0,0.0057922366510903866
1682927953000,1054000,2023-05-01 07:59:13,2023-05-01 07:59:13,2023,5,1,0,2,1058000.0,1071000.0,1049188.888888889,-0.0018939393939394478,0.005711619943982237
1683015608000,1053000,2023-05-02 08:20:08,2023-05-02 08:20:08,2023,5,2,1,2,1057857.142857143,1069800.0,1049388.888888889,-0.000948766603415585,0.005708102211819637
1683101663000,1062000,2023-05-03 08:14:23,2023-05-03 08:14:23,2023,5,3,2,2,1057857.142857143,1068966.6666666667,1049688.888888889,0.008547008547008517,0.005970920189482907
1683188265000,1077000,2023-05-04 08:17:45,2023-05-04 08:17:45,2023,5,4,3,2,1060000.0,1068966.6666666667,1050133.3333333333,0.01412429378531077,0.0063408735214853604
1683274268000,1074000,2023-05-05 08:11:08,2023-05-05 08:11:08,2023,5,5,4,2,1061714.2857142857,1068700.0,1050511.111111111,-0.0027855153203342198,0.006299012984535754
1683360883000,1059000,2023-05-06 08:14:43,2023-05-06 08:14:43,2023,5,6,5,2,1062142.857142857,1068266.6666666667,1050777.7777777778,-0.013966480446927387,0.006584713145333086
1683443997000,1059000,2023-05-07 07:19:57,2023-05-07 07:19:57,2023,5,7,6,2,1062571.4285714286,1067633.3333333333,1051100.0,0.0,0.00648793940843662
1683534103000,1059000,2023-05-08 08:21:43,2023-05-08 08:21:43,2023,5,8,0,2,1063285.7142857143,1067200.0,1051433.3333333333,0.0,0.006419435752838981
1683620389000,1063000,2023-05-09 08:19:49,2023-05-09 08:19:49,2023,5,9,1,2,1064714.2857142857,1066900.0,1051811.111111111,0.0037771482530688516,0.006464166029974003
1683706668000,1072000,2023-05-10 08:17:48,2023-05-10 08:17:48,2023,5,10,2,2,1066142.857142857,1067033.3333333333,1052288.888888889,0.008466603951081897,0.006620085119619275
1683792683000,1072000,2023-05-11 08:11:23,2023-05-11 08:11:23,2023,5,11,3,2,1065428.5714285714,1067000.0,1052788.888888889,0.0,0.006564421653775757
1683879523000,1064000,2023-05-12 08:18:43,2023-05-12 08:18:43,2023,5,12,4,2,1064000.0,1066366.6666666667,1053177.7777777778,-0.007462686567164201,0.0064561156471619075
1683965317000,1060000,2023-05-13 08:08:37,2023-05-13 08:08:37,2023,5,13,5,2,1064142.857142857,1065766.6666666667,1053377.7777777778,-0.003759398496240629,0.006439457970321515
1684049061000,1060000,2023-05-14 07:24:21,2023-05-14 07:24:21,2023,5,14,6,2,1064285.7142857143,1065300.0,1053722.2222222222,0.0,0.0064120573148886435
1684137864000,1060000,2023-05-15 08:04:24,2023-05-15 08:04:24,2023,5,15,0,2,1064428.5714285714,1064833.3333333333,1054233.3333333333,0.0,0.0064120573148886435
1684224843000,1064000,2023-05-16 08:14:03,2023-05-16 08:14:03,2023,5,16,1,2,1064571.4285714286,1064500.0,1054788.888888889,0.0037735849056603765,0.006457380514701874
1684311057000,1057000,2023-05-17 08:10:57,2023-05-17 08:10:57,2023,5,17,2,2,1062428.5714285714,1064000.0,1055266.6666666667,-0.006578947368421018,0.006553645088488808
1684398114000,1055000,2023-05-18 08:21:54,2023-05-18 08:21:54,2023,5,18,3,2,1060000.0,1063533.3333333333,1055688.888888889,-0.0018921475875117721,0.00654452235876489
1684483135000,1045000,2023-05-19 07:58:55,2023-05-19 07:58:55,2023,5,19,4,2,1057285.7142857143,1062666.6666666667,1055877.7777777778,-0.009478672985781977,0.006732939623614167
1684570253000,1056000,2023-05-20 08:10:53,2023-05-20 08:10:53,2023,5,20,5,2,1056714.2857142857,1062033.3333333333,1056133.3333333333,0.010526315789473717,0.006999466006498518
1684654214000,1056000,2023-05-21 07:30:14,2023-05-21 07:30:14,2023,5,21,6,2,1056142.857142857,1061100.0,1056466.6666666667,0.0,0.006794525575585896
1684742745000,1056000,2023-05-22 08:05:45,2023-05-22 08:05:45,2023,5,22,0,2,1055571.4285714286,1060733.3333333333,1056777.7777777778,0.0,0.006190387148105733
1684829562000,1056000,2023-05-23 08:12:42,2023-05-23 08:12:42,2023,5,23,1,2,1054428.5714285714,1060366.6666666667,1057088.888888889,0.0,0.006190387148105733
1684829670000,1056000,2023-05-23 08:14:30,2023-05-23 08:14:30,2023,5,23,1,2,1054285.7142857143,1060033.3333333333,1057411.111111111,0.0,0.006189565497062318
1684915932000,1056000,2023-05-24 08:12:12,2023-05-24 08:12:12,2023,5,24,2,2,1054428.5714285714,1060100.0,1057744.4444444445,0.0,0.005833084458685737
1685003801000,1048000,2023-05-25 08:36:41,2023-05-25 08:36:41,2023,5,25,3,2,1054857.142857143,1059633.3333333333,1057955.5555555555,-0.007575757575757569,0.00581689503648235
1685088663000,1043000,2023-05-26 08:11:03,2023-05-26 08:11:03,2023,5,26,4,2,1053000.0,1059000.0,1058222.2222222222,-0.004770992366412208,0.005869827688297454
1685176189000,1048000,2023-05-27 08:29:49,2023-05-27 08:29:49,2023,5,27,5,2,1051857.142857143,1058533.3333333333,1058544.4444444445,0.004793863854266611,0.005950991605351792
1685257264000,1048000,2023-05-28 07:01:04,2023-05-28 07:01:04,2023,5,28,6,2,1050714.2857142857,1058266.6666666667,1058833.3333333333,0.0,0.0058687814913122825
1685347423000,1047000,2023-05-29 08:03:43,2023-05-29 08:03:43,2023,5,29,0,2,1049428.5714285714,1057966.6666666667,1059111.111111111,-0.000954198473282486,0.005870039344294309
1685434002000,1048000,2023-05-30 08:06:42,2023-05-30 08:06:42,2023,5,30,1,2,1048285.7142857143,1057766.6666666667,1059422.2222222222,0.0009551098376312517,0.005865882634517057
1685520661000,1056000,2023-05-31 08:11:01,2023-05-31 08:11:01,2023,5,31,2,2,1048285.7142857143,1057866.6666666667,1059788.888888889,0.007633587786259444,0.006033657893643004
1685608117000,1060000,2023-06-01 08:28:37,2023-06-01 08:28:37,2023,6,1,3,2,1050000.0,1057800.0,1060244.4444444445,0.0037878787878788955,0.005864438632661655
1685694538000,1065000,2023-06-02 08:28:58,2023-06-02 08:28:58,2023,6,2,4,2,1053142.857142857,1057400.0,1060800.0,0.004716981132075526,0.005305470173824755
1685780473000,1057000,2023-06-03 08:21:13,2023-06-03 08:21:13,2023,6,3,5,2,1054428.5714285714,1056833.3333333333,1061255.5555555555,-0.007511737089201831,0.005448232941665131
1685858765000,1057000,2023-06-04 06:06:05,2023-06-04 06:06:05,2023,6,4,6,2,1055714.2857142857,1056766.6666666667,1061755.5555555555,0.0,0.004819858209785249
1685953740000,1057000,2023-06-05 08:29:00,2023-06-05 08:29:00,2023,6,5,0,2,1057142.857142857,1056700.0,1062255.5555555555,0.0,0.004819858209785249
1686038821000,1065000,2023-06-06 08:07:01,2023-06-06 08:07:01,2023,6,6,1,2,1059571.4285714286,1056900.0,1062744.4444444445,0.007568590350047311,0.005016723429991201
1686125907000,1060000,2023-06-07 08:18:27,2023-06-07 08:18:27,2023,6,7,2,2,1060142.857142857,1056800.0,1063144.4444444445,-0.0046948356807511304,0.005046806403764605
1686211308000,1052000,2023-06-08 08:01:48,2023-06-08 08:01:48,2023,6,8,3,2,1059000.0,1056133.3333333333,1063444.4444444445,-0.007547169811320753,0.0049575537805826
1686298271000,1062000,2023-06-09 08:11:11,2023-06-09 08:11:11,2023,6,9,4,2,1058571.4285714286,1055800.0,1063766.6666666667,0.009505703422053147,0.005290832624013263
1686385088000,1062000,2023-06-10 08:18:08,2023-06-10 08:18:08,2023,6,10,5,2,1059285.7142857143,1055733.3333333333,1064100.0,0.0,0.005114908798739639
1686467417000,1062000,2023-06-11 07:10:17,2023-06-11 07:10:17,2023,6,11,6,2,1060000.0,1055800.0,1064566.6666666667,0.0,0.0050667230469072224
1686557680000,1062000,2023-06-12 08:14:40,2023-06-12 08:14:40,2023,6,12,0,2,1060714.2857142857,1055866.6666666667,1064988.888888889,0.0,0.0050667230469072224
1686644053000,1059000,2023-06-13 08:14:13,2023-06-13 08:14:13,2023,6,13,1,2,1059857.142857143,1055833.3333333333,1065266.6666666667,-0.0028248587570621764,0.005094343380875864
1686730345000,1053000,2023-06-14 08:12:25,2023-06-14 08:12:25,2023,6,14,2,2,1058857.142857143,1055466.6666666667,1065311.111111111,-0.005665722379603388,0.0051432946041239675
1686817221000,1052000,2023-06-15 08:20:21,2023-06-15 08:20:21,2023,6,15,3,2,1058857.142857143,1055300.0,1065344.4444444445,-0.0009496676163343043,0.005008507978096922
1686903363000,1061000,2023-06-16 08:16:03,2023-06-16 08:16:03,2023,6,16,4,2,1058714.2857142857,1055500.0,1065422.2222222222,0.008555133079847899,0.005240723586959017
1686990181000,1063000,2023-06-17 08:23:01,2023-06-17 08:23:01,2023,6,17,5,2,1058857.142857143,1056100.0,1065411.111111111,0.0018850141376061114,0.004917581943027927
1687072203000,1063000,2023-06-18 07:10:03,2023-06-18 07:10:03,2023,6,18,6,2,1059000.0,1056333.3333333333,1065511.111111111,0.0,0.004544920757691147
1687162473000,1063000,2023-06-19 08:14:33,2023-06-19 08:14:33,2023,6,19,0,2,1059142.857142857,1056566.6666666667,1065500.0,0.0,0.004544920757691147
1687248604000,1061000,2023-06-20 08:10:04,2023-06-20 08:10:04,2023,6,20,1,2,1059428.5714285714,1056733.3333333333,1065477.7777777778,-0.0018814675446848783,0.004561159495228596
1687334729000,1057000,2023-06-21 08:05:29,2023-06-21 08:05:29,2023,6,21,2,2,1060000.0,1056766.6666666667,1065133.3333333333,-0.0037700282752121117,0.004617521050474579
1687421045000,1058000,2023-06-22 08:04:05,2023-06-22 08:04:05,2023,6,22,3,2,1060857.142857143,1056833.3333333333,1064800.0,0.0009460737937558861,0.004620455111076275
1687508804000,1048000,2023-06-23 08:26:44,2023-06-23 08:26:44,2023,6,23,4,2,1059000.0,1056566.6666666667,1064388.888888889,-0.009451795841209809,0.004937035721208725
1687594616000,1047000,2023-06-24 08:16:56,2023-06-24 08:16:56,2023,6,24,5,2,1056714.2857142857,1056533.3333333333,1063977.7777777778,-0.000954198473282486,0.004742008779213068
1687670904000,1047000,2023-06-25 05:28:24,2023-06-25 05:28:24,2023,6,25,6,2,1054428.5714285714,1056666.6666666667,1063677.7777777778,0.0,0.0046564439462789976
1687768232000,1050000,2023-06-26 08:30:32,2023-06-26 08:30:32,2023,6,26,0,2,1052571.4285714286,1056733.3333333333,1063266.6666666667,0.002865329512893977,0.004602957107314644
1687853113000,1053000,2023-06-27 08:05:13,2023-06-27 08:05:13,2023,6,27,1,2,1051428.5714285714,1056900.0,1062888.888888889,0.0028571428571428914,0.004630851210091733
1687940257000,1052000,2023-06-28 08:17:37,2023-06-28 08:17:37,2023,6,28,2,2,1050714.2857142857,1057066.6666666667,1062400.0,-0.0009496676163343043,0.004630813388187163
1688030769000,1049000,2023-06-29 09:26:09,2023-06-29 09:26:09,2023,6,29,3,2,1049428.5714285714,1057100.0,1061955.5555555555,-0.002851711026615966,0.004660596304104756
1688113231000,1049000,2023-06-30 08:20:31,2023-06-30 08:20:31,2023,6,30,4,2,1049571.4285714286,1056866.6666666667,1061511.111111111,0.0,0.004434757363259158
1688113865000,1049000,2023-06-30 08:31:05,2023-06-30 08:31:05,2023,6,30,4,2,1049857.142857143,1056500.0,1061088.888888889,0.0,0.004370400019165953
1688281889000,1049000,2023-07-02 07:11:29,2023-07-02 07:11:29,2023,7,2,6,3,1050142.857142857,1055966.6666666667,1060777.7777777778,0.0,0.0042658515159150305
1688371800000,1054000,2023-07-03 08:10:00,2023-07-03 08:10:00,2023,7,3,0,3,1050714.2857142857,1055866.6666666667,1060466.6666666667,0.004766444232602529,0.004157114897749513
1688371905000,1054000,2023-07-03 08:11:45,2023-07-03 08:11:45,2023,7,3,0,3,1050857.142857143,1055766.6666666667,1060266.6666666667,0.0,0.004157114897749513
1688458775000,1054000,2023-07-04 08:19:35,2023-07-04 08:19:35,2023,7,4,1,3,1051142.857142857,1055666.6666666667,1060000.0,0.0,0.004157114897749513
1688545550000,1058000,2023-07-05 08:25:50,2023-07-05 08:25:50,2023,7,5,2,3,1052428.5714285714,1055433.3333333333,1059844.4444444445,0.00379506641366234,0.003970402812558666
1688631252000,1053000,2023-07-06 08:14:12,2023-07-06 08:14:12,2023,7,6,3,3,1053000.0,1055200.0,1059633.3333333333,-0.00472589792060496,0.003971615983362363
1688719111000,1050000,2023-07-07 08:38:31,2023-07-07 08:38:31,2023,7,7,4,3,1053142.857142857,1055133.3333333333,1059433.3333333333,-0.002849002849002802,0.003759415505953168
1688804296000,1059000,2023-07-08 08:18:16,2023-07-08 08:18:16,2023,7,8,5,3,1054571.4285714286,1055033.3333333333,1059277.7777777778,0.008571428571428674,0.003680512854000452
1688887771000,1059000,2023-07-09 07:29:31,2023-07-09 07:29:31,2023,7,9,6,3,1055285.7142857143,1054933.3333333333,1059011.111111111,0.0,0.003680512854000452
1688976173000,1059000,2023-07-10 08:02:53,2023-07-10 08:02:53,2023,7,10,0,3,1056000.0,1054833.3333333333,1058800.0,0.0,0.003680512854000452
1689062623000,1064000,2023-07-11 08:03:43,2023-07-11 08:03:43,2023,7,11,1,3,1057428.5714285714,1054900.0,1058688.888888889,0.0047214353163360645,0.0037838884101089334
1689149916000,1071000,2023-07-12 08:18:36,2023-07-12 08:18:36,2023,7,12,2,3,1059285.7142857143,1055300.0,1058655.5555555555,0.006578947368421018,0.003922797507046955
1689237847000,1082000,2023-07-13 08:44:07,2023-07-13 08:44:07,2023,7,13,3,3,1063428.5714285714,1056266.6666666667,1058744.4444444445,0.010270774976657293,0.004148012212297687
1689322283000,1080000,2023-07-14 08:11:23,2023-07-14 08:11:23,2023,7,14,4,3,1067714.2857142857,1057200.0,1058833.3333333333,-0.001848428835489857,0.0041651491046863585
1689322340000,1080000,2023-07-14 08:12:20,2023-07-14 08:12:20,2023,7,14,4,3,1070714.2857142857,1057833.3333333333,1058955.5555555555,0.0,0.003906701061775665
1689409210000,1074000,2023-07-15 08:20:10,2023-07-15 08:20:10,2023,7,15,5,3,1072857.142857143,1058200.0,1058988.888888889,-0.005555555555555536,0.00405560110478612
1689495122000,1074000,2023-07-16 08:12:02,2023-07-16 08:12:02,2023,7,16,6,3,1075000.0,1058566.6666666667,1058977.7777777778,0.0,0.00405560110478612
1689583842000,1073000,2023-07-17 08:50:42,2023-07-17 08:50:42,2023,7,17,0,3,1076285.7142857143,1058900.0,1058855.5555555555,-0.0009310986964617962,0.004061938940371118
1689668318000,1072000,2023-07-18 08:18:38,2023-07-18 08:18:38,2023,7,18,1,3,1076428.5714285714,1059266.6666666667,1058911.111111111,-0.0009319664492077884,0.004047867721644279
1689754750000,1080000,2023-07-19 08:19:10,2023-07-19 08:19:10,2023,7,19,2,3,1076142.857142857,1060033.3333333333,1059055.5555555555,0.00746268656716409,0.004171089883088601
1689840669000,1080000,2023-07-20 08:11:09,2023-07-20 08:11:09,2023,7,20,3,3,1076142.857142857,1060766.6666666667,1059211.111111111,0.0,0.004172946204479714
1689927619000,1077000,2023-07-21 08:20:19,2023-07-21 08:20:19,2023,7,21,4,3,1075714.2857142857,1061733.3333333333,1059466.6666666667,-0.002777777777777768,0.0037720083792201946
1690013357000,1072000,2023-07-22 08:09:17,2023-07-22 08:09:17,2023,7,22,5,3,1075428.5714285714,1062566.6666666667,1059577.7777777778,-0.00464252553389044,0.0038932648406800963
1690099439000,1072000,2023-07-23 08:03:59,2023-07-23 08:03:59,2023,7,23,6,3,1075142.857142857,1063400.0,1059688.888888889,0.0,0.0038932648406800963
1690185857000,1072000,2023-07-24 08:04:17,2023-07-24 08:04:17,2023,7,24,0,3,1075000.0,1064133.3333333333,1059800.0,0.0,0.0038758102881477296
1690272929000,1071000,2023-07-25 08:15:29,2023-07-25 08:15:29,2023,7,25,1,3,1074857.142857143,1064733.3333333333,1059966.6666666667,-0.000932835820895539,0.0038647804664066108
1690359781000,1075000,2023-07-26 08:23:01,2023-07-26 08:23:01,2023,7,26,2,3,1074142.857142857,1065500.0,1060177.7777777778,0.0037348272642390157,0.0038956767061211874
1690446438000,1076000,2023-07-27 08:27:18,2023-07-27 08:27:18,2023,7,27,3,3,1073571.4285714286,1066400.0,1060422.2222222222,0.0009302325581395099,0.0038365693903552804
1690532317000,1068000,2023-07-28 08:18:37,2023-07-28 08:18:37,2023,7,28,4,3,1072285.7142857143,1067033.3333333333,1060588.888888889,-0.0074349442379182396,0.004123112515134397
1690619539000,1071000,2023-07-29 08:32:19,2023-07-29 08:32:19,2023,7,29,5,3,1072142.857142857,1067766.6666666667,1060688.888888889,0.002808988764045006,0.004140716550239286
1690693737000,1071000,2023-07-30 05:08:57,2023-07-30 05:08:57,2023,7,30,6,3,1072000.0,1068500.0,1060622.2222222222,0.0,0.004140716550239286
1690790853000,1071000,2023-07-31 08:07:33,2023-07-31 08:07:33,2023,7,31,0,3,1071857.142857143,1069066.6666666667,1060588.888888889,0.0,0.004070163242792804
1690878060000,1078000,2023-08-01 08:21:00,2023-08-01 08:21:00,2023,8,1,1,3,1072857.142857143,1069866.6666666667,1060800.0,0.006535947712418277,0.004212613017704885
1690963526000,1071000,2023-08-02 08:05:26,2023-08-02 08:05:26,2023,8,2,2,3,1072285.7142857143,1070433.3333333333,1060933.3333333333,-0.00649350649350644,0.004414938797141348
1691049946000,1067000,2023-08-03 08:05:46,2023-08-03 08:05:46,2023,8,3,3,3,1071000.0,1070733.3333333333,1061022.2222222222,-0.0037348272642390157,0.004437656797401643
1691137170000,1069000,2023-08-04 08:19:30,2023-08-04 08:19:30,2023,8,4,4,3,1071142.857142857,1071266.6666666667,1061088.888888889,0.0018744142455482393,0.004342909794345976
1691222734000,1074000,2023-08-05 08:05:34,2023-08-05 08:05:34,2023,8,5,5,3,1071571.4285714286,1072066.6666666667,1061111.111111111,0.00467726847521055,0.00435941889353062
1691304868000,1074000,2023-08-06 06:54:28,2023-08-06 06:54:28,2023,8,6,6,3,1072000.0,1072566.6666666667,1061133.3333333333,0.0,0.004103360143174409
1691395052000,1074000,2023-08-07 07:57:32,2023-08-07 07:57:32,2023,8,7,0,3,1072428.5714285714,1073066.6666666667,1061244.4444444445,0.0,0.004103360143174409
1691481653000,1070000,2023-08-08 08:00:53,2023-08-08 08:00:53,2023,8,8,1,3,1071285.7142857143,1073433.3333333333,1061355.5555555555,-0.003724394785847296,0.004174023522826747
1691567598000,1066000,2023-08-09 07:53:18,2023-08-09 07:53:18,2023,8,9,2,3,1070571.4285714286,1073500.0,1061422.2222222222,-0.0037383177570093906,0.00415443449463776
1691655200000,1064000,2023-08-10 08:13:20,2023-08-10 08:13:20,2023,8,10,3,3,1070142.857142857,1073266.6666666667,1061466.6666666667,-0.0018761726078799779,0.003980878468689776
1691739807000,1062000,2023-08-11 07:43:27,2023-08-11 07:43:27,2023,8,11,4,3,1069142.857142857,1072600.0,1061444.4444444445,-0.001879699248120259,0.003461973144059702
1691827690000,1062000,2023-08-12 08:08:10,2023-08-12 08:08:10,2023,8,12,5,3,1067428.5714285714,1072000.0,1061500.0,0.0,0.0034557243053694774
1691911453000,1062000,2023-08-13 07:24:13,2023-08-13 07:24:13,2023,8,13,6,3,1065714.2857142857,1071400.0,1061577.7777777778,0.0,0.0034557243053694774
1692000874000,1061000,2023-08-14 08:14:34,2023-08-14 08:14:34,2023,8,14,0,3,1063857.142857143,1070966.6666666667,1061755.5555555555,-0.0009416195856873921,0.0033256931273084695
1692087611000,1060000,2023-08-15 08:20:11,2023-08-15 08:20:11,2023,8,15,1,3,1062428.5714285714,1070500.0,1061800.0,-0.0009425070688030557,0.0033262309059172643
1692173202000,1063000,2023-08-16 08:06:42,2023-08-16 08:06:42,2023,8,16,2,3,1062000.0,1070166.6666666667,1061877.7777777778,0.002830188679245227,0.0033772627348441354
1692261976000,1060000,2023-08-17 08:46:16,2023-08-17 08:46:16,2023,8,17,3,3,1061428.5714285714,1069766.6666666667,1061922.2222222222,-0.002822201317027262,0.0034068362052718593
1692346025000,1060000,2023-08-18 08:07:05,2023-08-18 08:07:05,2023,8,18,4,3,1061142.857142857,1069100.0,1061966.6666666667,0.0,0.003071142469047899
1692433292000,1057000,2023-08-19 08:21:32,2023-08-19 08:21:32,2023,8,19,5,3,1060428.5714285714,1068333.3333333333,1061977.7777777778,-0.002830188679245338,0.003094871377561533
1692515347000,1057000,2023-08-20 07:09:07,2023-08-20 07:09:07,2023,8,20,6,3,1059714.2857142857,1067666.6666666667,1061988.888888889,0.0,0.0030724278840063976
1692605698000,1057000,2023-08-21 08:14:58,2023-08-21 08:14:58,2023,8,21,0,3,1059142.857142857,1067166.6666666667,1062088.888888889,0.0,0.002978314804265105
1692692072000,1058000,2023-08-22 08:14:32,2023-08-22 08:14:32,2023,8,22,1,3,1058857.142857143,1066700.0,1062255.5555555555,0.0009460737937558861,0.0029884032856365146
1692778682000,1062000,2023-08-23 08:18:02,2023-08-23 08:18:02,2023,8,23,2,3,1058714.2857142857,1066366.6666666667,1062411.111111111,0.003780718336483968,0.003085468778536598
1692864599000,1069000,2023-08-24 08:09:59,2023-08-24 08:09:59,2023,8,24,3,3,1060000.0,1066300.0,1062644.4444444445,0.006591337099811634,0.003329093291246854
1692950925000,1069000,2023-08-25 08:08:45,2023-08-25 08:08:45,2023,8,25,4,3,1061285.7142857143,1066100.0,1062888.888888889,0.0,0.0032513325409092774
1693037865000,1065000,2023-08-26 08:17:45,2023-08-26 08:17:45,2023,8,26,5,3,1062428.5714285714,1065733.3333333333,1063077.7777777778,-0.003741814780168329,0.0033076535299677496
1693118404000,1065000,2023-08-27 06:40:04,2023-08-27 06:40:04,2023,8,27,6,3,1063571.4285714286,1065633.3333333333,1063177.7777777778,0.0,0.003023866748780991
1693210060000,1065000,2023-08-28 08:07:40,2023-08-28 08:07:40,2023,8,28,0,3,1064714.2857142857,1065433.3333333333,1063233.3333333333,0.0,0.0029741064745401496
1693296356000,1070000,2023-08-29 08:05:56,2023-08-29 08:05:56,2023,8,29,1,3,1066428.5714285714,1065400.0,1063288.888888889,0.0046948356807512415,0.0031047173645140703
1693383329000,1077000,2023-08-30 08:15:29,2023-08-30 08:15:29,2023,8,30,2,3,1068571.4285714286,1065600.0,1063511.111111111,0.006542056074766434,0.003328338119390046
1693468711000,1079000,2023-08-31 07:58:31,2023-08-31 07:58:31,2023,8,31,3,3,1070000.0,1065633.3333333333,1063755.5555555555,0.0018570102135562205,0.003124156004575916
1693555686000,1076000,2023-09-01 08:08:06,2023-09-01 08:08:06,2023,9,1,4,3,1071000.0,1065800.0,1063966.6666666667,-0.002780352177942591,0.0029236891024784634
1693642176000,1076000,2023-09-02 08:09:36,2023-09-02 08:09:36,2023,9,2,5,3,1072571.4285714286,1066100.0,1064088.888888889,0.0,0.002830171597871605
1693726078000,1076000,2023-09-03 07:27:58,2023-09-03 07:27:58,2023,9,3,6,3,1074142.857142857,1066333.3333333333,1064266.6666666667,0.0,0.0028144943235364375
1693814712000,1076000,2023-09-04 08:05:12,2023-09-04 08:05:12,2023,9,4,0,3,1075714.2857142857,1066400.0,1064533.3333333333,0.0,0.002685754664417546
1693901740000,1075000,2023-09-05 08:15:40,2023-09-05 08:15:40,2023,9,5,1,3,1076428.5714285714,1066433.3333333333,1064677.7777777778,-0.0009293680297397522,0.0026918891183498935
1693988053000,1069000,2023-09-06 08:14:13,2023-09-06 08:14:13,2023,9,6,2,3,1075285.7142857143,1066266.6666666667,1064755.5555555555,-0.00558139534883717,0.0028806168650121213
1694074887000,1064000,2023-09-07 08:21:27,2023-09-07 08:21:27,2023,9,7,3,3,1073142.857142857,1066066.6666666667,1064777.7777777778,-0.004677268475210439,0.0029262624045449897
1694161185000,1068000,2023-09-08 08:19:45,2023-09-08 08:19:45,2023,9,8,4,3,1072000.0,1066133.3333333333,1064844.4444444445,0.003759398496240518,0.0029323407307371265
1694247692000,1069000,2023-09-09 08:21:32,2023-09-09 08:21:32,2023,9,9,5,3,1071000.0,1066300.0,1064955.5555555555,0.000936329588014928,0.0029129807060071424
1694329946000,1069000,2023-09-10 07:12:26,2023-09-10 07:12:26,2023,9,10,6,3,1070000.0,1066533.3333333333,1065133.3333333333,0.0,0.002887692356805155
1694419708000,1070000,2023-09-11 08:08:28,2023-09-11 08:08:28,2023,9,11,0,3,1069142.857142857,1066800.0,1065333.3333333333,0.00093545369504211,0.0028902503325713004
1694506362000,1071000,2023-09-12 08:12:42,2023-09-12 08:12:42,2023,9,12,1,3,1068571.4285714286,1067100.0,1065444.4444444445,0.0009345794392523477,0.002892451553711211
1694592596000,1068000,2023-09-13 08:09:56,2023-09-13 08:09:56,2023,9,13,2,3,1068428.5714285714,1067333.3333333333,1065500.0,-0.0028011204481792618,0.0029391981429824025
1694678830000,1066000,2023-09-14 08:07:10,2023-09-14 08:07:10,2023,9,14,3,3,1068714.2857142857,1067533.3333333333,1065533.3333333333,-0.0018726591760299671,0.0029567745517475996
1694763634000,1068000,2023-09-15 07:40:34,2023-09-15 07:40:34,2023,9,15,4,3,1068714.2857142857,1067700.0,1065588.888888889,0.0018761726078799779,0.002932456631466945
1694852227000,1075000,2023-09-16 08:17:07,2023-09-16 08:17:07,2023,9,16,5,3,1069571.4285714286,1068200.0,1065744.4444444445,0.0065543071161049404,0.0030985634256502806
1694927379000,1075000,2023-09-17 05:09:39,2023-09-17 05:09:39,2023,9,17,6,3,1070428.5714285714,1068700.0,1065944.4444444445,0.0,0.0030985634256502806
1695024309000,1075000,2023-09-18 08:05:09,2023-09-18 08:05:09,2023,9,18,0,3,1071142.857142857,1069300.0,1066133.3333333333,0.0,0.0030369941120637466
1695110237000,1081000,2023-09-19 07:57:17,2023-09-19 07:57:17,2023,9,19,1,3,1072571.4285714286,1070100.0,1066500.0,0.005581395348837281,0.0031691161492530995
1695196157000,1080000,2023-09-20 07:49:17,2023-09-20 07:49:17,2023,9,20,2,3,1074285.7142857143,1070866.6666666667,1066866.6666666667,-0.0009250693802035359,0.0031811783121295486
1695284096000,1080000,2023-09-21 08:14:56,2023-09-21 08:14:56,2023,9,21,3,3,1076285.7142857143,1071600.0,1067233.3333333333,0.0,0.0031835758923943955
1695369540000,1077000,2023-09-22 07:59:00,2023-09-22 07:59:00,2023,9,22,4,3,1077571.4285714286,1072100.0,1067533.3333333333,-0.002777777777777768,0.003189280321959607
1695456974000,1079000,2023-09-23 08:16:14,2023-09-23 08:16:14,2023,9,23,5,3,1078142.857142857,1072433.3333333333,1067822.2222222222,0.0018570102135562205,0.0029867735113026203
1695538011000,1079000,2023-09-24 06:46:51,2023-09-24 06:46:51,2023,9,24,6,3,1078714.2857142857,1072766.6666666667,1068122.2222222222,0.0,0.0029867735113026203
1695629326000,1078000,2023-09-25 08:08:46,2023-09-25 08:08:46,2023,9,25,0,3,1079142.857142857,1073200.0,1068444.4444444445,-0.000926784059314234,0.002897831248947775
1695715935000,1072000,2023-09-26 08:12:15,2023-09-26 08:12:15,2023,9,26,1,3,1077857.142857143,1073433.3333333333,1068700.0,-0.005565862708719838,0.003096268683745268
1695802248000,1066000,2023-09-27 08:10:48,2023-09-27 08:10:48,2023,9,27,2,3,1075857.142857143,1073466.6666666667,1068888.888888889,-0.005597014925373123,0.0032737117553046976
1695889488000,1058000,2023-09-28 08:24:48,2023-09-28 08:24:48,2023,9,28,3,3,1072714.2857142857,1073066.6666666667,1068988.888888889,-0.007504690431519689,0.0034291150500468464
1695976205000,1053000,2023-09-29 08:30:05,2023-09-29 08:30:05,2023,9,29,4,3,1069285.7142857143,1072266.6666666667,1068977.7777777778,-0.00472589792060496,0.003258764985378051
1696062161000,1049000,2023-09-30 08:22:41,2023-09-30 08:22:41,2023,9,30,5,3,1065000.0,1071266.6666666667,1068922.2222222222,-0.003798670465337106,0.0032665823638972987
1696145265000,1049000,2023-10-01 07:27:45,2023-10-01 07:27:45,2023,10,1,6,4,1060714.2857142857,1070366.6666666667,1068866.6666666667,0.0,0.0032518092147001544
1696234490000,1049000,2023-10-02 08:14:50,2023-10-02 08:14:50,2023,10,2,0,4,1056571.4285714286,1069466.6666666667,1068766.6666666667,0.0,0.0032518092147001544
1696320425000,1039000,2023-10-03 08:07:05,2023-10-03 08:07:05,2023,10,3,1,4,1051857.142857143,1068233.3333333333,1068611.111111111,-0.009532888465204947,0.0036124976795272367
1696406433000,1040000,2023-10-04 08:00:33,2023-10-04 08:00:33,2023,10,4,2,4,1048142.8571428572,1067033.3333333333,1068500.0,0.0009624639076035724,0.0036273922131114886
1696492805000,1043000,2023-10-05 08:00:05,2023-10-05 08:00:05,2023,10,5,3,4,1046000.0,1065966.6666666667,1068322.2222222222,0.0028846153846153744,0.003700665132482346
1696580004000,1043000,2023-10-06 08:13:24,2023-10-06 08:13:24,2023,10,6,4,4,1044571.4285714285,1065100.0,1068144.4444444445,0.0,0.0036013750598582472
1696667264000,1047000,2023-10-07 08:27:44,2023-10-07 08:27:44,2023,10,7,5,4,1044285.7142857143,1064533.3333333333,1068011.111111111,0.003835091083413289,0.003621788886780567
1696741603000,1047000,2023-10-08 05:06:43,2023-10-08 05:06:43,2023,10,8,6,4,1044000.0,1063833.3333333333,1067822.2222222222,0.0,0.0035321734709830807
1696838648000,1053000,2023-10-09 08:04:08,2023-10-09 08:04:08,2023,10,9,0,4,1044571.4285714285,1063300.0,1067622.2222222222,0.005730659025787954,0.0037106374389774643
1696924954000,1062000,2023-10-10 08:02:34,2023-10-10 08:02:34,2023,10,10,1,4,1047857.1428571428,1063066.6666666667,1067400.0,0.008547008547008517,0.004061548588212936
1697012305000,1063000,2023-10-11 08:18:25,2023-10-11 08:18:25,2023,10,11,2,4,1051142.857142857,1062833.3333333333,1067211.111111111,0.0009416195856872811,0.004061608758613754
1697098488000,1072000,2023-10-12 08:14:48,2023-10-12 08:14:48,2023,10,12,3,4,1055285.7142857143,1062866.6666666667,1067122.2222222222,0.008466603951081897,0.004356910721714825
1697184839000,1072000,2023-10-13 08:13:59,2023-10-13 08:13:59,2023,10,13,4,4,1059428.5714285714,1063000.0,1067100.0,0.0,0.0043238072415009154
1697271303000,1088000,2023-10-14 08:15:03,2023-10-14 08:15:03,2023,10,14,5,4,1065285.7142857143,1063733.3333333333,1067255.5555555555,0.014925373134328401,0.005077087870248586
1697353586000,1088000,2023-10-15 07:06:26,2023-10-15 07:06:26,2023,10,15,6,4,1071142.857142857,1064400.0,1067422.2222222222,0.0,0.005073572647366313
1697445705000,1087000,2023-10-16 08:41:45,2023-10-16 08:41:45,2023,10,16,0,4,1076000.0,1064800.0,1067588.888888889,-0.0009191176470588758,0.004954793385789792
1697530180000,1085000,2023-10-17 08:09:40,2023-10-17 08:09:40,2023,10,17,1,4,1079285.7142857143,1065133.3333333333,1067644.4444444445,-0.0018399264029438367,0.004971044776176963
1697617240000,1088000,2023-10-18 08:20:40,2023-10-18 08:20:40,2023,10,18,2,4,1082857.142857143,1065566.6666666667,1067733.3333333333,0.0027649769585254003,0.004990489682279497
1697703666000,1100000,2023-10-19 08:21:06,2023-10-19 08:21:06,2023,10,19,3,4,1086857.142857143,1066200.0,1067988.888888889,0.011029411764705843,0.005276014876197385
1697789723000,1112000,2023-10-20 08:15:23,2023-10-20 08:15:23,2023,10,20,4,4,1092571.4285714286,1067266.6666666667,1068433.3333333333,0.01090909090909098,0.005591465653036604
1697876604000,1121000,2023-10-21 08:23:24,2023-10-21 08:23:24,2023,10,21,5,4,1097285.7142857143,1068633.3333333333,1068977.7777777778,0.008093525179856176,0.005735507516705725
1697959933000,1121000,2023-10-22 07:32:13,2023-10-22 07:32:13,2023,10,22,6,4,1102000.0,1070100.0,1069522.2222222222,0.0,0.005690341856475403
1698048077000,1117000,2023-10-23 08:01:17,2023-10-23 08:01:17,2023,10,23,0,4,1106285.7142857143,1071366.6666666667,1070033.3333333333,-0.003568242640499597,0.005759501589688573
1698135075000,1119000,2023-10-24 08:11:15,2023-10-24 08:11:15,2023,10,24,1,4,1111142.857142857,1072700.0,1070522.2222222222,0.001790510295434089,0.005756231444992777
1698222099000,1123000,2023-10-25 08:21:39,2023-10-25 08:21:39,2023,10,25,2,4,1116142.857142857,1074200.0,1071044.4444444445,0.003574620196604039,0.005756739263994762
1698307731000,1125000,2023-10-26 08:08:51,2023-10-26 08:08:51,2023,10,26,3,4,1119714.2857142857,1075966.6666666667,1071677.7777777778,0.0017809439002671734,0.005605343286537483
1698393909000,1123000,2023-10-27 08:05:09,2023-10-27 08:05:09,2023,10,27,4,4,1121285.7142857143,1077866.6666666667,1072255.5555555555,-0.001777777777777767,0.00547757651184359
1698480730000,1136000,2023-10-28 08:12:10,2023-10-28 08:12:10,2023,10,28,5,4,1123428.5714285714,1080466.6666666667,1072977.7777777778,0.011576135351736516,0.005473418661085653
1698561375000,1136000,2023-10-29 06:36:15,2023-10-29 06:36:15,2023,10,29,6,4,1125571.4285714286,1083233.3333333333,1073700.0,0.0,0.005327671363183362
1698654026000,1135000,2023-10-30 08:20:26,2023-10-30 08:20:26,2023,10,30,0,4,1128142.857142857,1086100.0,1074333.3333333333,-0.0008802816901408717,0.005233643877402385
1698740411000,1131000,2023-10-31 08:20:11,2023-10-31 08:20:11,2023,10,31,1,4,1129857.142857143,1088833.3333333333,1075000.0,-0.0035242290748899174,0.005333615307266418
1698825922000,1123000,2023-11-01 08:05:22,2023-11-01 08:05:22,2023,11,1,2,4,1129857.142857143,1091300.0,1075622.2222222222,-0.007073386383731228,0.0055988646328023065
1698912408000,1123000,2023-11-02 08:06:48,2023-11-02 08:06:48,2023,11,2,3,4,1129571.4285714286,1094100.0,1076222.2222222222,0.0,0.005157878185661377
1698999509000,1126000,2023-11-03 08:18:29,2023-11-03 08:18:29,2023,11,3,4,4,1130000.0,1096966.6666666667,1076800.0,0.002671415850400649,0.005148510232611672
1699085614000,1125000,2023-11-04 08:13:34,2023-11-04 08:13:34,2023,11,4,5,4,1128428.5714285714,1099700.0,1077366.6666666667,-0.000888099467140302,0.005188869229385644
1699167153000,1125000,2023-11-05 06:52:33,2023-11-05 06:52:33,2023,11,5,6,4,1126857.142857143,1102433.3333333333,1077933.3333333333,0.0,0.005188869229385644
1699258710000,1123000,2023-11-06 08:18:30,2023-11-06 08:18:30,2023,11,6,0,4,1125142.857142857,1104966.6666666667,1078522.2222222222,-0.001777777777777767,0.005241444926497336
1699344290000,1111000,2023-11-07 08:04:50,2023-11-07 08:04:50,2023,11,7,1,4,1122285.7142857143,1107100.0,1079022.2222222222,-0.010685663401602818,0.005745604932796967
1699431878000,1094000,2023-11-08 08:24:38,2023-11-08 08:24:38,2023,11,8,2,4,1118142.857142857,1108466.6666666667,1079355.5555555555,-0.015301530153015275,0.006506870108143447
1699517436000,1087000,2023-11-09 08:10:36,2023-11-09 08:10:36,2023,11,9,3,4,1113000.0,1109300.0,1079633.3333333333,-0.006398537477148025,0.006504586982379152
1699603706000,1092000,2023-11-10 08:08:26,2023-11-10 08:08:26,2023,11,10,4,4,1108142.857142857,1110266.6666666667,1079966.6666666667,0.004599816007359703,0.006541589173302582
1699690774000,1084000,2023-11-11 08:19:34,2023-11-11 08:19:34,2023,11,11,5,4,1102285.7142857143,1110666.6666666667,1080211.111111111,-0.0073260073260073,0.006548640895762416
1699772752000,1084000,2023-11-12 07:05:52,2023-11-12 07:05:52,2023,11,12,6,4,1096428.5714285714,1111066.6666666667,1080466.6666666667,0.0,0.006548640895762416
1699862987000,1084000,2023-11-13 08:09:47,2023-11-13 08:09:47,2023,11,13,0,4,1090857.142857143,1110933.3333333333,1080733.3333333333,0.0,0.005945617529574645
1699948284000,1089000,2023-11-14 07:51:24,2023-11-14 07:51:24,2023,11,14,1,4,1087714.2857142857,1110966.6666666667,1081022.2222222222,0.004612546125461359,0.006007759026526334
1700036021000,1097000,2023-11-15 08:13:41,2023-11-15 08:13:41,2023,11,15,2,4,1088142.857142857,1111300.0,1081433.3333333333,0.007346189164370909,0.006149717201774799
1700122084000,1096000,2023-11-16 08:08:04,2023-11-16 08:08:04,2023,11,16,3,4,1089428.5714285714,1111666.6666666667,1081833.3333333333,-0.0009115770282588365,0.006140784329979937
1700208688000,1095000,2023-11-17 08:11:28,2023-11-17 08:11:28,2023,11,17,4,4,1089857.142857143,1111900.0,1082255.5555555555,-0.0009124087591241281,0.00612769823063939
1700293828000,1100000,2023-11-18 07:50:28,2023-11-18 07:50:28,2023,11,18,5,4,1092142.857142857,1111900.0,1082733.3333333333,0.004566210045662045,0.005841941575144104
1700371844000,1100000,2023-11-19 05:30:44,2023-11-19 05:30:44,2023,11,19,6,4,1094428.5714285714,1111500.0,1083211.111111111,0.0,0.005468105973209467
1700467818000,1097000,2023-11-20 08:10:18,2023-11-20 08:10:18,2023,11,20,0,4,1096285.7142857143,1110700.0,1083644.4444444445,-0.0027272727272726893,0.005244448451327519
1700553930000,1095000,2023-11-21 08:05:30,2023-11-21 08:05:30,2023,11,21,1,4,1097142.857142857,1109833.3333333333,1084011.111111111,-0.001823154056517784,0.005246526389382628
1700640464000,1097000,2023-11-22 08:07:44,2023-11-22 08:07:44,2023,11,22,2,4,1097142.857142857,1109166.6666666667,1084322.2222222222,0.0018264840182649067,0.00523970694240992
1700727515000,1095000,2023-11-23 08:18:35,2023-11-23 08:18:35,2023,11,23,3,4,1097000.0,1108366.6666666667,1084611.111111111,-0.001823154056517784,0.005224639385554473
1700813178000,1105000,2023-11-24 08:06:18,2023-11-24 08:06:18,2023,11,24,4,4,1098428.5714285714,1107766.6666666667,1085055.5555555555,0.009132420091324311,0.005474346949185517
1700900344000,1110000,2023-11-25 08:19:04,2023-11-25 08:19:04,2023,11,25,5,4,1099857.142857143,1107266.6666666667,1085555.5555555555,0.004524886877828038,0.005536751944868856
1700983386000,1110000,2023-11-26 07:23:06,2023-11-26 07:23:06,2023,11,26,6,4,1101285.7142857143,1106833.3333333333,1086055.5555555555,0.0,0.005531368059959875
1701072501000,1110000,2023-11-27 08:08:21,2023-11-27 08:08:21,2023,11,27,0,4,1103142.857142857,1105966.6666666667,1086500.0,0.0,0.0050520393923289926
1701159008000,1115000,2023-11-28 08:10:08,2023-11-28 08:10:08,2023,11,28,1,4,1106000.0,1105266.6666666667,1086922.2222222222,0.0045045045045044585,0.005141524460510292
1701245447000,1124000,2023-11-29 08:10:47,2023-11-29 08:10:47,2023,11,29,2,4,1109857.142857143,1104900.0,1087422.2222222222,0.008071748878923701,0.0053795033110513
1701332136000,1120000,2023-11-30 08:15:36,2023-11-30 08:15:36,2023,11,30,3,4,1113428.5714285714,1104533.3333333333,1087911.111111111,-0.003558718861209953,0.005380217430110712
1701418879000,1115000,2023-12-01 08:21:19,2023-12-01 08:21:19,2023,12,1,4,4,1114857.142857143,1104266.6666666667,1088344.4444444445,-0.004464285714285698,0.005287435045811055
1701506286000,1130000,2023-12-02 08:38:06,2023-12-02 08:38:06,2023,12,2,5,4,1117714.2857142857,1104500.0,1088944.4444444445,0.013452914798206317,0.005847920162237868
1701586307000,1130000,2023-12-03 06:51:47,2023-12-03 06:51:47,2023,12,3,6,4,1120571.4285714286,1104633.3333333333,1089544.4444444445,0.0,0.0058296737184000535
1701677111000,1145000,2023-12-04 08:05:11,2023-12-04 08:05:11,2023,12,4,0,4,1125571.4285714286,1105300.0,1090322.2222222222,0.01327433628318575,0.006298569246416192
1701763554000,1122000,2023-12-05 08:05:54,2023-12-05 08:05:54,2023,12,5,1,4,1126571.4285714286,1105200.0,1090911.111111111,-0.02008733624454151,0.007345919757781484
1701850517000,1110000,2023-12-06 08:15:17,2023-12-06 08:15:17,2023,12,6,2,4,1124571.4285714286,1104766.6666666667,1091422.2222222222,-0.010695187165775444,0.0075939372325289235
1701936025000,1116000,2023-12-07 08:00:25,2023-12-07 08:00:25,2023,12,7,3,4,1124000.0,1104933.3333333333,1091955.5555555555,0.00540540540540535,0.007405406694752724
1702022467000,1116000,2023-12-08 08:01:07,2023-12-08 08:01:07,2023,12,8,4,4,1124142.857142857,1105666.6666666667,1092477.7777777778,0.0,0.006805234844372979
1702109953000,1107000,2023-12-09 08:19:13,2023-12-09 08:19:13,2023,12,9,5,4,1120857.142857143,1106333.3333333333,1092900.0,-0.008064516129032251,0.006871517559115905
1702187011000,1107000,2023-12-10 05:43:31,2023-12-10 05:43:31,2023,12,10,6,4,1117571.4285714286,1106833.3333333333,1093311.111111111,0.0,0.006831101161441452
1702282631000,1107000,2023-12-11 08:17:11,2023-12-11 08:17:11,2023,12,11,0,4,1112142.857142857,1107600.0,1093711.111111111,0.0,0.006671605014994532
1702368622000,1093000,2023-12-12 08:10:22,2023-12-12 08:10:22,2023,12,12,1,4,1108000.0,1107900.0,1093988.888888889,-0.012646793134598044,0.007104303348982631
1702454833000,1100000,2023-12-13 08:07:13,2023-12-13 08:07:13,2023,12,13,2,4,1106571.4285714286,1108433.3333333333,1094366.6666666667,0.006404391582799596,0.007190673223235076
1702540678000,1125000,2023-12-14 07:57:58,2023-12-14 07:57:58,2023,12,14,3,4,1107857.142857143,1109633.3333333333,1095000.0,0.022727272727272707,0.008231930868421573
1702628041000,1126000,2023-12-15 08:14:01,2023-12-15 08:14:01,2023,12,15,4,4,1109285.7142857143,1110600.0,1095566.6666666667,0.000888888888888939,0.008147435721030084
1702715429000,1114000,2023-12-16 08:30:29,2023-12-16 08:30:29,2023,12,16,5,4,1110285.7142857143,1111200.0,1096000.0,-0.010657193605683846,0.00841223213940361
1702798109000,1114000,2023-12-17 07:28:29,2023-12-17 07:28:29,2023,12,17,6,4,1111285.7142857143,1111833.3333333333,1096433.3333333333,0.0,0.008408308911752484
1702887700000,1114000,2023-12-18 08:21:40,2023-12-18 08:21:40,2023,12,18,0,4,1112285.7142857143,1112300.0,1096800.0,0.0,0.008375446157466169
1702973354000,1118000,2023-12-19 08:09:14,2023-12-19 08:09:14,2023,12,19,1,4,1115857.142857143,1112900.0,1097222.2222222222,0.0035906642728904536,0.008394346846564234
1703059904000,1125000,2023-12-20 08:11:44,2023-12-20 08:11:44,2023,12,20,2,4,1119428.5714285714,1113833.3333333333,1097722.2222222222,0.0062611806797854275,0.008432730772936383
1703146060000,1121000,2023-12-21 08:07:40,2023-12-21 08:07:40,2023,12,21,3,4,1118857.142857143,1114700.0,1098211.111111111,-0.003555555555555534,0.008457738023834937
1703233693000,1128000,2023-12-22 08:28:13,2023-12-22 08:28:13,2023,12,22,4,4,1119142.857142857,1115733.3333333333,1098755.5555555555,0.006244424620874156,0.00851419346545389
1703319510000,1132000,2023-12-23 08:18:30,2023-12-23 08:18:30,2023,12,23,5,4,1121714.2857142857,1116966.6666666667,1099344.4444444445,0.0035460992907800915,0.008510009482475331
1703402091000,1132000,2023-12-24 07:14:51,2023-12-24 07:14:51,2023,12,24,6,4,1124285.7142857143,1117866.6666666667,1099944.4444444445,0.0,0.008376669108476632
1703492529000,1132000,2023-12-25 08:22:09,2023-12-25 08:22:09,2023,12,25,0,4,1126857.142857143,1118600.0,1100611.111111111,0.0,0.008348701700454679
1703580676000,1132000,2023-12-26 08:51:16,2023-12-26 08:51:16,2023,12,26,1,4,1128857.142857143,1119333.3333333333,1101344.4444444445,0.0,0.008348701700454679
1703664355000,1137000,2023-12-27 08:05:55,2023-12-27 08:05:55,2023,12,27,2,4,1130571.4285714286,1120233.3333333333,1102222.2222222222,0.004416961130742081,0.008375054523987555
1703752158000,1141000,2023-12-28 08:29:18,2023-12-28 08:29:18,2023,12,28,3,4,1133428.5714285714,1121100.0,1103200.0,0.0035180299032542273,0.00836207811987466
1703837090000,1130000,2023-12-29 08:04:50,2023-12-29 08:04:50,2023,12,29,4,4,1133714.2857142857,1121300.0,1104100.0,-0.009640666082383897,0.008455896880828245
1704184810000,1129000,2024-01-02 08:40:10,2024-01-02 08:40:10,2024,1,2,1,1,1133285.7142857143,1121600.0,1104988.888888889,-0.0008849557522123686,0.008428830254020537
1704269951000,1129000,2024-01-03 08:19:11,2024-01-03 08:19:11,2024,1,3,2,1,1132857.142857143,1122066.6666666667,1105877.7777777778,0.0,0.008381069215317534
1704355638000,1123000,2024-01-04 08:07:18,2024-01-04 08:07:18,2024,1,4,3,1,1131571.4285714286,1121833.3333333333,1106811.111111111,-0.005314437555358764,0.00807174246596782
1704441357000,1125000,2024-01-05 07:55:57,2024-01-05 07:55:57,2024,1,5,4,1,1130571.4285714286,1121666.6666666667,1107755.5555555555,0.0017809439002671734,0.008079623982141348
1704526945000,1128000,2024-01-06 07:42:25,2024-01-06 07:42:25,2024,1,6,5,1,1129285.7142857143,1121100.0,1108700.0,0.002666666666666595,0.00769642790504502
1704612826000,1128000,2024-01-07 07:33:46,2024-01-07 07:33:46,2024,1,7,6,1,1127428.5714285714,1121300.0,1109644.4444444445,0.0,0.0067459830016366315
1704699841000,1128000,2024-01-08 07:44:01,2024-01-08 07:44:01,2024,1,8,0,1,1127142.857142857,1121900.0,1110544.4444444445,0.0,0.006425349261657336
1704787116000,1121000,2024-01-09 07:58:36,2024-01-09 07:58:36,2024,1,9,1,1,1126000.0,1122066.6666666667,1111366.6666666667,-0.006205673758865271,0.006472709679396307
1704873457000,1121000,2024-01-10 07:57:37,2024-01-10 07:57:37,2024,1,10,2,1,1124857.142857143,1122233.3333333333,1112122.2222222222,0.0,0.006472709679396307
1704959930000,1119000,2024-01-11 07:58:50,2024-01-11 07:58:50,2024,1,11,3,1,1124285.7142857143,1122633.3333333333,1112755.5555555555,-0.001784121320249743,0.006296386110836845
1705049101000,1124000,2024-01-12 08:45:01,2024-01-12 08:45:01,2024,1,12,4,1,1124142.857142857,1123200.0,1113433.3333333333,0.0044682752457552155,0.0063398221751071
1705133938000,1131000,2024-01-13 08:18:58,2024-01-13 08:18:58,2024,1,13,5,1,1124571.4285714286,1124000.0,1114088.888888889,0.006227758007117501,0.0064233655163391
1705214696000,1131000,2024-01-14 06:44:56,2024-01-14 06:44:56,2024,1,14,6,1,1125000.0,1125266.6666666667,1114744.4444444445,0.0,0.005909267266424341
1705307010000,1130000,2024-01-15 08:23:30,2024-01-15 08:23:30,2024,1,15,0,1,1125285.7142857143,1126266.6666666667,1115211.111111111,-0.0008841732979664174,0.005835441297373436
1705392838000,1134000,2024-01-16 08:13:58,2024-01-16 08:13:58,2024,1,16,1,1,1127142.857142857,1126566.6666666667,1115722.2222222222,0.003539823008849474,0.004178395677227614
1705479178000,1121000,2024-01-17 08:12:58,2024-01-17 08:12:58,2024,1,17,2,1,1127142.857142857,1126400.0,1116100.0,-0.011463844797178102,0.004692715266142209
1705565261000,1115000,2024-01-18 08:07:41,2024-01-18 08:07:41,2024,1,18,3,1,1126571.4285714286,1126433.3333333333,1116433.3333333333,-0.00535236396074934,0.004371617818841542
1705652608000,1125000,2024-01-19 08:23:28,2024-01-19 08:23:28,2024,1,19,4,1,1126714.2857142857,1126800.0,1116844.4444444445,0.008968609865470878,0.004665620521246159
1705739249000,1128000,2024-01-20 08:27:29,2024-01-20 08:27:29,2024,1,20,5,1,1126285.7142857143,1127266.6666666667,1117155.5555555555,0.002666666666666595,0.004684321575632321
1705820693000,1128000,2024-01-21 07:04:53,2024-01-21 07:04:53,2024,1,21,6,1,1125857.142857143,1127600.0,1117333.3333333333,0.0,0.004646418938542853
1705911743000,1127000,2024-01-22 08:22:23,2024-01-22 08:22:23,2024,1,22,0,1,1125428.5714285714,1127666.6666666667,1117400.0,-0.0008865248226950229,0.004511903416062036
1705998566000,1125000,2024-01-23 08:29:26,2024-01-23 08:29:26,2024,1,23,1,1,1124142.857142857,1127800.0,1117444.4444444445,-0.0017746228926353025,0.004474126724641342
1706084189000,1128000,2024-01-24 08:16:29,2024-01-24 08:16:29,2024,1,24,2,1,1125142.857142857,1127800.0,1117566.6666666667,0.002666666666666595,0.0043514843249759455
1706170290000,1124000,2024-01-25 08:11:30,2024-01-25 08:11:30,2024,1,25,3,1,1126428.5714285714,1127533.3333333333,1117622.2222222222,-0.0035460992907800915,0.004345352233387946
1706257413000,1130000,2024-01-26 08:23:33,2024-01-26 08:23:33,2024,1,26,4,1,1127142.857142857,1127466.6666666667,1117700.0,0.005338078291814874,0.004462687248210758
1706343794000,1132000,2024-01-27 08:23:14,2024-01-27 08:23:14,2024,1,27,5,1,1127714.2857142857,1127466.6666666667,1117777.7777777778,0.001769911504424737,0.00447504354718919
1706425862000,1132000,2024-01-28 07:11:02,2024-01-28 07:11:02,2024,1,28,6,1,1128285.7142857143,1127466.6666666667,1117877.7777777778,0.0,0.00447504354718919
1706515785000,1133000,2024-01-29 08:09:45,2024-01-29 08:09:45,2024,1,29,0,1,1129142.857142857,1127333.3333333333,1117844.4444444445,0.0008833922261484162,0.0044009308956022624
1706602543000,1142000,2024-01-30 08:15:43,2024-01-30 08:15:43,2024,1,30,1,1,1131571.4285714286,1127366.6666666667,1117911.111111111,0.007943512797881747,0.004596491579802964
1706688193000,1144000,2024-01-31 08:03:13,2024-01-31 08:03:13,2024,1,31,2,1,1133857.142857143,1127833.3333333333,1118011.111111111,0.0017513134851139256,0.004224741365260437
1706774915000,1143000,2024-02-01 08:08:35,2024-02-01 08:08:35,2024,2,1,3,1,1136571.4285714286,1128300.0,1118144.4444444445,-0.0008741258741258306,0.004224626549680928
1706860816000,1151000,2024-02-02 08:00:16,2024-02-02 08:00:16,2024,2,2,4,1,1139571.4285714286,1129033.3333333333,1118455.5555555555,0.006999125109361293,0.004390659686425525
1706948972000,1142000,2024-02-03 08:29:32,2024-02-03 08:29:32,2024,2,3,5,1,1141000.0,1129666.6666666667,1118666.6666666667,-0.007819287576020906,0.004529665472920784
1707029625000,1142000,2024-02-04 06:53:45,2024-02-04 06:53:45,2024,2,4,6,1,1142428.5714285714,1130233.3333333333,1118844.4444444445,0.0,0.004524906603449471
1707119757000,1140000,2024-02-05 07:55:57,2024-02-05 07:55:57,2024,2,5,0,1,1143428.5714285714,1130633.3333333333,1119011.111111111,-0.0017513134851138146,0.004524187931967253
1707207597000,1130000,2024-02-06 08:19:57,2024-02-06 08:19:57,2024,2,6,1,1,1141714.2857142857,1130700.0,1119066.6666666667,-0.00877192982456143,0.004822093640323001
1707293803000,1136000,2024-02-07 08:16:43,2024-02-07 08:16:43,2024,2,7,2,1,1140571.4285714286,1130966.6666666667,1119211.111111111,0.005309734513274433,0.0049159555941855155
1707381378000,1139000,2024-02-08 08:36:18,2024-02-08 08:36:18,2024,2,8,3,1,1140000.0,1131566.6666666667,1119522.2222222222,0.002640845070422504,0.004778946571979423
1707466841000,1138000,2024-02-09 08:20:41,2024-02-09 08:20:41,2024,2,9,4,1,1138142.857142857,1132133.3333333333,1120011.111111111,-0.0008779631255487752,0.0047850655875047625
1707552511000,1135000,2024-02-10 08:08:31,2024-02-10 08:08:31,2024,2,10,5,1,1137142.857142857,1132666.6666666667,1120544.4444444445,-0.002636203866432374,0.0048016703048947935
1707633836000,1135000,2024-02-11 06:43:56,2024-02-11 06:43:56,2024,2,11,6,1,1136142.857142857,1133033.3333333333,1121022.2222222222,0.0,0.004742776467696962
1707726579000,1135000,2024-02-12 08:29:39,2024-02-12 08:29:39,2024,2,12,0,1,1135428.5714285714,1133166.6666666667,1121588.888888889,0.0,0.004610429621111074
1707812197000,1129000,2024-02-13 08:16:37,2024-02-13 08:16:37,2024,2,13,1,1,1135285.7142857143,1133100.0,1122088.888888889,-0.005286343612334821,0.0047153188478425735
1707900457000,1114000,2024-02-14 08:47:37,2024-02-14 08:47:37,2024,2,14,2,1,1132142.857142857,1132566.6666666667,1122422.2222222222,-0.013286093888396855,0.005298691646113858
1707984315000,1115000,2024-02-15 08:05:15,2024-02-15 08:05:15,2024,2,15,3,1,1128714.2857142857,1131933.3333333333,1122711.111111111,0.0008976660682227244,0.005251637502345706
1708072719000,1118000,2024-02-16 08:38:39,2024-02-16 08:38:39,2024,2,16,4,1,1125857.142857143,1131833.3333333333,1122944.4444444445,0.0026905829596413078,0.004858387689011103
1708159881000,1124000,2024-02-17 08:51:21,2024-02-17 08:51:21,2024,2,17,5,1,1124285.7142857143,1132133.3333333333,1123255.5555555555,0.005366726296958779,0.0048512630879258365
1708240814000,1124000,2024-02-18 07:20:14,2024-02-18 07:20:14,2024,2,18,6,1,1122714.2857142857,1132100.0,1123577.7777777778,0.0,0.004565245560080795
1708330172000,1125000,2024-02-19 08:09:32,2024-02-19 08:09:32,2024,2,19,0,1,1121285.7142857143,1132000.0,1123855.5555555555,0.000889679715302405,0.004540652587075867
1708416372000,1128000,2024-02-20 08:06:12,2024-02-20 08:06:12,2024,2,20,1,1,1121142.857142857,1132000.0,1124166.6666666667,0.002666666666666595,0.004568265584909262
1708502850000,1131000,2024-02-21 08:07:30,2024-02-21 08:07:30,2024,2,21,2,1,1123571.4285714286,1132133.3333333333,1124544.4444444445,0.0026595744680850686,0.004590090482358263
1708590446000,1133000,2024-02-22 08:27:26,2024-02-22 08:27:26,2024,2,22,3,1,1126142.857142857,1132400.0,1124966.6666666667,0.0017683465959328348,0.004585017159950946
1708676025000,1133000,2024-02-23 08:13:45,2024-02-23 08:13:45,2024,2,23,4,1,1128285.7142857143,1132566.6666666667,1125366.6666666667,0.0,0.004562270894214554
1708762727000,1136000,2024-02-24 08:18:47,2024-02-24 08:18:47,2024,2,24,5,1,1130000.0,1132966.6666666667,1125822.2222222222,0.0026478375992939895,0.004528915271134283
1708845100000,1136000,2024-02-25 07:11:40,2024-02-25 07:11:40,2024,2,25,6,1,1131714.2857142857,1133166.6666666667,1126166.6666666667,0.0,0.004430545394464149
1708934319000,1135000,2024-02-26 07:58:39,2024-02-26 07:58:39,2024,2,26,0,1,1133142.857142857,1133266.6666666667,1126444.4444444445,-0.0008802816901408717,0.0044242926494836975
1709023004000,1132000,2024-02-27 08:36:44,2024-02-27 08:36:44,2024,2,27,1,1,1133714.2857142857,1133266.6666666667,1126688.888888889,-0.002643171806167355,0.0044525336977671885
1709107204000,1134000,2024-02-28 08:00:04,2024-02-28 08:00:04,2024,2,28,2,1,1134142.857142857,1133300.0,1126955.5555555555,0.0017667844522968323,0.004461423880373343
1709194596000,1138000,2024-02-29 08:16:36,2024-02-29 08:16:36,2024,2,29,3,1,1134857.142857143,1133166.6666666667,1127211.111111111,0.003527336860670305,0.004259927017247625
1709279566000,1142000,2024-03-01 07:52:46,2024-03-01 07:52:46,2024,3,1,4,1,1136142.857142857,1133100.0,1127411.111111111,0.0035149384885764245,0.0042984674639216965
1709369364000,1164000,2024-03-02 08:49:24,2024-03-02 08:49:24,2024,3,2,5,1,1140142.857142857,1133800.0,1127900.0,0.019264448336252293,0.005554284342302758
1709444483000,1164000,2024-03-03 05:41:23,2024-03-03 05:41:23,2024,3,3,6,1,1144142.857142857,1134233.3333333333,1128444.4444444445,0.0,0.00542261333225016
1709540081000,1164000,2024-03-04 08:14:41,2024-03-04 08:14:41,2024,3,4,0,1,1148285.7142857143,1134966.6666666667,1128822.2222222222,0.0,0.0051977467691291385
1709626740000,1179000,2024-03-05 08:19:00,2024-03-05 08:19:00,2024,3,5,1,1,1155000.0,1136200.0,1129366.6666666667,0.012886597938144284,0.0056546469644133636
1709712595000,1186000,2024-03-06 08:09:55,2024-03-06 08:09:55,2024,3,6,2,1,1162428.5714285714,1137733.3333333333,1129822.2222222222,0.00593723494486853,0.005696036392052709
1709799786000,1199000,2024-03-07 08:23:06,2024-03-07 08:23:06,2024,3,7,3,1,1171142.857142857,1140033.3333333333,1130677.7777777778,0.010961214165261302,0.0056276110950746585
1709887076000,1204000,2024-03-08 08:37:56,2024-03-08 08:37:56,2024,3,8,4,1,1180000.0,1142300.0,1131722.2222222222,0.00417014178482078,0.005608263084731786
1709971038000,1208000,2024-03-09 07:57:18,2024-03-09 07:57:18,2024,3,9,5,1,1186285.7142857143,1144600.0,1132744.4444444445,0.0033222591362125353,0.005612515333363851
1710053005000,1208000,2024-03-10 06:43:25,2024-03-10 06:43:25,2024,3,10,6,1,1192571.4285714286,1146933.3333333333,1133766.6666666667,0.0,0.005599385714246122
1710147213000,1208000,2024-03-11 08:53:33,2024-03-11 08:53:33,2024,3,11,0,1,1198857.142857143,1149366.6666666667,1134888.888888889,0.0,0.005544423289163092
1710233498000,1210000,2024-03-12 08:51:38,2024-03-12 08:51:38,2024,3,12,1,1,1203285.7142857143,1151866.6666666667,1136033.3333333333,0.0016556291390728006,0.005531077643672555
1710320737000,1200000,2024-03-13 09:05:37,2024-03-13 09:05:37,2024,3,13,2,1,1205285.7142857143,1154033.3333333333,1137066.6666666667,-0.008264462809917328,0.0058390846445662194
1710404781000,1203000,2024-03-14 08:26:21,2024-03-14 08:26:21,2024,3,14,3,1,1205857.142857143,1156500.0,1138288.888888889,0.0024999999999999467,0.0056807172796944265
1710491772000,1194000,2024-03-15 08:36:12,2024-03-15 08:36:12,2024,3,15,4,1,1204428.5714285714,1159166.6666666667,1139333.3333333333,-0.007481296758104716,0.005217336802855737
1710577959000,1193000,2024-03-16 08:32:39,2024-03-16 08:32:39,2024,3,16,5,1,1202285.7142857143,1161766.6666666667,1140088.888888889,-0.0008375209380234727,0.005243288001031334
1710659508000,1193000,2024-03-17 07:11:48,2024-03-17 07:11:48,2024,3,17,6,1,1200142.857142857,1164266.6666666667,1140833.3333333333,0.0,0.005258827650307964
1710749664000,1193000,2024-03-18 08:14:24,2024-03-18 08:14:24,2024,3,18,0,1,1198000.0,1166566.6666666667,1141711.111111111,0.0,0.0052379234672152355
1710836426000,1199000,2024-03-19 08:20:26,2024-03-19 08:20:26,2024,3,19,1,1,1196428.5714285714,1169066.6666666667,1142655.5555555555,0.005029337803855727,0.005252134071495284
1710922417000,1199000,2024-03-20 08:13:37,2024-03-20 08:13:37,2024,3,20,2,1,1196285.7142857143,1171533.3333333333,1143600.0,0.0,0.0052621074077665005
1711011227000,1219000,2024-03-21 08:53:47,2024-03-21 08:53:47,2024,3,21,3,1,1198571.4285714286,1174566.6666666667,1144722.2222222222,0.016680567139282676,0.0058945748807355276
1711097507000,1211000,2024-03-22 08:51:47,2024-03-22 08:51:47,2024,3,22,4,1,1201000.0,1177233.3333333333,1145677.7777777778,-0.00656275635767023,0.0061275689759403475
1711181203000,1203000,2024-03-23 08:06:43,2024-03-23 08:06:43,2024,3,23,5,1,1202428.5714285714,1179566.6666666667,1146588.888888889,-0.006606110652353392,0.006339650334753426
1711263803000,1203000,2024-03-24 07:03:23,2024-03-24 07:03:23,2024,3,24,6,1,1203857.142857143,1181900.0,1147422.2222222222,0.0,0.006339650334753426
1711354249000,1203000,2024-03-25 08:10:49,2024-03-25 08:10:49,2024,3,25,0,1,1205285.7142857143,1184133.3333333333,1148211.111111111,0.0,0.006349027493130708
1711440353000,1213000,2024-03-26 08:05:53,2024-03-26 08:05:53,2024,3,26,1,1,1207285.7142857143,1186700.0,1149111.111111111,0.00831255195344971,0.006442532375913301
1711526671000,1217000,2024-03-27 08:04:31,2024-03-27 08:04:31,2024,3,27,2,1,1209857.142857143,1189433.3333333333,1150055.5555555555,0.0032976092333059093,0.0064185740011859435
1711612827000,1222000,2024-03-28 08:00:27,2024-03-28 08:00:27,2024,3,28,3,1,1210285.7142857143,1192433.3333333333,1151055.5555555555,0.0041084634346755244,0.006355601724494864
1711700905000,1249000,2024-03-29 08:28:25,2024-03-29 08:28:25,2024,3,29,4,1,1215714.2857142857,1196266.6666666667,1152300.0,0.02209492635024546,0.007282731667621472
1711785841000,1249000,2024-03-30 08:04:01,2024-03-30 08:04:01,2024,3,30,5,1,1222285.7142857143,1199966.6666666667,1153500.0,0.0,0.007306540989124941
1711861060000,1249000,2024-03-31 04:57:40,2024-03-31 04:57:40,2024,3,31,6,1,1228857.142857143,1203533.3333333333,1154822.2222222222,0.0,0.007328351232439929
1711958790000,1254000,2024-04-01 08:06:30,2024-04-01 08:06:30,2024,4,1,0,2,1236142.857142857,1206533.3333333333,1156211.111111111,0.004003202562049557,0.0066608087837930294
1712045555000,1256000,2024-04-02 08:12:35,2024-04-02 08:12:35,2024,4,2,1,2,1242285.7142857143,1209600.0,1157622.2222222222,0.0015948963317384823,0.006646459225152188
1712132949000,1274000,2024-04-03 08:29:09,2024-04-03 08:29:09,2024,4,3,2,2,1250428.5714285714,1213266.6666666667,1159300.0,0.014331210191082855,0.006963566473586999
1712218262000,1283000,2024-04-04 08:11:02,2024-04-04 08:11:02,2024,4,4,3,2,1259142.857142857,1216733.3333333333,1161055.5555555555,0.007064364207221452,0.006757705221654865
1712305573000,1279000,2024-04-05 08:26:13,2024-04-05 08:26:13,2024,4,5,4,2,1263428.5714285714,1219833.3333333333,1162733.3333333333,-0.003117692907248615,0.006816729633230064
1712391835000,1299000,2024-04-06 08:23:55,2024-04-06 08:23:55,2024,4,6,5,2,1270571.4285714286,1223166.6666666667,1164633.3333333333,0.015637216575449475,0.0070648231580329995
1712471597000,1299000,2024-04-07 06:33:17,2024-04-07 06:33:17,2024,4,7,6,2,1277714.2857142857,1226333.3333333333,1166533.3333333333,0.0,0.007075870408987104
1712565440000,1289000,2024-04-08 08:37:20,2024-04-08 08:37:20,2024,4,8,0,2,1282714.2857142857,1229033.3333333333,1168400.0,-0.007698229407236301,0.0073168312089162005
1712651840000,1306000,2024-04-09 08:37:20,2024-04-09 08:37:20,2024,4,9,1,2,1289857.142857143,1232300.0,1170455.5555555555,0.013188518231187052,0.0075723660669241135
1712910400000,1324000,2024-04-12 08:26:40,2024-04-12 08:26:40,2024,4,12,4,2,1297000.0,1236166.6666666667,1172733.3333333333,0.013782542113323082,0.007821243177335948
1712996645000,1310000,2024-04-13 08:24:05,2024-04-13 08:24:05,2024,4,13,5,2,1300857.142857143,1239500.0,1174800.0,-0.010574018126888185,0.008207768748511148
1713061825000,1310000,2024-04-14 02:30:25,2024-04-14 02:30:25,2024,4,14,6,2,1305285.7142857143,1243166.6666666667,1176788.888888889,0.0,0.007962704193233035
1713169926000,1315000,2024-04-15 08:32:06,2024-04-15 08:32:06,2024,4,15,0,2,1307571.4285714286,1246900.0,1178833.3333333333,0.003816793893129722,0.007963720248471577
1713255880000,1321000,2024-04-16 08:24:40,2024-04-16 08:24:40,2024,4,16,1,2,1310714.2857142857,1251133.3333333333,1180955.5555555555,0.004562737642585635,0.00771675693733904
1713341512000,1321000,2024-04-17 08:11:52,2024-04-17 08:11:52,2024,4,17,2,2,1315285.7142857143,1255400.0,1183033.3333333333,0.0,0.007702386020874232
1713427403000,1335000,2024-04-18 08:03:23,2024-04-18 08:03:23,2024,4,18,3,2,1319428.5714285714,1260133.3333333333,1185411.111111111,0.010598031794095464,0.007782196761478792
1713515346000,1345000,2024-04-19 08:29:06,2024-04-19 08:29:06,2024,4,19,4,2,1322428.5714285714,1265200.0,1187966.6666666667,0.0074906367041198685,0.007776740561484281
1713601200000,1347000,2024-04-20 08:20:00,2024-04-20 08:20:00,2024,4,20,5,2,1327714.2857142857,1270133.3333333333,1190433.3333333333,0.0014869888475836923,0.007787998963481353
1713680039000,1347000,2024-04-21 06:13:59,2024-04-21 06:13:59,2024,4,21,6,2,1333000.0,1275066.6666666667,1192866.6666666667,0.0,0.007787998963481353
1713773399000,1343000,2024-04-22 08:09:59,2024-04-22 08:09:59,2024,4,22,0,2,1337000.0,1279200.0,1195255.5555555555,-0.0029695619896065173,0.00749840692870307
1713858962000,1325000,2024-04-23 07:56:02,2024-04-23 07:56:02,2024,4,23,1,2,1337571.4285714286,1283000.0,1197455.5555555555,-0.013402829486224843,0.007900633271591706
1713946348000,1320000,2024-04-24 08:12:28,2024-04-24 08:12:28,2024,4,24,2,2,1337428.5714285714,1286900.0,1199622.2222222222,-0.0037735849056603765,0.007797717543496146
1714032321000,1319000,2024-04-25 08:05:21,2024-04-25 08:05:21,2024,4,25,3,2,1335142.857142857,1290766.6666666667,1201744.4444444445,-0.0007575757575757347,0.007809414053796806
1714118244000,1319000,2024-04-26 07:57:24,2024-04-26 07:57:24,2024,4,26,4,2,1331428.5714285714,1294633.3333333333,1203911.111111111,0.0,0.007809414053796806
1714206625000,1326000,2024-04-27 08:30:25,2024-04-27 08:30:25,2024,4,27,5,2,1328428.5714285714,1298400.0,1206088.888888889,0.005307050796057533,0.007759390817634494
1714291633000,1326000,2024-04-28 08:07:13,2024-04-28 08:07:13,2024,4,28,6,2,1325428.5714285714,1302033.3333333333,1208244.4444444445,0.0,0.007778398350892999
1714377383000,1325000,2024-04-29 07:56:23,2024-04-29 07:56:23,2024,4,29,0,2,1322857.142857143,1305466.6666666667,1210388.888888889,-0.0007541478129713397,0.007802811070013646
1714465185000,1325000,2024-04-30 08:19:45,2024-04-30 08:19:45,2024,4,30,1,2,1322857.142857143,1308000.0,1212522.2222222222,0.0,0.006902844315149246
1714551614000,1310000,2024-05-01 08:20:14,2024-05-01 08:20:14,2024,5,1,2,2,1321428.5714285714,1310033.3333333333,1214388.888888889,-0.01132075471698113,0.007312862073898338
1714637377000,1327000,2024-05-02 08:09:37,2024-05-02 08:09:37,2024,5,2,3,2,1322571.4285714286,1312633.3333333333,1216422.2222222222,0.012977099236641143,0.0075924112550935854
1714725214000,1318000,2024-05-03 08:33:34,2024-05-03 08:33:34,2024,5,3,4,2,1322428.5714285714,1314766.6666666667,1218366.6666666667,-0.0067822155237377,0.007750400621612904
1714810709000,1313000,2024-05-04 08:18:29,2024-05-04 08:18:29,2024,5,4,5,2,1320571.4285714286,1316666.6666666667,1220166.6666666667,-0.003793626707132014,0.007814842927487162
1714890137000,1313000,2024-05-05 06:22:17,2024-05-05 06:22:17,2024,5,5,6,2,1318714.2857142857,1317966.6666666667,1222066.6666666667,0.0,0.0074327580594824106
1714984233000,1310000,2024-05-06 08:30:33,2024-05-06 08:30:33,2024,5,6,0,2,1316571.4285714286,1318866.6666666667,1223933.3333333333,-0.0022848438690022954,0.007366827207918566
1715070189000,1318000,2024-05-07 08:23:09,2024-05-07 08:23:09,2024,5,7,1,2,1315571.4285714286,1320166.6666666667,1225911.111111111,0.006106870229007688,0.007393559212779253
1715156449000,1308000,2024-05-08 08:20:49,2024-05-08 08:20:49,2024,5,8,2,2,1315285.7142857143,1320466.6666666667,1227888.888888889,-0.007587253414264028,0.0070174555651153344
1715243062000,1306000,2024-05-09 08:24:22,2024-05-09 08:24:22,2024,5,9,3,2,1312285.7142857143,1320700.0,1229777.7777777778,-0.001529051987767538,0.007024912518341938
1715329641000,1326000,2024-05-10 08:27:21,2024-05-10 08:27:21,2024,5,10,4,2,1313428.5714285714,1321933.3333333333,1231855.5555555555,0.015313935681470214,0.00737982359207062
1715415752000,1333000,2024-05-11 08:22:32,2024-05-11 08:22:32,2024,5,11,5,2,1316285.7142857143,1322833.3333333333,1234022.2222222222,0.005279034690799378,0.0070627318891848785
1715492284000,1333000,2024-05-12 05:38:04,2024-05-12 05:38:04,2024,5,12,6,2,1319142.857142857,1323133.3333333333,1236222.2222222222,0.0,0.006617023672917185
1715587704000,1333000,2024-05-13 08:08:24,2024-05-13 08:08:24,2024,5,13,0,2,1322428.5714285714,1323900.0,1238422.2222222222,0.0,0.00629451005321114
1715674488000,1324000,2024-05-14 08:14:48,2024-05-14 08:14:48,2024,5,14,1,2,1323285.7142857143,1324366.6666666667,1240522.2222222222,-0.006751687921980443,0.006435797866851766
1715761993000,1332000,2024-05-15 08:33:13,2024-05-15 08:33:13,2024,5,15,2,2,1326714.2857142857,1324933.3333333333,1242777.7777777778,0.0060422960725075026,0.006489448197700853
1715847521000,1354000,2024-05-16 08:18:41,2024-05-16 08:18:41,2024,5,16,3,2,1333571.4285714286,1326033.3333333333,1245444.4444444445,0.016516516516516422,0.007089974170130522
1715934272000,1343000,2024-05-17 08:24:32,2024-05-17 08:24:32,2024,5,17,4,2,1336000.0,1326766.6666666667,1247977.7777777778,-0.008124076809453484,0.007276148531230905
1716019424000,1350000,2024-05-18 08:03:44,2024-05-18 08:03:44,2024,5,18,5,2,1338428.5714285714,1327266.6666666667,1250555.5555555555,0.005212211466865124,0.007084263333804518
1716104048000,1350000,2024-05-19 07:34:08,2024-05-19 07:34:08,2024,5,19,6,2,1340857.142857143,1327433.3333333333,1253066.6666666667,0.0,0.006956465978902064
1716192569000,1350000,2024-05-20 08:09:29,2024-05-20 08:09:29,2024,5,20,0,2,1343285.7142857143,1327533.3333333333,1255577.7777777778,0.0,0.0069518852850778915
1716220556000,1363000,2024-05-20 15:55:56,2024-05-20 15:55:56,2024,5,20,0,2,1348857.142857143,1328066.6666666667,1258222.2222222222,0.009629629629629655,0.007166238676354144
1716279310000,1358000,2024-05-21 08:15:10,2024-05-21 08:15:10,2024,5,21,1,2,1352571.4285714286,1328566.6666666667,1260777.7777777778,-0.003668378576669129,0.007178755985653403
1716366097000,1357000,2024-05-22 08:21:37,2024-05-22 08:21:37,2024,5,22,2,2,1353000.0,1329633.3333333333,1263288.888888889,-0.0007363770250368162,0.006695468455015956
1716452669000,1345000,2024-05-23 08:24:29,2024-05-23 08:24:29,2024,5,23,3,2,1353285.7142857143,1330466.6666666667,1265644.4444444445,-0.008843036109064117,0.006876846614652617
1716538127000,1325000,2024-05-24 08:08:47,2024-05-24 08:08:47,2024,5,24,4,2,1349714.2857142857,1330666.6666666667,1267777.7777777778,-0.014869888475836479,0.007436260490863161
1716625500000,1325000,2024-05-25 08:25:00,2024-05-25 08:25:00,2024,5,25,5,2,1346142.857142857,1330866.6666666667,1269877.7777777778,0.0,0.007436260490863161
1716707175000,1325000,2024-05-26 07:06:15,2024-05-26 07:06:15,2024,5,26,6,2,1342571.4285714286,1330833.3333333333,1271977.7777777778,0.0,0.0073728920598232625
1716796759000,1327000,2024-05-27 07:59:19,2024-05-27 07:59:19,2024,5,27,0,2,1337428.5714285714,1330866.6666666667,1274111.111111111,0.0015094339622641062,0.0073780330553952595
1716883238000,1333000,2024-05-28 08:00:38,2024-05-28 08:00:38,2024,5,28,1,2,1333857.142857143,1331133.3333333333,1276344.4444444445,0.0045214770158250595,0.007420918317194739
1716970471000,1338000,2024-05-29 08:14:31,2024-05-29 08:14:31,2024,5,29,2,2,1331142.857142857,1331566.6666666667,1278611.111111111,0.0037509377344335793,0.0074485051181051275
1717057568000,1329000,2024-05-30 08:26:08,2024-05-30 08:26:08,2024,5,30,3,2,1328857.142857143,1332200.0,1280733.3333333333,-0.006726457399103158,0.007244669550570276
1717142231000,1337000,2024-05-31 07:57:11,2024-05-31 07:57:11,2024,5,31,4,2,1330571.4285714286,1332533.3333333333,1282900.0,0.0060195635816402415,0.006936463537479487
1717228967000,1336000,2024-06-01 08:02:47,2024-06-01 08:02:47,2024,6,1,5,2,1332142.857142857,1333133.3333333333,1284811.111111111,-0.0007479431563200967,0.006811166635430146
1717307363000,1336000,2024-06-02 05:49:23,2024-06-02 05:49:23,2024,6,2,6,2,1333714.2857142857,1333900.0,1286722.2222222222,0.0,0.006764244683294861
1717402336000,1335000,2024-06-03 08:12:16,2024-06-03 08:12:16,2024,6,3,0,2,1334857.142857143,1334633.3333333333,1288622.2222222222,-0.0007485029940119681,0.0067679177395156475
1717488312000,1349000,2024-06-04 08:05:12,2024-06-04 08:05:12,2024,6,4,1,2,1337142.857142857,1335933.3333333333,1290511.111111111,0.01048689138576786,0.0069801120214700385
1717575085000,1336000,2024-06-05 08:11:25,2024-06-05 08:11:25,2024,6,5,2,2,1336857.142857143,1336533.3333333333,1292177.7777777778,-0.00963676797627877,0.0071722514057873605
1717662206000,1349000,2024-06-06 08:23:26,2024-06-06 08:23:26,2024,6,6,3,2,1339714.2857142857,1337900.0,1293844.4444444445,0.009730538922155585,0.007197678166291578
1717747192000,1366000,2024-06-07 07:59:52,2024-06-07 07:59:52,2024,6,7,4,2,1343857.142857143,1339900.0,1295644.4444444445,0.012601927353595332,0.007479644037715832
1717835088000,1328000,2024-06-08 08:24:48,2024-06-08 08:24:48,2024,6,8,5,2,1342714.2857142857,1339966.6666666667,1296977.7777777778,-0.027818448023426035,0.008771681273924838
1717917118000,1328000,2024-06-09 07:11:58,2024-06-09 07:11:58,2024,6,9,6,2,1341571.4285714286,1339800.0,1298311.111111111,0.0,0.008716724773873264
1718007286000,1329000,2024-06-10 08:14:46,2024-06-10 08:14:46,2024,6,10,0,2,1340714.2857142857,1339666.6666666667,1299655.5555555555,0.0007530120481926694,0.008718071991377158
1718092882000,1330000,2024-06-11 08:01:22,2024-06-11 08:01:22,2024,6,11,1,2,1338000.0,1339566.6666666667,1300988.888888889,0.0007524454477050302,0.008719342480678868
1718180079000,1338000,2024-06-12 08:14:39,2024-06-12 08:14:39,2024,6,12,2,2,1338285.7142857143,1340033.3333333333,1302522.2222222222,0.006015037593984918,0.008691886296218865
1718266641000,1341000,2024-06-13 08:17:21,2024-06-13 08:17:21,2024,6,13,3,2,1337142.857142857,1340333.3333333333,1304055.5555555555,0.0022421524663676085,0.00863413161238463
1718353132000,1333000,2024-06-14 08:18:52,2024-06-14 08:18:52,2024,6,14,4,2,1332428.5714285714,1339633.3333333333,1305600.0,-0.005965697240865042,0.00813584681794064
1718439114000,1347000,2024-06-15 08:11:54,2024-06-15 08:11:54,2024,6,15,5,2,1335142.857142857,1339766.6666666667,1307311.111111111,0.010502625656414022,0.008243100302560183
1718520839000,1347000,2024-06-16 06:53:59,2024-06-16 06:53:59,2024,6,16,6,2,1337857.142857143,1339666.6666666667,1309022.2222222222,0.0,0.008187075387553793
1718617526000,1344000,2024-06-17 09:45:26,2024-06-17 09:45:26,2024,6,17,0,2,1340000.0,1339466.6666666667,1310700.0,-0.00222717149220486,0.008196777901012656
1718699078000,1342000,2024-06-18 08:24:38,2024-06-18 08:24:38,2024,6,18,1,2,1341714.2857142857,1339200.0,1312288.888888889,-0.0014880952380952328,0.008200554944984874
1718785957000,1349000,2024-06-19 08:32:37,2024-06-19 08:32:37,2024,6,19,2,2,1343285.7142857143,1338733.3333333333,1313955.5555555555,0.005216095380029762,0.00805710820427601
1718870440000,1355000,2024-06-20 08:00:40,2024-06-20 08:00:40,2024,6,20,3,2,1345285.7142857143,1338633.3333333333,1315466.6666666667,0.004447739065974732,0.008076775615150833
1718958197000,1371000,2024-06-21 08:23:17,2024-06-21 08:23:17,2024,6,21,4,2,1350714.2857142857,1339100.0,1317244.4444444445,0.011808118081180874,0.008359366495808419
1719045422000,1357000,2024-06-22 08:37:02,2024-06-22 08:37:02,2024,6,22,5,2,1352142.857142857,1339500.0,1318955.5555555555,-0.010211524434719177,0.008414958778192207
1719124927000,1357000,2024-06-23 06:42:07,2024-06-23 06:42:07,2024,6,23,6,2,1353571.4285714286,1340566.6666666667,1320666.6666666667,0.0,0.007911621517378798
1719217857000,1360000,2024-06-24 08:30:57,2024-06-24 08:30:57,2024,6,24,0,2,1355857.142857143,1341733.3333333333,1322411.111111111,0.002210759027265974,0.007913955751665046
1719303640000,1368000,2024-06-25 08:20:40,2024-06-25 08:20:40,2024,6,25,1,2,1359571.4285714286,1343166.6666666667,1324133.3333333333,0.00588235294117645,0.007963605444492044
1719389852000,1361000,2024-06-26 08:17:32,2024-06-26 08:17:32,2024,6,26,2,2,1361285.7142857143,1344300.0,1325733.3333333333,-0.00511695906432752,0.008043240588744489
1719476318000,1350000,2024-06-27 08:18:38,2024-06-27 08:18:38,2024,6,27,3,2,1360571.4285714286,1344866.6666666667,1327155.5555555555,-0.008082292432035287,0.008174313074178291
1719562469000,1360000,2024-06-28 08:14:29,2024-06-28 08:14:29,2024,6,28,4,2,1359000.0,1345600.0,1328388.888888889,0.007407407407407307,0.008252041450231022
1719651957000,1365000,2024-06-29 09:05:57,2024-06-29 09:05:57,2024,6,29,5,2,1360142.857142857,1346800.0,1329677.7777777778,0.003676470588235281,0.008152534054007631
1719731172000,1365000,2024-06-30 07:06:12,2024-06-30 07:06:12,2024,6,30,6,2,1361285.7142857143,1347733.3333333333,1330966.6666666667,0.0,0.008096673611823688
1719821836000,1363000,2024-07-01 08:17:16,2024-07-01 08:17:16,2024,7,1,0,3,1361714.2857142857,1348633.3333333333,1332177.7777777778,-0.00146520146520146,0.008102224035116094
1719909036000,1368000,2024-07-02 08:30:36,2024-07-02 08:30:36,2024,7,2,1,3,1361714.2857142857,1349700.0,1333422.2222222222,0.003668378576669129,0.00811897378465144
1719994117000,1365000,2024-07-03 08:08:37,2024-07-03 08:08:37,2024,7,3,2,3,1362285.7142857143,1350700.0,1334433.3333333333,-0.002192982456140302,0.00813287625972539
1720079995000,1378000,2024-07-04 07:59:55,2024-07-04 07:59:55,2024,7,4,3,3,1366285.7142857143,1351666.6666666667,1335488.888888889,0.00952380952380949,0.00809502425442275
1720167420000,1383000,2024-07-05 08:17:00,2024-07-05 08:17:00,2024,7,5,4,3,1369571.4285714286,1353233.3333333333,1336644.4444444445,0.0036284470246734646,0.007867706945988163
1720254304000,1395000,2024-07-06 08:25:04,2024-07-06 08:25:04,2024,7,6,5,3,1373857.142857143,1354766.6666666667,1337711.111111111,0.008676789587852562,0.007830496618094701
1720336122000,1395000,2024-07-07 07:08:42,2024-07-07 07:08:42,2024,7,7,6,3,1378142.857142857,1355733.3333333333,1338777.7777777778,0.0,0.007527008472058754
1720427778000,1396000,2024-07-08 08:36:18,2024-07-08 08:36:18,2024,7,8,0,3,1382857.142857143,1358000.0,1339966.6666666667,0.0007168458781361409,0.005255446932556607
1720513449000,1389000,2024-07-09 08:24:09,2024-07-09 08:24:09,2024,7,9,1,3,1385857.142857143,1360033.3333333333,1340888.888888889,-0.005014326647564515,0.0053887439474001745
1720598894000,1380000,2024-07-10 08:08:14,2024-07-10 08:08:14,2024,7,10,2,3,1388000.0,1361733.3333333333,1341511.111111111,-0.006479481641468721,0.005582189673290621
1720685659000,1386000,2024-07-11 08:14:19,2024-07-11 08:14:19,2024,7,11,3,3,1389142.857142857,1363600.0,1342355.5555555555,0.004347826086956497,0.005609201354469304
1720772099000,1399000,2024-07-12 08:14:59,2024-07-12 08:14:59,2024,7,12,4,3,1391428.5714285714,1365633.3333333333,1343344.4444444445,0.009379509379509487,0.00573702114419815
1720857222000,1400000,2024-07-13 07:53:42,2024-07-13 07:53:42,2024,7,13,5,3,1392142.857142857,1367600.0,1344288.888888889,0.0007147962830593713,0.005737013091626941
1720919257000,1400000,2024-07-14 01:07:37,2024-07-14 01:07:37,2024,7,14,6,3,1392857.142857143,1369833.3333333333,1345166.6666666667,0.0,0.005572049474548232
1721031295000,1399000,2024-07-15 08:14:55,2024-07-15 08:14:55,2024,7,15,0,3,1393285.7142857143,1371566.6666666667,1346033.3333333333,-0.0007142857142856673,0.005328626680285613
1721117630000,1403000,2024-07-16 08:13:50,2024-07-16 08:13:50,2024,7,16,1,3,1395285.7142857143,1373433.3333333333,1346788.888888889,0.002859185132237263,0.0053305660985018865
1721204868000,1420000,2024-07-17 08:27:48,2024-07-17 08:27:48,2024,7,17,2,3,1401000.0,1375966.6666666667,1347622.2222222222,0.012116892373485344,0.005631382841726027
1721290559000,1427000,2024-07-18 08:15:59,2024-07-18 08:15:59,2024,7,18,3,3,1406857.142857143,1378800.0,1348511.111111111,0.004929577464788837,0.005622070975688387
1721377532000,1419000,2024-07-19 08:25:32,2024-07-19 08:25:32,2024,7,19,4,3,1409714.2857142857,1381133.3333333333,1349311.111111111,-0.005606166783461819,0.005758425758646766
1721463595000,1404000,2024-07-20 08:19:55,2024-07-20 08:19:55,2024,7,20,5,3,1410285.7142857143,1382766.6666666667,1349988.888888889,-0.010570824524312905,0.0061510886638679405
1721543157000,1404000,2024-07-21 06:25:57,2024-07-21 06:25:57,2024,7,21,6,3,1410857.142857143,1383866.6666666667,1350866.6666666667,0.0,0.0058178508733239456
1721637124000,1404000,2024-07-22 08:32:04,2024-07-22 08:32:04,2024,7,22,0,3,1411571.4285714286,1385433.3333333333,1351800.0,0.0,0.005437071799776648
1721722699000,1404000,2024-07-23 08:18:19,2024-07-23 08:18:19,2024,7,23,1,3,1411714.2857142857,1387000.0,1352744.4444444445,0.0,0.005437071799776648
1721809036000,1406000,2024-07-24 08:17:16,2024-07-24 08:17:16,2024,7,24,2,3,1409714.2857142857,1388533.3333333333,1353711.111111111,0.0014245014245013454,0.005433675632415207
1721896558000,1400000,2024-07-25 08:35:58,2024-07-25 08:35:58,2024,7,25,3,3,1405857.142857143,1389600.0,1354533.3333333333,-0.004267425320056861,0.005443139059816207
1721981963000,1386000,2024-07-26 08:19:23,2024-07-26 08:19:23,2024,7,26,4,3,1401142.857142857,1390433.3333333333,1355200.0,-0.010000000000000009,0.005692998840831508
1722067838000,1396000,2024-07-27 08:10:38,2024-07-27 08:10:38,2024,7,27,5,3,1400000.0,1391966.6666666667,1355988.888888889,0.00721500721500723,0.005570184898066815
1722148921000,1396000,2024-07-28 06:42:01,2024-07-28 06:42:01,2024,7,28,6,3,1398857.142857143,1393166.6666666667,1356777.7777777778,0.0,0.005445215597517289
1722241032000,1402000,2024-07-29 08:17:12,2024-07-29 08:17:12,2024,7,29,0,3,1398571.4285714286,1394400.0,1357800.0,0.004297994269341077,0.005457369080314065
1722328180000,1400000,2024-07-30 08:29:40,2024-07-30 08:29:40,2024,7,30,1,3,1398000.0,1395566.6666666667,1358611.111111111,-0.0014265335235378318,0.005471734036452057
1722413191000,1412000,2024-07-31 08:06:31,2024-07-31 08:06:31,2024,7,31,2,3,1398857.142857143,1397200.0,1359655.5555555555,0.008571428571428674,0.005629305408763135
1722499941000,1433000,2024-08-01 08:12:21,2024-08-01 08:12:21,2024,8,1,3,3,1403571.4285714286,1399366.6666666667,1360988.888888889,0.01487252124645888,0.0061470317571186445
1722586705000,1431000,2024-08-02 08:18:25,2024-08-02 08:18:25,2024,8,2,4,3,1410000.0,1401566.6666666667,1362300.0,-0.0013956734124215275,0.006131920792032958
1722672845000,1428000,2024-08-03 08:14:05,2024-08-03 08:14:05,2024,8,3,5,3,1414571.4285714286,1403233.3333333333,1363611.111111111,-0.002096436058700246,0.005978796984311438
1722753091000,1428000,2024-08-04 06:31:31,2024-08-04 06:31:31,2024,8,4,6,3,1419142.857142857,1404733.3333333333,1364833.3333333333,0.0,0.005964786786590375
1722846383000,1420000,2024-08-05 08:26:23,2024-08-05 08:26:23,2024,8,5,0,3,1421714.2857142857,1405566.6666666667,1366077.7777777778,-0.0056022408963585235,0.0059075374531079965
1722932536000,1413000,2024-08-06 08:22:16,2024-08-06 08:22:16,2024,8,6,1,3,1423571.4285714286,1406166.6666666667,1367266.6666666667,-0.004929577464788726,0.005993003918953386
1723019033000,1399000,2024-08-07 08:23:53,2024-08-07 08:23:53,2024,8,7,2,3,1421714.2857142857,1406266.6666666667,1368077.7777777778,-0.0099079971691437,0.006283282816930342
1723105257000,1399000,2024-08-08 08:20:57,2024-08-08 08:20:57,2024,8,8,3,3,1416857.142857143,1406600.0,1368811.111111111,0.0,0.00620905726636246
1723191463000,1409000,2024-08-09 08:17:43,2024-08-09 08:17:43,2024,8,9,4,3,1413714.2857142857,1407566.6666666667,1369655.5555555555,0.0071479628305932685,0.006197646341725914
1723278672000,1401000,2024-08-10 08:31:12,2024-08-10 08:31:12,2024,8,10,5,3,1409857.142857143,1408066.6666666667,1370411.111111111,-0.005677785663591228,0.006264771544412327
1723360897000,1401000,2024-08-11 07:21:37,2024-08-11 07:21:37,2024,8,11,6,3,1406000.0,1408133.3333333333,1371266.6666666667,0.0,0.006029677282552113
1723449390000,1401000,2024-08-12 07:56:30,2024-08-12 07:56:30,2024,8,12,0,3,1403285.7142857143,1408166.6666666667,1372033.3333333333,0.0,0.006028433858928737
1723537790000,1419000,2024-08-13 08:29:50,2024-08-13 08:29:50,2024,8,13,1,3,1404142.857142857,1408800.0,1372755.5555555555,0.012847965738758127,0.006465889562186007
1723624490000,1419000,2024-08-14 08:34:50,2024-08-14 08:34:50,2024,8,14,2,3,1407000.0,1409466.6666666667,1373600.0,0.0,0.006462694097080785
1723709511000,1414000,2024-08-15 08:11:51,2024-08-15 08:11:51,2024,8,15,3,3,1409142.857142857,1409833.3333333333,1374311.111111111,-0.0035236081747709314,0.006487142743459389
1723796028000,1404000,2024-08-16 08:13:48,2024-08-16 08:13:48,2024,8,16,4,3,1408428.5714285714,1409300.0,1374911.111111111,-0.007072135785007094,0.00622037968280816
1723883024000,1418000,2024-08-17 08:23:44,2024-08-17 08:23:44,2024,8,17,5,3,1410857.142857143,1409000.0,1375666.6666666667,0.009971509971509862,0.00643268434225019
1723964256000,1418000,2024-08-18 06:57:36,2024-08-18 06:57:36,2024,8,18,6,3,1413285.7142857143,1408966.6666666667,1376277.7777777778,0.0,0.006350854656283781
1724054646000,1418000,2024-08-19 08:04:06,2024-08-19 08:04:06,2024,8,19,0,3,1415714.2857142857,1409433.3333333333,1376944.4444444445,0.0,0.006029484255578764
1724141606000,1419000,2024-08-20 08:13:26,2024-08-20 08:13:26,2024,8,20,1,3,1415714.2857142857,1409933.3333333333,1377633.3333333333,0.0007052186177716191,0.00602945416706518
1724228384000,1415000,2024-08-21 08:19:44,2024-08-21 08:19:44,2024,8,21,2,3,1415142.857142857,1410300.0,1378411.111111111,-0.0028188865398167673,0.0060573486704557965
1724313909000,1410000,2024-08-22 08:05:09,2024-08-22 08:05:09,2024,8,22,3,3,1414571.4285714286,1410500.0,1379355.5555555555,-0.0035335689045936647,0.006097162419011954
1724400140000,1398000,2024-08-23 08:02:20,2024-08-23 08:02:20,2024,8,23,4,3,1413714.2857142857,1410233.3333333333,1380166.6666666667,-0.008510638297872353,0.006292794327245688
1724428619000,1411000,2024-08-23 15:56:59,2024-08-23 15:56:59,2024,8,23,4,3,1412714.2857142857,1410600.0,1381122.2222222222,0.009298998569384764,0.006473144571190407
1724487671000,1420000,2024-08-24 08:21:11,2024-08-24 08:21:11,2024,8,24,5,3,1413000.0,1411733.3333333333,1382155.5555555555,0.006378454996456506,0.006263415320830268
1724566537000,1420000,2024-08-25 06:15:37,2024-08-25 06:15:37,2024,8,25,6,3,1413285.7142857143,1412533.3333333333,1383122.2222222222,0.0,0.006147115407756782
1724659692000,1420000,2024-08-26 08:08:12,2024-08-26 08:08:12,2024,8,26,0,3,1413428.5714285714,1413333.3333333333,1384033.3333333333,0.0,0.006147115407756782
1724746198000,1420000,2024-08-27 08:09:58,2024-08-27 08:09:58,2024,8,27,1,3,1414142.857142857,1413933.3333333333,1385044.4444444445,0.0,0.006107591112159009
1724833701000,1410000,2024-08-28 08:28:21,2024-08-28 08:28:21,2024,8,28,2,3,1414142.857142857,1414266.6666666667,1385855.5555555555,-0.007042253521126751,0.006251243799978176
1724917922000,1412000,2024-08-29 07:52:02,2024-08-29 07:52:02,2024,8,29,3,3,1416142.857142857,1414266.6666666667,1386700.0,0.0014184397163119478,0.006056527916639987
1725006225000,1413000,2024-08-30 08:23:45,2024-08-30 08:23:45,2024,8,30,4,3,1416428.5714285714,1413600.0,1387555.5555555555,0.0007082152974504652,0.0053719809609667915
1725092498000,1401000,2024-08-31 08:21:38,2024-08-31 08:21:38,2024,8,31,5,3,1413714.2857142857,1412600.0,1388288.888888889,-0.00849256900212314,0.0055675585610301895
1725175003000,1401000,2024-09-01 07:16:43,2024-09-01 07:16:43,2024,9,1,6,3,1411000.0,1411700.0,1388866.6666666667,0.0,0.005562464725405359
1725265156000,1401000,2024-09-02 08:19:16,2024-09-02 08:19:16,2024,9,2,0,3,1408285.7142857143,1410800.0,1389588.888888889,0.0,0.005562464725405359
1725350668000,1404000,2024-09-03 08:04:28,2024-09-03 08:04:28,2024,9,3,1,3,1406000.0,1410266.6666666667,1390200.0,0.0021413276231263545,0.00550269731009818
1725437023000,1406000,2024-09-04 08:03:43,2024-09-04 08:03:43,2024,9,4,2,3,1405428.5714285714,1410033.3333333333,1390644.4444444445,0.0014245014245013454,0.005442827506322152
1725523916000,1409000,2024-09-05 08:11:56,2024-09-05 08:11:56,2024,9,5,3,3,1405000.0,1410366.6666666667,1391544.4444444445,0.002133712660028486,0.005133728082178557
1725610097000,1414000,2024-09-06 08:08:17,2024-09-06 08:08:17,2024,9,6,4,3,1405142.857142857,1410866.6666666667,1392500.0,0.0035486160397444344,0.005168529499498878
1725696537000,1405000,2024-09-07 08:08:57,2024-09-07 08:08:57,2024,9,7,5,3,1405714.2857142857,1410733.3333333333,1393344.4444444445,-0.006364922206506418,0.005146096958325011
1725778106000,1405000,2024-09-08 06:48:26,2024-09-08 06:48:26,2024,9,8,6,3,1406285.7142857143,1410866.6666666667,1394177.7777777778,0.0,0.005036440350569953
1725869161000,1398000,2024-09-09 08:06:01,2024-09-09 08:06:01,2024,9,9,0,3,1405857.142857143,1410766.6666666667,1394844.4444444445,-0.004982206405693912,0.005121523728324424
1725956431000,1399000,2024-09-10 08:20:31,2024-09-10 08:20:31,2024,9,10,1,3,1405142.857142857,1410700.0,1395488.888888889,0.0007153075822603494,0.0051234715975341195
1726042192000,1411000,2024-09-11 08:09:52,2024-09-11 08:09:52,2024,9,11,2,3,1405857.142857143,1410433.3333333333,1396355.5555555555,0.008577555396712011,0.004802466034536672
1726128568000,1409000,2024-09-12 08:09:28,2024-09-12 08:09:28,2024,9,12,3,3,1405857.142857143,1410100.0,1397044.4444444445,-0.0014174344436569397,0.004807631341535807
1726215493000,1429000,2024-09-13 08:18:13,2024-09-13 08:18:13,2024,9,13,4,3,1408000.0,1410600.0,1397955.5555555555,0.01419446415897796,0.005435661123372261
1726301223000,1439000,2024-09-14 08:07:03,2024-09-14 08:07:03,2024,9,14,5,3,1412857.142857143,1411766.6666666667,1399011.111111111,0.0069979006298110935,0.005378442667580947
1726370857000,1439000,2024-09-15 03:27:37,2024-09-15 03:27:37,2024,9,15,6,3,1417714.2857142857,1412466.6666666667,1400088.888888889,0.0,0.005094993901249034
1726474303000,1443000,2024-09-16 08:11:43,2024-09-16 08:11:43,2024,9,16,0,3,1424142.857142857,1413300.0,1401133.3333333333,0.002779708130646208,0.00511078833353732
1726561379000,1444000,2024-09-17 08:22:59,2024-09-17 08:22:59,2024,9,17,1,3,1430571.4285714286,1414166.6666666667,1402122.2222222222,0.0006930006930006005,0.005109570721632169
1726646935000,1440000,2024-09-18 08:08:55,2024-09-18 08:08:55,2024,9,18,2,3,1434714.2857142857,1414866.6666666667,1402888.888888889,-0.0027700831024930483,0.005146795399512226
1726733142000,1430000,2024-09-19 08:05:42,2024-09-19 08:05:42,2024,9,19,3,3,1437714.2857142857,1415366.6666666667,1403700.0,-0.00694444444444442,0.005291679682360788
1726819873000,1443000,2024-09-20 08:11:13,2024-09-20 08:11:13,2024,9,20,4,3,1439714.2857142857,1416466.6666666667,1404655.5555555555,0.009090909090909038,0.0054699261094955
1726906213000,1455000,2024-09-21 08:10:13,2024-09-21 08:10:13,2024,9,21,5,3,1442000.0,1418366.6666666667,1405711.111111111,0.008316008316008316,0.005345066012408769
1726989591000,1455000,2024-09-22 07:19:51,2024-09-22 07:19:51,2024,9,22,6,3,1444285.7142857143,1419833.3333333333,1406677.7777777778,0.0,0.005133445865465658
1727077878000,1455000,2024-09-23 07:51:18,2024-09-23 07:51:18,2024,9,23,0,3,1446000.0,1421000.0,1407722.2222222222,0.0,0.0050357389477254325
1727164270000,1443000,2024-09-24 07:51:10,2024-09-24 07:51:10,2024,9,24,1,3,1445857.142857143,1421766.6666666667,1408755.5555555555,-0.008247422680412342,0.005300451835002883
1727252404000,1463000,2024-09-25 08:20:04,2024-09-25 08:20:04,2024,9,25,2,3,1449142.857142857,1423200.0,1409900.0,0.013860013860013787,0.005828643771886237
1727338938000,1461000,2024-09-26 08:22:18,2024-09-26 08:22:18,2024,9,26,3,3,1453571.4285714286,1424566.6666666667,1410966.6666666667,-0.0013670539986329056,0.005842150773513526
1727423900000,1461000,2024-09-27 07:58:20,2024-09-27 07:58:20,2024,9,27,4,3,1456142.857142857,1426266.6666666667,1412033.3333333333,0.0,0.00564752937547631
1727510759000,1461000,2024-09-28 08:05:59,2024-09-28 08:05:59,2024,9,28,5,3,1457000.0,1427900.0,1413122.2222222222,0.0,0.005651577602545147
1727594096000,1461000,2024-09-29 07:14:56,2024-09-29 07:14:56,2024,9,29,6,3,1457857.142857143,1429500.0,1414155.5555555555,0.0,0.005654978429624999
1727683490000,1464000,2024-09-30 08:04:50,2024-09-30 08:04:50,2024,9,30,0,3,1459142.857142857,1431600.0,1415255.5555555555,0.002053388090349051,0.005356096876579273
1727770227000,1452000,2024-10-01 08:10:27,2024-10-01 08:10:27,2024,10,1,1,4,1460428.5714285714,1433300.0,1416077.7777777778,-0.008196721311475419,0.005636006111099082
1727856731000,1464000,2024-10-02 08:12:11,2024-10-02 08:12:11,2024,10,2,2,4,1460571.4285714286,1435400.0,1416977.7777777778,0.008264462809917328,0.005775191319253666
1727942664000,1469000,2024-10-03 08:04:24,2024-10-03 08:04:24,2024,10,3,3,4,1461714.2857142857,1437566.6666666667,1417800.0,0.003415300546448119,0.005784872063994351
1728029331000,1471000,2024-10-04 08:08:51,2024-10-04 08:08:51,2024,10,4,4,4,1463142.857142857,1439733.3333333333,1418644.4444444445,0.001361470388019148,0.005784921576832451
1728115677000,1482000,2024-10-05 08:07:57,2024-10-05 08:07:57,2024,10,5,5,4,1466142.857142857,1442166.6666666667,1419600.0,0.007477906186267758,0.005885758573199831
1728192876000,1482000,2024-10-06 05:34:36,2024-10-06 05:34:36,2024,10,6,6,4,1469142.857142857,1444433.3333333333,1420633.3333333333,0.0,0.005883022068420201
1728288654000,1478000,2024-10-07 08:10:54,2024-10-07 08:10:54,2024,10,7,0,4,1471142.857142857,1446866.6666666667,1421722.2222222222,-0.0026990553306343035,0.005748771706853492
1728375509000,1481000,2024-10-08 08:18:29,2024-10-08 08:18:29,2024,10,8,1,4,1475285.7142857143,1449400.0,1422777.7777777778,0.002029769959404515,0.005739941479619008
1728404538000,1491000,2024-10-08 16:22:18,2024-10-08 16:22:18,2024,10,8,1,4,1479142.857142857,1452500.0,1423800.0,0.006752194463200523,0.005663009555807905
1728461387000,1483000,2024-10-09 08:09:47,2024-10-09 08:09:47,2024,10,9,2,4,1481142.857142857,1455300.0,1424722.2222222222,-0.005365526492287054,0.005823229635003324
1728548582000,1473000,2024-10-10 08:23:02,2024-10-10 08:23:02,2024,10,10,3,4,1481428.5714285714,1457366.6666666667,1425533.3333333333,-0.006743088334457137,0.005894401929320094
1728635136000,1481000,2024-10-11 08:25:36,2024-10-11 08:25:36,2024,10,11,4,4,1481285.7142857143,1459766.6666666667,1426444.4444444445,0.005431093007467691,0.00591206386396905
1728720783000,1495000,2024-10-12 08:13:03,2024-10-12 08:13:03,2024,10,12,5,4,1483142.857142857,1461966.6666666667,1427466.6666666667,0.009453072248480687,0.005622237123587377
1728802961000,1495000,2024-10-13 07:02:41,2024-10-13 07:02:41,2024,10,13,6,4,1485571.4285714286,1463833.3333333333,1428300.0,0.0,0.0055316256183677885
1728893557000,1490000,2024-10-14 08:12:37,2024-10-14 08:12:37,2024,10,14,0,4,1486857.142857143,1465533.3333333333,1429000.0,-0.0033444816053511683,0.005591856025187984
1728980079000,1488000,2024-10-15 08:14:39,2024-10-15 08:14:39,2024,10,15,1,4,1486428.5714285714,1467033.3333333333,1429766.6666666667,-0.0013422818791946067,0.0056017419572831646
1729066469000,1491000,2024-10-16 08:14:29,2024-10-16 08:14:29,2024,10,16,2,4,1487571.4285714286,1468600.0,1430733.3333333333,0.002016129032258007,0.0056041297644538884
1729152659000,1496000,2024-10-17 08:10:59,2024-10-17 08:10:59,2024,10,17,3,4,1490857.142857143,1470466.6666666667,1431755.5555555555,0.0033534540576793948,0.005570352282610772
1729238946000,1503000,2024-10-18 08:09:06,2024-10-18 08:09:06,2024,10,18,4,4,1494000.0,1472900.0,1432855.5555555555,0.004679144385026701,0.005378983963900164
1729325864000,1514000,2024-10-19 08:17:44,2024-10-19 08:17:44,2024,10,19,5,4,1496714.2857142857,1475266.6666666667,1434077.7777777778,0.007318695941450404,0.005303939120309013
1729409470000,1514000,2024-10-20 07:31:10,2024-10-20 07:31:10,2024,10,20,6,4,1499428.5714285714,1477233.3333333333,1435277.7777777778,0.0,0.005156968917973855
1729496842000,1514000,2024-10-21 07:47:22,2024-10-21 07:47:22,2024,10,21,0,4,1502857.142857143,1479200.0,1436544.4444444445,0.0,0.005156968917973855
1729583477000,1510000,2024-10-22 07:51:17,2024-10-22 07:51:17,2024,10,22,1,4,1506000.0,1481033.3333333333,1437922.2222222222,-0.0026420079260237594,0.0052029722077934675
1729670499000,1521000,2024-10-23 08:01:39,2024-10-23 08:01:39,2024,10,23,2,4,1510285.7142857143,1483633.3333333333,1439311.111111111,0.007284768211920589,0.004993835240458615
1729756601000,1515000,2024-10-24 07:56:41,2024-10-24 07:56:41,2024,10,24,3,4,1513000.0,1485366.6666666667,1440633.3333333333,-0.0039447731755424265,0.004545091791216389
1729781680000,1529000,2024-10-24 14:54:40,2024-10-24 14:54:40,2024,10,24,3,4,1516714.2857142857,1487633.3333333333,1442044.4444444445,0.009240924092409175,0.004748600411840455
1729805293000,1515000,2024-10-24 21:28:13,2024-10-24 21:28:13,2024,10,24,3,4,1516857.142857143,1489433.3333333333,1443322.2222222222,-0.00915631131458472,0.005129228415191076
1729806173000,1529000,2024-10-24 21:42:53,2024-10-24 21:42:53,2024,10,24,3,4,1519000.0,1491700.0,1444622.2222222222,0.009240924092409175,0.005326902418441171
1729844232000,1529000,2024-10-25 08:17:12,2024-10-25 08:17:12,2024,10,25,4,4,1521142.857142857,1493966.6666666667,1445688.888888889,0.0,0.005326902418441171
1729929606000,1534000,2024-10-26 08:00:06,2024-10-26 08:00:06,2024,10,26,5,4,1524571.4285714286,1496300.0,1446833.3333333333,0.0032701111837802888,0.005335639371838317
1729993994000,1534000,2024-10-27 01:53:14,2024-10-27 01:53:14,2024,10,27,6,4,1526428.5714285714,1499033.3333333333,1448011.111111111,0.0,0.005018616177776814
1730102469000,1527000,2024-10-28 08:01:09,2024-10-28 08:01:09,2024,10,28,0,4,1528142.857142857,1501133.3333333333,1449111.111111111,-0.0045632333767926525,0.004999245878634097
1730189361000,1535000,2024-10-29 08:09:21,2024-10-29 08:09:21,2024,10,29,1,4,1529000.0,1503333.3333333333,1450388.888888889,0.0052390307793057644,0.005035335289442533
1730217486000,1548000,2024-10-29 15:58:06,2024-10-29 15:58:06,2024,10,29,1,4,1533714.2857142857,1505900.0,1451888.888888889,0.008469055374592749,0.00519435050063849
1730235746000,1535000,2024-10-29 21:02:26,2024-10-29 21:02:26,2024,10,29,1,4,1534571.4285714286,1507666.6666666667,1453400.0,-0.008397932816537446,0.00539195372989454
1730237648000,1548000,2024-10-29 21:34:08,2024-10-29 21:34:08,2024,10,29,1,4,1537285.7142857143,1509866.6666666667,1455055.5555555555,0.008469055374592749,0.00554718766612679
1730275330000,1560000,2024-10-30 08:02:10,2024-10-30 08:02:10,2024,10,30,2,4,1541000.0,1512600.0,1456733.3333333333,0.007751937984496138,0.005604321324494233
1730362428000,1567000,2024-10-31 08:13:48,2024-10-31 08:13:48,2024,10,31,3,4,1545714.2857142857,1515466.6666666667,1458577.7777777778,0.004487179487179471,0.005625462688705324
1730449015000,1547000,2024-11-01 08:16:55,2024-11-01 08:16:55,2024,11,1,4,4,1548571.4285714286,1517333.3333333333,1460200.0,-0.012763241863433361,0.006148857778953095
1730535237000,1539000,2024-11-02 08:13:57,2024-11-02 08:13:57,2024,11,2,5,4,1549142.857142857,1519200.0,1461733.3333333333,-0.005171299288946329,0.006141752245883423
1730618913000,1539000,2024-11-03 07:28:33,2024-11-03 07:28:33,2024,11,3,6,4,1547857.142857143,1521400.0,1463066.6666666667,0.0,0.005959659772044996
1730707482000,1539000,2024-11-04 08:04:42,2024-11-04 08:04:42,2024,11,4,0,4,1548428.5714285714,1523333.3333333333,1464400.0,0.0,0.005917820056791341
1730794224000,1539000,2024-11-05 08:10:24,2024-11-05 08:10:24,2024,11,5,1,4,1547142.857142857,1524800.0,1465788.888888889,0.0,0.005716893109369115
1730880096000,1543000,2024-11-06 08:01:36,2024-11-06 08:01:36,2024,11,6,2,4,1544714.2857142857,1526400.0,1467333.3333333333,0.002599090318388564,0.005721172357913065
1730968335000,1513000,2024-11-07 08:32:15,2024-11-07 08:32:15,2024,11,7,3,4,1537000.0,1527166.6666666667,1468388.888888889,-0.01944264419961117,0.006802278110880471
1731055344000,1527000,2024-11-08 08:42:24,2024-11-08 08:42:24,2024,11,8,4,4,1534142.857142857,1528466.6666666667,1469600.0,0.009253139458030413,0.00697442769909247
1731138924000,1517000,2024-11-09 07:55:24,2024-11-09 07:55:24,2024,11,9,5,4,1531000.0,1529333.3333333333,1470700.0,-0.006548788474132317,0.007100744571309479
1731224835000,1517000,2024-11-10 07:47:15,2024-11-10 07:47:15,2024,11,10,6,4,1527857.142857143,1530033.3333333333,1471788.888888889,0.0,0.007082290056847194
1731312610000,1517000,2024-11-11 08:10:10,2024-11-11 08:10:10,2024,11,11,0,4,1524714.2857142857,1530500.0,1472922.2222222222,0.0,0.007038218377604279
1731399622000,1482000,2024-11-12 08:20:22,2024-11-12 08:20:22,2024,11,12,1,4,1516571.4285714286,1529433.3333333333,1473722.2222222222,-0.02307185234014497,0.008104420802935289
1731487202000,1477000,2024-11-13 08:40:02,2024-11-13 08:40:02,2024,11,13,2,4,1507142.857142857,1528200.0,1474600.0,-0.003373819163292824,0.008118057785740509
1731572900000,1466000,2024-11-14 08:28:20,2024-11-14 08:28:20,2024,11,14,3,4,1500428.5714285714,1526600.0,1475211.111111111,-0.007447528774543022,0.00820638448019818
1731661081000,1470000,2024-11-15 08:58:01,2024-11-15 08:58:01,2024,11,15,4,4,1492285.7142857143,1525266.6666666667,1475766.6666666667,0.0027285129604366354,0.008228793029625587
1731745356000,1468000,2024-11-16 08:22:36,2024-11-16 08:22:36,2024,11,16,5,4,1485285.7142857143,1523500.0,1476300.0,-0.0013605442176870541,0.008083769246977797
1731816070000,1468000,2024-11-17 04:01:10,2024-11-17 04:01:10,2024,11,17,6,4,1478285.7142857143,1521933.3333333333,1476833.3333333333,0.0,0.008068806748825477
1731919457000,1476000,2024-11-18 08:44:17,2024-11-18 08:44:17,2024,11,18,0,4,1472428.5714285714,1520166.6666666667,1477455.5555555555,0.005449591280654031,0.00793109684997107
1732005209000,1491000,2024-11-19 08:33:29,2024-11-19 08:33:29,2024,11,19,1,4,1473714.2857142857,1519366.6666666667,1478355.5555555555,0.010162601626016343,0.008041687182413104
1732091835000,1498000,2024-11-20 08:37:15,2024-11-20 08:37:15,2024,11,20,2,4,1476714.2857142857,1518333.3333333333,1479311.111111111,0.0046948356807512415,0.007893250735128227
1732178745000,1508000,2024-11-21 08:45:45,2024-11-21 08:45:45,2024,11,21,3,4,1482714.2857142857,1517633.3333333333,1480366.6666666667,0.006675567423231055,0.00800556812492478
1732263879000,1520000,2024-11-22 08:24:39,2024-11-22 08:24:39,2024,11,22,4,4,1489857.142857143,1517166.6666666667,1481688.888888889,0.007957559681697646,0.00812512001045109
1732349006000,1541000,2024-11-23 08:03:26,2024-11-23 08:03:26,2024,11,23,5,4,1500285.7142857143,1517400.0,1483244.4444444445,0.013815789473684115,0.008522949240481607
1732432755000,1541000,2024-11-24 07:19:15,2024-11-24 07:19:15,2024,11,24,6,4,1510714.2857142857,1517866.6666666667,1484800.0,0.0,0.008475837401573441
1732523731000,1539000,2024-11-25 08:35:31,2024-11-25 08:35:31,2024,11,25,0,4,1519714.2857142857,1518000.0,1486300.0,-0.0012978585334199044,0.0084294265319976
1732613050000,1499000,2024-11-26 09:24:10,2024-11-26 09:24:10,2024,11,26,1,4,1520857.142857143,1516366.6666666667,1487333.3333333333,-0.02599090318388564,0.009528866364730965
1732694386000,1504000,2024-11-27 07:59:46,2024-11-27 07:59:46,2024,11,27,2,4,1521714.2857142857,1515333.3333333333,1488388.888888889,0.0033355570380253496,0.009456434886283286
1732782643000,1513000,2024-11-28 08:30:43,2024-11-28 08:30:43,2024,11,28,3,4,1522428.5714285714,1514166.6666666667,1489488.888888889,0.005984042553191404,0.009384536829123175
1732868738000,1508000,2024-11-29 08:25:38,2024-11-29 08:25:38,2024,11,29,4,4,1520714.2857142857,1512433.3333333333,1490633.3333333333,-0.0033046926635822427,0.0092566252016515
1732954258000,1514000,2024-11-30 08:10:58,2024-11-30 08:10:58,2024,11,30,5,4,1516857.142857143,1510666.6666666667,1491844.4444444445,0.003978779840848823,0.009246526949984374
1733040425000,1514000,2024-12-01 08:07:05,2024-12-01 08:07:05,2024,12,1,6,4,1513000.0,1509566.6666666667,1493133.3333333333,0.0,0.008981428823725554
1733128084000,1509000,2024-12-02 08:28:04,2024-12-02 08:28:04,2024,12,2,0,4,1508714.2857142857,1508566.6666666667,1494355.5555555555,-0.0033025099075296716,0.00895564182138099
1733215590000,1514000,2024-12-03 08:46:30,2024-12-03 08:46:30,2024,12,3,1,4,1510857.142857143,1507733.3333333333,1495500.0,0.003313452617627499,0.008983899446174823
1733300252000,1513000,2024-12-04 08:17:32,2024-12-04 08:17:32,2024,12,4,2,4,1512142.857142857,1506866.6666666667,1496655.5555555555,-0.0006605019815059121,0.008983424900814252
1733385930000,1522000,2024-12-05 08:05:30,2024-12-05 08:05:30,2024,12,5,3,4,1513428.5714285714,1506300.0,1497688.888888889,0.00594844679444817,0.009060804336625632
1733472270000,1514000,2024-12-06 08:04:30,2024-12-06 08:04:30,2024,12,6,4,4,1514285.7142857143,1505333.3333333333,1498522.2222222222,-0.005256241787122251,0.009086701244586461
1733559305000,1508000,2024-12-07 08:15:05,2024-12-07 08:15:05,2024,12,7,5,4,1513428.5714285714,1505166.6666666667,1499288.888888889,-0.003963011889035695,0.008392331657199385
1733639936000,1508000,2024-12-08 06:38:56,2024-12-08 06:38:56,2024,12,8,6,4,1512571.4285714286,1504533.3333333333,1500011.111111111,0.0,0.00820560021077741
1733734818000,1503000,2024-12-09 09:00:18,2024-12-09 09:00:18,2024,12,9,0,4,1511714.2857142857,1504066.6666666667,1500666.6666666667,-0.003315649867373982,0.008142838608506965
1733818625000,1517000,2024-12-10 08:17:05,2024-12-10 08:17:05,2024,12,10,1,4,1512142.857142857,1504066.6666666667,1501522.2222222222,0.009314703925482393,0.008329206514329614
1733905726000,1534000,2024-12-11 08:28:46,2024-12-11 08:28:46,2024,12,11,2,4,1515142.857142857,1504633.3333333333,1502677.7777777778,0.011206328279498967,0.00857529067675701
1733990948000,1548000,2024-12-12 08:09:08,2024-12-12 08:09:08,2024,12,12,3,4,1518857.142857143,1506833.3333333333,1503844.4444444445,0.009126466753585305,0.007480375918216546
1734079708000,1531000,2024-12-13 08:48:28,2024-12-13 08:48:28,2024,12,13,4,4,1521285.7142857143,1508633.3333333333,1504688.888888889,-0.010981912144702788,0.007773838917716041
1734165082000,1517000,2024-12-14 08:31:22,2024-12-14 08:31:22,2024,12,14,5,4,1522571.4285714286,1510333.3333333333,1505377.7777777778,-0.009144350097975207,0.007844976766786426
1734241666000,1517000,2024-12-15 05:47:46,2024-12-15 05:47:46,2024,12,15,6,4,1523857.142857143,1511900.0,1506066.6666666667,0.0,0.00784210670378787
1734336954000,1517000,2024-12-16 08:15:54,2024-12-16 08:15:54,2024,12,16,0,4,1525857.142857143,1513533.3333333333,1506888.888888889,0.0,0.007831435859995602
1734423036000,1520000,2024-12-17 08:10:36,2024-12-17 08:10:36,2024,12,17,1,4,1526285.7142857143,1515266.6666666667,1507522.2222222222,0.0019775873434411118,0.007829963832816329
1734509207000,1520000,2024-12-18 08:06:47,2024-12-18 08:06:47,2024,12,18,2,4,1524285.7142857143,1516733.3333333333,1508177.7777777778,0.0,0.007790870706976458
1734597187000,1505000,2024-12-19 08:33:07,2024-12-19 08:33:07,2024,12,19,3,4,1518142.857142857,1517200.0,1508666.6666666667,-0.009868421052631526,0.00783755970028047
1734684801000,1515000,2024-12-20 08:53:21,2024-12-20 08:53:21,2024,12,20,4,4,1515857.142857143,1517766.6666666667,1509266.6666666667,0.006644518272425293,0.007882855622656493
1734768567000,1533000,2024-12-21 08:09:27,2024-12-21 08:09:27,2024,12,21,5,4,1518142.857142857,1518600.0,1510066.6666666667,0.011881188118811892,0.00808043130113284
1734854055000,1533000,2024-12-22 07:54:15,2024-12-22 07:54:15,2024,12,22,6,4,1520428.5714285714,1519033.3333333333,1510833.3333333333,0.0,0.007959605169035237
1734942417000,1533000,2024-12-23 08:26:57,2024-12-23 08:26:57,2024,12,23,0,4,1522714.2857142857,1518766.6666666667,1511733.3333333333,0.0,0.007540147777104153
1735029527000,1520000,2024-12-24 08:38:47,2024-12-24 08:38:47,2024,12,24,1,4,1522714.2857142857,1518066.6666666667,1512355.5555555555,-0.008480104370515384,0.007691918667772549
1735114799000,1520000,2024-12-25 08:19:59,2024-12-25 08:19:59,2024,12,25,2,4,1522714.2857142857,1517433.3333333333,1512922.2222222222,0.0,0.007690510181029828
1735198713000,1520000,2024-12-26 07:38:33,2024-12-26 07:38:33,2024,12,26,3,4,1524857.142857143,1518133.3333333333,1513466.6666666667,0.0,0.005980299152004325
1735287059000,1528000,2024-12-27 08:10:59,2024-12-27 08:10:59,2024,12,27,4,4,1526714.2857142857,1518933.3333333333,1513977.7777777778,0.0052631578947368585,0.0060222334370117776
1735371446000,1526000,2024-12-28 07:37:26,2024-12-28 07:37:26,2024,12,28,5,4,1525714.2857142857,1519366.6666666667,1514466.6666666667,-0.0013089005235602524,0.005941780520365254
1735452122000,1526000,2024-12-29 06:02:02,2024-12-29 06:02:02,2024,12,29,6,4,1524714.2857142857,1519966.6666666667,1515000.0,0.0,0.005903111452313821
1735546246000,1528000,2024-12-30 08:10:46,2024-12-30 08:10:46,2024,12,30,0,4,1524000.0,1520433.3333333333,1515522.2222222222,0.001310615989515096,0.005867519083884638
1735635139000,1515000,2024-12-31 08:52:19,2024-12-31 08:52:19,2024,12,31,1,4,1523285.7142857143,1520466.6666666667,1515788.888888889,-0.008507853403141308,0.006085258934675009
1735807389000,1524000,2025-01-02 08:43:09,2025-01-02 08:43:09,2025,1,2,3,1,1523857.142857143,1520966.6666666667,1516244.4444444445,0.005940594059405946,0.006143905197676954
1735892473000,1543000,2025-01-03 08:21:13,2025-01-03 08:21:13,2025,1,3,4,1,1527142.857142857,1521933.3333333333,1517022.2222222222,0.01246719160104992,0.006512500862231937
1735978838000,1539000,2025-01-04 08:20:38,2025-01-04 08:20:38,2025,1,4,5,1,1528714.2857142857,1522800.0,1517666.6666666667,-0.0025923525599481634,0.006535448371955913
1736061441000,1539000,2025-01-05 07:17:21,2025-01-05 07:17:21,2025,1,5,6,1,1530571.4285714286,1523366.6666666667,1518155.5555555555,0.0,0.006456995909346332
1736151911000,1539000,2025-01-06 08:25:11,2025-01-06 08:25:11,2025,1,6,0,1,1532428.5714285714,1524200.0,1518644.4444444445,0.0,0.006369207867852077
1736237126000,1535000,2025-01-07 08:05:26,2025-01-07 08:05:26,2025,1,7,1,1,1533428.5714285714,1525100.0,1519144.4444444445,-0.002599090318388564,0.00634057058099459
1736323285000,1541000,2025-01-08 08:01:25,2025-01-08 08:01:25,2025,1,8,2,1,1537142.857142857,1526200.0,1519733.3333333333,0.003908794788273662,0.00636768266974129
1736410777000,1546000,2025-01-09 08:19:37,2025-01-09 08:19:37,2025,1,9,3,1,1540285.7142857143,1527633.3333333333,1520344.4444444445,0.0032446463335495945,0.006336119437802299
1736497087000,1555000,2025-01-10 08:18:07,2025-01-10 08:18:07,2025,1,10,4,1,1542000.0,1528900.0,1521000.0,0.005821474773609392,0.006208094368082048
1736583301000,1568000,2025-01-11 08:15:01,2025-01-11 08:15:01,2025,1,11,5,1,1546142.857142857,1530033.3333333333,1521722.2222222222,0.00836012861736335,0.006064353083163149
1736664434000,1568000,2025-01-12 06:47:14,2025-01-12 06:47:14,2025,1,12,6,1,1550285.7142857143,1530700.0,1522322.2222222222,0.0,0.005854893567879929
1736757307000,1568000,2025-01-13 08:35:07,2025-01-13 08:35:07,2025,1,13,0,1,1554428.5714285714,1531933.3333333333,1522922.2222222222,0.0,0.00544479120649468
1736843806000,1560000,2025-01-14 08:36:46,2025-01-14 08:36:46,2025,1,14,1,1,1558000.0,1533366.6666666667,1523433.3333333333,-0.005102040816326481,0.005235950591251665
1736928744000,1564000,2025-01-15 08:12:24,2025-01-15 08:12:24,2025,1,15,2,1,1561285.7142857143,1534933.3333333333,1524033.3333333333,0.002564102564102555,0.005240911969531365
1737016586000,1577000,2025-01-16 08:36:26,2025-01-16 08:36:26,2025,1,16,3,1,1565714.2857142857,1536933.3333333333,1524655.5555555555,0.00831202046035795,0.005401779839322354
1737102730000,1594000,2025-01-17 08:32:10,2025-01-17 08:32:10,2025,1,17,4,1,1571285.7142857143,1539400.0,1525533.3333333333,0.010779961953075512,0.005671727025661565
1737187953000,1587000,2025-01-18 08:12:33,2025-01-18 08:12:33,2025,1,18,5,1,1574000.0,1541633.3333333333,1526177.7777777778,-0.004391468005018773,0.005770294305900725
1737265082000,1587000,2025-01-19 05:38:02,2025-01-19 05:38:02,2025,1,19,6,1,1576714.2857142857,1544366.6666666667,1526977.7777777778,0.0,0.005369918679473403
1737360783000,1585000,2025-01-20 08:13:03,2025-01-20 08:13:03,2025,1,20,0,1,1579142.857142857,1546700.0,1527600.0,-0.001260239445494693,0.005316866100480179
1737447191000,1591000,2025-01-21 08:13:11,2025-01-21 08:13:11,2025,1,21,1,1,1583571.4285714286,1548633.3333333333,1528288.888888889,0.003785488958990557,0.004966796008746692
1737533936000,1606000,2025-01-22 08:18:56,2025-01-22 08:18:56,2025,1,22,2,1,1589571.4285714286,1551066.6666666667,1529088.888888889,0.009428032683846732,0.005178694648857002
1737619872000,1607000,2025-01-23 08:11:12,2025-01-23 08:11:12,2025,1,23,3,1,1593857.142857143,1553533.3333333333,1529900.0,0.0006226650062266526,0.005173451987715361
1737706339000,1608000,2025-01-24 08:12:19,2025-01-24 08:12:19,2025,1,24,4,1,1595857.142857143,1556466.6666666667,1530800.0,0.000622277535780924,0.0048174327045492245
1737794124000,1611000,2025-01-25 08:35:24,2025-01-25 08:35:24,2025,1,25,5,1,1599285.7142857143,1559500.0,1531644.4444444445,0.001865671641791078,0.004804230805591625
1737869519000,1611000,2025-01-26 05:31:59,2025-01-26 05:31:59,2025,1,26,6,1,1602714.2857142857,1562533.3333333333,1532344.4444444445,0.0,0.004804230805591625
1737965598000,1609000,2025-01-27 08:13:18,2025-01-27 08:13:18,2025,1,27,0,1,1606142.857142857,1565233.3333333333,1533166.6666666667,-0.0012414649286157653,0.004796376493589868
1738052361000,1597000,2025-01-28 08:19:21,2025-01-28 08:19:21,2025,1,28,1,1,1607000.0,1567600.0,1533711.111111111,-0.007458048477315127,0.005055314418684375
1738138361000,1607000,2025-01-29 08:12:41,2025-01-29 08:12:41,2025,1,29,2,1,1607142.857142857,1570300.0,1534233.3333333333,0.006261740763932266,0.0051188606257033566
1738223526000,1606000,2025-01-30 07:52:06,2025-01-30 07:52:06,2025,1,30,3,1,1607000.0,1572900.0,1534666.6666666667,-0.000622277535780924,0.0051365605469355724
1738311161000,1620000,2025-01-31 08:12:41,2025-01-31 08:12:41,2025,1,31,4,1,1608714.2857142857,1576400.0,1535477.7777777778,0.008717310087173136,0.004917255951498916
1738397219000,1624000,2025-02-01 08:06:59,2025-02-01 08:06:59,2025,2,1,5,1,1610571.4285714286,1579733.3333333333,1536422.2222222222,0.0024691358024691024,0.004867958563317232
1738480023000,1624000,2025-02-02 07:07:03,2025-02-02 07:07:03,2025,2,2,6,1,1612428.5714285714,1582433.3333333333,1537366.6666666667,0.0,0.004471229290076881
1738570547000,1621000,2025-02-03 08:15:47,2025-02-03 08:15:47,2025,2,3,0,1,1614142.857142857,1585166.6666666667,1538277.7777777778,-0.001847290640394128,0.004448481592923907
1738658119000,1650000,2025-02-04 08:35:19,2025-02-04 08:35:19,2025,2,4,1,1,1621714.2857142857,1588866.6666666667,1539511.111111111,0.017890191239975373,0.005320628617047462
1738743473000,1663000,2025-02-05 08:17:53,2025-02-05 08:17:53,2025,2,5,2,1,1629714.2857142857,1593000.0,1540844.4444444445,0.007878787878787818,0.005395185704295966
1738828915000,1670000,2025-02-06 08:01:55,2025-02-06 08:01:55,2025,2,6,3,1,1638857.142857143,1597500.0,1542588.888888889,0.004209260372820101,0.005311477881982125
1738915829000,1660000,2025-02-07 08:10:29,2025-02-07 08:10:29,2025,2,7,4,1,1644571.4285714286,1601466.6666666667,1544066.6666666667,-0.005988023952095856,0.005544234143262348
1739000254000,1662000,2025-02-08 07:37:34,2025-02-08 07:37:34,2025,2,8,5,1,1650000.0,1605333.3333333333,1545677.7777777778,0.00120481927710836,0.005547261306315738
1739083695000,1662000,2025-02-09 06:48:15,2025-02-09 06:48:15,2025,2,9,6,1,1655428.5714285714,1608900.0,1547288.888888889,0.0,0.005526292567103379
1739175478000,1667000,2025-02-10 08:17:58,2025-02-10 08:17:58,2025,2,10,0,1,1662000.0,1612200.0,1548955.5555555555,0.0030084235860408093,0.005406852295701366
1739262344000,1692000,2025-02-11 08:25:44,2025-02-11 08:25:44,2025,2,11,1,1,1668000.0,1616333.3333333333,1551288.888888889,0.014997000599880073,0.005882480798800215
1739347552000,1684000,2025-02-12 08:05:52,2025-02-12 08:05:52,2025,2,12,2,1,1671000.0,1620200.0,1553588.888888889,-0.004728132387706863,0.006015188566372331
1739434146000,1692000,2025-02-13 08:09:06,2025-02-13 08:09:06,2025,2,13,3,1,1674142.857142857,1624600.0,1556100.0,0.004750593824228044,0.005858432430954123
1739520599000,1701000,2025-02-14 08:09:59,2025-02-14 08:09:59,2025,2,14,4,1,1680000.0,1629166.6666666667,1558666.6666666667,0.005319148936170137,0.005877342833544942
1739609151000,1678000,2025-02-15 08:45:51,2025-02-15 08:45:51,2025,2,15,5,1,1682285.7142857143,1632533.3333333333,1561000.0,-0.013521457965902428,0.006493289790467666
1739688231000,1678000,2025-02-16 06:43:51,2025-02-16 06:43:51,2025,2,16,6,1,1684571.4285714286,1635333.3333333333,1563333.3333333333,0.0,0.00629103927422609
1739781827000,1671000,2025-02-17 08:43:47,2025-02-17 08:43:47,2025,2,17,0,1,1685142.857142857,1638133.3333333333,1565500.0,-0.004171632896305177,0.0062837840329356956
1739866812000,1679000,2025-02-18 08:20:12,2025-02-18 08:20:12,2025,2,18,1,1,1683285.7142857143,1641200.0,1567588.888888889,0.004787552363854086,0.0062988527270902645
1739953185000,1691000,2025-02-19 08:19:45,2025-02-19 08:19:45,2025,2,19,2,1,1684285.7142857143,1644733.3333333333,1569733.3333333333,0.007147111375819026,0.006340323179927034
1740040700000,1708000,2025-02-20 08:38:20,2025-02-20 08:38:20,2025,2,20,3,1,1686571.4285714286,1648633.3333333333,1571955.5555555555,0.010053222945002993,0.006496410906668316
1740125557000,1707000,2025-02-21 08:12:37,2025-02-21 08:12:37,2025,2,21,4,1,1687428.5714285714,1652000.0,1574033.3333333333,-0.0005854800936767601,0.006378423270320191
1740212769000,1704000,2025-02-22 08:26:09,2025-02-22 08:26:09,2025,2,22,5,1,1691142.857142857,1655233.3333333333,1575844.4444444445,-0.0017574692442882123,0.006411566356293435
1740298230000,1704000,2025-02-23 08:10:30,2025-02-23 08:10:30,2025,2,23,6,1,1694857.142857143,1658433.3333333333,1577655.5555555555,0.0,0.006417098994041947
1740384183000,1705000,2025-02-24 08:03:03,2025-02-24 08:03:03,2025,2,24,0,1,1699714.2857142857,1661566.6666666667,1579500.0,0.0005868544600939885,0.006421955851201187
1740471250000,1707000,2025-02-25 08:14:10,2025-02-25 08:14:10,2025,2,25,1,1,1703714.2857142857,1664766.6666666667,1581811.111111111,0.001173020527859281,0.006413478485373363
1740556727000,1694000,2025-02-26 07:58:47,2025-02-26 07:58:47,2025,2,26,2,1,1704142.857142857,1667600.0,1583922.2222222222,-0.007615700058582253,0.006624992564853934
1740642668000,1692000,2025-02-27 07:51:08,2025-02-27 07:51:08,2025,2,27,3,1,1701857.142857143,1670766.6666666667,1585911.111111111,-0.0011806375442738881,0.006420481952406737
1740728962000,1678000,2025-02-28 07:49:22,2025-02-28 07:49:22,2025,2,28,4,1,1697714.2857142857,1673133.3333333333,1587800.0,-0.008274231678486954,0.006628813205946044
1740816998000,1672000,2025-03-01 08:16:38,2025-03-01 08:16:38,2025,3,1,5,1,1693142.857142857,1675333.3333333333,1589555.5555555555,-0.0035756853396901045,0.006682568608922754
1740899244000,1672000,2025-03-02 07:07:24,2025-03-02 07:07:24,2025,3,2,6,1,1688571.4285714286,1677066.6666666667,1591311.111111111,0.0,0.006539842774545064
1740989001000,1679000,2025-03-03 08:03:21,2025-03-03 08:03:21,2025,3,3,0,1,1684857.142857143,1678900.0,1593200.0,0.004186602870813294,0.006559960201279087
1741075808000,1704000,2025-03-04 08:10:08,2025-03-04 08:10:08,2025,3,4,1,1,1684428.5714285714,1681566.6666666667,1595311.111111111,0.014889815366289527,0.007018640579552262
1741162188000,1709000,2025-03-05 08:09:48,2025-03-05 08:09:48,2025,3,5,2,1,1686571.4285714286,1684500.0,1597488.888888889,0.002934272300469498,0.006991240347391756
1741248844000,1706000,2025-03-06 08:14:04,2025-03-06 08:14:04,2025,3,6,3,1,1688571.4285714286,1686366.6666666667,1599533.3333333333,-0.0017554125219426675,0.006318630110420305
1741335069000,1690000,2025-03-07 08:11:09,2025-03-07 08:11:09,2025,3,7,4,1,1690285.7142857143,1687266.6666666667,1601488.888888889,-0.009378663540445475,0.0064670773946314125
1741422441000,1690000,2025-03-08 08:27:21,2025-03-08 08:27:21,2025,3,8,5,1,1692857.142857143,1687933.3333333333,1603511.111111111,0.0,0.006430669267091274
1741505902000,1690000,2025-03-09 07:38:22,2025-03-09 07:38:22,2025,3,9,6,1,1695428.5714285714,1688933.3333333333,1605533.3333333333,0.0,0.006316938598669457
1741594715000,1693000,2025-03-10 08:18:35,2025-03-10 08:18:35,2025,3,10,0,1,1697428.5714285714,1689966.6666666667,1607644.4444444445,0.0017751479289940253,0.006319627957097651
1741680491000,1679000,2025-03-11 08:08:11,2025-03-11 08:08:11,2025,3,11,1,1,1693857.142857143,1690533.3333333333,1609444.4444444445,-0.008269344359125852,0.006525297755276431
1741768387000,1702000,2025-03-12 08:33:07,2025-03-12 08:33:07,2025,3,12,2,1,1692857.142857143,1691700.0,1611311.111111111,0.013698630136986356,0.006952808883549831
1741853651000,1714000,2025-03-13 08:14:11,2025-03-13 08:14:11,2025,3,13,3,1,1694000.0,1692433.3333333333,1613155.5555555555,0.007050528789659172,0.0065284050481809
1741939773000,1742000,2025-03-14 08:09:33,2025-03-14 08:09:33,2025,3,14,4,1,1701428.5714285714,1694366.6666666667,1615500.0,0.016336056009334854,0.0070629961890976
1742026986000,1739000,2025-03-15 08:23:06,2025-03-15 08:23:06,2025,3,15,5,1,1708428.5714285714,1695933.3333333333,1617966.6666666667,-0.001722158438576371,0.007048170184738531
1742109519000,1739000,2025-03-16 07:18:39,2025-03-16 07:18:39,2025,3,16,6,1,1715428.5714285714,1697200.0,1620433.3333333333,0.0,0.0070008943715743725
1742199063000,1741000,2025-03-17 08:11:03,2025-03-17 08:11:03,2025,3,17,0,1,1722285.7142857143,1699300.0,1622922.2222222222,0.0011500862564692849,0.006460408393126448
1742285078000,1745000,2025-03-18 08:04:38,2025-03-18 08:04:38,2025,3,18,1,1,1731714.2857142857,1701533.3333333333,1625422.2222222222,0.0022975301550833827,0.006458704281358339
1742370577000,1759000,2025-03-19 07:49:37,2025-03-19 07:49:37,2025,3,19,2,1,1739857.142857143,1704466.6666666667,1628077.7777777778,0.008022922636103047,0.0064844611484378865
1742457056000,1774000,2025-03-20 07:50:56,2025-03-20 07:50:56,2025,3,20,3,1,1748428.5714285714,1707633.3333333333,1631066.6666666667,0.008527572484366086,0.006580463165868186
1742544581000,1779000,2025-03-21 08:09:41,2025-03-21 08:09:41,2025,3,21,4,1,1753714.2857142857,1710566.6666666667,1634000.0,0.002818489289740711,0.0065075243225779554
1742629018000,1764000,2025-03-22 07:36:58,2025-03-22 07:36:58,2025,3,22,5,1,1757285.7142857143,1712433.3333333333,1636566.6666666667,-0.00843170320404718,0.00656545105434137
1742707123000,1764000,2025-03-23 05:18:43,2025-03-23 05:18:43,2025,3,23,6,1,1760857.142857143,1714333.3333333333,1639133.3333333333,0.0,0.006561147061107628
1742802520000,1765000,2025-03-24 07:48:40,2025-03-24 07:48:40,2025,3,24,0,1,1764285.7142857143,1716366.6666666667,1641711.111111111,0.0005668934240363743,0.006539731263439033
1742889167000,1759000,2025-03-25 07:52:47,2025-03-25 07:52:47,2025,3,25,1,1,1766285.7142857143,1718200.0,1644366.6666666667,-0.0033994334277620553,0.006590382724403894
1742976960000,1769000,2025-03-26 08:16:00,2025-03-26 08:16:00,2025,3,26,2,1,1767714.2857142857,1720333.3333333333,1647133.3333333333,0.005685048322910724,0.006642740886840259
1743063218000,1776000,2025-03-27 08:13:38,2025-03-27 08:13:38,2025,3,27,3,1,1768000.0,1722633.3333333333,1649977.7777777778,0.003957037874505298,0.006661045189851774
1743151043000,1792000,2025-03-28 08:37:23,2025-03-28 08:37:23,2025,3,28,4,1,1769857.142857143,1725900.0,1652911.111111111,0.009009009009008917,0.006581082596326601
1743239081000,1806000,2025-03-29 09:04:41,2025-03-29 09:04:41,2025,3,29,5,1,1775857.142857143,1729700.0,1656022.2222222222,0.0078125,0.006640599213460432
1743320977000,1806000,2025-03-30 07:49:37,2025-03-30 07:49:37,2025,3,30,6,1,1781857.142857143,1733966.6666666667,1659133.3333333333,0.0,0.006356442199171602
1743495946000,1826000,2025-04-01 08:25:46,2025-04-01 08:25:46,2025,4,1,1,2,1790571.4285714286,1739100.0,1662444.4444444445,0.011074197120708673,0.00643795467931756
1743581400000,1819000,2025-04-02 08:10:00,2025-04-02 08:10:00,2025,4,2,2,2,1799142.857142857,1744000.0,1665822.2222222222,-0.00383351588170866,0.006536053998245763
1743667170000,1836000,2025-04-03 07:59:30,2025-04-03 07:59:30,2025,4,3,3,2,1808714.2857142857,1749233.3333333333,1669288.888888889,0.009345794392523255,0.006639933780380472
1743754655000,1819000,2025-04-04 08:17:35,2025-04-04 08:17:35,2025,4,4,4,2,1814857.142857143,1753066.6666666667,1672355.5555555555,-0.0092592592592593,0.0066132444143682
1743841737000,1781000,2025-04-05 08:28:57,2025-04-05 08:28:57,2025,4,5,5,2,1813285.7142857143,1755466.6666666667,1675044.4444444445,-0.020890599230346307,0.007839005626431606
1743921727000,1781000,2025-04-06 06:42:07,2025-04-06 06:42:07,2025,4,6,6,2,1809714.2857142857,1757966.6666666667,1677733.3333333333,0.0,0.007821123028992615
1744013771000,1758000,2025-04-07 08:16:11,2025-04-07 08:16:11,2025,4,7,0,2,1802857.142857143,1760233.3333333333,1680166.6666666667,-0.012914093206063959,0.008014392082378982
1744101585000,1754000,2025-04-08 08:39:45,2025-04-08 08:39:45,2025,4,8,1,2,1792571.4285714286,1762366.6666666667,1682600.0,-0.0022753128555176305,0.008038308498981453
1744188115000,1777000,2025-04-09 08:41:55,2025-04-09 08:41:55,2025,4,9,2,2,1786571.4285714286,1765266.6666666667,1685222.2222222222,0.013112884834663552,0.008318444683656105
1744218134000,1812000,2025-04-09 17:02:14,2025-04-09 17:02:14,2025,4,9,2,2,1783142.857142857,1769233.3333333333,1688177.7777777778,0.019696117051209994,0.008943415507120838
1744274330000,1846000,2025-04-10 08:38:50,2025-04-10 08:38:50,2025,4,10,3,2,1787000.0,1774800.0,1691411.111111111,0.01876379690949226,0.009199405299180364
1744360729000,1889000,2025-04-11 08:38:49,2025-04-11 08:38:49,2025,4,11,4,2,1802428.5714285714,1781033.3333333333,1694977.7777777778,0.02329360780065004,0.009728341860696554
1744445030000,1904000,2025-04-12 08:03:50,2025-04-12 08:03:50,2025,4,12,5,2,1820000.0,1787366.6666666667,1698711.111111111,0.007940709370036991,0.009740810941837564
1744528077000,1904000,2025-04-13 07:07:57,2025-04-13 07:07:57,2025,4,13,6,2,1840857.142857143,1792766.6666666667,1702444.4444444445,0.0,0.009454141279636674
1744618147000,1896000,2025-04-14 08:09:07,2025-04-14 08:09:07,2025,4,14,0,2,1861142.857142857,1798000.0,1706177.7777777778,-0.004201680672268893,0.009507639156450278
1744704824000,1896000,2025-04-15 08:13:44,2025-04-15 08:13:44,2025,4,15,1,2,1878142.857142857,1803233.3333333333,1709866.6666666667,0.0,0.009507639156450278
1744791394000,1916000,2025-04-16 08:16:34,2025-04-16 08:16:34,2025,4,16,2,2,1893000.0,1809066.6666666667,1713633.3333333333,0.010548523206751037,0.009601382786777399
1744821261000,1943000,2025-04-16 16:34:21,2025-04-16 16:34:21,2025,4,16,2,2,1906857.142857143,1815666.6666666667,1717511.111111111,0.014091858037578398,0.009800765245450102
1744877936000,1975000,2025-04-17 08:18:56,2025-04-17 08:18:56,2025,4,17,3,2,1919142.857142857,1822866.6666666667,1721822.2222222222,0.016469377251672634,0.01004932296794097
1744963157000,1965000,2025-04-18 07:59:17,2025-04-18 07:59:17,2025,4,18,4,2,1927857.142857143,1829233.3333333333,1726022.2222222222,-0.005063291139240533,0.010140235821093982
1745045874000,1965000,2025-04-19 06:57:54,2025-04-19 06:57:54,2025,4,19,5,2,1936571.4285714286,1835433.3333333333,1730244.4444444445,0.0,0.010159460236180109
1745131634000,1965000,2025-04-20 06:47:14,2025-04-20 06:47:14,2025,4,20,6,2,1946428.5714285714,1842133.3333333333,1734400.0,0.0,0.009935884308986993
1745223722000,1980000,2025-04-21 08:22:02,2025-04-21 08:22:02,2025,4,21,0,2,1958428.5714285714,1849333.3333333333,1738555.5555555555,0.007633587786259444,0.009936905857840456
1745224242000,1980000,2025-04-21 08:30:42,2025-04-21 08:30:42,2025,4,21,0,2,1967571.4285714286,1856500.0,1742700.0,0.0,0.009944010014562576
1745310626000,2016000,2025-04-22 08:30:26,2025-04-22 08:30:26,2025,4,22,1,2,1978000.0,1865066.6666666667,1747233.3333333333,0.018181818181818077,0.010176647237799867
1745343018000,2039000,2025-04-22 17:30:18,2025-04-22 17:30:18,2025,4,22,1,2,1987142.857142857,1874066.6666666667,1751988.888888889,0.01140873015873023,0.010250957591813305
1745398513000,1991000,2025-04-23 08:55:13,2025-04-23 08:55:13,2025,4,23,2,2,1990857.142857143,1881233.3333333333,1756211.111111111,-0.023540951446787695,0.01148386587155745
1745483553000,1969000,2025-04-24 08:32:33,2025-04-24 08:32:33,2025,4,24,3,2,1991428.5714285714,1887133.3333333333,1760211.111111111,-0.011049723756906049,0.011755672638260115
1745568768000,1986000,2025-04-25 08:12:48,2025-04-25 08:12:48,2025,4,25,4,2,1994428.5714285714,1893133.3333333333,1764533.3333333333,0.008633824276282454,0.011767707487521348
1745655308000,1965000,2025-04-26 08:15:08,2025-04-26 08:15:08,2025,4,26,5,2,1992285.7142857143,1898433.3333333333,1768511.111111111,-0.010574018126888185,0.012023637725958712
1745738555000,1965000,2025-04-27 07:22:35,2025-04-27 07:22:35,2025,4,27,6,2,1990142.857142857,1903066.6666666667,1772500.0,0.0,0.011933250701925446
1745829049000,1960000,2025-04-28 08:30:49,2025-04-28 08:30:49,2025,4,28,0,2,1982142.857142857,1907766.6666666667,1776277.7777777778,-0.0025445292620864812,0.011911897323488864
1745914849000,1966000,2025-04-29 08:20:49,2025-04-29 08:20:49,2025,4,29,1,2,1971714.2857142857,1912100.0,1780077.7777777778,0.003061224489795844,0.011843514644386498
1746000944000,1965000,2025-04-30 08:15:44,2025-04-30 08:15:44,2025,4,30,2,2,1968000.0,1916966.6666666667,1783866.6666666667,-0.0005086469989826758,0.011653958439460722
1746087886000,1932000,2025-05-01 08:24:46,2025-05-01 08:24:46,2025,5,1,3,2,1962714.2857142857,1922000.0,1787322.2222222222,-0.016793893129770976,0.011389703979148052
1746174137000,1912000,2025-05-02 08:22:17,2025-05-02 08:22:17,2025,5,2,4,2,1952142.857142857,1926366.6666666667,1790233.3333333333,-0.010351966873705987,0.011631056274781077
1746261233000,1902000,2025-05-03 08:33:53,2025-05-03 08:33:53,2025,5,3,5,2,1943142.857142857,1931166.6666666667,1792888.888888889,-0.005230125523012608,0.011362931906914888
1746346341000,1902000,2025-05-04 08:12:21,2025-05-04 08:12:21,2025,5,4,6,2,1934142.857142857,1936100.0,1795466.6666666667,0.0,0.01133620889755332
1746434270000,1905000,2025-05-05 08:37:50,2025-05-05 08:37:50,2025,5,5,0,2,1926285.7142857143,1940366.6666666667,1798188.888888889,0.001577287066246047,0.011167527664503473
1746520415000,1931000,2025-05-06 08:33:35,2025-05-06 08:33:35,2025,5,6,1,2,1921285.7142857143,1944333.3333333333,1801177.7777777778,0.01364829396325451,0.010895460412214193
1746606330000,1956000,2025-05-07 08:25:30,2025-05-07 08:25:30,2025,5,7,2,2,1920000.0,1948000.0,1804444.4444444445,0.012946659761781554,0.010638882724758353
1746693037000,1953000,2025-05-08 08:30:37,2025-05-08 08:30:37,2025,5,8,3,2,1923000.0,1950133.3333333333,1807622.2222222222,-0.0015337423312883347,0.009861473796424823
1746780720000,1926000,2025-05-09 08:52:00,2025-05-09 08:52:00,2025,5,9,4,2,1925000.0,1950866.6666666667,1810222.2222222222,-0.01382488479262678,0.010141949666797302
1746784057000,1926000,2025-05-09 09:47:37,2025-05-09 09:47:37,2025,5,9,4,2,1928428.5714285714,1951600.0,1812911.111111111,0.0,0.010141949666797302
1746864945000,1928000,2025-05-10 08:15:45,2025-05-10 08:15:45,2025,5,10,5,2,1932142.857142857,1952666.6666666667,1815533.3333333333,0.0010384215991692258,0.010104434533323685
1746948025000,1928000,2025-05-11 07:20:25,2025-05-11 07:20:25,2025,5,11,6,2,1935428.5714285714,1953733.3333333333,1818055.5555555555,0.0,0.010104434533323685
1747038157000,1905000,2025-05-12 08:22:37,2025-05-12 08:22:37,2025,5,12,0,2,1931714.2857142857,1953366.6666666667,1820577.7777777778,-0.01192946058091282,0.010175013372169295
1747123261000,1884000,2025-05-13 08:01:01,2025-05-13 08:01:01,2025,5,13,1,2,1921428.5714285714,1951400.0,1822866.6666666667,-0.011023622047244053,0.009995148044277131
1747211751000,1886000,2025-05-14 08:35:51,2025-05-14 08:35:51,2025,5,14,2,2,1911857.142857143,1948433.3333333333,1825255.5555555555,0.0010615711252655036,0.009448575223873086
1747298703000,1866000,2025-05-15 08:45:03,2025-05-15 08:45:03,2025,5,15,3,2,1903285.7142857143,1945133.3333333333,1827333.3333333333,-0.010604453870625696,0.0095741109423651
1747384047000,1891000,2025-05-16 08:27:27,2025-05-16 08:27:27,2025,5,16,4,2,1898285.7142857143,1942666.6666666667,1829555.5555555555,0.013397642015005262,0.009959748936048965
1747471644000,1871000,2025-05-17 08:47:24,2025-05-17 08:47:24,2025,5,17,5,2,1890142.857142857,1939533.3333333333,1831366.6666666667,-0.01057641459545211,0.010100871369970768
1747557686000,1871000,2025-05-18 08:41:26,2025-05-18 08:41:26,2025,5,18,6,2,1882000.0,1935900.0,1833188.888888889,0.0,0.009955789735138242
1747643943000,1894000,2025-05-19 08:39:03,2025-05-19 08:39:03,2025,5,19,0,2,1880428.5714285714,1933033.3333333333,1835300.0,0.01229289150187074,0.010281677707987427
1747730309000,1871000,2025-05-20 08:38:29,2025-05-20 08:38:29,2025,5,20,1,2,1878571.4285714286,1928200.0,1837155.5555555555,-0.012143611404435095,0.009765002376642653
1747817022000,1894000,2025-05-21 08:43:42,2025-05-21 08:43:42,2025,5,21,2,2,1879714.2857142857,1923366.6666666667,1839255.5555555555,0.01229289150187074,0.009809470136630916
1747846807000,1915000,2025-05-21 17:00:07,2025-05-21 17:00:07,2025,5,21,2,2,1886714.2857142857,1920833.3333333333,1841566.6666666667,0.011087645195353657,0.009259097518232203
1747903895000,1923000,2025-05-22 08:51:35,2025-05-22 08:51:35,2025,5,22,3,2,1891285.7142857143,1919300.0,1844111.111111111,0.004177545691905982,0.0091199731903574
1747988912000,1910000,2025-05-23 08:28:32,2025-05-23 08:28:32,2025,5,23,4,2,1896857.142857143,1916766.6666666667,1846533.3333333333,-0.006760270410816394,0.009006300244510546
1748075485000,1930000,2025-05-24 08:31:25,2025-05-24 08:31:25,2025,5,24,5,2,1905285.7142857143,1915600.0,1849333.3333333333,0.010471204188481575,0.0090752056360798
1748159275000,1930000,2025-05-25 07:47:55,2025-05-25 07:47:55,2025,5,25,6,2,1910428.5714285714,1914433.3333333333,1852200.0,0.0,0.0090752056360798
1748248231000,1919000,2025-05-26 08:30:31,2025-05-26 08:30:31,2025,5,26,0,2,1917285.7142857143,1913066.6666666667,1854944.4444444445,-0.0056994818652850165,0.009117189725655044
1748333845000,1923000,2025-05-27 08:17:25,2025-05-27 08:17:25,2025,5,27,1,2,1921428.5714285714,1911633.3333333333,1857655.5555555555,0.0020844189682125425,0.009105162490800785
1748420618000,1895000,2025-05-28 08:23:38,2025-05-28 08:23:38,2025,5,28,2,2,1918571.4285714286,1909300.0,1859777.7777777778,-0.014560582423296942,0.00945005492658206
1748507069000,1874000,2025-05-29 08:24:29,2025-05-29 08:24:29,2025,5,29,3,2,1911571.4285714286,1907366.6666666667,1861611.111111111,-0.011081794195250683,0.009177930441636346
1748594302000,1900000,2025-05-30 08:38:22,2025-05-30 08:38:22,2025,5,30,4,2,1910142.857142857,1906966.6666666667,1863766.6666666667,0.01387406616862319,0.009387798245372959
1748678417000,1888000,2025-05-31 08:00:17,2025-05-31 08:00:17,2025,5,31,5,2,1904142.857142857,1906500.0,1865966.6666666667,-0.0063157894736841635,0.009410054109318928
1748765056000,1888000,2025-06-01 08:04:16,2025-06-01 08:04:16,2025,6,1,6,2,1898142.857142857,1906033.3333333333,1868166.6666666667,0.0,0.009410054109318928
1748852490000,1905000,2025-06-02 08:21:30,2025-06-02 08:21:30,2025,6,2,0,2,1896142.857142857,1906033.3333333333,1870555.5555555555,0.009004237288135597,0.009555096661060527
1748938911000,1940000,2025-06-03 08:21:51,2025-06-03 08:21:51,2025,6,3,1,2,1898571.4285714286,1906333.3333333333,1873300.0,0.018372703412073532,0.00982224038989602
1749025893000,1924000,2025-06-04 08:31:33,2025-06-04 08:31:33,2025,6,4,2,2,1902714.2857142857,1905266.6666666667,1876022.2222222222,-0.008247422680412342,0.009634335062537643
1749111648000,1938000,2025-06-05 08:20:48,2025-06-05 08:20:48,2025,6,5,3,2,1911857.142857143,1904766.6666666667,1878644.4444444445,0.007276507276507305,0.009735636577856999
1749201188000,1929000,2025-06-06 09:13:08,2025-06-06 09:13:08,2025,6,6,4,2,1916000.0,1904866.6666666667,1881033.3333333333,-0.004643962848297267,0.009432525025312277
1749283992000,1904000,2025-06-07 08:13:12,2025-06-07 08:13:12,2025,6,7,5,2,1918285.7142857143,1904133.3333333333,1882833.3333333333,-0.012960082944530882,0.00972913553971967
1749373701000,1904000,2025-06-08 09:08:21,2025-06-08 09:08:21,2025,6,8,6,2,1920571.4285714286,1903333.3333333333,1884666.6666666667,0.0,0.009725919427114081
1749457317000,1904000,2025-06-09 08:21:57,2025-06-09 08:21:57,2025,6,9,0,2,1920428.5714285714,1902533.3333333333,1886500.0,0.0,0.009725919427114081
1749544134000,1909000,2025-06-10 08:28:54,2025-06-10 08:28:54,2025,6,10,1,2,1916000.0,1902666.6666666667,1888366.6666666667,0.002626050420168058,0.00948966203542751
1749630552000,1910000,2025-06-11 08:29:12,2025-06-11 08:29:12,2025,6,11,2,2,1914000.0,1903533.3333333333,1890200.0,0.0005238344683080598,0.009253605771129447
1749716539000,1928000,2025-06-12 08:22:19,2025-06-12 08:22:19,2025,6,12,3,2,1912571.4285714286,1904933.3333333333,1892077.7777777778,0.009424083769633551,0.009396016158595304
1749801943000,1951000,2025-06-13 08:05:43,2025-06-13 08:05:43,2025,6,13,4,2,1915714.2857142857,1907766.6666666667,1894044.4444444445,0.01192946058091282,0.009355396115357363
1749889009000,1960000,2025-06-14 08:16:49,2025-06-14 08:16:49,2025,6,14,5,2,1923714.2857142857,1910066.6666666667,1896055.5555555555,0.0046130189646336195,0.009105208166832586
1749974385000,1960000,2025-06-15 07:59:45,2025-06-15 07:59:45,2025,6,15,6,2,1931714.2857142857,1913033.3333333333,1898233.3333333333,0.0,0.008832773655646312
1750062630000,1968000,2025-06-16 08:30:30,2025-06-16 08:30:30,2025,6,16,0,2,1940857.142857143,1916266.6666666667,1900500.0,0.004081632653061273,0.00883890425096659
1750148726000,1950000,2025-06-17 08:25:26,2025-06-17 08:25:26,2025,6,17,1,2,1946714.2857142857,1918133.3333333333,1902555.5555555555,-0.009146341463414642,0.008821605470116324
1750235805000,1943000,2025-06-18 08:36:45,2025-06-18 08:36:45,2025,6,18,2,2,1951428.5714285714,1920533.3333333333,1904600.0,-0.0035897435897436214,0.008514720700240315
1750321344000,1937000,2025-06-19 08:22:24,2025-06-19 08:22:24,2025,6,19,3,2,1952714.2857142857,1921966.6666666667,1906466.6666666667,-0.0030880082346885773,0.008289728616054565
1750408256000,1936000,2025-06-20 08:30:56,2025-06-20 08:30:56,2025,6,20,4,2,1950571.4285714286,1922666.6666666667,1908244.4444444445,-0.0005162622612286949,0.008059806088962004
1750494029000,1942000,2025-06-21 08:20:29,2025-06-21 08:20:29,2025,6,21,5,2,1948000.0,1923300.0,1909911.111111111,0.0030991735537189147,0.008044745170788264
1750585463000,1942000,2025-06-22 09:44:23,2025-06-22 09:44:23,2025,6,22,6,2,1945428.5714285714,1924366.6666666667,1911422.2222222222,0.0,0.007932345443905644
1750667219000,1942000,2025-06-23 08:26:59,2025-06-23 08:26:59,2025,6,23,0,2,1941714.2857142857,1924766.6666666667,1912933.3333333333,0.0,0.007709550782153382
1750752996000,1932000,2025-06-24 08:16:36,2025-06-24 08:16:36,2025,6,24,1,2,1939142.857142857,1924833.3333333333,1914111.111111111,-0.005149330587023715,0.007772039401301063
1750839467000,1932000,2025-06-25 08:17:47,2025-06-25 08:17:47,2025,6,25,2,2,1937571.4285714286,1925266.6666666667,1915366.6666666667,0.0,0.007695588795247993
1750926265000,1924000,2025-06-26 08:24:25,2025-06-26 08:24:25,2025,6,26,3,2,1935714.2857142857,1925300.0,1916344.4444444445,-0.0041407867494823725,0.007728380878190772
1751013266000,1907000,2025-06-27 08:34:26,2025-06-27 08:34:26,2025,6,27,4,2,1931571.4285714286,1925700.0,1917322.2222222222,-0.008835758835758822,0.007419795090683208
1751099227000,1884000,2025-06-28 08:27:07,2025-06-28 08:27:07,2025,6,28,5,2,1923285.7142857143,1926033.3333333333,1918466.6666666667,-0.012060828526481382,0.007473255573108028
1751185544000,1884000,2025-06-29 08:25:44,2025-06-29 08:25:44,2025,6,29,6,2,1915000.0,1925500.0,1919611.111111111,0.0,0.0070132907473829595
1751272646000,1880000,2025-06-30 08:37:26,2025-06-30 08:37:26,2025,6,30,0,2,1906142.857142857,1925233.3333333333,1920966.6666666667,-0.002123142250530785,0.0069296916785889645
1751357437000,1896000,2025-07-01 08:10:37,2025-07-01 08:10:37,2025,7,1,1,3,1901000.0,1925500.0,1922544.4444444445,0.008510638297872353,0.007106649408780061
1751532058000,1911000,2025-07-03 08:40:58,2025-07-03 08:40:58,2025,7,3,3,3,1898000.0,1925700.0,1924033.3333333333,0.007911392405063333,0.007062442877122348
1751616991000,1907000,2025-07-04 08:16:31,2025-07-04 08:16:31,2025,7,4,4,3,1895571.4285714286,1924600.0,1925088.888888889,-0.002093144950287784,0.006171693072079096
1751704516000,1908000,2025-07-05 08:35:16,2025-07-05 08:35:16,2025,7,5,5,3,1895714.2857142857,1924066.6666666667,1925777.7777777778,0.000524383848977461,0.006000003272014084
1751875858000,1901000,2025-07-07 08:10:58,2025-07-07 08:10:58,2025,7,7,0,3,1898142.857142857,1922833.3333333333,1925911.111111111,-0.0036687631027253476,0.005856940194069254
1751962894000,1906000,2025-07-08 08:21:34,2025-07-08 08:21:34,2025,7,8,1,3,1901285.7142857143,1922066.6666666667,1925933.3333333333,0.002630194634402949,0.005835385696605887
1752048979000,1894000,2025-07-09 08:16:19,2025-07-09 08:16:19,2025,7,9,2,3,1903285.7142857143,1921733.3333333333,1925822.2222222222,-0.006295907660020972,0.005454523110749128
1752134665000,1902000,2025-07-10 08:04:25,2025-07-10 08:04:25,2025,7,10,3,3,1904142.857142857,1921666.6666666667,1925888.888888889,0.004223864836325308,0.005513026692335045
1752210173000,1902000,2025-07-11 05:02:53,2025-07-11 05:02:53,2025,7,11,4,3,1902857.142857143,1921600.0,1925955.5555555555,0.0,0.005513026692335045
1752221003000,1906000,2025-07-11 08:03:23,2025-07-11 08:03:23,2025,7,11,4,3,1902714.2857142857,1921500.0,1925844.4444444445,0.002103049421661396,0.005505191016082799
1752308644000,1919000,2025-07-12 08:24:04,2025-07-12 08:24:04,2025,7,12,5,3,1904285.7142857143,1921800.0,1925577.7777777778,0.006820566631689395,0.0056455858545082175
1752480630000,1924000,2025-07-14 08:10:30,2025-07-14 08:10:30,2025,7,14,0,3,1907571.4285714286,1921666.6666666667,1925011.111111111,0.002605523710265789,0.005391817999301454
1752568056000,1914000,2025-07-15 08:27:36,2025-07-15 08:27:36,2025,7,15,1,3,1908714.2857142857,1920433.3333333333,1924444.4444444445,-0.00519750519750517,0.004969263434513843
1752655161000,1908000,2025-07-16 08:39:21,2025-07-16 08:39:21,2025,7,16,2,3,1910714.2857142857,1918700.0,1923811.111111111,-0.0031347962382445305,0.0048882635689848734
1752740591000,1919000,2025-07-17 08:23:11,2025-07-17 08:23:11,2025,7,17,3,3,1913142.857142857,1917333.3333333333,1923300.0,0.005765199161425594,0.005035339874444152
1752827781000,1917000,2025-07-18 08:36:21,2025-07-18 08:36:21,2025,7,18,4,3,1915285.7142857143,1915633.3333333333,1922600.0,-0.0010422094841062712,0.004954075747846135
1752913277000,1927000,2025-07-19 08:21:17,2025-07-19 08:21:17,2025,7,19,5,3,1918285.7142857143,1914866.6666666667,1922011.111111111,0.005216484089723528,0.00481811150543367
1753086171000,1927000,2025-07-21 08:22:51,2025-07-21 08:22:51,2025,7,21,0,3,1919428.5714285714,1914333.3333333333,1921022.2222222222,0.0,0.004780182676292522
1753172815000,1946000,2025-07-22 08:26:55,2025-07-22 08:26:55,2025,7,22,1,3,1922571.4285714286,1914633.3333333333,1919988.888888889,0.009859885832900872,0.005090890481122501
1753258514000,1970000,2025-07-23 08:15:14,2025-07-23 08:15:14,2025,7,23,2,3,1930571.4285714286,1915766.6666666667,1919755.5555555555,0.012332990750256956,0.00555113286299761
1753345967000,1945000,2025-07-24 08:32:47,2025-07-24 08:32:47,2025,7,24,3,3,1935857.142857143,1915866.6666666667,1919488.888888889,-0.012690355329949221,0.006033151064306486
1753431925000,1934000,2025-07-25 08:25:25,2025-07-25 08:25:25,2025,7,25,4,3,1938000.0,1915600.0,1918911.111111111,-0.005655526992287885,0.006123072091773144
1753517618000,1915000,2025-07-26 08:13:38,2025-07-26 08:13:38,2025,7,26,5,3,1937714.2857142857,1914700.0,1918355.5555555555,-0.009824198552223384,0.0063740281384998786
1753691184000,1914000,2025-07-28 08:26:24,2025-07-28 08:26:24,2025,7,28,0,3,1935857.142857143,1914100.0,1917788.888888889,-0.0005221932114882755,0.006311998086963892
1753775854000,1906000,2025-07-29 07:57:34,2025-07-29 07:57:34,2025,7,29,1,3,1932857.142857143,1913233.3333333333,1917188.888888889,-0.004179728317659337,0.0063513215285867205
1753862673000,1918000,2025-07-30 08:04:33,2025-07-30 08:04:33,2025,7,30,2,3,1928857.142857143,1913033.3333333333,1916655.5555555555,0.006295907660021083,0.006426557397963201
1753949555000,1901000,2025-07-31 08:12:35,2025-07-31 08:12:35,2025,7,31,3,3,1919000.0,1912833.3333333333,1915944.4444444445,-0.008863399374348324,0.006427857200604211
1754035408000,1901000,2025-08-01 08:03:28,2025-08-01 08:03:28,2025,8,1,4,3,1912714.2857142857,1913400.0,1915600.0,0.0,0.006017051541624413
1754037115000,1901000,2025-08-01 08:31:55,2025-08-01 08:31:55,2025,8,1,4,3,1908000.0,1913966.6666666667,1915477.7777777778,0.0,0.006017051541624413
1754122537000,1948000,2025-08-02 08:15:37,2025-08-02 08:15:37,2025,8,2,5,3,1912714.2857142857,1916233.3333333333,1915988.888888889,0.02472382956338759,0.007464069072599331
1754122583000,1948000,2025-08-02 08:16:23,2025-08-02 08:16:23,2025,8,2,5,3,1917571.4285714286,1917966.6666666667,1916500.0,0.0,0.007337761986211322
1754123675000,1948000,2025-08-02 08:34:35,2025-08-02 08:34:35,2025,8,2,5,3,1923571.4285714286,1919200.0,1916977.7777777778,0.0,0.0072193460851111
1754295886000,1946000,2025-08-04 08:24:46,2025-08-04 08:24:46,2025,8,4,0,3,1927571.4285714286,1920500.0,1917144.4444444445,-0.0010266940451745254,0.00720791581228587
1754295951000,1946000,2025-08-04 08:25:51,2025-08-04 08:25:51,2025,8,4,0,3,1934000.0,1921766.6666666667,1917033.3333333333,0.0,0.007208992168407435
1754381278000,1959000,2025-08-05 08:07:58,2025-08-05 08:07:58,2025,8,5,1,3,1942285.7142857143,1923700.0,1917100.0,0.0066803699897224345,0.007241135926115981
1754381316000,1959000,2025-08-05 08:08:36,2025-08-05 08:08:36,2025,8,5,1,3,1950571.4285714286,1925466.6666666667,1917466.6666666667,0.0,0.0072369836208215545
1754468225000,1950000,2025-08-06 08:17:05,2025-08-06 08:17:05,2025,8,6,2,3,1950857.142857143,1927333.3333333333,1917733.3333333333,-0.004594180704441064,0.0071847943904711125
1754468665000,1950000,2025-08-06 08:24:25,2025-08-06 08:24:25,2025,8,6,2,3,1951142.857142857,1928933.3333333333,1917977.7777777778,0.0,0.007160716108634981
1754555573000,1943000,2025-08-07 08:32:53,2025-08-07 08:32:53,2025,8,7,3,3,1950428.5714285714,1930300.0,1918144.4444444445,-0.0035897435897436214,0.00720536315575627
1754555615000,1943000,2025-08-07 08:33:35,2025-08-07 08:33:35,2025,8,7,3,3,1950000.0,1931533.3333333333,1918566.6666666667,0.0,0.007201834995829779
1754641296000,1959000,2025-08-08 08:21:36,2025-08-08 08:21:36,2025,8,8,4,3,1951857.142857143,1932866.6666666667,1919400.0,0.008234688625836428,0.007247986806396981
1754727699000,1951000,2025-08-09 08:21:39,2025-08-09 08:21:39,2025,8,9,5,3,1950714.2857142857,1933766.6666666667,1920122.2222222222,-0.0040837161817253165,0.0072905307452853785
1754727745000,1951000,2025-08-09 08:22:25,2025-08-09 08:22:25,2025,8,9,5,3,1949571.4285714286,1935000.0,1921066.6666666667,0.0,0.007212043241406966
1754901256000,1945000,2025-08-11 08:34:16,2025-08-11 08:34:16,2025,8,11,0,3,1948857.142857143,1936233.3333333333,1921666.6666666667,-0.003075345976422339,0.007210971693885582
1754986694000,1924000,2025-08-12 08:18:14,2025-08-12 08:18:14,2025,8,12,1,3,1945142.857142857,1936400.0,1922255.5555555555,-0.010796915167095134,0.007437506543690046
1755074232000,1917000,2025-08-13 08:37:12,2025-08-13 08:37:12,2025,8,13,2,3,1941428.5714285714,1936400.0,1922766.6666666667,-0.0036382536382536523,0.00746646080756841
1755160312000,1933000,2025-08-14 08:31:52,2025-08-14 08:31:52,2025,8,14,3,3,1940000.0,1936600.0,1923200.0,0.008346374543557689,0.00756272403858507
1755160347000,1933000,2025-08-14 08:32:27,2025-08-14 08:32:27,2025,8,14,3,3,1936285.7142857143,1936800.0,1923888.888888889,0.0,0.00756272403858507
1755246691000,1909000,2025-08-15 08:31:31,2025-08-15 08:31:31,2025,8,15,4,3,1930285.7142857143,1935566.6666666667,1924055.5555555555,-0.012415933781686483,0.007667415632241678
1755333084000,1896000,2025-08-16 08:31:24,2025-08-16 08:31:24,2025,8,16,5,3,1922428.5714285714,1933100.0,1923844.4444444445,-0.006809848088004222,0.00734268847161221
1755333164000,1896000,2025-08-16 08:32:44,2025-08-16 08:32:44,2025,8,16,5,3,1915428.5714285714,1931466.6666666667,1923544.4444444445,0.0,0.007019276262988202
1755506325000,1894000,2025-08-18 08:38:45,2025-08-18 08:38:45,2025,8,18,0,3,1911142.857142857,1930133.3333333333,1923366.6666666667,-0.0010548523206751481,0.006960142413660941
1755506397000,1894000,2025-08-18 08:39:57,2025-08-18 08:39:57,2025,8,18,0,3,1907857.142857143,1929433.3333333333,1922966.6666666667,0.0,0.006742448475109569
1755592562000,1897000,2025-08-19 08:36:02,2025-08-19 08:36:02,2025,8,19,1,3,1902714.2857142857,1928866.6666666667,1922600.0,0.0015839493136220462,0.00675150577165743
1755592592000,1897000,2025-08-19 08:36:32,2025-08-19 08:36:32,2025,8,19,1,3,1897571.4285714286,1928566.6666666667,1922355.5555555555,0.0,0.0067111647040949424
1755677702000,1890000,2025-08-20 08:15:02,2025-08-20 08:15:02,2025,8,20,2,3,1894857.142857143,1927633.3333333333,1921988.888888889,-0.0036900369003689537,0.006628276642253778
1755677730000,1890000,2025-08-20 08:15:30,2025-08-20 08:15:30,2025,8,20,2,3,1894000.0,1927266.6666666667,1921933.3333333333,0.0,0.006435951479559696
1755763994000,1914000,2025-08-21 08:13:14,2025-08-21 08:13:14,2025,8,21,3,3,1896571.4285714286,1927700.0,1922377.7777777778,0.012698412698412653,0.006851893330937779
1755764023000,1914000,2025-08-21 08:13:43,2025-08-21 08:13:43,2025,8,21,3,3,1899428.5714285714,1928133.3333333333,1922533.3333333333,0.0,0.006851893330937779
1755850977000,1916000,2025-08-22 08:22:57,2025-08-22 08:22:57,2025,8,22,4,3,1902571.4285714286,1927066.6666666667,1922844.4444444445,0.0010449320794148065,0.005066680444076094
1755938143000,1933000,2025-08-23 08:35:43,2025-08-23 08:35:43,2025,8,23,5,3,1907714.2857142857,1926566.6666666667,1923344.4444444445,0.008872651356993666,0.005350284340252026
1755938175000,1933000,2025-08-23 08:36:15,2025-08-23 08:36:15,2025,8,23,5,3,1912857.142857143,1926066.6666666667,1923655.5555555555,0.0,0.005350284340252026
1756109139000,1929000,2025-08-25 08:05:39,2025-08-25 08:05:39,2025,8,25,0,3,1918428.5714285714,1925500.0,1923533.3333333333,-0.0020693222969477842,0.005358924544871408
1756195835000,1932000,2025-08-26 08:10:35,2025-08-26 08:10:35,2025,8,26,1,3,1924428.5714285714,1925033.3333333333,1923622.2222222222,0.0015552099533437946,0.005369224521521904
1756282461000,1940000,2025-08-27 08:14:21,2025-08-27 08:14:21,2025,8,27,2,3,1928142.857142857,1924400.0,1923644.4444444445,0.0041407867494824835,0.005275776896486829
1756369200000,1944000,2025-08-28 08:20:00,2025-08-28 08:20:00,2025,8,28,3,3,1932428.5714285714,1923900.0,1923811.111111111,0.0020618556701030855,0.005293373803389072
1756455438000,1964000,2025-08-29 08:17:18,2025-08-29 08:17:18,2025,8,29,4,3,1939285.7142857143,1924366.6666666667,1924477.7777777778,0.010288065843621297,0.005562037637459034
1756455487000,1964000,2025-08-29 08:18:07,2025-08-29 08:18:07,2025,8,29,4,3,1943714.2857142857,1924833.3333333333,1925144.4444444445,0.0,0.005562037637459034
1756540339000,1980000,2025-08-30 07:52:19,2025-08-30 07:52:19,2025,8,30,5,3,1950428.5714285714,1926066.6666666667,1925988.888888889,0.008146639511201537,0.005693592653630594
1756540393000,1980000,2025-08-30 07:53:13,2025-08-30 07:53:13,2025,8,30,5,3,1957714.2857142857,1927300.0,1926777.7777777778,0.0,0.005693592653630594
1756714312000,1978000,2025-09-01 08:11:52,2025-09-01 08:11:52,2025,9,1,0,3,1964285.7142857143,1927933.3333333333,1927533.3333333333,-0.0010101010101010166,0.005516037645405012
1756714347000,1978000,2025-09-01 08:12:27,2025-09-01 08:12:27,2025,9,1,0,3,1969714.2857142857,1928833.3333333333,1928088.888888889,0.0,0.005453226250466972
1756746181000,2011000,2025-09-01 17:03:01,2025-09-01 17:03:01,2025,9,1,0,3,1979285.7142857143,1930833.3333333333,1928755.5555555555,0.016683518705763456,0.00620257138628349
1756800390000,2009000,2025-09-02 08:06:30,2025-09-02 08:06:30,2025,9,2,1,3,1985714.2857142857,1932966.6666666667,1929300.0,-0.0009945300845350946,0.006166625112749505
1756887266000,2035000,2025-09-03 08:14:26,2025-09-03 08:14:26,2025,9,3,2,3,1995857.142857143,1936666.6666666667,1930133.3333333333,0.012941762070681984,0.0061104435945389
1756974107000,2044000,2025-09-04 08:21:47,2025-09-04 08:21:47,2025,9,4,3,3,2005000.0,1940900.0,1930977.7777777778,0.004422604422604337,0.0060357690963185814
1757061611000,2042000,2025-09-05 08:40:11,2025-09-05 08:40:11,2025,9,5,4,3,2013857.142857143,1944533.3333333333,1932000.0,-0.0009784735812132794,0.005945526103942384
1757061679000,2042000,2025-09-05 08:41:19,2025-09-05 08:41:19,2025,9,5,4,3,2023000.0,1948166.6666666667,1933100.0,0.0,0.005945526103942384
1757061974000,2042000,2025-09-05 08:46:14,2025-09-05 08:46:14,2025,9,5,4,3,2032142.857142857,1952600.0,1934266.6666666667,0.0,0.005317390855330334
1757147632000,2060000,2025-09-06 08:33:52,2025-09-06 08:33:52,2025,9,6,5,3,2039142.857142857,1958066.6666666667,1935644.4444444445,0.008814887365328206,0.0051611839415067395
1757319975000,2060000,2025-09-08 08:26:15,2025-09-08 08:26:15,2025,9,8,0,3,2046428.5714285714,1963533.3333333333,1936955.5555555555,0.0,0.0051611839415067395
1757405479000,2086000,2025-09-09 08:11:19,2025-09-09 08:11:19,2025,9,9,1,3,2053714.2857142857,1969933.3333333333,1938555.5555555555,0.012621359223300876,0.005408663420304141
1757405529000,2086000,2025-09-09 08:12:09,2025-09-09 08:12:09,2025,9,9,1,3,2059714.2857142857,1976333.3333333333,1940155.5555555555,0.0,0.005408663420304141
1757491660000,2074000,2025-09-10 08:07:40,2025-09-10 08:07:40,2025,9,10,2,3,2064285.7142857143,1982233.3333333333,1941733.3333333333,-0.005752636625119822,0.005646647430787552
1757579277000,2095000,2025-09-11 08:27:57,2025-09-11 08:27:57,2025,9,11,3,3,2071857.142857143,1988833.3333333333,1943544.4444444445,0.010125361620057838,0.005762973880707851
1757665117000,2088000,2025-09-12 08:18:37,2025-09-12 08:18:37,2025,9,12,4,3,2078428.5714285714,1995433.3333333333,1945366.6666666667,-0.003341288782816254,0.005748657290900681
1757752347000,2095000,2025-09-13 08:32:27,2025-09-13 08:32:27,2025,9,13,5,3,2083428.5714285714,2002266.6666666667,1947455.5555555555,0.0033524904214559115,0.005713923259091846
1757925018000,2093000,2025-09-15 08:30:18,2025-09-15 08:30:18,2025,9,15,0,3,2088142.857142857,2008233.3333333333,1949777.7777777778,-0.0009546539379474694,0.005491642500529613
1758011022000,2105000,2025-09-16 08:23:42,2025-09-16 08:23:42,2025,9,16,1,3,2090857.142857143,2014600.0,1952233.3333333333,0.005733397037744892,0.0054834319538259605
1758098100000,2115000,2025-09-17 08:35:00,2025-09-17 08:35:00,2025,9,17,2,3,2095000.0,2021233.3333333333,1954844.4444444445,0.004750593824228044,0.0054751729430392825
1758183374000,2098000,2025-09-18 08:16:14,2025-09-18 08:16:14,2025,9,18,3,3,2098428.5714285714,2026733.3333333333,1957088.888888889,-0.008037825059101666,0.005746873684375419
1758269612000,2090000,2025-09-19 08:13:32,2025-09-19 08:13:32,2025,9,19,4,3,2097714.285714286,2031966.6666666667,1959077.7777777778,-0.0038131553860819567,0.0058510179426887465
1758356252000,2122000,2025-09-20 08:17:32,2025-09-20 08:17:32,2025,9,20,5,3,2102571.4285714286,2038400.0,1961466.6666666667,0.015311004784688942,0.006219270123149608
1758528383000,2123000,2025-09-22 08:06:23,2025-09-22 08:06:23,2025,9,22,0,3,2106571.4285714286,2044766.6666666667,1963855.5555555555,0.00047125353440158335,0.006232303761641674
1758615383000,2164000,2025-09-23 08:16:23,2025-09-23 08:16:23,2025,9,23,1,3,2116714.285714286,2052233.3333333333,1966777.7777777778,0.019312293923692936,0.006894485192654385
1758702300000,2174000,2025-09-24 08:25:00,2025-09-24 08:25:00,2025,9,24,2,3,2126571.4285714286,2059900.0,1969755.5555555555,0.004621072088724532,0.006889709119921698
1758789194000,2171000,2025-09-25 08:33:14,2025-09-25 08:33:14,2025,9,25,3,3,2134571.4285714286,2066800.0,1972833.3333333333,-0.001379944802207933,0.006837454635182974
1758874069000,2175000,2025-09-26 08:07:49,2025-09-26 08:07:49,2025,9,26,4,3,2145571.4285714286,2073833.3333333333,1975866.6666666667,0.0018424689083371693,0.006814393397826855
1758960037000,2191000,2025-09-27 08:00:37,2025-09-27 08:00:37,2025,9,27,5,3,2160000.0,2080866.6666666667,1979077.7777777778,0.007356321839080415,0.006797034423787498
1759133468000,2198000,2025-09-29 08:11:08,2025-09-29 08:11:08,2025,9,29,0,3,2170857.1428571427,2088133.3333333333,1982322.2222222222,0.0031948881789136685,0.006766835027634108
1759165369000,2222000,2025-09-29 17:02:49,2025-09-29 17:02:49,2025,9,29,0,3,2185000.0,2096266.6666666667,1985688.888888889,0.010919017288444133,0.006842151871591711
1759220076000,2234000,2025-09-30 08:14:36,2025-09-30 08:14:36,2025,9,30,1,3,2195000.0,2104800.0,1989133.3333333333,0.005400540054005365,0.006806755770634713
1759306342000,2237000,2025-10-01 08:12:22,2025-10-01 08:12:22,2025,10,1,2,4,2204000.0,2112333.3333333335,1992722.2222222222,0.0013428827215755668,0.006391405325109415
1759394004000,2235000,2025-10-02 08:33:24,2025-10-02 08:33:24,2025,10,2,3,4,2213142.8571428573,2119866.6666666665,1996355.5555555555,-0.0008940545373268272,0.006388953541586193
1759479024000,2235000,2025-10-03 08:10:24,2025-10-03 08:10:24,2025,10,3,4,4,2221714.285714286,2126533.3333333335,1999866.6666666667,0.0,0.006168100765022749
1759566482000,2239000,2025-10-04 08:28:02,2025-10-04 08:28:02,2025,10,4,5,4,2228571.4285714286,2133033.3333333335,2003444.4444444445,0.0017897091722594016,0.006168070960036906
1759739006000,2250000,2025-10-06 08:23:26,2025-10-06 08:23:26,2025,10,6,0,4,2236000.0,2139966.6666666665,2007033.3333333333,0.004912907548012546,0.006128711357309698
1759824135000,2284000,2025-10-07 08:02:15,2025-10-07 08:02:15,2025,10,7,1,4,2244857.1428571427,2148033.3333333335,2011000.0,0.015111111111111075,0.006463647829434823
1759911867000,2296000,2025-10-08 08:24:27,2025-10-08 08:24:27,2025,10,8,2,4,2253714.285714286,2156500.0,2014888.888888889,0.005253940455341555,0.0064293351934851
1759997682000,2303000,2025-10-09 08:14:42,2025-10-09 08:14:42,2025,10,9,3,4,2263142.8571428573,2164600.0,2018588.888888889,0.0030487804878047697,0.006364295224164714
1760084315000,2294000,2025-10-10 08:18:35,2025-10-10 08:18:35,2025,10,10,4,4,2271571.4285714286,2172400.0,2022466.6666666667,-0.0039079461571862595,0.0064824517993040025
1760172634000,2299000,2025-10-11 08:50:34,2025-10-11 08:50:34,2025,10,11,5,4,2280714.285714286,2179500.0,2026522.2222222222,0.0021795989537924942,0.006258547090061683
1760344109000,2305000,2025-10-13 08:28:29,2025-10-13 08:28:29,2025,10,13,0,4,2290142.8571428573,2186800.0,2030855.5555555555,0.002609830361026466,0.006229671065761777
1760377001000,2331000,2025-10-13 17:36:41,2025-10-13 17:36:41,2025,10,13,0,4,2301714.285714286,2195366.6666666665,2035488.888888889,0.01127982646420822,0.006146889956460362
1760430472000,2360000,2025-10-14 08:27:52,2025-10-14 08:27:52,2025,10,14,1,4,2312571.4285714286,2204200.0,2040533.3333333333,0.012441012441012367,0.0062413175705130115
1760516430000,2383000,2025-10-15 08:20:30,2025-10-15 08:20:30,2025,10,15,2,4,2325000.0,2214033.3333333335,2045700.0,0.009745762711864447,0.006167656156851278
1760602248000,2407000,2025-10-16 08:10:48,2025-10-16 08:10:48,2025,10,16,3,4,2339857.1428571427,2224433.3333333335,2051322.2222222222,0.010071338648762085,0.006248521728124276
1760690108000,2485000,2025-10-17 08:35:08,2025-10-17 08:35:08,2025,10,17,4,4,2367142.8571428573,2237500.0,2057811.111111111,0.03240548400498544,0.007951715018821888
1760775458000,2428000,2025-10-18 08:17:38,2025-10-18 08:17:38,2025,10,18,5,4,2385571.4285714286,2248266.6666666665,2063666.6666666667,-0.02293762575452718,0.009523719193565325
1760948152000,2415000,2025-10-20 08:15:52,2025-10-20 08:15:52,2025,10,20,0,4,2401285.714285714,2258266.6666666665,2068855.5555555555,-0.005354200988467839,0.009703016912986064
1761033632000,2487000,2025-10-21 08:00:32,2025-10-21 08:00:32,2025,10,21,1,4,2423571.4285714286,2271233.3333333335,2074844.4444444445,0.029813664596273215,0.010451711709663053
1761121998000,2310000,2025-10-22 08:33:18,2025-10-22 08:33:18,2025,10,22,2,4,2416428.5714285714,2278566.6666666665,2078866.6666666667,-0.07117008443908324,0.017459650053502123
1761160531000,2337000,2025-10-22 19:15:31,2025-10-22 19:15:31,2025,10,22,2,4,2409857.1428571427,2285733.3333333335,2083211.111111111,0.011688311688311748,0.017387473353514222
1761208738000,2321000,2025-10-23 08:38:58,2025-10-23 08:38:58,2025,10,23,3,4,2397571.4285714286,2292333.3333333335,2087377.7777777778,-0.0068463842533161845,0.017480652121565507
1761294938000,2354000,2025-10-24 08:35:38,2025-10-24 08:35:38,2025,10,24,4,4,2378857.1428571427,2298666.6666666665,2091766.6666666667,0.014218009478673022,0.017342213015130444
1761297295000,2354000,2025-10-24 09:14:55,2025-10-24 09:14:55,2025,10,24,4,4,2368285.714285714,2304666.6666666665,2096155.5555555555,0.0,0.017347458686123984
1761381018000,2350000,2025-10-25 08:30:18,2025-10-25 08:30:18,2025,10,25,5,4,2359000.0,2310633.3333333335,2100600.0,-0.001699235344095107,0.017350212184140124
1761553744000,2327000,2025-10-27 08:29:04,2025-10-27 08:29:04,2025,10,27,0,4,2336142.8571428573,2315700.0,2104788.888888889,-0.009787234042553217,0.017501464500420092
1761638838000,2282000,2025-10-28 08:07:18,2025-10-28 08:07:18,2025,10,28,1,4,2332142.8571428573,2318733.3333333335,2108555.5555555555,-0.01933820369574557,0.017914835854251545
1761725925000,2267000,2025-10-29 08:18:45,2025-10-29 08:18:45,2025,10,29,2,4,2322142.8571428573,2321033.3333333335,2112155.5555555555,-0.006573181419807228,0.01797195347156777
1761812726000,2263000,2025-10-30 08:25:26,2025-10-30 08:25:26,2025,10,30,3,4,2313857.1428571427,2322400.0,2115533.3333333335,-0.0017644464049404451,0.017884181805517832
1761899555000,2305000,2025-10-31 08:32:35,2025-10-31 08:32:35,2025,10,31,4,4,2306857.1428571427,2324766.6666666665,2119466.6666666665,0.018559434379142647,0.01816094477019093
1761985148000,2290000,2025-11-01 08:19:08,2025-11-01 08:19:08,2025,11,1,5,4,2297714.285714286,2326533.3333333335,2123233.3333333335,-0.006507592190889366,0.018215391291698687
1762158869000,2278000,2025-11-03 08:34:29,2025-11-03 08:34:29,2025,11,3,0,4,2287428.5714285714,2327966.6666666665,2126933.3333333335,-0.005240174672489051,0.018247775614282664
1762160745000,2278000,2025-11-03 09:05:45,2025-11-03 09:05:45,2025,11,3,0,4,2280428.5714285714,2329400.0,2130866.6666666665,0.0,0.018247775614282664
1762244754000,2286000,2025-11-04 08:25:54,2025-11-04 08:25:54,2025,11,4,1,4,2281000.0,2330966.6666666665,2134966.6666666665,0.0035118525021948788,0.018253704030961857
1762331555000,2260000,2025-11-05 08:32:35,2025-11-05 08:32:35,2025,11,5,2,4,2280000.0,2331300.0,2138600.0,-0.011373578302712128,0.018370745508026316
1762417831000,2287000,2025-11-06 08:30:31,2025-11-06 08:30:31,2025,11,6,3,4,2283428.5714285714,2331400.0,2142533.3333333335,0.011946902654867309,0.0182917773343976
1762419754000,2287000,2025-11-06 09:02:34,2025-11-06 09:02:34,2025,11,6,3,4,2280857.1428571427,2331100.0,2146733.3333333335,0.0,0.01826694574944404
1762504223000,2296000,2025-11-07 08:30:23,2025-11-07 08:30:23,2025,11,7,4,4,2281714.285714286,2330866.6666666665,2151177.777777778,0.003935286401399285,0.018272707031752593
1762589522000,2299000,2025-11-08 08:12:02,2025-11-08 08:12:02,2025,11,8,5,4,2284714.285714286,2331033.3333333335,2155655.5555555555,0.0013066202090592505,0.018258421696604257
1762762489000,2307000,2025-11-10 08:14:49,2025-11-10 08:14:49,2025,11,10,0,4,2288857.1428571427,2331300.0,2160244.4444444445,0.003479773814702103,0.01826473284640758
1762794719000,2333000,2025-11-10 17:11:59,2025-11-10 17:11:59,2025,11,10,0,4,2295571.4285714286,2332233.3333333335,2165122.222222222,0.011270047680971063,0.018370942526923506
1762811300000,2333000,2025-11-10 21:48:20,2025-11-10 21:48:20,2025,11,10,0,4,2306000.0,2332300.0,2169966.6666666665,0.0,0.018259266632472758
1762849887000,2360000,2025-11-11 08:31:27,2025-11-11 08:31:27,2025,11,11,1,4,2316428.5714285714,2332300.0,2175111.111111111,0.01157308186883843,0.01823986892539735
1762937682000,2367000,2025-11-12 08:54:42,2025-11-12 08:54:42,2025,11,12,2,4,2327857.1428571427,2331766.6666666665,2180411.111111111,0.0029661016949151797,0.01815888436928296
1763023541000,2396000,2025-11-13 08:45:41,2025-11-13 08:45:41,2025,11,13,3,4,2342142.8571428573,2331400.0,2186033.3333333335,0.012251795521757591,0.01820514503096592
1763023951000,2396000,2025-11-13 08:52:31,2025-11-13 08:52:31,2025,11,13,3,4,2356000.0,2328433.3333333335,2191388.888888889,0.0,0.017147428783373175
1763109297000,2398000,2025-11-14 08:34:57,2025-11-14 08:34:57,2025,11,14,4,4,2369000.0,2327433.3333333335,2196766.6666666665,0.0008347245409014992,0.01664388327914499
1763109298000,2398000,2025-11-14 08:34:58,2025-11-14 08:34:58,2025,11,14,4,4,2378285.714285714,2326866.6666666665,2202122.222222222,0.0,0.01661624238005366
1763109900000,2398000,2025-11-14 08:45:00,2025-11-14 08:45:00,2025,11,14,4,4,2387571.4285714286,2323900.0,2207288.888888889,0.0,0.01562772767165424
1763196205000,2348000,2025-11-15 08:43:25,2025-11-15 08:43:25,2025,11,15,5,4,2385857.1428571427,2325166.6666666665,2211900.0,-0.020850708924103456,0.009243099016327276
1763196206000,2348000,2025-11-15 08:43:26,2025-11-15 08:43:26,2025,11,15,5,4,2383142.8571428573,2325533.3333333335,2216555.5555555555,0.0,0.009002154991003286
1763196300000,2348000,2025-11-15 08:45:00,2025-11-15 08:45:00,2025,11,15,5,4,2376285.714285714,2326433.3333333335,2221177.777777778,0.0,0.008903716953266739
1763367540000,2351000,2025-11-17 08:19:00,2025-11-17 08:19:00,2025,11,17,0,4,2369857.1428571427,2326333.3333333335,2225744.4444444445,0.0012776831345826523,0.008517488721821382
1763367554000,2351000,2025-11-17 08:19:14,2025-11-17 08:19:14,2025,11,17,0,4,2363142.8571428573,2326233.3333333335,2230266.6666666665,0.0,0.008517488721821382
1763367570000,2351000,2025-11-17 08:19:30,2025-11-17 08:19:30,2025,11,17,0,4,2356428.5714285714,2326266.6666666665,2234566.6666666665,0.0,0.008511497707158524
1763367614000,2351000,2025-11-17 08:20:14,2025-11-17 08:20:14,2025,11,17,0,4,2349714.285714286,2327066.6666666665,2238866.6666666665,0.0,0.008306571485495289
1763454309000,2322000,2025-11-18 08:25:09,2025-11-18 08:25:09,2025,11,18,1,4,2346000.0,2328400.0,2242666.6666666665,-0.012335176520629543,0.007817467196831348
1763454310000,2322000,2025-11-18 08:25:10,2025-11-18 08:25:10,2025,11,18,1,4,2342285.714285714,2330233.3333333335,2246466.6666666665,0.0,0.007700467106481117
1763454311000,2322000,2025-11-18 08:25:11,2025-11-18 08:25:11,2025,11,18,1,4,2338571.4285714286,2332200.0,2250288.888888889,0.0,0.007686709207067273
1763541343000,2343000,2025-11-19 08:35:43,2025-11-19 08:35:43,2025,11,19,2,4,2337428.5714285714,2333466.6666666665,2254344.4444444445,0.009043927648578753,0.007106770286944491
1763628635000,2364000,2025-11-20 08:50:35,2025-11-20 08:50:35,2025,11,20,3,4,2339285.714285714,2335933.3333333335,2258266.6666666665,0.008962868117797784,0.007136741138289249
