Time (ms),Gold Price,Date,datetime,year,month,day,weekday,quarter,MA_7,MA_30,MA_90,daily_return,volatility
1273482000000,423000,2010-05-10 09:00:00,2010-05-10 09:00:00,2010,5,10,0,2,415857.1428571429,404566.6666666667,403533.3333333333,0.0023696682464455,0.0067437140161412
1273495080000,417000,2010-05-10 12:38:00,2010-05-10 12:38:00,2010,5,10,0,2,417142.8571428572,405233.3333333333,403633.3333333333,-0.0141843971631205,0.0073599261978546
1273564440000,417000,2010-05-11 07:54:00,2010-05-11 07:54:00,2010,5,11,1,2,418857.1428571429,405833.3333333333,403711.1111111111,0.0,0.0073377750842106
1273655340000,424000,2010-05-12 09:09:00,2010-05-12 09:09:00,2010,5,12,2,2,420714.28571428574,406666.6666666667,403866.6666666667,0.0167865707434051,0.0078423114787045
1273828020000,426000,2010-05-14 09:07:00,2010-05-14 09:07:00,2010,5,14,4,2,421571.4285714286,407566.6666666667,404022.2222222223,0.0047169811320755,0.0078469242160895
1274085360000,429000,2010-05-17 08:36:00,2010-05-17 08:36:00,2010,5,17,0,2,422571.4285714286,408566.6666666667,404233.3333333333,0.0070422535211267,0.0078836375140321
1274170140000,426000,2010-05-18 08:09:00,2010-05-18 08:09:00,2010,5,18,1,2,423142.8571428572,409400.0,404377.77777777775,-0.0069930069930069,0.0080519541956487
1274257800000,425000,2010-05-19 08:30:00,2010-05-19 08:30:00,2010,5,19,2,2,423428.5714285714,410133.3333333333,404544.4444444445,-0.0023474178403756,0.0080709954668955
1274347080000,417000,2010-05-20 09:18:00,2010-05-20 09:18:00,2010,5,20,3,2,423428.5714285714,410433.3333333333,404633.3333333333,-0.0188235294117646,0.0086496816664812
1274433300000,415000,2010-05-21 09:15:00,2010-05-21 09:15:00,2010,5,21,4,2,423142.8571428572,410833.3333333333,404688.8888888889,-0.0047961630695443,0.0083650889791012
1274684880000,420000,2010-05-24 07:08:00,2010-05-24 07:08:00,2010,5,24,0,2,422571.4285714286,411466.6666666667,404822.2222222223,0.0120481927710842,0.0085211906335692
1274778180000,424000,2010-05-25 09:03:00,2010-05-25 09:03:00,2010,5,25,1,2,422285.7142857143,412233.3333333333,405022.2222222223,0.0095238095238094,0.0086369431933726
1274863140000,427000,2010-05-26 08:39:00,2010-05-26 08:39:00,2010,5,26,2,2,422000.0,413100.0,405211.1111111111,0.0070754716981131,0.0086798595233508
1274948700000,429000,2010-05-27 08:25:00,2010-05-27 08:25:00,2010,5,27,3,2,422428.5714285714,414166.6666666667,405422.2222222223,0.0046838407494145,0.0083822636570137
1275295800000,428000,2010-05-31 08:50:00,2010-05-31 08:50:00,2010,5,31,0,2,422857.1428571429,415166.6666666667,405644.4444444445,-0.0023310023310023,0.008430933486991
1275386940000,425000,2010-06-01 10:09:00,2010-06-01 10:09:00,2010,6,1,1,2,424000.0,416066.6666666667,405877.77777777775,-0.0070093457943924,0.0085969368756112
1275465300000,427000,2010-06-02 07:55:00,2010-06-02 07:55:00,2010,6,2,2,2,425714.28571428574,417000.0,406133.3333333333,0.0047058823529411,0.0086087762990173
1275554040000,428000,2010-06-03 08:34:00,2010-06-03 08:34:00,2010,6,3,3,2,426857.1428571429,417966.6666666667,406400.0,0.0023419203747072,0.008597820665902
1275572040000,425000,2010-06-03 13:34:00,2010-06-03 13:34:00,2010,6,3,3,2,427000.0,418733.3333333333,406633.3333333333,-0.0070093457943924,0.0087066902426858
1275636840000,421000,2010-06-04 07:34:00,2010-06-04 07:34:00,2010,6,4,4,2,426142.8571428572,419400.0,406833.3333333333,-0.0094117647058823,0.0089160755519935
1275903480000,427000,2010-06-07 09:38:00,2010-06-07 09:38:00,2010,6,7,0,2,425857.1428571429,420166.6666666667,407100.0,0.0142517814726841,0.009151041333784
1275986100000,434000,2010-06-08 08:35:00,2010-06-08 08:35:00,2010,6,8,1,2,426714.28571428574,421166.6666666667,407444.4444444445,0.0163934426229508,0.0095165889224269
1276073880000,433000,2010-06-09 08:58:00,2010-06-09 08:58:00,2010,6,9,2,2,427857.1428571429,422066.6666666667,407755.5555555556,-0.0023041474654378,0.0095425803210464
1276158840000,430000,2010-06-10 08:34:00,2010-06-10 08:34:00,2010,6,10,3,2,428285.7142857143,422833.3333333333,408022.2222222223,-0.0069284064665127,0.0096863569101089
1276246560000,427000,2010-06-11 08:56:00,2010-06-11 08:56:00,2010,6,11,4,2,428142.8571428572,423466.6666666667,408277.77777777775,-0.0069767441860465,0.0098191747806058
1276506240000,428000,2010-06-14 09:04:00,2010-06-14 09:04:00,2010,6,14,0,2,428571.4285714286,424233.3333333333,408577.77777777775,0.0023419203747072,0.0096740196446584
1276590420000,424000,2010-06-15 08:27:00,2010-06-15 08:27:00,2010,6,15,1,2,429000.0,424666.6666666667,408844.4444444445,-0.0093457943925233,0.0095658379022475
1276678920000,428000,2010-06-16 09:02:00,2010-06-16 09:02:00,2010,6,16,2,2,429142.8571428572,424933.3333333333,409144.4444444445,0.009433962264151,0.0088764477111855
1276765860000,427000,2010-06-17 09:11:00,2010-06-17 09:11:00,2010,6,17,3,2,428142.8571428572,425100.0,409422.2222222223,-0.0023364485981308,0.00885812386346
1276845300000,431000,2010-06-18 07:15:00,2010-06-18 07:15:00,2010,6,18,4,2,427857.1428571429,425400.0,409755.5555555556,0.009367681498829,0.0090062912350078
1277107140000,434000,2010-06-21 07:59:00,2010-06-21 07:59:00,2010,6,21,0,2,428428.5714285714,425766.6666666667,410100.0,0.0069605568445476,0.0090736371819709
1277197020000,423000,2010-06-22 08:57:00,2010-06-22 08:57:00,2010,6,22,1,2,427857.1428571429,425966.6666666667,410333.3333333333,-0.0253456221198156,0.0099041011456018
1277278980000,427000,2010-06-23 07:43:00,2010-06-23 07:43:00,2010,6,23,2,2,427714.28571428574,426300.0,410600.0,0.0094562647754137,0.0100364478264303
1277365080000,424000,2010-06-24 07:38:00,2010-06-24 07:38:00,2010,6,24,3,2,427714.28571428574,426300.0,410800.0,-0.0070257611241217,0.0096665253562137
1277453520000,425000,2010-06-25 08:12:00,2010-06-25 08:12:00,2010,6,25,4,2,427285.7142857143,426266.6666666667,411066.6666666667,0.0023584905660376,0.0096367660981249
1277715540000,430000,2010-06-28 08:59:00,2010-06-28 08:59:00,2010,6,28,0,2,427714.28571428574,426300.0,411388.8888888889,0.0117647058823529,0.0097936233179479
1277802840000,424000,2010-06-29 09:14:00,2010-06-29 09:14:00,2010,6,29,1,2,426714.28571428574,426233.3333333333,411566.6666666667,-0.0139534883720929,0.0100472113281215
1277889300000,426000,2010-06-30 09:15:00,2010-06-30 09:15:00,2010,6,30,2,2,425571.4285714286,426266.6666666667,411833.3333333333,0.0047169811320755,0.0100756581872934
1277974620000,427000,2010-07-01 08:57:00,2010-07-01 08:57:00,2010,7,1,3,3,426142.8571428572,426600.0,412122.2222222223,0.0023474178403755,0.009422809201755
1278055620000,417000,2010-07-02 07:27:00,2010-07-02 07:27:00,2010,7,2,4,3,424714.28571428574,426666.6666666667,412311.1111111111,-0.0234192037470726,0.0103720816854024
1278059160000,417000,2010-07-02 08:26:00,2010-07-02 08:26:00,2010,7,2,4,3,423714.28571428574,426566.6666666667,412455.5555555556,0.0,0.0101283919415496
1278313020000,418000,2010-07-05 06:57:00,2010-07-05 06:57:00,2010,7,5,0,3,422714.28571428574,426366.6666666667,412644.4444444445,0.0023980815347721,0.0099751514826629
1278405720000,417000,2010-07-06 08:42:00,2010-07-06 08:42:00,2010,7,6,1,3,420857.1428571429,426033.3333333333,412777.77777777775,-0.0023923444976076,0.009878922927438
1278492000000,416000,2010-07-07 08:40:00,2010-07-07 08:40:00,2010,7,7,2,3,419714.28571428574,425600.0,412888.8888888889,-0.0023980815347721,0.0098292814396341
1278581220000,418000,2010-07-08 09:27:00,2010-07-08 09:27:00,2010,7,8,3,3,418571.4285714286,425266.6666666667,413055.5555555556,0.0048076923076922,0.0098816747143032
1278659580000,415000,2010-07-09 07:13:00,2010-07-09 07:13:00,2010,7,9,4,3,416857.1428571429,424933.3333333333,413177.77777777775,-0.0071770334928229,0.0098853898065306
1278918540000,418000,2010-07-12 07:09:00,2010-07-12 07:09:00,2010,7,12,0,3,417000.0,424633.3333333333,413377.77777777775,0.0072289156626506,0.0099439301350205
1279012500000,415000,2010-07-13 09:15:00,2010-07-13 09:15:00,2010,7,13,1,3,416714.28571428574,424200.0,413555.5555555556,-0.0071770334928229,0.0099965097282688
1279098540000,418000,2010-07-14 09:09:00,2010-07-14 09:09:00,2010,7,14,2,3,416714.28571428574,423966.6666666667,413777.77777777775,0.0072289156626506,0.0100382481610979
1279178760000,417000,2010-07-15 07:26:00,2010-07-15 07:26:00,2010,7,15,3,3,416714.28571428574,423833.3333333333,413988.8888888889,-0.0023923444976076,0.0099043852559357
1279268940000,417000,2010-07-16 08:29:00,2010-07-16 08:29:00,2010,7,16,4,3,416857.1428571429,423500.0,414211.1111111111,0.0,0.009518066358194
1279529280000,414000,2010-07-19 08:48:00,2010-07-19 08:48:00,2010,7,19,0,3,416285.7142857143,422833.3333333333,414366.6666666667,-0.0071942446043165,0.0090143701404595
1279615680000,412000,2010-07-20 08:48:00,2010-07-20 08:48:00,2010,7,20,1,3,415857.1428571429,422133.3333333333,414522.2222222223,-0.0048309178743961,0.0090336189213575
1279701780000,413000,2010-07-21 08:43:00,2010-07-21 08:43:00,2010,7,21,2,3,415142.8571428572,421566.6666666667,414711.1111111111,0.0024271844660195,0.0090053454176927
1279784040000,412000,2010-07-22 07:34:00,2010-07-22 07:34:00,2010,7,22,3,3,414714.28571428574,421066.6666666667,414900.0,-0.0024213075060532,0.0089445989548964
1279870320000,414000,2010-07-23 07:32:00,2010-07-23 07:32:00,2010,7,23,4,3,414142.8571428572,420600.0,415111.1111111111,0.0048543689320388,0.0089900904382335
1280136060000,413000,2010-07-26 09:21:00,2010-07-26 09:21:00,2010,7,26,0,3,413571.4285714286,420233.3333333333,415322.2222222223,-0.002415458937198,0.0088581373875932
1280214120000,411000,2010-07-27 07:02:00,2010-07-27 07:02:00,2010,7,27,1,3,412714.28571428574,419666.6666666667,415500.0,-0.0048426150121065,0.0086687556393072
1280306820000,409000,2010-07-28 08:47:00,2010-07-28 08:47:00,2010,7,28,2,3,412000.0,419066.6666666667,415644.4444444445,-0.0048661800486617,0.0086913239709113
1280394600000,410000,2010-07-29 09:10:00,2010-07-29 09:10:00,2010,7,29,3,3,411714.28571428574,418366.6666666667,415800.0,0.0024449877750611,0.0084850945437873
1280480700000,410000,2010-07-30 09:05:00,2010-07-30 09:05:00,2010,7,30,4,3,411285.7142857143,417566.6666666667,415966.6666666667,0.0,0.0083359880934014
1280737020000,410000,2010-08-02 08:17:00,2010-08-02 08:17:00,2010,8,2,0,3,411000.0,417133.3333333333,416111.1111111111,0.0,0.0070605114082456
1280826300000,410000,2010-08-03 09:05:00,2010-08-03 09:05:00,2010,8,3,1,3,410428.5714285714,416566.6666666667,416233.3333333333,0.0,0.0067824878091552
1280906040000,411000,2010-08-04 07:14:00,2010-08-04 07:14:00,2010,8,4,2,3,410142.8571428572,416133.3333333333,416366.6666666667,0.0024390243902439,0.0067283694374435
1280992740000,412000,2010-08-05 07:19:00,2010-08-05 07:19:00,2010,8,5,3,3,410285.7142857143,415700.0,416511.1111111111,0.002433090024331,0.0067296730235327
1281078420000,412000,2010-08-06 07:07:00,2010-08-06 07:07:00,2010,8,6,4,3,410714.28571428574,415100.0,416655.5555555556,0.0,0.0062876730372887
1281345000000,413000,2010-08-09 09:10:00,2010-08-09 09:10:00,2010,8,9,0,3,411142.8571428572,414733.3333333333,416788.8888888889,0.0024271844660195,0.0058568878454257
1281425280000,412000,2010-08-10 07:28:00,2010-08-10 07:28:00,2010,8,10,1,3,411428.5714285714,414266.6666666667,416888.8888888889,-0.0024213075060532,0.0057668501692553
1281510180000,413000,2010-08-11 07:03:00,2010-08-11 07:03:00,2010,8,11,2,3,411857.1428571429,413800.0,416944.4444444445,0.0024271844660195,0.0057685111973911
1281600840000,414000,2010-08-12 08:14:00,2010-08-12 08:14:00,2010,8,12,3,3,412428.5714285714,413700.0,417066.6666666667,0.0024213075060532,0.0039684121945352
1281688560000,418000,2010-08-13 08:36:00,2010-08-13 08:36:00,2010,8,13,4,3,413428.5714285714,413733.3333333333,417255.5555555556,0.0096618357487923,0.0043606506489664
1281948300000,418000,2010-08-16 08:45:00,2010-08-16 08:45:00,2010,8,16,0,3,414285.7142857143,413733.3333333333,417444.4444444445,0.0,0.0043387884182012
1282119420000,420000,2010-08-18 08:17:00,2010-08-18 08:17:00,2010,8,18,2,3,415428.5714285714,413833.3333333333,417655.5555555556,0.0047846889952152,0.0043992549098436
1282201740000,421000,2010-08-19 07:09:00,2010-08-19 07:09:00,2010,8,19,3,3,416571.4285714286,414000.0,417922.2222222223,0.0023809523809523,0.0043866300074522
1282295340000,421000,2010-08-20 09:09:00,2010-08-20 09:09:00,2010,8,20,4,3,417857.1428571429,414100.0,418177.77777777775,0.0,0.0043074446740303
1282554000000,420000,2010-08-23 09:00:00,2010-08-23 09:00:00,2010,8,23,0,3,418857.1428571429,414266.6666666667,418422.2222222223,-0.002375296912114,0.0041065814983027
1282641000000,418000,2010-08-24 09:10:00,2010-08-24 09:10:00,2010,8,24,1,3,419428.5714285714,414266.6666666667,418633.3333333333,-0.0047619047619047,0.0040019523674861
1282722240000,420000,2010-08-25 07:44:00,2010-08-25 07:44:00,2010,8,25,2,3,419714.28571428574,414433.3333333333,418866.6666666667,0.0047846889952152,0.0038546075133583
1282806600000,422000,2010-08-26 07:10:00,2010-08-26 07:10:00,2010,8,26,3,3,420285.7142857143,414566.6666666667,419088.8888888889,0.0047619047619047,0.0037282847387529
1282899060000,423000,2010-08-27 08:51:00,2010-08-27 08:51:00,2010,8,27,4,3,420714.28571428574,414766.6666666667,419333.3333333333,0.0023696682464455,0.0037099645777408
1283154600000,422000,2010-08-30 07:50:00,2010-08-30 07:50:00,2010,8,30,0,3,420857.1428571429,414933.3333333333,419533.3333333333,-0.0023640661938534,0.0037455136290513
1283245980000,422000,2010-08-31 09:13:00,2010-08-31 09:13:00,2010,8,31,1,3,421000.0,415200.0,419733.3333333333,0.0,0.0034618097011567
1283325060000,426000,2010-09-01 07:11:00,2010-09-01 07:11:00,2010,9,1,2,3,421857.1428571429,415666.6666666667,419955.5555555556,0.009478672985782,0.0036615045215447
1283417100000,425000,2010-09-02 08:45:00,2010-09-02 08:45:00,2010,9,2,3,3,422857.1428571429,416066.6666666667,420155.5555555556,-0.0023474178403756,0.0037062636282297
1283502180000,426000,2010-09-03 08:23:00,2010-09-03 08:23:00,2010,9,3,4,3,423714.28571428574,416533.3333333333,420355.5555555556,0.0023529411764706,0.0036581764181902
1283765400000,425000,2010-09-06 09:30:00,2010-09-06 09:30:00,2010,9,6,0,3,424142.8571428572,416900.0,420577.77777777775,-0.0023474178403756,0.0036409906240367
1283844420000,424000,2010-09-07 07:27:00,2010-09-07 07:27:00,2010,9,7,1,3,424285.7142857143,417266.6666666667,420722.2222222223,-0.0023529411764705,0.0036390562790317
1283932080000,427000,2010-09-08 07:48:00,2010-09-08 07:48:00,2010,9,8,2,3,425000.0,417800.0,420800.0,0.0070754716981131,0.0036429873098308
1284448320000,426000,2010-09-14 07:12:00,2010-09-14 07:12:00,2010,9,14,1,3,425571.4285714286,418366.6666666667,420844.4444444445,-0.0023419203747072,0.0035233141306577
1284533940000,431000,2010-09-15 06:59:00,2010-09-15 06:59:00,2010,9,15,2,3,426285.7142857143,419066.6666666667,420944.4444444445,0.0117370892018779,0.0039980419872882
1284621420000,430000,2010-09-16 07:17:00,2010-09-16 07:17:00,2010,9,16,3,3,427000.0,419733.3333333333,421022.2222222223,-0.0023201856148491,0.00405359858789
1284712140000,434000,2010-09-17 08:29:00,2010-09-17 08:29:00,2010,9,17,4,3,428142.8571428572,420533.3333333333,421211.1111111111,0.0093023255813953,0.0042768807644729
1284969300000,433000,2010-09-20 07:55:00,2010-09-20 07:55:00,2010,9,20,0,3,429285.7142857143,421300.0,421388.8888888889,-0.0023041474654378,0.0043326309086776
1285055520000,433000,2010-09-21 07:52:00,2010-09-21 07:52:00,2010,9,21,1,3,430571.4285714286,422033.3333333333,421488.8888888889,0.0,0.0043436793296959
1285142760000,436000,2010-09-22 08:06:00,2010-09-22 08:06:00,2010,9,22,2,3,431857.1428571429,422833.3333333333,421600.0,0.0069284064665127,0.0044444692768784
1285230420000,437000,2010-09-23 08:27:00,2010-09-23 08:27:00,2010,9,23,3,3,433428.5714285714,423666.6666666667,421688.8888888889,0.0022935779816513,0.0044303885030912
1285314600000,436000,2010-09-24 07:50:00,2010-09-24 07:50:00,2010,9,24,4,3,434142.8571428572,424433.3333333333,421800.0,-0.0022883295194507,0.0044969439387283
1285571160000,438000,2010-09-27 07:06:00,2010-09-27 07:06:00,2010,9,27,0,3,435285.7142857143,425300.0,421944.4444444445,0.0045871559633028,0.0044509348936018
1285666020000,437000,2010-09-28 09:27:00,2010-09-28 09:27:00,2010,9,28,1,3,435714.28571428574,426100.0,422166.6666666667,-0.002283105022831,0.004519771451018
1285751280000,442000,2010-09-29 09:08:00,2010-09-29 09:08:00,2010,9,29,2,3,437000.0,427033.3333333333,422466.6666666667,0.011441647597254,0.0048444087814088
1285831800000,442000,2010-09-30 07:30:00,2010-09-30 07:30:00,2010,9,30,3,3,438285.7142857143,427833.3333333333,422711.1111111111,0.0,0.0046480846997656
1285920240000,441000,2010-10-01 08:04:00,2010-10-01 08:04:00,2010,10,1,4,4,439000.0,428600.0,422900.0,-0.002262443438914,0.0046976133434256
1286186040000,443000,2010-10-04 09:54:00,2010-10-04 09:54:00,2010,10,4,0,4,439857.1428571429,429366.6666666667,423077.77777777775,0.0045351473922903,0.0046923598412045
1286269380000,442000,2010-10-05 09:03:00,2010-10-05 09:03:00,2010,10,5,1,4,440714.28571428574,430066.6666666667,423222.2222222223,-0.002257336343115,0.0047482756596126
1286355480000,452000,2010-10-06 08:58:00,2010-10-06 08:58:00,2010,10,6,2,4,442714.28571428574,431100.0,423488.8888888889,0.0226244343891401,0.006087495040633
1286409600000,450000,2010-10-07 00:00:00,2010-10-07 00:00:00,2010,10,7,3,4,444571.4285714286,432100.0,423766.6666666667,-0.0044247787610619,0.0061539414390042
1286456400000,453000,2010-10-07 13:00:00,2010-10-07 13:00:00,2010,10,7,3,4,446142.8571428572,433266.6666666667,424055.5555555556,0.0066666666666665,0.0060533040244951
1286496000000,448000,2010-10-08 00:00:00,2010-10-08 00:00:00,2010,10,8,4,4,447000.0,434200.0,424277.77777777775,-0.0110375275938189,0.0065356038128416
1286755200000,452000,2010-10-11 00:00:00,2010-10-11 00:00:00,2010,10,11,0,4,448571.4285714286,435200.0,424577.77777777775,0.0089285714285713,0.0066359956478785
1286841600000,453000,2010-10-12 00:00:00,2010-10-12 00:00:00,2010,10,12,1,4,450000.0,436200.0,424933.3333333333,0.002212389380531,0.0066360114663035
1286928000000,453000,2010-10-13 00:00:00,2010-10-13 00:00:00,2010,10,13,2,4,451571.4285714286,437233.3333333333,425222.2222222223,0.0,0.0065925147918018
1287014400000,460000,2010-10-14 00:00:00,2010-10-14 00:00:00,2010,10,14,3,4,452714.28571428574,438500.0,425511.1111111111,0.0154525386313466,0.0069912282472005
1287100800000,460000,2010-10-15 00:00:00,2010-10-15 00:00:00,2010,10,15,4,4,454142.8571428572,439633.3333333333,425811.1111111111,0.0,0.0068972967982692
1287360000000,455000,2010-10-18 00:00:00,2010-10-18 00:00:00,2010,10,18,0,4,454428.5714285714,440633.3333333333,426088.8888888889,-0.0108695652173913,0.0072727547659122
1287446400000,459000,2010-10-19 00:00:00,2010-10-19 00:00:00,2010,10,19,1,4,456000.0,441733.3333333333,426444.4444444445,0.0087912087912087,0.0073686808950092
1287532800000,448000,2010-10-20 00:00:00,2010-10-20 00:00:00,2010,10,20,2,4,455428.5714285714,442500.0,426666.6666666667,-0.0239651416122004,0.008782146412212
1287619200000,451000,2010-10-21 00:00:00,2010-10-21 00:00:00,2010,10,21,3,4,455142.8571428572,443400.0,426966.6666666667,0.0066964285714286,0.0087901474368053
1287705600000,445000,2010-10-22 00:00:00,2010-10-22 00:00:00,2010,10,22,4,4,454000.0,444000.0,427155.5555555556,-0.0133037694013303,0.0091713580718337
1287964800000,447000,2010-10-25 00:00:00,2010-10-25 00:00:00,2010,10,25,0,4,452142.8571428572,444700.0,427377.77777777775,0.0044943820224718,0.009159637943083
1288051200000,449000,2010-10-26 00:00:00,2010-10-26 00:00:00,2010,10,26,1,4,450571.4285714286,445300.0,427577.77777777775,0.0044742729306488,0.0089779014181196
1288137600000,449000,2010-10-27 00:00:00,2010-10-27 00:00:00,2010,10,27,2,4,449714.28571428574,445933.3333333333,427744.4444444445,0.0,0.0089546790462153
1288224000000,445000,2010-10-28 00:00:00,2010-10-28 00:00:00,2010,10,28,3,4,447714.28571428574,446300.0,427988.8888888889,-0.0089086859688195,0.0090231950608208
1288310400000,450000,2010-10-29 00:00:00,2010-10-29 00:00:00,2010,10,29,4,4,448000.0,446866.6666666667,428244.4444444445,0.0112359550561798,0.0091957260800454
1288569600000,455000,2010-11-01 00:00:00,2010-11-01 00:00:00,2010,11,1,0,4,448571.4285714286,447600.0,428588.8888888889,0.011111111111111,0.0093627437072965
1288656000000,452000,2010-11-02 00:00:00,2010-11-02 00:00:00,2010,11,2,1,4,449571.4285714286,448133.3333333333,428888.8888888889,-0.0065934065934065,0.0094274060118071
1288828800000,451000,2010-11-04 00:00:00,2010-11-04 00:00:00,2010,11,4,3,4,450142.8571428572,448600.0,429122.2222222223,-0.0022123893805309,0.0094460011489453
1288915200000,462000,2010-11-05 00:00:00,2010-11-05 00:00:00,2010,11,5,4,4,452000.0,449466.6666666667,429544.4444444445,0.024390243902439,0.0103308809142458
1289174400000,464000,2010-11-08 00:00:00,2010-11-08 00:00:00,2010,11,8,0,4,454142.8571428572,450333.3333333333,429966.6666666667,0.0043290043290042,0.0103287452676371
1289260800000,466000,2010-11-09 00:00:00,2010-11-09 00:00:00,2010,11,9,1,4,457142.8571428572,451300.0,430400.0,0.0043103448275862,0.0103051253981619
1289347200000,464000,2010-11-10 00:00:00,2010-11-10 00:00:00,2010,11,10,2,4,459142.8571428572,452033.3333333333,430922.2222222223,-0.0042918454935622,0.0102183230929759
1289433600000,465000,2010-11-11 00:00:00,2010-11-11 00:00:00,2010,11,11,3,4,460571.4285714286,452800.0,431455.5555555556,0.0021551724137931,0.01021374603934
1289520000000,465000,2010-11-12 00:00:00,2010-11-12 00:00:00,2010,11,12,4,4,462428.5714285714,453600.0,431977.77777777775,0.0,0.0101914819857047
1289779200000,458000,2010-11-15 00:00:00,2010-11-15 00:00:00,2010,11,15,0,4,463428.5714285714,454100.0,432433.3333333333,-0.0150537634408601,0.0106295132148828
1289865600000,455000,2010-11-16 00:00:00,2010-11-16 00:00:00,2010,11,16,1,4,462428.5714285714,454533.3333333333,432866.6666666667,-0.0065502183406113,0.0107057979616938
1290038400000,452000,2010-11-18 00:00:00,2010-11-18 00:00:00,2010,11,18,3,4,460714.28571428574,454533.3333333333,433244.4444444445,-0.0065934065934065,0.0099770176279812
1290124800000,456000,2010-11-19 00:00:00,2010-11-19 00:00:00,2010,11,19,4,4,459285.7142857143,454733.3333333333,433700.0,0.0088495575221239,0.0100657669271343
1290384000000,455000,2010-11-22 00:00:00,2010-11-22 00:00:00,2010,11,22,0,4,458000.0,454800.0,434111.1111111111,-0.0021929824561403,0.0100081203166857
1290470400000,455000,2010-11-23 00:00:00,2010-11-23 00:00:00,2010,11,23,1,4,456571.4285714286,455033.3333333333,434555.5555555556,0.0,0.009781250370051
1290556800000,459000,2010-11-24 00:00:00,2010-11-24 00:00:00,2010,11,24,2,4,455714.28571428574,455266.6666666667,435011.1111111111,0.0087912087912087,0.0097772307021455
1290643200000,462000,2010-11-25 00:00:00,2010-11-25 00:00:00,2010,11,25,3,4,456285.7142857143,455566.6666666667,435511.1111111111,0.0065359477124182,0.0098341476524623
1290729600000,460000,2010-11-26 00:00:00,2010-11-26 00:00:00,2010,11,26,4,4,457000.0,455800.0,435988.8888888889,-0.0043290043290042,0.009876484216018
1290988800000,457000,2010-11-29 00:00:00,2010-11-29 00:00:00,2010,11,29,0,4,457714.28571428574,455700.0,436466.6666666667,-0.0065217391304347,0.0095430104470901
1291075200000,462000,2010-11-30 00:00:00,2010-11-30 00:00:00,2010,11,30,1,4,458571.4285714286,455766.6666666667,437022.2222222223,0.0109409190371991,0.0097565613937866
1291165200000,467000,2010-12-01 01:00:00,2010-12-01 01:00:00,2010,12,1,2,4,460285.7142857143,456166.6666666667,437622.2222222223,0.0108225108225108,0.0097123223512066
1291168800000,469000,2010-12-01 02:00:00,2010-12-01 02:00:00,2010,12,1,2,4,462285.7142857143,456500.0,438255.5555555556,0.0042826552462527,0.0096206752566152
1291211160000,469000,2010-12-01 13:46:00,2010-12-01 13:46:00,2010,12,1,2,4,463714.28571428574,457200.0,438866.6666666667,0.0,0.008416117432086
1291248000000,468000,2010-12-02 00:00:00,2010-12-02 00:00:00,2010,12,2,3,4,464571.4285714286,457766.6666666667,439477.77777777775,-0.0021321961620469,0.0083846977321931
1291334400000,468000,2010-12-03 00:00:00,2010-12-03 00:00:00,2010,12,3,4,4,465714.28571428574,458533.3333333333,440111.1111111111,0.0,0.0079267406835658
1291593600000,474000,2010-12-06 00:00:00,2010-12-06 00:00:00,2010,12,6,0,4,468142.8571428572,459433.3333333333,440833.3333333333,0.0128205128205127,0.0081695797954301
1291766400000,471000,2010-12-08 00:00:00,2010-12-08 00:00:00,2010,12,8,2,4,469428.5714285714,460166.6666666667,441511.1111111111,-0.0063291139240506,0.0082934183010003
1291852800000,466000,2010-12-09 00:00:00,2010-12-09 00:00:00,2010,12,9,3,4,469285.7142857143,460733.3333333333,442133.3333333333,-0.0106157112526539,0.0085866037227164
1291939200000,467000,2010-12-10 00:00:00,2010-12-10 00:00:00,2010,12,10,4,4,469000.0,461466.6666666667,442766.6666666667,0.002145922746781,0.0083689496047085
1292198400000,466000,2010-12-13 00:00:00,2010-12-13 00:00:00,2010,12,13,0,4,468571.4285714286,462000.0,443388.8888888889,-0.0021413276231263,0.0081947946783436
1292284800000,470000,2010-12-14 00:00:00,2010-12-14 00:00:00,2010,12,14,1,4,468857.1428571429,462500.0,444044.4444444445,0.0085836909871244,0.008101827901448
1292371200000,470000,2010-12-15 00:00:00,2010-12-15 00:00:00,2010,12,15,2,4,469142.8571428572,463100.0,444688.8888888889,0.0,0.0079739774129456
1292457600000,465000,2010-12-16 00:00:00,2010-12-16 00:00:00,2010,12,16,3,4,467857.1428571429,463566.6666666667,445277.77777777775,-0.0106382978723403,0.0082468866778386
1292544000000,464000,2010-12-17 00:00:00,2010-12-17 00:00:00,2010,12,17,4,4,466857.1428571429,463633.3333333333,445844.4444444445,-0.0021505376344086,0.0069838225473221
1292803200000,467000,2010-12-20 00:00:00,2010-12-20 00:00:00,2010,12,20,0,4,467000.0,463733.3333333333,446455.5555555556,0.0064655172413792,0.0070384019601347
1292889600000,468000,2010-12-21 00:00:00,2010-12-21 00:00:00,2010,12,21,1,4,467142.8571428572,463800.0,447066.6666666667,0.0021413276231263,0.0070062022982784
1292976000000,468000,2010-12-22 00:00:00,2010-12-22 00:00:00,2010,12,22,2,4,467428.5714285714,463933.3333333333,447666.6666666667,0.0,0.0069556630018558
1293062400000,468000,2010-12-23 00:00:00,2010-12-23 00:00:00,2010,12,23,3,4,467142.8571428572,464033.3333333333,448222.2222222223,0.0,0.0069470680501006
1293408000000,466000,2010-12-27 00:00:00,2010-12-27 00:00:00,2010,12,27,0,4,466571.4285714286,464066.6666666667,448755.5555555556,-0.0042735042735042,0.0069957541707697
1293494400000,468000,2010-12-28 00:00:00,2010-12-28 00:00:00,2010,12,28,1,4,467000.0,464400.0,449288.8888888889,0.0042918454935623,0.0064190444892472
1293580800000,473000,2010-12-29 00:00:00,2010-12-29 00:00:00,2010,12,29,2,4,468285.7142857143,465000.0,449866.6666666667,0.0106837606837606,0.0065145632135611
1293667200000,474000,2010-12-30 00:00:00,2010-12-30 00:00:00,2010,12,30,3,4,469285.7142857143,465733.3333333333,450455.5555555556,0.0021141649048626,0.0063417665396645
1293753600000,471000,2010-12-31 00:00:00,2010-12-31 00:00:00,2010,12,31,4,4,469714.28571428574,466233.3333333333,451022.2222222223,-0.0063291139240506,0.0063493251498612
1294012800000,474000,2011-01-03 00:00:00,2011-01-03 00:00:00,2011,1,3,0,1,470571.4285714286,466866.6666666667,451644.4444444445,0.0063694267515923,0.0063885738801797
1294099200000,473000,2011-01-04 00:00:00,2011-01-04 00:00:00,2011,1,4,1,1,471285.7142857143,467466.6666666667,452233.3333333333,-0.0021097046413501,0.0064158903260018
1294185600000,464000,2011-01-05 00:00:00,2011-01-05 00:00:00,2011,1,5,2,1,471000.0,467633.3333333333,452700.0,-0.0190274841437632,0.0072535736508871
1294272000000,463000,2011-01-06 00:00:00,2011-01-06 00:00:00,2011,1,6,3,1,470285.7142857143,467666.6666666667,453144.4444444445,-0.0021551724137931,0.0071726138588158
1294358400000,461000,2011-01-07 00:00:00,2011-01-07 00:00:00,2011,1,7,4,1,468571.4285714286,467700.0,453577.77777777775,-0.0043196544276458,0.0071724151104182
1294617600000,462000,2011-01-10 00:00:00,2011-01-10 00:00:00,2011,1,10,0,1,466857.1428571429,467866.6666666667,454022.2222222223,0.002169197396963,0.0070706438434144
1294704000000,466000,2011-01-11 00:00:00,2011-01-11 00:00:00,2011,1,11,1,1,466142.8571428572,468000.0,454466.6666666667,0.0086580086580085,0.006964631646532
1294790400000,469000,2011-01-12 00:00:00,2011-01-12 00:00:00,2011,1,12,2,1,465428.5714285714,468066.6666666667,454955.5555555556,0.0064377682403433,0.0067799916870159
1294876800000,469000,2011-01-13 00:00:00,2011-01-13 00:00:00,2011,1,13,3,1,464857.1428571429,468066.6666666667,455433.3333333333,0.0,0.0067352362435302
1294963200000,466000,2011-01-14 00:00:00,2011-01-14 00:00:00,2011,1,14,4,1,465142.8571428572,467966.6666666667,455888.8888888889,-0.0063965884861407,0.0068364450297612
1295222400000,464000,2011-01-17 00:00:00,2011-01-17 00:00:00,2011,1,17,0,1,465285.7142857143,467833.3333333333,456333.3333333333,-0.0042918454935622,0.0068688818913514
1295308800000,464000,2011-01-18 00:00:00,2011-01-18 00:00:00,2011,1,18,1,1,465714.28571428574,467700.0,456744.4444444445,0.0,0.0068688818913514
1295395200000,467000,2011-01-19 00:00:00,2011-01-19 00:00:00,2011,1,19,2,1,466428.5714285714,467466.6666666667,457200.0,0.0064655172413792,0.0065416704701084
1295481600000,466000,2011-01-20 00:00:00,2011-01-20 00:00:00,2011,1,20,3,1,466428.5714285714,467300.0,457588.8888888889,-0.0021413276231263,0.0064565712827458
1295568000000,462000,2011-01-21 00:00:00,2011-01-21 00:00:00,2011,1,21,4,1,465428.5714285714,467166.6666666667,457944.4444444445,-0.0085836909871244,0.0063548629884736
1295827200000,462000,2011-01-24 00:00:00,2011-01-24 00:00:00,2011,1,24,0,1,464428.5714285714,467000.0,458255.5555555556,0.0,0.0063388149004367
1295913600000,460000,2011-01-25 00:00:00,2011-01-25 00:00:00,2011,1,25,1,1,463571.4285714286,466800.0,458555.5555555556,-0.0043290043290042,0.0063727537065207
1296000000000,460000,2011-01-26 00:00:00,2011-01-26 00:00:00,2011,1,26,2,1,463000.0,466466.6666666667,458855.5555555556,0.0,0.0061435015790165
1296086400000,461000,2011-01-27 00:00:00,2011-01-27 00:00:00,2011,1,27,3,1,462571.4285714286,466166.6666666667,459133.3333333333,0.0021739130434783,0.0061648062576883
1296172800000,458000,2011-01-28 00:00:00,2011-01-28 00:00:00,2011,1,28,4,1,461285.7142857143,465933.3333333333,459366.6666666667,-0.0065075921908893,0.0059767286202849
1296432000000,460000,2011-01-31 00:00:00,2011-01-31 00:00:00,2011,1,31,0,1,460428.5714285714,465800.0,459633.3333333333,0.0043668122270741,0.006032408587689
1296464400000,460000,2011-01-31 09:00:00,2011-01-31 09:00:00,2011,1,31,0,1,460142.8571428572,465566.6666666667,459877.77777777775,0.0,0.0058974252251585
1296518400000,460000,2011-02-01 00:00:00,2011-02-01 00:00:00,2011,2,1,1,1,459857.1428571429,465300.0,460133.3333333333,0.0,0.0058774488945028
1296604800000,461000,2011-02-02 00:00:00,2011-02-02 00:00:00,2011,2,2,2,1,460000.0,465066.6666666667,460344.4444444445,0.0021739130434783,0.0058979288707885
1296777600000,462000,2011-02-04 00:00:00,2011-02-04 00:00:00,2011,2,4,4,1,460285.7142857143,464866.6666666667,460566.6666666667,0.002169197396963,0.0059173490484193
1297036800000,462000,2011-02-07 00:00:00,2011-02-07 00:00:00,2011,2,7,0,1,460428.5714285714,464733.3333333333,460800.0,0.0,0.0058724788204379
1297123200000,461000,2011-02-08 00:00:00,2011-02-08 00:00:00,2011,2,8,1,1,460857.1428571429,464500.0,461000.0,-0.0021645021645021,0.0058175591581445
1297209600000,463000,2011-02-09 00:00:00,2011-02-09 00:00:00,2011,2,9,2,1,461285.7142857143,464166.6666666667,461233.3333333333,0.0043383947939261,0.00550437909975
1297296000000,462000,2011-02-10 00:00:00,2011-02-10 00:00:00,2011,2,10,3,1,461571.4285714286,463766.6666666667,461344.4444444445,-0.0021598272138229,0.0054843763515095
1297382400000,462000,2011-02-11 00:00:00,2011-02-11 00:00:00,2011,2,11,4,1,461857.1428571429,463466.6666666667,461477.77777777775,0.0,0.0053867983748441
1297641600000,462000,2011-02-14 00:00:00,2011-02-14 00:00:00,2011,2,14,0,1,462000.0,463066.6666666667,461577.77777777775,0.0,0.0052245379036827
1297814400000,464000,2011-02-16 00:00:00,2011-02-16 00:00:00,2011,2,16,2,1,462285.7142857143,462766.6666666667,461755.5555555556,0.0043290043290042,0.0053022997720863
1297900800000,464000,2011-02-17 00:00:00,2011-02-17 00:00:00,2011,2,17,3,1,462571.4285714286,462766.6666666667,461888.8888888889,0.0,0.0040045025070685
1297987200000,465000,2011-02-18 00:00:00,2011-02-18 00:00:00,2011,2,18,4,1,463142.8571428572,462833.3333333333,462022.2222222223,0.0021551724137931,0.0040015473332009
1298019600000,465000,2011-02-18 09:00:00,2011-02-18 09:00:00,2011,2,18,4,1,463428.5714285714,462966.6666666667,462155.5555555556,0.0,0.0039118274024546
1298246400000,470000,2011-02-21 00:00:00,2011-02-21 00:00:00,2011,2,21,0,1,464571.4285714286,463233.3333333333,462266.6666666667,0.010752688172043,0.004343671573996
1298332800000,472000,2011-02-22 00:00:00,2011-02-22 00:00:00,2011,2,22,1,1,466000.0,463433.3333333333,462400.0,0.004255319148936,0.0041305344433394
1298419200000,470000,2011-02-23 00:00:00,2011-02-23 00:00:00,2011,2,23,2,1,467142.8571428572,463466.6666666667,462566.6666666667,-0.0042372881355932,0.00405467743908
1298505600000,473000,2011-02-24 00:00:00,2011-02-24 00:00:00,2011,2,24,3,1,468428.5714285714,463600.0,462722.2222222223,0.0063829787234042,0.0042147050835544
1298592000000,470000,2011-02-25 00:00:00,2011-02-25 00:00:00,2011,2,25,4,1,469285.7142857143,463733.3333333333,462966.6666666667,-0.0063424947145876,0.0042117555825152
1298851200000,472000,2011-02-28 00:00:00,2011-02-28 00:00:00,2011,2,28,0,1,470285.7142857143,464000.0,463200.0,0.004255319148936,0.0041798488615781
1298937600000,469000,2011-03-01 00:00:00,2011-03-01 00:00:00,2011,3,1,1,1,470857.1428571429,464166.6666666667,463466.6666666667,-0.0063559322033898,0.0043670671617178
1299024000000,475000,2011-03-02 00:00:00,2011-03-02 00:00:00,2011,3,2,2,1,471571.4285714286,464433.3333333333,463777.77777777775,0.0127931769722815,0.0048028582602791
1299110400000,476000,2011-03-03 00:00:00,2011-03-03 00:00:00,2011,3,3,3,1,472142.8571428572,464766.6666666667,464077.77777777775,0.0021052631578948,0.0047825008371481
1299196800000,471000,2011-03-04 00:00:00,2011-03-04 00:00:00,2011,3,4,4,1,472285.7142857143,465066.6666666667,464322.2222222223,-0.0105042016806722,0.0049221332266185
1299456000000,475000,2011-03-07 00:00:00,2011-03-07 00:00:00,2011,3,7,0,1,472571.4285714286,465500.0,464655.5555555556,0.0084925690021231,0.0051232688670092
1299542400000,475000,2011-03-08 00:00:00,2011-03-08 00:00:00,2011,3,8,1,1,473285.7142857143,466000.0,464933.3333333333,0.0,0.0050299161411123
1299628800000,474000,2011-03-09 00:00:00,2011-03-09 00:00:00,2011,3,9,2,1,473571.4285714286,466466.6666666667,465144.4444444445,-0.0021052631578947,0.0050601331852159
1299715200000,472000,2011-03-10 00:00:00,2011-03-10 00:00:00,2011,3,10,3,1,474000.0,466833.3333333333,465366.6666666667,-0.0042194092827003,0.0051434639636955
1299747600000,472000,2011-03-10 09:00:00,2011-03-10 09:00:00,2011,3,10,3,1,473571.4285714286,467300.0,465600.0,0.0,0.0049585887886452
1299801600000,467000,2011-03-11 00:00:00,2011-03-11 00:00:00,2011,3,11,4,1,472285.7142857143,467533.3333333333,465655.5555555556,-0.010593220338983,0.0053470176558984
1300060800000,472000,2011-03-14 00:00:00,2011-03-14 00:00:00,2011,3,14,0,1,472428.5714285714,467933.3333333333,465744.4444444445,0.0107066381156317,0.0056594746702129
1300147200000,471000,2011-03-15 00:00:00,2011-03-15 00:00:00,2011,3,15,1,1,471857.1428571429,468300.0,465800.0,-0.0021186440677966,0.0056839260114064
1300233600000,462000,2011-03-16 00:00:00,2011-03-16 00:00:00,2011,3,16,2,1,470000.0,468333.3333333333,465777.77777777775,-0.019108280254777,0.0067374714704585
1300264200000,463000,2011-03-16 08:30:00,2011-03-16 08:30:00,2011,3,16,2,1,468428.5714285714,468366.6666666667,465755.5555555556,0.0021645021645022,0.0067374216621845
1300320000000,462000,2011-03-17 00:00:00,2011-03-17 00:00:00,2011,3,17,3,1,467000.0,468366.6666666667,465722.2222222223,-0.0021598272138229,0.0067499894191414
1300406400000,468000,2011-03-18 00:00:00,2011-03-18 00:00:00,2011,3,18,4,1,466428.5714285714,468600.0,465833.3333333333,0.0129870129870128,0.0071365129366852
1300665600000,471000,2011-03-21 00:00:00,2011-03-21 00:00:00,2011,3,21,0,1,467000.0,468866.6666666667,466011.1111111111,0.0064102564102563,0.0071845309745201
1300752000000,471000,2011-03-22 00:00:00,2011-03-22 00:00:00,2011,3,22,1,1,466857.1428571429,469166.6666666667,466222.2222222223,0.0,0.0071667609619958
1300838400000,469000,2011-03-23 00:00:00,2011-03-23 00:00:00,2011,3,23,2,1,466571.4285714286,469400.0,466366.6666666667,-0.0042462845010615,0.0072221304206773
1300924800000,472000,2011-03-24 00:00:00,2011-03-24 00:00:00,2011,3,24,3,1,468000.0,469733.3333333333,466555.5555555556,0.0063965884861407,0.0073000495882443
1301011200000,472000,2011-03-25 00:00:00,2011-03-25 00:00:00,2011,3,25,4,1,469285.7142857143,470000.0,466744.4444444445,0.0,0.0072693776958814
1301270400000,468000,2011-03-28 00:00:00,2011-03-28 00:00:00,2011,3,28,0,1,470142.8571428572,470133.3333333333,466844.4444444445,-0.0084745762711864,0.007455593484273
1301356800000,467000,2011-03-29 00:00:00,2011-03-29 00:00:00,2011,3,29,1,1,470000.0,470200.0,466900.0,-0.0021367521367521,0.0074602038614316
1301443200000,467000,2011-03-30 00:00:00,2011-03-30 00:00:00,2011,3,30,2,1,469428.5714285714,470266.6666666667,466977.77777777775,0.0,0.0074602038614316
1301529600000,469000,2011-03-31 00:00:00,2011-03-31 00:00:00,2011,3,31,3,1,469142.8571428572,470233.3333333333,467111.1111111111,0.0042826552462527,0.007233804584928
1301616000000,471000,2011-04-01 00:00:00,2011-04-01 00:00:00,2011,4,1,4,2,469428.5714285714,470200.0,467211.1111111111,0.0042643923240939,0.0072339907932899
1301875200000,470000,2011-04-04 00:00:00,2011-04-04 00:00:00,2011,4,4,0,2,469142.8571428572,470200.0,467244.4444444445,-0.0021231422505307,0.0072019728968649
1301961600000,471000,2011-04-05 00:00:00,2011-04-05 00:00:00,2011,4,5,1,2,469000.0,470133.3333333333,467266.6666666667,0.0021276595744681,0.0071138006482919
1302048000000,476000,2011-04-06 00:00:00,2011-04-06 00:00:00,2011,4,6,2,2,470142.8571428572,470333.3333333333,467344.4444444445,0.0106157112526539,0.0072739920762556
1302134400000,476000,2011-04-07 00:00:00,2011-04-07 00:00:00,2011,4,7,3,2,471428.5714285714,470466.6666666667,467433.3333333333,0.0,0.0072386031553273
1302220800000,476000,2011-04-08 00:00:00,2011-04-08 00:00:00,2011,4,8,4,2,472714.28571428574,470700.0,467522.2222222223,0.0,0.0071290584095512
1302480000000,480000,2011-04-11 00:00:00,2011-04-11 00:00:00,2011,4,11,0,2,474285.7142857143,470866.6666666667,467588.8888888889,0.0084033613445377,0.0069101181900906
1302566400000,476000,2011-04-12 00:00:00,2011-04-12 00:00:00,2011,4,12,1,2,475000.0,470866.6666666667,467644.4444444445,-0.0083333333333333,0.007080555282679
1302652800000,476000,2011-04-13 00:00:00,2011-04-13 00:00:00,2011,4,13,2,2,475857.1428571429,471033.3333333333,467755.5555555556,0.0,0.0067959606227121
1302739200000,476000,2011-04-14 00:00:00,2011-04-14 00:00:00,2011,4,14,3,2,476571.4285714286,471066.6666666667,467855.5555555556,0.0,0.0066207590813916
1302825600000,480000,2011-04-15 00:00:00,2011-04-15 00:00:00,2011,4,15,4,2,477142.8571428572,471233.3333333333,468011.1111111111,0.0084033613445377,0.0067923045540358
1303084800000,483000,2011-04-18 00:00:00,2011-04-18 00:00:00,2011,4,18,0,2,478142.8571428572,471533.3333333333,468155.5555555556,0.00625,0.0068582266571818
1303171200000,485000,2011-04-19 00:00:00,2011-04-19 00:00:00,2011,4,19,1,2,479428.5714285714,471966.6666666667,468322.2222222223,0.0041407867494824,0.0068233077675468
1303257600000,486000,2011-04-20 00:00:00,2011-04-20 00:00:00,2011,4,20,2,2,480285.7142857143,472433.3333333333,468555.5555555556,0.002061855670103,0.0068240156066707
1303344000000,487000,2011-04-21 00:00:00,2011-04-21 00:00:00,2011,4,21,3,2,481857.1428571429,473100.0,468811.1111111111,0.0020576131687242,0.0064644821252484
1303689600000,488000,2011-04-25 00:00:00,2011-04-25 00:00:00,2011,4,25,0,2,483571.4285714286,473633.3333333333,469044.4444444445,0.002053388090349,0.0062243778551896
1303736400000,488000,2011-04-25 13:00:00,2011-04-25 13:00:00,2011,4,25,0,2,485285.7142857143,474200.0,469266.6666666667,0.0,0.0061982047328077
1303776000000,485000,2011-04-26 00:00:00,2011-04-26 00:00:00,2011,4,26,1,2,486000.0,474966.6666666667,469455.5555555556,-0.0061475409836065,0.0050856232202298
1303862400000,488000,2011-04-27 00:00:00,2011-04-27 00:00:00,2011,4,27,2,2,486714.28571428574,475800.0,469677.77777777775,0.0061855670103092,0.0051526547829631
1303948800000,493000,2011-04-28 00:00:00,2011-04-28 00:00:00,2011,4,28,3,2,487857.1428571429,476833.3333333333,469977.77777777775,0.0102459016393443,0.0053216544604364
1304035200000,495000,2011-04-29 00:00:00,2011-04-29 00:00:00,2011,4,29,4,2,489142.8571428572,477733.3333333333,470277.77777777775,0.0040567951318457,0.0049318363794154
1304294400000,497000,2011-05-02 00:00:00,2011-05-02 00:00:00,2011,5,2,0,2,490571.4285714286,478600.0,470544.4444444445,0.004040404040404,0.0048754808806339
1304380800000,492000,2011-05-03 00:00:00,2011-05-03 00:00:00,2011,5,3,1,2,491142.8571428572,479300.0,470744.4444444445,-0.0100603621730381,0.0053287672025193
1304467200000,490000,2011-05-04 00:00:00,2011-05-04 00:00:00,2011,5,4,2,2,491428.5714285714,480000.0,470955.5555555556,-0.0040650406504064,0.005322162974139
1304553600000,485000,2011-05-05 00:00:00,2011-05-05 00:00:00,2011,5,5,3,2,491428.5714285714,480433.3333333333,471077.77777777775,-0.010204081632653,0.0056459468940966
1304640000000,475000,2011-05-06 00:00:00,2011-05-06 00:00:00,2011,5,6,4,2,489571.4285714286,480533.3333333333,471100.0,-0.0206185567010309,0.0068817056493497
1304899200000,480000,2011-05-09 00:00:00,2011-05-09 00:00:00,2011,5,9,0,2,487714.28571428574,480933.3333333333,471277.77777777775,0.0105263157894737,0.0069267811663878
1304985600000,483000,2011-05-10 00:00:00,2011-05-10 00:00:00,2011,5,10,1,2,486000.0,481466.6666666667,471500.0,0.00625,0.0069704517138219
1305072000000,485000,2011-05-11 00:00:00,2011-05-11 00:00:00,2011,5,11,2,2,484285.7142857143,482066.6666666667,471766.6666666667,0.0041407867494824,0.0069879287650828
1305158400000,482000,2011-05-12 00:00:00,2011-05-12 00:00:00,2011,5,12,3,2,482857.1428571429,482500.0,471988.8888888889,-0.0061855670103092,0.00709365206326
1305244800000,481000,2011-05-13 00:00:00,2011-05-13 00:00:00,2011,5,13,4,2,481571.4285714286,482833.3333333333,472155.5555555556,-0.0020746887966804,0.0070855032350881
1305504000000,478000,2011-05-16 00:00:00,2011-05-16 00:00:00,2011,5,16,0,2,480571.4285714286,483100.0,472255.5555555556,-0.0062370062370061,0.0071816793841225
1305676800000,478000,2011-05-18 00:00:00,2011-05-18 00:00:00,2011,5,18,2,2,481000.0,483333.3333333333,472355.5555555556,0.0,0.0071764518967682
1305763200000,480000,2011-05-19 00:00:00,2011-05-19 00:00:00,2011,5,19,3,2,481000.0,483466.6666666667,472511.1111111111,0.0041841004184099,0.0069570736494756
1305849600000,480000,2011-05-20 00:00:00,2011-05-20 00:00:00,2011,5,20,4,2,480571.4285714286,483600.0,472688.8888888889,0.0,0.0069570736494756
1306108800000,485000,2011-05-23 00:00:00,2011-05-23 00:00:00,2011,5,23,0,2,480571.4285714286,483900.0,472922.2222222223,0.0104166666666667,0.0071972551165322
1306195200000,485000,2011-05-24 00:00:00,2011-05-24 00:00:00,2011,5,24,1,2,481000.0,484066.6666666667,473122.2222222223,0.0,0.0070470408681891
1306281600000,488000,2011-05-25 00:00:00,2011-05-25 00:00:00,2011,5,25,2,2,482000.0,484466.6666666667,473366.6666666667,0.0061855670103092,0.0069262648233903
1306368000000,489000,2011-05-26 00:00:00,2011-05-26 00:00:00,2011,5,26,3,2,483571.4285714286,484900.0,473666.6666666667,0.0020491803278688,0.006927661278045
1306454400000,488000,2011-05-27 00:00:00,2011-05-27 00:00:00,2011,5,27,4,2,485000.0,485300.0,473955.5555555556,-0.002044989775051,0.0069470786633589
1306713600000,491000,2011-05-30 00:00:00,2011-05-30 00:00:00,2011,5,30,0,2,486571.4285714286,485666.6666666667,474300.0,0.0061475409836064,0.0068743722387177
1306744200000,491000,2011-05-30 08:30:00,2011-05-30 08:30:00,2011,5,30,0,2,488142.8571428572,485933.3333333333,474644.4444444445,0.0,0.0067971072229376
1306800000000,491000,2011-05-31 00:00:00,2011-05-31 00:00:00,2011,5,31,1,2,489000.0,486133.3333333333,474977.77777777775,0.0,0.0067640618685022
1306886400000,489000,2011-06-01 00:00:00,2011-06-01 00:00:00,2011,6,1,2,2,489571.4285714286,486233.3333333333,475322.2222222223,-0.0040733197556007,0.0068057071065648
1307318400000,491000,2011-06-06 00:00:00,2011-06-06 00:00:00,2011,6,6,0,2,490000.0,486366.6666666667,475666.6666666667,0.0040899795501021,0.006834605353951
1307404800000,490000,2011-06-07 00:00:00,2011-06-07 00:00:00,2011,6,7,1,2,490142.8571428572,486433.3333333333,476000.0,-0.0020366598778004,0.0068391196823903
1307491200000,489000,2011-06-08 00:00:00,2011-06-08 00:00:00,2011,6,8,2,2,490285.7142857143,486466.6666666667,476322.2222222223,-0.0020408163265306,0.0068508957320924
1307577600000,488000,2011-06-09 00:00:00,2011-06-09 00:00:00,2011,6,9,3,2,489857.1428571429,486566.6666666667,476622.2222222223,-0.002044989775051,0.0067624479792516
1307664000000,490000,2011-06-10 00:00:00,2011-06-10 00:00:00,2011,6,10,4,2,489714.28571428574,486633.3333333333,476933.3333333333,0.0040983606557376,0.0067095691777941
1307923200000,486000,2011-06-13 00:00:00,2011-06-13 00:00:00,2011,6,13,0,2,489000.0,486400.0,477200.0,-0.0081632653061224,0.0065960257856093
1308009600000,484000,2011-06-14 00:00:00,2011-06-14 00:00:00,2011,6,14,1,2,488285.7142857143,486033.3333333333,477455.5555555556,-0.0041152263374485,0.006571953446703
1308096000000,486000,2011-06-15 00:00:00,2011-06-15 00:00:00,2011,6,15,2,2,487571.4285714286,485666.6666666667,477711.1111111111,0.0041322314049587,0.0065742718377078
1308182400000,487000,2011-06-16 00:00:00,2011-06-16 00:00:00,2011,6,16,3,2,487142.8571428572,485500.0,477988.8888888889,0.0020576131687242,0.0063493268304999
1308268800000,489000,2011-06-17 00:00:00,2011-06-17 00:00:00,2011,6,17,4,2,487142.8571428572,485466.6666666667,478288.8888888889,0.0041067761806981,0.0063584419607255
1308528000000,493000,2011-06-20 00:00:00,2011-06-20 00:00:00,2011,6,20,0,2,487857.1428571429,485733.3333333333,478633.3333333333,0.0081799591002045,0.0062305380035758
1308614400000,492000,2011-06-21 00:00:00,2011-06-21 00:00:00,2011,6,21,1,2,488142.8571428572,486300.0,478944.4444444445,-0.0020283975659228,0.0048146906769975
1308700800000,494000,2011-06-22 00:00:00,2011-06-22 00:00:00,2011,6,22,2,2,489285.7142857143,486766.6666666667,479277.77777777775,0.0040650406504065,0.0045177280552687
1308787200000,495000,2011-06-23 00:00:00,2011-06-23 00:00:00,2011,6,23,3,2,490857.1428571429,487166.6666666667,479611.1111111111,0.0020242914979757,0.0044120230000554
1308873600000,488000,2011-06-24 00:00:00,2011-06-24 00:00:00,2011,6,24,4,2,491142.8571428572,487266.6666666667,479866.6666666667,-0.0141414141414141,0.0051410170812497
1309132800000,483000,2011-06-27 00:00:00,2011-06-27 00:00:00,2011,6,27,0,2,490571.4285714286,487300.0,480011.1111111111,-0.0102459016393442,0.0053640329461734
1309219200000,484000,2011-06-28 00:00:00,2011-06-28 00:00:00,2011,6,28,1,2,489857.1428571429,487400.0,480144.4444444445,0.0020703933747412,0.0053599210212113
1309392000000,486000,2011-06-30 00:00:00,2011-06-30 00:00:00,2011,6,30,3,2,488857.1428571429,487666.6666666667,480322.2222222223,0.0041322314049587,0.005262547394589
1309478400000,483000,2011-07-01 00:00:00,2011-07-01 00:00:00,2011,7,1,4,3,487571.4285714286,487833.3333333333,480433.3333333333,-0.0061728395061728,0.005404243179342
1309737600000,479000,2011-07-04 00:00:00,2011-07-04 00:00:00,2011,7,4,0,3,485428.5714285714,487800.0,480533.3333333333,-0.0082815734989648,0.0055766429579336
1309824000000,480000,2011-07-05 00:00:00,2011-07-05 00:00:00,2011,7,5,1,3,483285.7142857143,487800.0,480622.2222222223,0.0020876826722338,0.0055903548380468
1309910400000,484000,2011-07-06 00:00:00,2011-07-06 00:00:00,2011,7,6,2,3,482714.28571428574,487766.6666666667,480788.8888888889,0.0083333333333333,0.0054682968592892
1309996800000,487000,2011-07-07 00:00:00,2011-07-07 00:00:00,2011,7,7,3,3,483285.7142857143,487833.3333333333,480922.2222222223,0.006198347107438,0.0055862452089811
1310083200000,488000,2011-07-08 00:00:00,2011-07-08 00:00:00,2011,7,8,4,3,483857.1428571429,487833.3333333333,481055.5555555556,0.002053388090349,0.005482330958341
1310342400000,491000,2011-07-11 00:00:00,2011-07-11 00:00:00,2011,7,11,0,3,484571.4285714286,487900.0,481277.77777777775,0.0061475409836064,0.0055848825421402
1310428800000,494000,2011-07-12 00:00:00,2011-07-12 00:00:00,2011,7,12,1,3,486142.8571428572,488100.0,481488.8888888889,0.0061099796334012,0.0056720849106541
1310515200000,498000,2011-07-13 00:00:00,2011-07-13 00:00:00,2011,7,13,2,3,488857.1428571429,488333.3333333333,481744.4444444445,0.0080971659919029,0.005750560948764
1310601600000,505000,2011-07-14 00:00:00,2011-07-14 00:00:00,2011,7,14,3,3,492428.5714285714,488800.0,482088.8888888889,0.0140562248995983,0.0062595371000977
1310688000000,504000,2011-07-15 00:00:00,2011-07-15 00:00:00,2011,7,15,4,3,495285.7142857143,489233.3333333333,482444.4444444445,-0.0019801980198019,0.0062803774412989
1310947200000,505000,2011-07-18 00:00:00,2011-07-18 00:00:00,2011,7,18,0,3,497857.1428571429,489766.6666666667,482811.1111111111,0.0019841269841269,0.0062122907355085
1311033600000,509000,2011-07-19 00:00:00,2011-07-19 00:00:00,2011,7,19,1,3,500857.1428571429,490366.6666666667,483277.77777777775,0.0079207920792079,0.0063145591487987
1311120000000,505000,2011-07-20 00:00:00,2011-07-20 00:00:00,2011,7,20,2,3,502857.1428571429,490866.6666666667,483644.4444444445,-0.0078585461689587,0.0065046986839438
1311206400000,508000,2011-07-21 00:00:00,2011-07-21 00:00:00,2011,7,21,3,3,504857.1428571429,491500.0,484055.5555555556,0.0059405940594059,0.0065380722047037
1311292800000,505000,2011-07-22 00:00:00,2011-07-22 00:00:00,2011,7,22,4,3,505857.1428571429,492066.6666666667,484533.3333333333,-0.0059055118110236,0.0066431663151786
1311552000000,511000,2011-07-25 00:00:00,2011-07-25 00:00:00,2011,7,25,0,3,506714.28571428574,492766.6666666667,485066.6666666667,0.0118811881188118,0.0069084041467482
1311638400000,511000,2011-07-26 00:00:00,2011-07-26 00:00:00,2011,7,26,1,3,507714.28571428574,493600.0,485611.1111111111,0.0,0.0066746166102115
1311724800000,512000,2011-07-27 00:00:00,2011-07-27 00:00:00,2011,7,27,2,3,508714.28571428574,494533.3333333333,486100.0,0.0019569471624265,0.006583798897302
1311811200000,509000,2011-07-28 00:00:00,2011-07-28 00:00:00,2011,7,28,3,3,508714.28571428574,495300.0,486522.2222222223,-0.005859375,0.0067181966502735
1311897600000,510000,2011-07-29 00:00:00,2011-07-29 00:00:00,2011,7,29,4,3,509428.5714285714,496066.6666666667,486955.5555555556,0.0019646365422396,0.0067179826850838
1312156800000,510000,2011-08-01 00:00:00,2011-08-01 00:00:00,2011,8,1,0,3,509714.28571428574,496766.6666666667,487411.1111111111,0.0,0.0067061548963039
1312243200000,510000,2011-08-02 00:00:00,2011-08-02 00:00:00,2011,8,2,1,3,510428.5714285714,497333.3333333333,487833.3333333333,0.0,0.0065872468326777
1312329600000,518000,2011-08-03 00:00:00,2011-08-03 00:00:00,2011,8,3,2,3,511428.5714285714,498200.0,488344.4444444445,0.0156862745098038,0.0070687372103695
1312416000000,522000,2011-08-04 00:00:00,2011-08-04 00:00:00,2011,8,4,3,3,513000.0,499133.3333333333,488944.4444444445,0.0077220077220077,0.0071413351065351
1312502400000,516000,2011-08-05 00:00:00,2011-08-05 00:00:00,2011,8,5,4,3,513571.4285714286,499833.3333333333,489488.8888888889,-0.0114942528735632,0.007545924867415
1312549200000,520000,2011-08-05 13:00:00,2011-08-05 13:00:00,2011,8,5,4,3,515142.8571428572,500900.0,490077.77777777775,0.0077519379844961,0.0070308046174179
1312761600000,530000,2011-08-08 00:00:00,2011-08-08 00:00:00,2011,8,8,0,3,518000.0,502466.6666666667,490755.5555555556,0.0192307692307691,0.0072944611435555
1312804800000,534000,2011-08-08 12:00:00,2011-08-08 12:00:00,2011,8,8,0,3,521428.5714285714,504133.3333333333,491455.5555555556,0.0075471698113207,0.0073355553537486
1312848000000,540000,2011-08-09 00:00:00,2011-08-09 00:00:00,2011,8,9,1,3,525714.2857142857,505933.3333333333,492233.3333333333,0.0112359550561798,0.0074763698094157
1312884000000,548000,2011-08-09 10:00:00,2011-08-09 10:00:00,2011,8,9,1,3,530000.0,508100.0,493088.8888888889,0.0148148148148148,0.0075175000256108
1312891200000,555000,2011-08-09 12:00:00,2011-08-09 12:00:00,2011,8,9,1,3,534714.2857142857,510633.3333333333,493966.6666666667,0.0127737226277371,0.0072870456300145
1312934400000,553000,2011-08-10 00:00:00,2011-08-10 00:00:00,2011,8,10,2,3,540000.0,513066.6666666667,494822.2222222223,-0.0036036036036035,0.0074365879762249
1313020800000,563000,2011-08-11 00:00:00,2011-08-11 00:00:00,2011,8,11,3,3,546142.8571428572,515700.0,495788.8888888889,0.0180831826401446,0.0078023287497238
1313107200000,550000,2011-08-12 00:00:00,2011-08-12 00:00:00,2011,8,12,4,3,549000.0,517800.0,496566.6666666667,-0.0230905861456482,0.0093389398414531
1313366400000,544000,2011-08-15 00:00:00,2011-08-15 00:00:00,2011,8,15,0,3,550428.5714285715,519666.6666666667,497322.2222222223,-0.0109090909090908,0.0097288855386527
1313409600000,547000,2011-08-15 12:00:00,2011-08-15 12:00:00,2011,8,15,0,3,551428.5714285715,521533.3333333333,498111.1111111111,0.005514705882353,0.0097240210287217
1313452800000,554000,2011-08-16 00:00:00,2011-08-16 00:00:00,2011,8,16,1,3,552285.7142857143,523533.3333333333,498977.77777777775,0.012797074954296,0.0098580200213577
1313625600000,558000,2011-08-18 00:00:00,2011-08-18 00:00:00,2011,8,18,3,3,552714.2857142857,525533.3333333334,499844.4444444445,0.0072202166064982,0.0098463625918486
1313668800000,560000,2011-08-18 12:00:00,2011-08-18 12:00:00,2011,8,18,3,3,553714.2857142857,527366.6666666666,500700.0,0.0035842293906809,0.0096556934474425
1313712000000,570000,2011-08-19 00:00:00,2011-08-19 00:00:00,2011,8,19,4,3,554714.2857142857,529566.6666666666,501644.4444444445,0.0178571428571427,0.0099426594186405
1313755200000,575000,2011-08-19 12:00:00,2011-08-19 12:00:00,2011,8,19,4,3,558285.7142857143,531900.0,502633.3333333333,0.0087719298245614,0.0099686779761751
1313971200000,585000,2011-08-22 00:00:00,2011-08-22 00:00:00,2011,8,22,0,3,564142.8571428572,534433.3333333334,503722.2222222223,0.0173913043478259,0.0102310278818395
1314057600000,594000,2011-08-23 00:00:00,2011-08-23 00:00:00,2011,8,23,1,3,570857.1428571428,537400.0,504900.0,0.0153846153846153,0.010126735338729
1314144000000,576000,2011-08-24 00:00:00,2011-08-24 00:00:00,2011,8,24,2,3,574000.0,539666.6666666666,505877.77777777775,-0.0303030303030302,0.0120487965534209
1314259200000,552000,2011-08-25 08:00:00,2011-08-25 08:00:00,2011,8,25,3,3,573142.8571428572,541233.3333333334,506622.2222222223,-0.0416666666666666,0.0145907518016807
1314316800000,556000,2011-08-26 00:00:00,2011-08-26 00:00:00,2011,8,26,4,3,572571.4285714285,542733.3333333334,507377.77777777775,0.0072463768115942,0.0145186495966391
1314694800000,575000,2011-08-30 09:00:00,2011-08-30 09:00:00,2011,8,30,1,3,573285.7142857143,544866.6666666666,508288.8888888889,0.0341726618705036,0.0155831496316009
1315180800000,590000,2011-09-05 00:00:00,2011-09-05 00:00:00,2011,9,5,0,3,575428.5714285715,547466.6666666666,509344.4444444445,0.0260869565217392,0.016085534169458
1315213200000,590000,2011-09-05 09:00:00,2011-09-05 09:00:00,2011,9,5,0,3,576142.8571428572,550166.6666666666,510377.77777777775,0.0,0.0159861089223447
1315353600000,590000,2011-09-07 00:00:00,2011-09-07 00:00:00,2011,9,7,2,3,575571.4285714285,552833.3333333334,511466.6666666667,0.0,0.0160032372493541
1315440000000,577000,2011-09-08 00:00:00,2011-09-08 00:00:00,2011,9,8,3,3,575714.2857142857,555066.6666666666,512433.3333333333,-0.0220338983050847,0.016729457605186
1315526400000,590000,2011-09-09 00:00:00,2011-09-09 00:00:00,2011,9,9,4,3,581142.8571428572,557733.3333333334,513600.0,0.0225303292894281,0.0170345964250933
1315785600000,588000,2011-09-12 00:00:00,2011-09-12 00:00:00,2011,9,12,0,3,585714.2857142857,560066.6666666666,514855.5555555556,-0.0033898305084745,0.0169782762165187
1315904400000,578000,2011-09-13 09:00:00,2011-09-13 09:00:00,2011,9,13,1,3,586142.8571428572,561933.3333333334,515944.4444444445,-0.0170068027210884,0.0174050626124732
1315915200000,584000,2011-09-13 12:00:00,2011-09-13 12:00:00,2011,9,13,1,3,585285.7142857143,564200.0,517066.6666666667,0.0103806228373701,0.0172101927939135
1315990800000,588000,2011-09-14 09:00:00,2011-09-14 09:00:00,2011,9,14,2,3,585000.0,566466.6666666666,518211.1111111111,0.0068493150684931,0.0172047001805447
1316004300000,594000,2011-09-14 12:45:00,2011-09-14 12:45:00,2011,9,14,2,3,585571.4285714285,568600.0,519455.5555555556,0.0102040816326529,0.0170115000085664
1316077200000,594000,2011-09-15 09:00:00,2011-09-15 09:00:00,2011,9,15,3,3,588000.0,570600.0,520711.1111111111,0.0,0.017012245411153
1316131200000,580000,2011-09-16 00:00:00,2011-09-16 00:00:00,2011,9,16,4,3,586571.4285714285,571933.3333333334,521844.4444444445,-0.0235690235690235,0.0176549942702337
1316390400000,596000,2011-09-19 00:00:00,2011-09-19 00:00:00,2011,9,19,0,3,587714.2857142857,573533.3333333334,523155.5555555556,0.0275862068965517,0.0181094025189332
1316476800000,590000,2011-09-20 00:00:00,2011-09-20 00:00:00,2011,9,20,1,3,589428.5714285715,574700.0,524377.7777777778,-0.0100671140939597,0.0181627359862599
1316563200000,605000,2011-09-21 00:00:00,2011-09-21 00:00:00,2011,9,21,2,3,592428.5714285715,576433.3333333334,525766.6666666666,0.0254237288135592,0.0186105241922461
1316649600000,595000,2011-09-22 00:00:00,2011-09-22 00:00:00,2011,9,22,3,3,593428.5714285715,577500.0,526988.8888888889,-0.0165289256198346,0.0187265159427244
1316768400000,585000,2011-09-23 09:00:00,2011-09-23 09:00:00,2011,9,23,4,3,592142.8571428572,578666.6666666666,528100.0,-0.0168067226890756,0.0184694022661753
1316995200000,575000,2011-09-26 00:00:00,2011-09-26 00:00:00,2011,9,26,0,3,589428.5714285715,579700.0,529066.6666666666,-0.0170940170940171,0.0186546458496867
1317081600000,575000,2011-09-27 00:00:00,2011-09-27 00:00:00,2011,9,27,1,3,588714.2857142857,580633.3333333334,530022.2222222222,0.0,0.0186461686130322
1317168000000,575000,2011-09-28 00:00:00,2011-09-28 00:00:00,2011,9,28,2,3,585714.2857142857,581333.3333333334,530988.8888888889,0.0,0.0185327528056335
1317254400000,575000,2011-09-29 00:00:00,2011-09-29 00:00:00,2011,9,29,3,3,583571.4285714285,581900.0,531922.2222222222,0.0,0.018501518951794
1317340800000,575000,2011-09-30 00:00:00,2011-09-30 00:00:00,2011,9,30,4,3,579285.7142857143,582400.0,532855.5555555555,0.0,0.0184969419742577
1317600000000,570000,2011-10-03 00:00:00,2011-10-03 00:00:00,2011,10,3,0,4,575714.2857142857,582400.0,533733.3333333334,-0.0086956521739129,0.0182990691662363
1317686400000,575000,2011-10-04 00:00:00,2011-10-04 00:00:00,2011,10,4,1,4,574285.7142857143,582400.0,534688.8888888889,0.0087719298245614,0.0182990691662363
1317772800000,572000,2011-10-05 00:00:00,2011-10-05 00:00:00,2011,10,5,2,4,573857.1428571428,581966.6666666666,535588.8888888889,-0.0052173913043478,0.0180286001124282
1317859200000,574000,2011-10-06 00:00:00,2011-10-06 00:00:00,2011,10,6,3,4,573714.2857142857,581300.0,536522.2222222222,0.0034965034965035,0.0177944673896978
1317945600000,575000,2011-10-07 00:00:00,2011-10-07 00:00:00,2011,10,7,4,4,573714.2857142857,581266.6666666666,537477.7777777778,0.0017421602787457,0.0169140641297493
1318204800000,575000,2011-10-10 00:00:00,2011-10-10 00:00:00,2011,10,10,0,4,573714.2857142857,582033.3333333334,538444.4444444445,0.0,0.0149663899978674
1318323600000,580000,2011-10-11 09:00:00,2011-10-11 09:00:00,2011,10,11,1,4,574428.5714285715,582833.3333333334,539444.4444444445,0.0086956521739129,0.014988003653892
1318410000000,576000,2011-10-12 09:00:00,2011-10-12 09:00:00,2011,10,12,2,4,575285.7142857143,582866.6666666666,540444.4444444445,-0.0068965517241379,0.0137248794289001
1318496400000,580000,2011-10-13 09:00:00,2011-10-13 09:00:00,2011,10,13,3,4,576000.0,582533.3333333334,541511.1111111111,0.0069444444444444,0.0128974366889349
1318550400000,575000,2011-10-14 00:00:00,2011-10-14 00:00:00,2011,10,14,4,4,576428.5714285715,582033.3333333334,542500.0,-0.0086206896551723,0.0129819158981076
1318838400000,575000,2011-10-17 08:00:00,2011-10-17 08:00:00,2011,10,17,0,4,576571.4285714285,581533.3333333334,543477.7777777778,0.0,0.0129819158981076
1318928400000,571000,2011-10-18 09:00:00,2011-10-18 09:00:00,2011,10,18,1,4,576000.0,581333.3333333334,544388.8888888889,-0.0069565217391304,0.0124098387830491
1319014800000,570000,2011-10-19 09:00:00,2011-10-19 09:00:00,2011,10,19,2,4,575285.7142857143,580666.6666666666,545244.4444444445,-0.0017513134851138,0.011639119084934
1319101200000,568000,2011-10-20 09:00:00,2011-10-20 09:00:00,2011,10,20,3,4,573571.4285714285,580000.0,546088.8888888889,-0.0035087719298245,0.0116399520141393
1319187600000,565000,2011-10-21 09:00:00,2011-10-21 09:00:00,2011,10,21,4,4,572000.0,579566.6666666666,546877.7777777778,-0.0052816901408451,0.0112782217836001
1319446800000,570000,2011-10-24 09:00:00,2011-10-24 09:00:00,2011,10,24,0,4,570571.4285714285,579100.0,547711.1111111111,0.0088495575221239,0.0112297269484603
1319533200000,560000,2011-10-25 09:00:00,2011-10-25 09:00:00,2011,10,25,1,4,568428.5714285715,578166.6666666666,548511.1111111111,-0.0175438596491228,0.0115395252970493
1319619600000,570000,2011-10-26 09:00:00,2011-10-26 09:00:00,2011,10,26,2,4,567714.2857142857,577366.6666666666,549477.7777777778,0.0178571428571427,0.0118879110161048
1319706000000,575000,2011-10-27 09:00:00,2011-10-27 09:00:00,2011,10,27,3,4,568285.7142857143,576733.3333333334,550488.8888888889,0.0087719298245614,0.0120281842188591
1319792400000,580000,2011-10-28 09:00:00,2011-10-28 09:00:00,2011,10,28,4,4,569714.2857142857,576733.3333333334,551533.3333333334,0.0086956521739129,0.0113660747551017
1320051600000,573000,2011-10-31 09:00:00,2011-10-31 09:00:00,2011,10,31,0,4,570428.5714285715,575966.6666666666,552533.3333333334,-0.0120689655172413,0.0103117235622327
1320134400000,565000,2011-11-01 08:00:00,2011-11-01 08:00:00,2011,11,1,1,4,570428.5714285715,575133.3333333334,553488.8888888889,-0.0139616055846422,0.0104500129166576
1320224400000,567000,2011-11-02 09:00:00,2011-11-02 09:00:00,2011,11,2,2,4,570000.0,573866.6666666666,554455.5555555555,0.0035398230088494,0.0092031990244623
1320310800000,572000,2011-11-03 09:00:00,2011-11-03 09:00:00,2011,11,3,3,4,571714.2857142857,573100.0,555433.3333333334,0.0088183421516754,0.0089958363598341
1320397200000,578000,2011-11-04 09:00:00,2011-11-04 09:00:00,2011,11,4,4,4,572857.1428571428,572866.6666666666,556444.4444444445,0.0104895104895104,0.0087476238382224
1320656400000,575000,2011-11-07 09:00:00,2011-11-07 09:00:00,2011,11,7,0,4,572857.1428571428,572866.6666666666,557411.1111111111,-0.005190311418685,0.0082164401537936
1320742800000,584000,2011-11-08 09:00:00,2011-11-08 09:00:00,2011,11,8,1,4,573428.5714285715,573166.6666666666,558444.4444444445,0.0156521739130435,0.0086971835881188
1320829200000,583000,2011-11-09 09:00:00,2011-11-09 09:00:00,2011,11,9,2,4,574857.1428571428,573433.3333333334,559433.3333333334,-0.0017123287671232,0.0087065610922845
1320915600000,576000,2011-11-10 09:00:00,2011-11-10 09:00:00,2011,11,10,3,4,576428.5714285715,573466.6666666666,560300.0,-0.0120068610634648,0.0090011940914391
1321000200000,573500,2011-11-11 08:30:00,2011-11-11 08:30:00,2011,11,11,4,4,577357.1428571428,573416.6666666666,561061.1111111111,-0.0043402777777777,0.0090376151040083
1321006500000,579500,2011-11-11 10:15:00,2011-11-11 10:15:00,2011,11,11,4,4,578428.5714285715,573733.3333333334,561900.0,0.010462074978204,0.0090822042537423
1321260300000,588000,2011-11-14 08:45:00,2011-11-14 08:45:00,2011,11,14,0,4,579857.1428571428,574166.6666666666,562822.2222222222,0.0146678170836929,0.0093258578872313
1321346400000,580000,2011-11-15 08:40:00,2011-11-15 08:40:00,2011,11,15,1,4,580571.4285714285,574433.3333333334,563611.1111111111,-0.0136054421768707,0.0096327928539007
1321431600000,582000,2011-11-16 08:20:00,2011-11-16 08:20:00,2011,11,16,2,4,580285.7142857143,574700.0,564466.6666666666,0.0034482758620688,0.0096322809103635
1321517700000,580000,2011-11-17 08:15:00,2011-11-17 08:15:00,2011,11,17,3,4,579857.1428571428,574866.6666666666,565266.6666666666,-0.0034364261168384,0.0096557436369998
1321609200000,572000,2011-11-18 09:40:00,2011-11-18 09:40:00,2011,11,18,4,4,579285.7142857143,574766.6666666666,566011.1111111111,-0.0137931034482758,0.0099946218831002
1321863600000,572000,2011-11-21 08:20:00,2011-11-21 08:20:00,2011,11,21,0,4,579071.4285714285,574500.0,566688.8888888889,0.0,0.00985507751846
1321950000000,565000,2011-11-22 08:20:00,2011-11-22 08:20:00,2011,11,22,1,4,577000.0,574133.3333333334,567288.8888888889,-0.0122377622377621,0.010023008556978
1322035200000,570000,2011-11-23 08:00:00,2011-11-23 08:00:00,2011,11,23,2,4,574428.5714285715,573800.0,567933.3333333334,0.0088495575221239,0.0100783001171709
1322121600000,570000,2011-11-24 08:00:00,2011-11-24 08:00:00,2011,11,24,3,4,573000.0,573633.3333333334,568611.1111111111,0.0,0.0099619004966499
1322179200000,573000,2011-11-25 00:00:00,2011-11-25 00:00:00,2011,11,25,4,4,571714.2857142857,573566.6666666666,569311.1111111111,0.0052631578947368,0.0100125454678518
1322467800000,573000,2011-11-28 08:10:00,2011-11-28 08:10:00,2011,11,28,0,4,570714.2857142857,573633.3333333334,570011.1111111111,0.0,0.0099276975634207
1322554500000,580000,2011-11-29 08:15:00,2011-11-29 08:15:00,2011,11,29,1,4,571857.1428571428,573966.6666666666,570788.8888888889,0.012216404886562,0.0101595871572678
1322640600000,585000,2011-11-30 08:10:00,2011-11-30 08:10:00,2011,11,30,2,4,573714.2857142857,574533.3333333334,571533.3333333334,0.0086206896551723,0.0102303158769112
1322727300000,587000,2011-12-01 08:15:00,2011-12-01 08:15:00,2011,12,1,3,4,576857.1428571428,575266.6666666666,572255.5555555555,0.0034188034188034,0.0101682324240707
1322813700000,578000,2011-12-02 08:15:00,2011-12-02 08:15:00,2011,12,2,4,4,578000.0,575533.3333333334,572944.4444444445,-0.0153321976149914,0.0105040303613426
1323072900000,584000,2011-12-05 08:15:00,2011-12-05 08:15:00,2011,12,5,0,4,580000.0,576333.3333333334,573655.5555555555,0.0103806228373701,0.0100768578105224
1323160200000,572000,2011-12-06 08:30:00,2011-12-06 08:30:00,2011,12,6,1,4,579857.1428571428,576400.0,574122.2222222222,-0.0205479452054794,0.0103560973202601
1323245400000,573000,2011-12-07 08:10:00,2011-12-07 08:10:00,2011,12,7,2,4,579857.1428571428,576333.3333333334,574555.5555555555,0.0017482517482516,0.0102335639510539
1323332400000,576000,2011-12-08 08:20:00,2011-12-08 08:20:00,2011,12,8,3,4,579285.7142857143,576200.0,574955.5555555555,0.0052356020942407,0.0101505811116244
1323419400000,570000,2011-12-09 08:30:00,2011-12-09 08:30:00,2011,12,9,4,4,577142.8571428572,576100.0,575200.0,-0.0104166666666666,0.0100881423857387
1323678600000,569000,2011-12-12 08:30:00,2011-12-12 08:30:00,2011,12,12,0,4,574571.4285714285,576233.3333333334,575355.5555555555,-0.0017543859649122,0.0097513925703721
1323765000000,566000,2011-12-13 08:30:00,2011-12-13 08:30:00,2011,12,13,1,4,572857.1428571428,576200.0,575500.0,-0.0052724077328646,0.0097825254090277
1323852000000,562000,2011-12-14 08:40:00,2011-12-14 08:40:00,2011,12,14,2,4,569714.2857142857,575866.6666666666,575488.8888888889,-0.0070671378091873,0.0097177565914973
1323936600000,559000,2011-12-15 08:10:00,2011-12-15 08:10:00,2011,12,15,3,4,567857.1428571428,575233.3333333334,575588.8888888889,-0.0053380782918149,0.0095259471383193
1324023300000,650000,2011-12-16 08:15:00,2011-12-16 08:15:00,2011,12,16,4,4,578857.1428571428,577733.3333333334,576766.6666666666,0.1627906976744186,0.0313622850920505
1324023600000,560000,2011-12-16 08:20:00,2011-12-16 08:20:00,2011,12,16,4,4,576571.4285714285,576933.3333333334,576911.1111111111,-0.1384615384615384,0.0407072391106468
1324284300000,564000,2011-12-19 08:45:00,2011-12-19 08:45:00,2011,12,19,0,4,575714.2857142857,576300.0,577022.2222222222,0.0071428571428571,0.040731048543288
1324339200000,565000,2011-12-20 00:00:00,2011-12-20 00:00:00,2011,12,20,1,4,575142.8571428572,575933.3333333334,577100.0,0.00177304964539,0.0406722748277058
1324455300000,569000,2011-12-21 08:15:00,2011-12-21 08:15:00,2011,12,21,2,4,575571.4285714285,575783.3333333334,577200.0,0.0070796460176991,0.0406822674211218
1324542600000,568000,2011-12-22 08:30:00,2011-12-22 08:30:00,2011,12,22,3,4,576428.5714285715,575400.0,577177.7777777778,-0.0017574692442882,0.0406405247585318
1324628100000,567000,2011-12-23 08:15:00,2011-12-23 08:15:00,2011,12,23,4,4,577571.4285714285,574700.0,577088.8888888889,-0.0017605633802817,0.0405483248358464
1324974600000,563000,2011-12-27 08:30:00,2011-12-27 08:30:00,2011,12,27,1,4,565142.8571428572,574133.3333333334,576844.4444444445,-0.0070546737213403,0.0404925104171585
1325061000000,563000,2011-12-28 08:30:00,2011-12-28 08:30:00,2011,12,28,2,4,565571.4285714285,573500.0,576500.0,0.0,0.0404866652915328
1325146200000,557000,2011-12-29 08:10:00,2011-12-29 08:10:00,2011,12,29,3,4,564571.4285714285,572733.3333333334,576288.8888888889,-0.0106571936056838,0.0405272517775069
1325233800000,555000,2011-12-30 08:30:00,2011-12-30 08:30:00,2011,12,30,4,4,563142.8571428572,572166.6666666666,576322.2222222222,-0.0035906642728904,0.0404551585886176
1325462400000,555000,2012-01-02 00:00:00,2012-01-02 00:00:00,2012,1,2,0,1,561142.8571428572,571600.0,576311.1111111111,0.0,0.0404551585886176
1325548800000,559000,2012-01-03 00:00:00,2012-01-03 00:00:00,2012,1,3,1,1,559857.1428571428,571400.0,576133.3333333334,0.0072072072072071,0.0404117927245712
1325665800000,565000,2012-01-04 08:30:00,2012-01-04 08:30:00,2012,1,4,2,1,559571.4285714285,571233.3333333334,575855.5555555555,0.0107334525939177,0.0404267979515194
1325721600000,566000,2012-01-05 00:00:00,2012-01-05 00:00:00,2012,1,5,3,1,560000.0,571100.0,575588.8888888889,0.0017699115044247,0.0404273547266448
1325808000000,567000,2012-01-06 00:00:00,2012-01-06 00:00:00,2012,1,6,4,1,560571.4285714285,570900.0,575333.3333333334,0.0017667844522968,0.0404183246598213
1326097800000,565000,2012-01-09 08:30:00,2012-01-09 08:30:00,2012,1,9,0,1,561714.2857142857,570633.3333333334,575200.0,-0.0035273368606701,0.0404247460161877
1326184200000,566000,2012-01-10 08:30:00,2012-01-10 08:30:00,2012,1,10,1,1,563285.7142857143,570166.6666666666,574933.3333333334,0.0017699115044247,0.0403636084344082
1326270600000,570000,2012-01-11 08:30:00,2012-01-11 08:30:00,2012,1,11,2,1,565428.5714285715,569666.6666666666,574733.3333333334,0.0070671378091873,0.0403531135312972
1326357000000,571000,2012-01-12 08:30:00,2012-01-12 08:30:00,2012,1,12,3,1,567142.8571428572,569133.3333333334,574655.5555555555,0.0017543859649122,0.0403492691734367
1326443400000,572000,2012-01-13 08:30:00,2012-01-13 08:30:00,2012,1,13,4,1,568142.8571428572,568933.3333333334,574522.2222222222,0.0017513134851139,0.0402479484945123
1326702600000,565000,2012-01-16 08:30:00,2012-01-16 08:30:00,2012,1,16,0,1,568000.0,568300.0,574266.6666666666,-0.0122377622377621,0.0402668785477465
1326789000000,566000,2012-01-17 08:30:00,2012-01-17 08:30:00,2012,1,17,1,1,567857.1428571428,568100.0,573955.5555555555,0.0017699115044247,0.0400861985646691
1326844800000,567000,2012-01-18 00:00:00,2012-01-18 00:00:00,2012,1,18,2,1,568142.8571428572,567900.0,573655.5555555555,0.0017667844522968,0.0400862199547479
1326961800000,564000,2012-01-19 08:30:00,2012-01-19 08:30:00,2012,1,19,3,1,567857.1428571428,567500.0,573477.7777777778,-0.0052910052910053,0.0400886498345308
1327048200000,559000,2012-01-20 08:30:00,2012-01-20 08:30:00,2012,1,20,4,1,566285.7142857143,567133.3333333334,573066.6666666666,-0.0088652482269503,0.0400756606203391
1327393800000,559000,2012-01-24 08:30:00,2012-01-24 08:30:00,2012,1,24,1,1,564571.4285714285,566800.0,572722.2222222222,0.0,0.0400741157928558
1327480200000,557000,2012-01-25 08:30:00,2012-01-25 08:30:00,2012,1,25,2,1,562428.5714285715,566500.0,572188.8888888889,-0.0035778175313059,0.0400673657970506
1327566600000,571000,2012-01-26 08:30:00,2012-01-26 08:30:00,2012,1,26,3,1,563285.7142857143,566800.0,571922.2222222222,0.0251346499102333,0.0402957715865215
1327653000000,572000,2012-01-27 08:30:00,2012-01-27 08:30:00,2012,1,27,4,1,564142.8571428572,567233.3333333334,571777.7777777778,0.0017513134851139,0.0402762514389407
1327911300000,573000,2012-01-30 08:15:00,2012-01-30 08:15:00,2012,1,30,0,1,565000.0,564666.6666666666,571755.5555555555,0.0017482517482516,0.0263774955796618
1328000400000,570000,2012-01-31 09:00:00,2012-01-31 09:00:00,2012,1,31,1,1,565857.1428571428,565000.0,571700.0,-0.0052356020942407,0.0070981953583616
1328083200000,571000,2012-02-01 08:00:00,2012-02-01 08:00:00,2012,2,1,2,1,567571.4285714285,565233.3333333334,571655.5555555555,0.0017543859649122,0.0069947212322616
1328169600000,574000,2012-02-02 08:00:00,2012-02-02 08:00:00,2012,2,2,3,1,569714.2857142857,565533.3333333334,571644.4444444445,0.0052539404553415,0.0070463667132905
1328256000000,569000,2012-02-03 08:00:00,2012-02-03 08:00:00,2012,2,3,4,1,571428.5714285715,565533.3333333334,571577.7777777778,-0.0087108013937282,0.0071311048156427
1328269500000,573000,2012-02-03 11:45:00,2012-02-03 11:45:00,2012,2,3,4,1,571714.2857142857,565700.0,571611.1111111111,0.0070298769771528,0.0072351013385043
1328517000000,565000,2012-02-06 08:30:00,2012-02-06 08:30:00,2012,2,6,0,1,570714.2857142857,565633.3333333334,571500.0,-0.0139616055846422,0.0076848771298274
1328605200000,564000,2012-02-07 09:00:00,2012-02-07 09:00:00,2012,2,7,1,1,569428.5714285715,565666.6666666666,571411.1111111111,-0.0017699115044247,0.0075795558758933
1328689800000,570000,2012-02-08 08:30:00,2012-02-08 08:30:00,2012,2,8,2,1,569428.5714285715,565900.0,571366.6666666666,0.0106382978723404,0.0078203851353029
1328776200000,568000,2012-02-09 08:30:00,2012-02-09 08:30:00,2012,2,9,3,1,569000.0,566266.6666666666,571288.8888888889,-0.0035087719298245,0.0075756319017521
1328862000000,566000,2012-02-10 08:20:00,2012-02-10 08:20:00,2012,2,10,4,1,567857.1428571428,566633.3333333334,571188.8888888889,-0.0035211267605633,0.0075742907621267
1329121800000,570000,2012-02-13 08:30:00,2012-02-13 08:30:00,2012,2,13,0,1,568000.0,567133.3333333334,571077.7777777778,0.0070671378091873,0.0076617417973154
1329210000000,570000,2012-02-14 09:00:00,2012-02-14 09:00:00,2012,2,14,1,1,567571.4285714285,567500.0,571011.1111111111,0.0,0.0075701718256306
1329292800000,570000,2012-02-15 08:00:00,2012-02-15 08:00:00,2012,2,15,2,1,568285.7142857143,567666.6666666666,570900.0,0.0,0.0073282892644894
1329379200000,572000,2012-02-16 08:00:00,2012-02-16 08:00:00,2012,2,16,3,1,569428.5714285715,567866.6666666666,570866.6666666666,0.0035087719298245,0.0073470088315389
1329467400000,572000,2012-02-17 08:30:00,2012-02-17 08:30:00,2012,2,17,4,1,569714.2857142857,568033.3333333334,570833.3333333334,0.0,0.0073425685405157
1329726600000,576000,2012-02-20 08:30:00,2012-02-20 08:30:00,2012,2,20,0,1,570857.1428571428,568400.0,570888.8888888889,0.006993006993007,0.0074035232427788
1329813000000,576000,2012-02-21 08:30:00,2012-02-21 08:30:00,2012,2,21,1,1,572285.7142857143,568733.3333333334,570955.5555555555,0.0,0.0074015021383532
1329899400000,581000,2012-02-22 08:30:00,2012-02-22 08:30:00,2012,2,22,2,1,573857.1428571428,569100.0,571100.0,0.0086805555555555,0.007455699573154
1329985800000,588000,2012-02-23 08:30:00,2012-02-23 08:30:00,2012,2,23,3,1,576428.5714285715,569666.6666666666,571355.5555555555,0.0120481927710842,0.0077390925187154
1330072200000,589000,2012-02-24 08:30:00,2012-02-24 08:30:00,2012,2,24,4,1,579142.8571428572,570233.3333333334,571566.6666666666,0.0017006802721089,0.0077389301684849
1330331400000,588000,2012-02-27 08:30:00,2012-02-27 08:30:00,2012,2,27,0,1,581428.5714285715,571000.0,571877.7777777778,-0.0016977928692699,0.007346263778768
1330417800000,588000,2012-02-28 08:30:00,2012-02-28 08:30:00,2012,2,28,1,1,583714.2857142857,571733.3333333334,572077.7777777778,0.0,0.007349938362532
1330504200000,592000,2012-02-29 08:30:00,2012-02-29 08:30:00,2012,2,29,2,1,586000.0,572566.6666666666,572266.6666666666,0.0068027210884353,0.0074182076847891
1330590600000,578000,2012-03-01 08:30:00,2012-03-01 08:30:00,2012,3,1,3,1,586285.7142857143,573033.3333333334,572244.4444444445,-0.0236486486486486,0.0086497153714013
1330677000000,579000,2012-03-02 08:30:00,2012-03-02 08:30:00,2012,3,2,4,1,586000.0,573700.0,572311.1111111111,0.0017301038062282,0.0084532698066802
1330936200000,578000,2012-03-05 08:30:00,2012-03-05 08:30:00,2012,3,5,0,1,584571.4285714285,574333.3333333334,572455.5555555555,-0.0017271157167529,0.0084676424177349
1331021700000,577000,2012-03-06 08:15:00,2012-03-06 08:15:00,2012,3,6,1,1,582857.1428571428,575000.0,572566.6666666666,-0.0017301038062284,0.0084387430528659
1331110800000,573000,2012-03-07 09:00:00,2012-03-07 09:00:00,2012,3,7,2,1,580714.2857142857,575066.6666666666,572577.7777777778,-0.0069324090121317,0.0072512960952257
1331195400000,575000,2012-03-08 08:30:00,2012-03-08 08:30:00,2012,3,8,3,1,578857.1428571428,575166.6666666666,572544.4444444445,0.0034904013961605,0.0072715275074434
1331280900000,577000,2012-03-09 08:15:00,2012-03-09 08:15:00,2012,3,9,4,1,576714.2857142857,575300.0,572566.6666666666,0.0034782608695651,0.0072910623653478
1331542800000,578000,2012-03-12 09:00:00,2012-03-12 09:00:00,2012,3,12,0,1,576714.2857142857,575566.6666666666,572500.0,0.0017331022530329,0.0072206818226984
1331627400000,576000,2012-03-13 08:30:00,2012-03-13 08:30:00,2012,3,13,1,1,576285.7142857143,575733.3333333334,572422.2222222222,-0.0034602076124568,0.0072518929792512
1331715600000,571000,2012-03-14 09:00:00,2012-03-14 09:00:00,2012,3,14,2,1,575285.7142857143,575633.3333333334,572366.6666666666,-0.0086805555555555,0.0073700163942271
1331800200000,567000,2012-03-15 08:30:00,2012-03-15 08:30:00,2012,3,15,3,1,573857.1428571428,575566.6666666666,572294.4444444445,-0.0070052539404553,0.0073080055574484
1331886600000,570000,2012-03-16 08:30:00,2012-03-16 08:30:00,2012,3,16,4,1,573428.5714285715,575466.6666666666,572188.8888888889,0.0052910052910053,0.0072562892525365
1332115200000,571000,2012-03-19 00:00:00,2012-03-19 00:00:00,2012,3,19,0,1,572857.1428571428,575666.6666666666,572000.0,0.0017543859649122,0.0067761544529518
1332234000000,571500,2012-03-20 09:00:00,2012-03-20 09:00:00,2012,3,20,1,1,572071.4285714285,575916.6666666666,571905.5555555555,0.0008756567425569,0.0067644894562492
1332320400000,569000,2012-03-21 09:00:00,2012-03-21 09:00:00,2012,3,21,2,1,570785.7142857143,575883.3333333334,571761.1111111111,-0.0043744531933508,0.0065372487283211
1332403200000,570000,2012-03-22 08:00:00,2012-03-22 08:00:00,2012,3,22,3,1,569928.5714285715,575950.0,571650.0,0.0017574692442883,0.0065114841983487
1332750600000,573000,2012-03-26 08:30:00,2012-03-26 08:30:00,2012,3,26,0,1,570214.2857142857,576183.3333333334,571661.1111111111,0.0052631578947368,0.0065387252793656
1332838800000,579000,2012-03-27 09:00:00,2012-03-27 09:00:00,2012,3,27,1,1,571928.5714285715,576483.3333333334,571738.8888888889,0.0104712041884815,0.0066857458952327
1332923400000,579000,2012-03-28 08:30:00,2012-03-28 08:30:00,2012,3,28,2,1,573214.2857142857,576783.3333333334,571894.4444444445,0.0,0.0066857458952327
1333008000000,576000,2012-03-29 08:00:00,2012-03-29 08:00:00,2012,3,29,3,1,573928.5714285715,576983.3333333334,571961.1111111111,-0.005181347150259,0.0067667194472747
1333098000000,576000,2012-03-30 09:00:00,2012-03-30 09:00:00,2012,3,30,4,1,574571.4285714285,577116.6666666666,572027.7777777778,0.0,0.0067408953656428
1333355400000,579000,2012-04-02 08:30:00,2012-04-02 08:30:00,2012,4,2,0,2,576000.0,577350.0,572094.4444444445,0.0052083333333332,0.006800920184488
1333443600000,579000,2012-04-03 09:00:00,2012-04-03 09:00:00,2012,4,3,1,2,577285.7142857143,577450.0,572161.1111111111,0.0,0.0066870355892464
1333526400000,574000,2012-04-04 08:00:00,2012-04-04 08:00:00,2012,4,4,2,2,577428.5714285715,577383.3333333334,572094.4444444445,-0.008635578583765,0.0068788298269068
1333614600000,568000,2012-04-05 08:30:00,2012-04-05 08:30:00,2012,4,5,3,2,575857.1428571428,576950.0,571905.5555555555,-0.0104529616724738,0.0069241790850871
1333962000000,574000,2012-04-09 09:00:00,2012-04-09 09:00:00,2012,4,9,0,2,575142.8571428572,576483.3333333334,571761.1111111111,0.0105633802816902,0.0068344109288387
1334048400000,574000,2012-04-10 09:00:00,2012-04-10 09:00:00,2012,4,10,1,2,574857.1428571428,575983.3333333334,571716.6666666666,0.0,0.0068201614911045
1334131200000,574000,2012-04-11 08:00:00,2012-04-11 08:00:00,2012,4,11,2,2,574571.4285714285,575516.6666666666,571605.5555555555,0.0,0.0068198156757316
1334219400000,575000,2012-04-12 08:30:00,2012-04-12 08:30:00,2012,4,12,3,2,574000.0,575083.3333333334,571638.8888888889,0.0017421602787457,0.0068340917951138
1334307600000,577000,2012-04-13 09:00:00,2012-04-13 09:00:00,2012,4,13,4,2,573714.2857142857,574583.3333333334,571683.3333333334,0.0034782608695651,0.0067340879007377
1334564100000,568000,2012-04-16 08:15:00,2012-04-16 08:15:00,2012,4,16,0,2,572857.1428571428,574250.0,571594.4444444445,-0.0155979202772963,0.005902599572442
1334651400000,567000,2012-04-17 08:30:00,2012-04-17 08:30:00,2012,4,17,1,2,572714.2857142857,573850.0,571561.1111111111,-0.0017605633802817,0.0058901951556871
1334736000000,567000,2012-04-18 08:00:00,2012-04-18 08:00:00,2012,4,18,2,2,571714.2857142857,573483.3333333334,571538.8888888889,0.0,0.00588805844962
1334824200000,570000,2012-04-19 08:30:00,2012-04-19 08:30:00,2012,4,19,3,2,571142.8571428572,573250.0,571583.3333333334,0.0052910052910053,0.0059813536121425
1335169800000,564500,2012-04-23 08:30:00,2012-04-23 08:30:00,2012,4,23,0,2,569785.7142857143,572966.6666666666,571611.1111111111,-0.0096491228070175,0.0061031545153424
1335256200000,564500,2012-04-24 08:30:00,2012-04-24 08:30:00,2012,4,24,1,2,568285.7142857143,572616.6666666666,571672.2222222222,0.0,0.0060579572355955
1335340800000,565000,2012-04-25 08:00:00,2012-04-25 08:00:00,2012,4,25,2,2,566571.4285714285,572216.6666666666,570727.7777777778,0.0008857395925598,0.0060161753602745
1335429000000,565000,2012-04-26 08:30:00,2012-04-26 08:30:00,2012,4,26,3,2,566142.8571428572,571783.3333333334,570783.3333333334,0.0,0.0060004776457688
1335513600000,565500,2012-04-27 08:00:00,2012-04-27 08:00:00,2012,4,27,4,2,565928.5714285715,571433.3333333334,570800.0,0.0008849557522123,0.0059849884775414
1335774600000,565000,2012-04-30 08:30:00,2012-04-30 08:30:00,2012,4,30,0,2,565642.8571428572,571233.3333333334,570800.0,-0.0008841732979664,0.0057878432503747
1335861000000,563000,2012-05-01 08:30:00,2012-05-01 08:30:00,2012,5,1,1,2,564642.8571428572,571100.0,570733.3333333334,-0.0035398230088495,0.0056837904671022
1335946800000,559000,2012-05-02 08:20:00,2012-05-02 08:20:00,2012,5,2,2,2,563857.1428571428,570733.3333333334,570633.3333333334,-0.0071047957371225,0.0057197736028454
1336033800000,555000,2012-05-03 08:30:00,2012-05-03 08:30:00,2012,5,3,3,2,562500.0,570200.0,570500.0,-0.0071556350626118,0.0058219218246655
1336118400000,554000,2012-05-04 08:00:00,2012-05-04 08:00:00,2012,5,4,4,2,560928.5714285715,569616.6666666666,570400.0,-0.0018018018018017,0.0058137958232797
1336136400000,555000,2012-05-04 13:00:00,2012-05-04 13:00:00,2012,5,4,4,2,559500.0,569150.0,570311.1111111111,0.0018050541516245,0.0058002944221444
1336377600000,558000,2012-05-07 08:00:00,2012-05-07 08:00:00,2012,5,7,0,2,558428.5714285715,568750.0,570322.2222222222,0.0054054054054053,0.0058935450149772
1336464000000,558000,2012-05-08 08:00:00,2012-05-08 08:00:00,2012,5,8,1,2,557428.5714285715,568250.0,570355.5555555555,0.0,0.0057875375396868
1336550400000,554000,2012-05-09 08:00:00,2012-05-09 08:00:00,2012,5,9,2,2,556142.8571428572,567416.6666666666,570344.4444444445,-0.0071684587813619,0.0054839335452642
1336608000000,552000,2012-05-10 00:00:00,2012-05-10 00:00:00,2012,5,10,3,2,555142.8571428572,566516.6666666666,570266.6666666666,-0.0036101083032491,0.00549049655219
1336636800000,554000,2012-05-10 08:00:00,2012-05-10 08:00:00,2012,5,10,3,2,555000.0,565783.3333333334,570144.4444444445,0.0036231884057971,0.0055263284547332
1336638600000,552000,2012-05-10 08:30:00,2012-05-10 08:30:00,2012,5,10,3,2,554714.2857142857,564983.3333333334,569988.8888888889,-0.0036101083032491,0.0055367355471609
1336723200000,553000,2012-05-11 08:00:00,2012-05-11 08:00:00,2012,5,11,4,2,554428.5714285715,564116.6666666666,569833.3333333334,0.0018115942028984,0.0054305919044384
1336982400000,553000,2012-05-14 08:00:00,2012-05-14 08:00:00,2012,5,14,0,2,553714.2857142857,563250.0,569700.0,0.0,0.0054305919044384
1336982700000,553000,2012-05-14 08:05:00,2012-05-14 08:05:00,2012,5,14,0,2,553000.0,562550.0,569555.5555555555,0.0,0.0052665921194789
1337040000000,553000,2012-05-15 00:00:00,2012-05-15 00:00:00,2012,5,15,1,2,552857.1428571428,562050.0,569366.6666666666,0.0,0.0049728296189951
1337155200000,549500,2012-05-16 08:00:00,2012-05-16 08:00:00,2012,5,16,2,2,552500.0,561233.3333333334,569127.7777777778,-0.0063291139240506,0.0045727124751336
1337589000000,552500,2012-05-21 08:30:00,2012-05-21 08:30:00,2012,5,21,0,2,552285.7142857143,560516.6666666666,568911.1111111111,0.0054595086442219,0.0047377720231306
1337589600000,552500,2012-05-21 08:40:00,2012-05-21 08:40:00,2012,5,21,0,2,552357.1428571428,559800.0,568772.2222222222,0.0,0.0047377720231306
1337675400000,552500,2012-05-22 08:30:00,2012-05-22 08:30:00,2012,5,22,1,2,552285.7142857143,559050.0,568622.2222222222,0.0,0.0047102918009658
1337760000000,550500,2012-05-23 08:00:00,2012-05-23 08:00:00,2012,5,23,2,2,551928.5714285715,558166.6666666666,568438.8888888889,-0.0036199095022624,0.004638746423353
1337846400000,550500,2012-05-24 08:00:00,2012-05-24 08:00:00,2012,5,24,3,2,551571.4285714285,557583.3333333334,568288.8888888889,0.0,0.0038107893328328
1337932800000,550500,2012-05-25 08:00:00,2012-05-25 08:00:00,2012,5,25,4,2,551214.2857142857,557033.3333333334,568194.4444444445,0.0,0.0038127952572858
1337933100000,550500,2012-05-25 08:05:00,2012-05-25 08:05:00,2012,5,25,4,2,551357.1428571428,556483.3333333334,568100.0,0.0,0.0038127952572858
1338192000000,552000,2012-05-28 08:00:00,2012-05-28 08:00:00,2012,5,28,0,2,551285.7142857143,555883.3333333334,568044.4444444445,0.0027247956403269,0.0036942699834689
1338278400000,555000,2012-05-29 08:00:00,2012-05-29 08:00:00,2012,5,29,1,2,551642.8571428572,555566.6666666666,567866.6666666666,0.0054347826086955,0.0035070349843892
1338364800000,551000,2012-05-30 08:00:00,2012-05-30 08:00:00,2012,5,30,2,2,551428.5714285715,555116.6666666666,567633.3333333334,-0.0072072072072072,0.0037084487475061
1338451200000,556000,2012-05-31 08:00:00,2012-05-31 08:00:00,2012,5,31,3,2,552214.2857142857,554816.6666666666,567444.4444444445,0.0090744101633393,0.0041157819128695
1338537600000,555000,2012-06-01 08:00:00,2012-06-01 08:00:00,2012,6,1,4,2,552857.1428571428,554483.3333333334,567277.7777777778,-0.0017985611510791,0.0041209380426457
1338796800000,563000,2012-06-04 08:00:00,2012-06-04 08:00:00,2012,6,4,0,2,554642.8571428572,554400.0,567188.8888888889,0.0144144144144144,0.0049453998558885
1338882000000,565000,2012-06-05 07:40:00,2012-06-05 07:40:00,2012,6,5,1,2,556714.2857142857,554400.0,567088.8888888889,0.0035523978685612,0.0049883996457771
1338968400000,565000,2012-06-06 07:40:00,2012-06-06 07:40:00,2012,6,6,2,2,558571.4285714285,554466.6666666666,567044.4444444445,0.0,0.0049431485570615
1339054800000,565000,2012-06-07 07:40:00,2012-06-07 07:40:00,2012,6,7,3,2,560000.0,554666.6666666666,566955.5555555555,0.0,0.0047510394827979
1339141200000,560000,2012-06-08 07:40:00,2012-06-08 07:40:00,2012,6,8,4,2,561285.7142857143,554833.3333333334,566900.0,-0.0088495575221239,0.0048525057618372
1339401600000,565000,2012-06-11 08:00:00,2012-06-11 08:00:00,2012,6,11,0,2,562571.4285714285,555200.0,566911.1111111111,0.0089285714285713,0.0050815145616419
1339488000000,561000,2012-06-12 08:00:00,2012-06-12 08:00:00,2012,6,12,1,2,563428.5714285715,555400.0,566811.1111111111,-0.0070796460176991,0.0052684304765539
1339574400000,563000,2012-06-13 08:00:00,2012-06-13 08:00:00,2012,6,13,2,2,563428.5714285715,555566.6666666666,566755.5555555555,0.0035650623885918,0.0052182754814585
1339660800000,564000,2012-06-14 08:00:00,2012-06-14 08:00:00,2012,6,14,3,2,563285.7142857143,555766.6666666666,566733.3333333334,0.0017761989342806,0.0052247030816143
1339747200000,566000,2012-06-15 08:00:00,2012-06-15 08:00:00,2012,6,15,4,2,563428.5714285715,556166.6666666666,566688.8888888889,0.00354609929078,0.0050550971210603
1340005500000,566000,2012-06-18 07:45:00,2012-06-18 07:45:00,2012,6,18,0,2,563571.4285714285,556633.3333333334,566644.4444444445,0.0,0.0049908556332917
1340093700000,567000,2012-06-19 08:15:00,2012-06-19 08:15:00,2012,6,19,1,2,564571.4285714285,557066.6666666666,566611.1111111111,0.0017667844522968,0.0049667005697506
1340179200000,565000,2012-06-20 08:00:00,2012-06-20 08:00:00,2012,6,20,2,2,564571.4285714285,557500.0,566533.3333333334,-0.0035273368606701,0.004964197013717
1340265600000,563000,2012-06-21 08:00:00,2012-06-21 08:00:00,2012,6,21,3,2,564857.1428571428,557833.3333333334,566433.3333333334,-0.0035398230088495,0.0050219627937346
1340352000000,557000,2012-06-22 08:00:00,2012-06-22 08:00:00,2012,6,22,4,2,564000.0,557966.6666666666,566222.2222222222,-0.0106571936056838,0.0054271638480277
1340612400000,557000,2012-06-25 08:20:00,2012-06-25 08:20:00,2012,6,25,0,2,563000.0,558100.0,566011.1111111111,0.0,0.0054271638480277
1340697600000,559000,2012-06-26 08:00:00,2012-06-26 08:00:00,2012,6,26,1,2,562000.0,558300.0,565766.6666666666,0.0035906642728904,0.0054608470113274
1340784000000,558000,2012-06-27 08:00:00,2012-06-27 08:00:00,2012,6,27,2,2,560857.1428571428,558583.3333333334,565433.3333333334,-0.0017889087656529,0.0053300137745317
1340870400000,558000,2012-06-28 08:00:00,2012-06-28 08:00:00,2012,6,28,3,2,559571.4285714285,558766.6666666666,565088.8888888889,0.0,0.0052483190246614
1340956800000,555000,2012-06-29 08:00:00,2012-06-29 08:00:00,2012,6,29,4,2,558142.8571428572,558850.0,564722.2222222222,-0.0053763440860215,0.0053512364621038
1341217200000,562000,2012-07-02 08:20:00,2012-07-02 08:20:00,2012,7,2,0,3,558000.0,559166.6666666666,564433.3333333334,0.0126126126126127,0.0058133809016432
1341302400000,558000,2012-07-03 08:00:00,2012-07-03 08:00:00,2012,7,3,1,3,558142.8571428572,559416.6666666666,564055.5555555555,-0.0071174377224199,0.0059344210999652
1341390300000,565000,2012-07-04 08:25:00,2012-07-04 08:25:00,2012,7,4,2,3,559285.7142857143,559900.0,563911.1111111111,0.0125448028673835,0.0063291435152066
1341475200000,560000,2012-07-05 08:00:00,2012-07-05 08:00:00,2012,7,5,3,3,559428.5714285715,560216.6666666666,563700.0,-0.0088495575221239,0.0065733918166294
1341561600000,559000,2012-07-06 08:00:00,2012-07-06 08:00:00,2012,7,6,4,3,559571.4285714285,560500.0,563488.8888888889,-0.0017857142857142,0.0065870021170812
1341820800000,555000,2012-07-09 08:00:00,2012-07-09 08:00:00,2012,7,9,0,3,559142.8571428572,560600.0,563244.4444444445,-0.0071556350626118,0.0067192539723854
1341909000000,556000,2012-07-10 08:30:00,2012-07-10 08:30:00,2012,7,10,1,3,559285.7142857143,560633.3333333334,563055.5555555555,0.0018018018018017,0.0066541239639273
1341964800000,555000,2012-07-11 00:00:00,2012-07-11 00:00:00,2012,7,11,2,3,558285.7142857143,560766.6666666666,562833.3333333334,-0.0017985611510791,0.0065217919776701
1342081200000,554000,2012-07-12 08:20:00,2012-07-12 08:20:00,2012,7,12,3,3,557714.2857142857,560700.0,562577.7777777778,-0.0018018018018017,0.0063139948678032
1342167000000,551000,2012-07-13 08:10:00,2012-07-13 08:10:00,2012,7,13,4,3,555714.2857142857,560566.6666666666,562277.7777777778,-0.0054151624548736,0.0063816893857675
1342167300000,551000,2012-07-13 08:15:00,2012-07-13 08:15:00,2012,7,13,4,3,554428.5714285715,560166.6666666666,562000.0,0.0,0.005753462863491
1342396800000,559000,2012-07-16 00:00:00,2012-07-16 00:00:00,2012,7,16,0,3,554428.5714285715,559966.6666666666,561866.6666666666,0.014519056261343,0.0063505029723331
1342483200000,559000,2012-07-17 00:00:00,2012-07-17 00:00:00,2012,7,17,1,3,555000.0,559766.6666666666,561777.7777777778,0.0,0.0063505029723331
1342569600000,555000,2012-07-18 00:00:00,2012-07-18 00:00:00,2012,7,18,2,3,554857.1428571428,559433.3333333334,561611.1111111111,-0.0071556350626118,0.0064706772238926
1342684800000,551000,2012-07-19 08:00:00,2012-07-19 08:00:00,2012,7,19,3,3,554285.7142857143,559133.3333333334,561388.8888888889,-0.0072072072072072,0.0064048684136166
1342771200000,554000,2012-07-20 08:00:00,2012-07-20 08:00:00,2012,7,20,4,3,554285.7142857143,558766.6666666666,561194.4444444445,0.0054446460980035,0.0062575299500607
1343031000000,554000,2012-07-23 08:10:00,2012-07-23 08:10:00,2012,7,23,0,3,554714.2857142857,558533.3333333334,561027.7777777778,0.0,0.0061385184309906
1343088000000,554000,2012-07-24 00:00:00,2012-07-24 00:00:00,2012,7,24,1,3,555142.8571428572,558233.3333333334,560850.0,0.0,0.0060934488009176
1343203200000,555000,2012-07-25 08:00:00,2012-07-25 08:00:00,2012,7,25,2,3,554571.4285714285,557933.3333333334,560650.0,0.0018050541516245,0.00609382587264
1343291400000,560000,2012-07-26 08:30:00,2012-07-26 08:30:00,2012,7,26,3,3,554714.2857142857,557733.3333333334,560438.8888888889,0.0090090090090089,0.006297675171401
1343378700000,564000,2012-07-27 08:45:00,2012-07-27 08:45:00,2012,7,27,4,3,556000.0,557666.6666666666,560272.2222222222,0.0071428571428571,0.006444140056233
1343635200000,565000,2012-07-30 08:00:00,2012-07-30 08:00:00,2012,7,30,0,3,558000.0,557600.0,560150.0,0.00177304964539,0.0064442026736531
1343723400000,565000,2012-07-31 08:30:00,2012-07-31 08:30:00,2012,7,31,1,3,559571.4285714285,557600.0,560027.7777777778,0.0,0.0064115668893229
1343807400000,562000,2012-08-01 07:50:00,2012-08-01 07:50:00,2012,8,1,2,3,560714.2857142857,557566.6666666666,559838.8888888889,-0.0053097345132743,0.0064534571847439
1343896200000,561000,2012-08-02 08:30:00,2012-08-02 08:30:00,2012,8,2,3,3,561714.2857142857,557700.0,559638.8888888889,-0.001779359430605,0.0061459966142175
1343982600000,559000,2012-08-03 08:30:00,2012-08-03 08:30:00,2012,8,3,4,3,562285.7142857143,557766.6666666666,559472.2222222222,-0.0035650623885917,0.0061854713798867
1344241200000,562000,2012-08-06 08:20:00,2012-08-06 08:20:00,2012,8,6,0,3,562571.4285714285,557866.6666666666,559405.5555555555,0.0053667262969587,0.0062280109049343
1344326400000,563000,2012-08-07 08:00:00,2012-08-07 08:00:00,2012,8,7,1,3,562428.5714285715,558033.3333333334,559283.3333333334,0.001779359430605,0.0062228451572091
1344412800000,563000,2012-08-08 08:00:00,2012-08-08 08:00:00,2012,8,8,2,3,562142.8571428572,558200.0,559161.1111111111,0.0,0.0062228451572091
1344499800000,563000,2012-08-09 08:10:00,2012-08-09 08:10:00,2012,8,9,3,3,561857.1428571428,558466.6666666666,559038.8888888889,0.0,0.0061299805765087
1344588600000,562000,2012-08-10 08:50:00,2012-08-10 08:50:00,2012,8,10,4,3,561857.1428571428,558466.6666666666,558894.4444444445,-0.0017761989342806,0.0056967973957973
1344844800000,563000,2012-08-13 08:00:00,2012-08-13 08:00:00,2012,8,13,0,3,562142.8571428572,558633.3333333334,558738.8888888889,0.001779359430605,0.0055421361970243
1344931200000,560000,2012-08-14 08:00:00,2012-08-14 08:00:00,2012,8,14,1,3,562285.7142857143,558466.6666666666,558650.0,-0.0053285968028419,0.0051269283906785
1345017000000,558000,2012-08-15 07:50:00,2012-08-15 07:50:00,2012,8,15,2,3,561714.2857142857,558400.0,558550.0,-0.0035714285714285,0.004908759834185
1345104000000,558000,2012-08-16 08:00:00,2012-08-16 08:00:00,2012,8,16,3,3,561000.0,558366.6666666666,558450.0,0.0,0.0048985259153389
1345707900000,570000,2012-08-23 07:45:00,2012-08-23 07:45:00,2012,8,23,3,3,562000.0,558866.6666666666,558450.0,0.021505376344086,0.0061097026198048
1345795200000,574000,2012-08-24 08:00:00,2012-08-24 08:00:00,2012,8,24,4,3,563571.4285714285,559466.6666666666,558555.5555555555,0.0070175438596491,0.0062094315632197
1346056200000,575500,2012-08-27 08:30:00,2012-08-27 08:30:00,2012,8,27,0,3,565500.0,560150.0,558677.7777777778,0.0026132404181185,0.0061910956382398
1346112000000,572000,2012-08-28 00:00:00,2012-08-28 00:00:00,2012,8,28,1,3,566785.7142857143,560750.0,558755.5555555555,-0.0060816681146829,0.006311463891663
1346228100000,572500,2012-08-29 08:15:00,2012-08-29 08:15:00,2012,8,29,2,3,568571.4285714285,561466.6666666666,558838.8888888889,0.0008741258741258,0.0061914016706941
1346314800000,570000,2012-08-30 08:20:00,2012-08-30 08:20:00,2012,8,30,3,3,570285.7142857143,562100.0,558888.8888888889,-0.0043668122270742,0.0062736860317528
1346400000000,571000,2012-08-31 08:00:00,2012-08-31 08:00:00,2012,8,31,4,3,572142.8571428572,562500.0,558955.5555555555,0.0017543859649122,0.005746383810559
1346659200000,581000,2012-09-03 08:00:00,2012-09-03 08:00:00,2012,9,3,0,3,573714.2857142857,563233.3333333334,559155.5555555555,0.0175131348511383,0.0065092256859442
1346746500000,583000,2012-09-04 08:15:00,2012-09-04 08:15:00,2012,9,4,1,3,575000.0,564166.6666666666,559422.2222222222,0.0034423407917383,0.0063188597026651
1346832900000,583000,2012-09-05 08:15:00,2012-09-05 08:15:00,2012,9,5,2,3,576071.4285714285,565233.3333333334,559733.3333333334,0.0,0.0061033965143481
1346918400000,583000,2012-09-06 08:00:00,2012-09-06 08:00:00,2012,9,6,3,3,577642.8571428572,566200.0,560055.5555555555,0.0,0.0060752873489535
1347004800000,584000,2012-09-07 08:00:00,2012-09-07 08:00:00,2012,9,7,4,3,579285.7142857143,567200.0,560377.7777777778,0.0017152658662091,0.0060666081618149
1347265200000,599000,2012-09-10 08:20:00,2012-09-10 08:20:00,2012,9,10,0,3,583428.5714285715,568700.0,560833.3333333334,0.0256849315068492,0.0074596520891471
1347351300000,596000,2012-09-11 08:15:00,2012-09-11 08:15:00,2012,9,11,1,3,587000.0,570066.6666666666,561255.5555555555,-0.0050083472454089,0.0075883446975199
1347436800000,596000,2012-09-12 08:00:00,2012-09-12 08:00:00,2012,9,12,2,3,589142.8571428572,571266.6666666666,561722.2222222222,0.0,0.0074957277099337
1347525000000,595200,2012-09-13 08:30:00,2012-09-13 08:30:00,2012,9,13,3,3,590885.7142857143,572306.6666666666,562202.2222222222,-0.0013422818791946,0.0074591063631796
1347610500000,607200,2012-09-14 08:15:00,2012-09-14 08:15:00,2012,9,14,4,3,594342.8571428572,573713.3333333334,562793.3333333334,0.0201612903225807,0.008175931972048
1347868500000,608200,2012-09-17 07:55:00,2012-09-17 07:55:00,2012,9,17,0,3,597942.8571428572,575153.3333333334,563417.7777777778,0.0016469038208168,0.0081645332157142
1347955200000,596200,2012-09-18 08:00:00,2012-09-18 08:00:00,2012,9,18,1,3,599685.7142857143,576293.3333333334,563897.7777777778,-0.0197303518579414,0.0090193821874004
1348041600000,601200,2012-09-19 08:00:00,2012-09-19 08:00:00,2012,9,19,2,3,600000.0,577633.3333333334,564433.3333333334,0.0083864475008386,0.0090629614149117
1348099200000,605200,2012-09-20 00:00:00,2012-09-20 00:00:00,2012,9,20,3,3,601314.2857142857,579173.3333333334,565013.3333333334,0.006653359946773,0.0090249689575243
1348214400000,604200,2012-09-21 08:00:00,2012-09-21 08:00:00,2012,9,21,4,3,602485.7142857143,580580.0,565582.2222222222,-0.0016523463317911,0.0090441354068057
1348473600000,604200,2012-09-24 08:00:00,2012-09-24 08:00:00,2012,9,24,0,3,603771.4285714285,581953.3333333334,566190.0,0.0,0.009054551965943
1348560000000,604200,2012-09-25 08:00:00,2012-09-25 08:00:00,2012,9,25,1,3,603342.8571428572,583326.6666666666,566764.4444444445,0.0,0.009054551965943
1348645500000,604200,2012-09-26 07:45:00,2012-09-26 07:45:00,2012,9,26,2,3,602771.4285714285,584700.0,567338.8888888889,0.0,0.009054551965943
1348732800000,604200,2012-09-27 08:00:00,2012-09-27 08:00:00,2012,9,27,3,3,603914.2857142857,586106.6666666666,567913.3333333334,0.0,0.0090321068904205
1348790400000,610200,2012-09-28 00:00:00,2012-09-28 00:00:00,2012,9,28,4,3,605200.0,587680.0,568576.6666666666,0.0099304865938429,0.0091331015609893
1349078400000,605200,2012-10-01 08:00:00,2012-10-01 08:00:00,2012,10,1,0,4,605200.0,589186.6666666666,569184.4444444445,-0.0081940347427073,0.0092346737629783
1349164800000,609200,2012-10-02 08:00:00,2012-10-02 08:00:00,2012,10,2,1,4,605914.2857142857,590893.3333333334,569836.6666666666,0.0066093853271644,0.0091857922801486
1349222400000,607200,2012-10-03 00:00:00,2012-10-03 00:00:00,2012,10,3,2,4,606342.8571428572,592533.3333333334,570466.6666666666,-0.0032829940906106,0.0092417931300637
1349308800000,609200,2012-10-04 00:00:00,2012-10-04 00:00:00,2012,10,4,3,4,607057.1428571428,593840.0,571102.2222222222,0.0032938076416337,0.0085469377024498
1349395200000,614200,2012-10-05 00:00:00,2012-10-05 00:00:00,2012,10,5,4,4,608485.7142857143,595180.0,571760.0,0.0082074852265265,0.0085725266926641
1349654400000,610200,2012-10-08 00:00:00,2012-10-08 00:00:00,2012,10,8,0,4,609342.8571428572,596336.6666666666,572417.7777777778,-0.0065125366330185,0.0087214363349395
1349740800000,609200,2012-10-09 00:00:00,2012-10-09 00:00:00,2012,10,9,1,4,609200.0,597576.6666666666,573008.8888888889,-0.0016388069485414,0.0086167398451826
1349827200000,606200,2012-10-10 00:00:00,2012-10-10 00:00:00,2012,10,10,2,4,609342.8571428572,598700.0,573577.7777777778,-0.0049244911359159,0.0087105968689088
1349913600000,606200,2012-10-11 00:00:00,2012-10-11 00:00:00,2012,10,11,3,4,608914.2857142857,599906.6666666666,574057.7777777778,0.0,0.0086376680138067
1350000000000,609200,2012-10-12 00:00:00,2012-10-12 00:00:00,2012,10,12,4,4,609200.0,601180.0,574548.8888888889,0.0049488617617947,0.0086530590063063
1350259200000,603200,2012-10-15 00:00:00,2012-10-15 00:00:00,2012,10,15,0,4,608342.8571428572,601920.0,574973.3333333334,-0.0098489822718319,0.0084219509034589
1350345600000,603200,2012-10-16 00:00:00,2012-10-16 00:00:00,2012,10,16,1,4,606771.4285714285,602593.3333333334,575397.7777777778,0.0,0.0084149897283934
1350432000000,606200,2012-10-17 00:00:00,2012-10-17 00:00:00,2012,10,17,2,4,606200.0,603366.6666666666,575911.1111111111,0.004973474801061,0.0084400962267505
1350549000000,604200,2012-10-18 08:30:00,2012-10-18 08:30:00,2012,10,18,3,4,605485.7142857143,604073.3333333334,576346.6666666666,-0.0032992411745298,0.0084795056642898
1350633600000,601200,2012-10-19 08:00:00,2012-10-19 08:00:00,2012,10,19,4,4,604771.4285714285,604646.6666666666,576793.3333333334,-0.0049652432969214,0.008553607298458
1350892800000,594200,2012-10-22 08:00:00,2012-10-22 08:00:00,2012,10,22,0,4,603057.1428571428,604486.6666666666,577140.0,-0.0116433799068529,0.0074880710235245
1350907200000,598200,2012-10-22 12:00:00,2012-10-22 12:00:00,2012,10,22,0,4,601485.7142857143,604560.0,577520.0,0.0067317401548299,0.0075369512879344
1350981000000,600200,2012-10-23 08:30:00,2012-10-23 08:30:00,2012,10,23,1,4,601057.1428571428,604700.0,577900.0,0.0033433634236041,0.0075593376095491
1351067400000,596200,2012-10-24 08:30:00,2012-10-24 08:30:00,2012,10,24,2,4,600057.1428571428,604733.3333333334,578235.5555555555,-0.0066644451849383,0.0076600595148663
1351152000000,596200,2012-10-25 08:00:00,2012-10-25 08:00:00,2012,10,25,3,4,598628.5714285715,604366.6666666666,578560.0,0.0,0.006656581304449
1351497600000,597200,2012-10-29 08:00:00,2012-10-29 08:00:00,2012,10,29,0,4,597628.5714285715,604000.0,578917.7777777778,0.0016772895001677,0.0066569353483509
1351584000000,595200,2012-10-30 08:00:00,2012-10-30 08:00:00,2012,10,30,1,4,596771.4285714285,603966.6666666666,579275.5555555555,-0.0033489618218351,0.0056242538519058
1351670400000,596200,2012-10-31 08:00:00,2012-10-31 08:00:00,2012,10,31,2,4,597057.1428571428,603800.0,579711.1111111111,0.0016801075268817,0.0054068298474951
1351756800000,599200,2012-11-01 08:00:00,2012-11-01 08:00:00,2012,11,1,3,4,597200.0,603600.0,580180.0,0.005031868500503,0.0053430216002484
1351844100000,599200,2012-11-02 08:15:00,2012-11-02 08:15:00,2012,11,2,4,4,597057.1428571428,603433.3333333334,580626.6666666666,0.0,0.0053373084616022
1352103300000,594200,2012-11-05 08:15:00,2012-11-05 08:15:00,2012,11,5,0,4,596771.4285714285,603100.0,581028.8888888889,-0.0083444592790387,0.0055368230748969
1352190600000,594200,2012-11-06 08:30:00,2012-11-06 08:30:00,2012,11,6,1,4,596485.7142857143,602766.6666666666,581431.1111111111,0.0,0.0055368230748969
1352246400000,598200,2012-11-07 00:00:00,2012-11-07 00:00:00,2012,11,7,2,4,596628.5714285715,602566.6666666666,581911.1111111111,0.0067317401548299,0.0056937042157351
1352289600000,602200,2012-11-07 12:00:00,2012-11-07 12:00:00,2012,11,7,2,4,597628.5714285715,602500.0,582357.7777777778,0.0066867268472083,0.0058356518609825
1352332800000,602200,2012-11-08 00:00:00,2012-11-08 00:00:00,2012,11,8,3,4,598485.7142857143,602233.3333333334,582848.8888888889,0.0,0.0055205593131057
1352419200000,605200,2012-11-09 00:00:00,2012-11-09 00:00:00,2012,11,9,4,4,599342.8571428572,602233.3333333334,583295.5555555555,0.0049817336433077,0.0054040545653678
1352707200000,606200,2012-11-12 08:00:00,2012-11-12 08:00:00,2012,11,12,0,4,600342.8571428572,602133.3333333334,583808.8888888889,0.0016523463317912,0.0052695537310148
1352797200000,602000,2012-11-13 09:00:00,2012-11-13 09:00:00,2012,11,13,1,4,601457.1428571428,601960.0,584286.6666666666,-0.0069284064665127,0.0053850298713575
1352797500000,602200,2012-11-13 09:05:00,2012-11-13 09:05:00,2012,11,13,1,4,602600.0,601726.6666666666,584811.1111111111,0.0003322259136213,0.0053443878377468
1352880000000,602200,2012-11-14 08:00:00,2012-11-14 08:00:00,2012,11,14,2,4,603171.4285714285,601326.6666666666,585324.4444444445,0.0,0.0050943115611268
1353312000000,599200,2012-11-19 08:00:00,2012-11-19 08:00:00,2012,11,19,0,4,602742.8571428572,600960.0,585815.5555555555,-0.0049817336433078,0.0050408989386194
1353398400000,602200,2012-11-20 08:00:00,2012-11-20 08:00:00,2012,11,20,1,4,602742.8571428572,600726.6666666666,586351.1111111111,0.0050066755674231,0.0051384674724691
1353484800000,602200,2012-11-21 08:00:00,2012-11-21 08:00:00,2012,11,21,2,4,602314.2857142857,600593.3333333334,586920.0,0.0,0.0050661830812987
1353571200000,602200,2012-11-22 08:00:00,2012-11-22 08:00:00,2012,11,22,3,4,601742.8571428572,600460.0,587488.8888888889,0.0,0.0050661830812987
1353657600000,602200,2012-11-23 08:00:00,2012-11-23 08:00:00,2012,11,23,4,4,601771.4285714285,600226.6666666666,587968.8888888889,0.0,0.00497216935793
1353888000000,606200,2012-11-26 00:00:00,2012-11-26 00:00:00,2012,11,26,0,4,602342.8571428572,600326.6666666666,588493.3333333334,0.0066423115244105,0.0047969552814018
1354005000000,606200,2012-11-27 08:30:00,2012-11-27 08:30:00,2012,11,27,1,4,602914.2857142857,600426.6666666666,589062.2222222222,0.0,0.0047969552814018
1354089600000,604200,2012-11-28 08:00:00,2012-11-28 08:00:00,2012,11,28,2,4,603628.5714285715,600360.0,589653.3333333334,-0.0032992411745298,0.0047492343193707
1354176000000,598200,2012-11-29 08:00:00,2012-11-29 08:00:00,2012,11,29,3,4,603057.1428571428,600160.0,590144.4444444445,-0.0099304865938431,0.0050482133730222
1354264200000,601200,2012-11-30 08:30:00,2012-11-30 08:30:00,2012,11,30,4,4,602914.2857142857,600160.0,590668.8888888889,0.0050150451354062,0.0050603904044
1354521600000,600200,2012-12-03 08:00:00,2012-12-03 08:00:00,2012,12,3,0,4,602628.5714285715,600360.0,591182.2222222222,-0.0016633399866933,0.0045722166949196
1354579200000,600200,2012-12-04 00:00:00,2012-12-04 00:00:00,2012,12,4,1,4,602342.8571428572,600426.6666666666,591684.4444444445,0.0,0.0044102888057015
1354665600000,597200,2012-12-05 00:00:00,2012-12-05 00:00:00,2012,12,5,2,4,601057.1428571428,600326.6666666666,592097.7777777778,-0.0049983338887037,0.0044627496618797
1354782000000,597200,2012-12-06 08:20:00,2012-12-06 08:20:00,2012,12,6,3,4,599771.4285714285,600360.0,592466.6666666666,0.0,0.0042902063723392
1354869000000,599200,2012-12-07 08:30:00,2012-12-07 08:30:00,2012,12,7,4,4,599057.1428571428,600460.0,592846.6666666666,0.0033489618218351,0.0043318313333663
1355097600000,602200,2012-12-10 00:00:00,2012-12-10 00:00:00,2012,12,10,0,4,599628.5714285715,600626.6666666666,593260.0,0.0050066755674231,0.0044134883455627
1355213700000,604200,2012-12-11 08:15:00,2012-12-11 08:15:00,2012,12,11,1,4,600057.1428571428,600926.6666666666,593728.8888888889,0.0033211557622052,0.0043919411899648
1355299200000,604200,2012-12-12 08:00:00,2012-12-12 08:00:00,2012,12,12,2,4,600628.5714285715,601193.3333333334,594208.8888888889,0.0,0.004387211774773
1355385600000,604200,2012-12-13 08:00:00,2012-12-13 08:00:00,2012,12,13,3,4,601200.0,601360.0,594711.1111111111,0.0,0.0043014976166309
1355473800000,599200,2012-12-14 08:30:00,2012-12-14 08:30:00,2012,12,14,4,4,601485.7142857143,601360.0,595124.4444444445,-0.0082754054948692,0.0045769906991363
1355731200000,601200,2012-12-17 08:00:00,2012-12-17 08:00:00,2012,12,17,0,4,602057.1428571428,601593.3333333334,595548.8888888889,0.0033377837116155,0.0043320824087346
1355819400000,602200,2012-12-18 08:30:00,2012-12-18 08:30:00,2012,12,18,1,4,602485.7142857143,601860.0,595984.4444444445,0.0016633399866932,0.0043374333373433
1355904000000,598200,2012-12-19 08:00:00,2012-12-19 08:00:00,2012,12,19,2,4,601914.2857142857,601860.0,596375.5555555555,-0.0066423115244105,0.0043573105374996
1355991300000,597200,2012-12-20 08:15:00,2012-12-20 08:15:00,2012,12,20,3,4,600914.2857142857,601693.3333333334,596766.6666666666,-0.001671681711802,0.0041791996273646
1356076800000,591200,2012-12-21 08:00:00,2012-12-21 08:00:00,2012,12,21,4,4,599057.1428571428,601326.6666666666,597080.0,-0.0100468854655056,0.0045435331048196
1356508800000,598200,2012-12-26 08:00:00,2012-12-26 08:00:00,2012,12,26,2,4,598200.0,601093.3333333334,597504.4444444445,0.0118403247631935,0.0049853726205308
1356595200000,601200,2012-12-27 08:00:00,2012-12-27 08:00:00,2012,12,27,3,4,598485.7142857143,600926.6666666666,597984.4444444445,0.0050150451354062,0.0050696340638628
1356681600000,604200,2012-12-28 08:00:00,2012-12-28 08:00:00,2012,12,28,4,4,598914.2857142857,601000.0,598497.7777777778,0.0049900199600798,0.0049957935220111
1357113600000,599200,2013-01-02 08:00:00,2013-01-02 08:00:00,2013,1,2,2,1,598485.7142857143,600900.0,598822.2222222222,-0.0082754054948692,0.0052258775081231
1357200000000,605200,2013-01-03 08:00:00,2013-01-03 08:00:00,2013,1,3,3,1,599485.7142857143,601000.0,599168.8888888889,0.0100133511348463,0.0055459774795015
1357286400000,597200,2013-01-04 08:00:00,2013-01-04 08:00:00,2013,1,4,4,1,599485.7142857143,600933.3333333334,599410.0,-0.0132187706543291,0.0059960008708866
1357546500000,601200,2013-01-07 08:15:00,2013-01-07 08:15:00,2013,1,7,0,1,600914.2857142857,600900.0,599734.4444444445,0.0066979236436703,0.0060532889052314
1357632600000,598200,2013-01-08 08:10:00,2013-01-08 08:10:00,2013,1,8,1,1,600914.2857142857,600766.6666666666,600020.0,-0.0049900199600798,0.0061204047935275
1357719600000,600200,2013-01-09 08:20:00,2013-01-09 08:20:00,2013,1,9,2,1,600771.4285714285,600700.0,600355.5555555555,0.0033433634236041,0.0061545913513547
1357804800000,597200,2013-01-10 08:00:00,2013-01-10 08:00:00,2013,1,10,3,1,599771.4285714285,600533.3333333334,600646.6666666666,-0.0049983338887037,0.0062193141643829
1357892400000,599200,2013-01-11 08:20:00,2013-01-11 08:20:00,2013,1,11,4,1,599771.4285714285,600300.0,600848.8888888889,0.0033489618218351,0.0061215922595278
1358153100000,598200,2013-01-14 08:45:00,2013-01-14 08:45:00,2013,1,14,0,1,598771.4285714285,600033.3333333334,601017.7777777778,-0.0016688918558077,0.0061257055130649
1358237700000,600200,2013-01-15 08:15:00,2013-01-15 08:15:00,2013,1,15,1,1,599200.0,599900.0,601208.8888888889,0.0033433634236041,0.0061382536522121
1358325000000,606200,2013-01-16 08:30:00,2013-01-16 08:30:00,2013,1,16,2,1,599914.2857142857,600166.6666666666,601466.6666666666,0.0099966677774074,0.006127511363809
1358411400000,603200,2013-01-17 08:30:00,2013-01-17 08:30:00,2013,1,17,3,1,600628.5714285715,600233.3333333334,601680.0,-0.0049488617617947,0.006142180791974
1358467200000,604200,2013-01-18 00:00:00,2013-01-18 00:00:00,2013,1,18,4,1,601200.0,600366.6666666666,601737.7777777778,0.0016578249336869,0.0061386918803622
1358756400000,604200,2013-01-21 08:20:00,2013-01-21 08:20:00,2013,1,21,0,1,602200.0,600500.0,601828.8888888889,0.0,0.0061386918803622
1358844600000,604200,2013-01-22 08:50:00,2013-01-22 08:50:00,2013,1,22,1,1,602914.2857142857,600733.3333333334,601920.0,0.0,0.0060589365760885
1358928000000,603200,2013-01-23 08:00:00,2013-01-23 08:00:00,2013,1,23,2,1,603628.5714285715,600933.3333333334,602008.8888888889,-0.0016550810989738,0.0060702879392762
1359101400000,600200,2013-01-25 08:10:00,2013-01-25 08:10:00,2013,1,25,4,1,603628.5714285715,600966.6666666666,601931.1111111111,-0.004973474801061,0.0061185379530277
1359360000000,599200,2013-01-28 08:00:00,2013-01-28 08:00:00,2013,1,28,0,1,602628.5714285715,600866.6666666666,601831.1111111111,-0.0016661112962346,0.0060539728843176
1359448200000,599200,2013-01-29 08:30:00,2013-01-29 08:30:00,2013,1,29,1,1,602057.1428571428,600700.0,601864.4444444445,0.0,0.0060185957254016
1359532800000,601200,2013-01-30 08:00:00,2013-01-30 08:00:00,2013,1,30,2,1,601628.5714285715,600600.0,601864.4444444445,0.0033377837116155,0.0060543022733967
1359619800000,603200,2013-01-31 08:10:00,2013-01-31 08:10:00,2013,1,31,3,1,601485.7142857143,600566.6666666666,601842.2222222222,0.0033266799733866,0.006087484401469
1359705600000,599200,2013-02-01 08:00:00,2013-02-01 08:00:00,2013,2,1,4,1,600771.4285714285,600566.6666666666,601786.6666666666,-0.0066312997347479,0.0060177635026075
1359965400000,599200,2013-02-04 08:10:00,2013-02-04 08:10:00,2013,2,4,0,1,600200.0,600500.0,601731.1111111111,0.0,0.0059850260841958
1360022400000,599200,2013-02-05 00:00:00,2013-02-05 00:00:00,2013,2,5,1,1,600057.1428571428,600400.0,601675.5555555555,0.0,0.0059758848209486
1360054260000,599200,2013-02-05 08:51:00,2013-02-05 08:51:00,2013,2,5,1,1,600057.1428571428,600433.3333333334,601620.0,0.0,0.0058487127647166
1360108800000,599200,2013-02-06 00:00:00,2013-02-06 00:00:00,2013,2,6,2,1,600057.1428571428,600500.0,601564.4444444445,0.0,0.005839481179862
1360195200000,600200,2013-02-07 00:00:00,2013-02-07 00:00:00,2013,2,7,3,1,599914.2857142857,600800.0,601453.3333333334,0.0016688918558076,0.005518491917802
1360281600000,600200,2013-02-08 00:00:00,2013-02-08 00:00:00,2013,2,8,4,1,599485.7142857143,600866.6666666666,601397.7777777778,0.0,0.0050874084823846
1360570800000,596200,2013-02-11 08:20:00,2013-02-11 08:20:00,2013,2,11,0,1,599057.1428571428,600700.0,601253.3333333334,-0.0066644451849383,0.0051467388843343
1360657800000,591200,2013-02-12 08:30:00,2013-02-12 08:30:00,2013,2,12,1,1,597914.2857142857,600266.6666666666,601075.5555555555,-0.0083864475008386,0.0052540392063788
1360741500000,592200,2013-02-13 07:45:00,2013-02-13 07:45:00,2013,2,13,2,1,596914.2857142857,600033.3333333334,600886.6666666666,0.0016914749661705,0.005071187953545
1360829700000,591200,2013-02-14 08:15:00,2013-02-14 08:15:00,2013,2,14,3,1,595771.4285714285,599566.6666666666,600631.1111111111,-0.0016886187098953,0.0046791423486185
1360915800000,590200,2013-02-15 08:10:00,2013-02-15 08:10:00,2013,2,15,4,1,594485.7142857143,599333.3333333334,600408.8888888889,-0.0016914749661705,0.0040529572394897
1361176200000,588200,2013-02-18 08:30:00,2013-02-18 08:30:00,2013,2,18,0,1,592771.4285714285,598900.0,600175.5555555555,-0.0033886818027787,0.0038588469855378
1361262000000,588200,2013-02-19 08:20:00,2013-02-19 08:20:00,2013,2,19,1,1,591057.1428571428,598566.6666666666,599975.5555555555,0.0,0.0037751357151362
1361348100000,587200,2013-02-20 08:15:00,2013-02-20 08:15:00,2013,2,20,2,1,589771.4285714285,598133.3333333334,599764.4444444445,-0.0017001020061203,0.003707239342618
1361434800000,581200,2013-02-21 08:20:00,2013-02-21 08:20:00,2013,2,21,3,1,588342.8571428572,597600.0,599453.3333333334,-0.0102179836512261,0.0040237788810404
1361522700000,582200,2013-02-22 08:45:00,2013-02-22 08:45:00,2013,2,22,4,1,586914.2857142857,597033.3333333334,599220.0,0.0017205781142464,0.0039752174199027
1361781000000,585200,2013-02-25 08:30:00,2013-02-25 08:30:00,2013,2,25,0,1,586057.1428571428,596600.0,599020.0,0.0051528684300927,0.004125039658937
1361868900000,587200,2013-02-26 08:55:00,2013-02-26 08:55:00,2013,2,26,1,1,585628.5714285715,596166.6666666666,598808.8888888889,0.0034176349965824,0.0041275863666691
1361953200000,592200,2013-02-27 08:20:00,2013-02-27 08:20:00,2013,2,27,2,1,586200.0,595700.0,598675.5555555555,0.0085149863760218,0.0040018649391157
1362039000000,590200,2013-02-28 08:10:00,2013-02-28 08:10:00,2013,2,28,3,1,586485.7142857143,595266.6666666666,598553.3333333334,-0.0033772374197905,0.0039553008276635
1362125700000,586200,2013-03-01 08:15:00,2013-03-01 08:15:00,2013,3,1,4,1,586342.8571428572,594666.6666666666,598464.4444444445,-0.0067773636055574,0.0040784566495114
1362384600000,586200,2013-03-04 08:10:00,2013-03-04 08:10:00,2013,3,4,0,1,587057.1428571428,594066.6666666666,598331.1111111111,0.0,0.0040784566495114
1362473100000,586200,2013-03-05 08:45:00,2013-03-05 08:45:00,2013,3,5,1,1,587628.5714285715,593466.6666666666,598175.5555555555,0.0,0.0040784566495114
1362558600000,586200,2013-03-06 08:30:00,2013-03-06 08:30:00,2013,3,6,2,1,587771.4285714285,592900.0,598064.4444444445,0.0,0.0040804775831768
1362643800000,586200,2013-03-07 08:10:00,2013-03-07 08:10:00,2013,3,7,3,1,587628.5714285715,592433.3333333334,597953.3333333334,0.0,0.0040115895376186
1362729300000,586200,2013-03-08 07:55:00,2013-03-08 07:55:00,2013,3,8,4,1,586771.4285714285,592000.0,597831.1111111111,0.0,0.0040104122027684
1362988800000,584200,2013-03-11 08:00:00,2013-03-11 08:00:00,2013,3,11,0,1,585914.2857142857,591500.0,597708.8888888889,-0.0034118048447628,0.0040374841812394
1363161600000,585200,2013-03-13 08:00:00,2013-03-13 08:00:00,2013,3,13,2,1,585771.4285714285,590966.6666666666,597586.6666666666,0.0017117425539199,0.0039901464946188
1363249800000,584000,2013-03-14 08:30:00,2013-03-14 08:30:00,2013,3,14,3,1,585457.1428571428,590326.6666666666,597417.7777777778,-0.0020505809979494,0.0039142029579725
1363305600000,584000,2013-03-15 00:00:00,2013-03-15 00:00:00,2013,3,15,4,1,585142.8571428572,589820.0,597248.8888888889,0.0,0.0037740633731714
1363594800000,581000,2013-03-18 08:20:00,2013-03-18 08:20:00,2013,3,18,0,1,584400.0,589213.3333333334,597102.2222222222,-0.0051369863013698,0.0038499764120937
1363681800000,582000,2013-03-19 08:30:00,2013-03-19 08:30:00,2013,3,19,1,1,583800.0,588640.0,596966.6666666666,0.0017211703958692,0.0038784268724684
1363767600000,583000,2013-03-20 08:20:00,2013-03-20 08:20:00,2013,3,20,2,1,583342.8571428572,588100.0,596797.7777777778,0.0017182130584192,0.0039057298916893
1363855500000,581000,2013-03-21 08:45:00,2013-03-21 08:45:00,2013,3,21,3,1,582885.7142857143,587493.3333333334,596562.2222222222,-0.0034305317324184,0.003928448528303
1363942800000,582000,2013-03-22 09:00:00,2013-03-22 09:00:00,2013,3,22,4,1,582428.5714285715,586886.6666666666,596337.7777777778,0.0017211703958692,0.0039296938914972
1364198400000,579000,2013-03-25 08:00:00,2013-03-25 08:00:00,2013,3,25,0,1,581714.2857142857,586180.0,596046.6666666666,-0.0051546391752577,0.0039957643234566
1364288400000,577000,2013-03-26 09:00:00,2013-03-26 09:00:00,2013,3,26,1,1,580714.2857142857,585540.0,595722.2222222222,-0.003454231433506,0.0038855747017807
1364372400000,577000,2013-03-27 08:20:00,2013-03-27 08:20:00,2013,3,27,2,1,580142.8571428572,585066.6666666666,595444.4444444445,0.0,0.00363567090971
1364459700000,577000,2013-03-28 08:35:00,2013-03-28 08:35:00,2013,3,28,3,1,579428.5714285715,584560.0,595164.4444444445,0.0,0.0036086568324497
1364774400000,574000,2013-04-01 00:00:00,2013-04-01 00:00:00,2013,4,1,0,2,578142.8571428572,583986.6666666666,594851.1111111111,-0.0051993067590987,0.0036924033144065
1364893200000,574000,2013-04-02 09:00:00,2013-04-02 09:00:00,2013,4,2,1,2,577142.8571428572,583446.6666666666,594571.1111111111,0.0,0.0036940324593396
1364976900000,571000,2013-04-03 08:15:00,2013-04-03 08:15:00,2013,4,3,2,2,575571.4285714285,582873.3333333334,594224.4444444445,-0.0052264808362368,0.003751168181109
1365062400000,569000,2013-04-04 08:00:00,2013-04-04 08:00:00,2013,4,4,3,2,574142.8571428572,582233.3333333334,593855.5555555555,-0.0035026269702276,0.0037739907043455
1365148800000,566000,2013-04-05 08:00:00,2013-04-05 08:00:00,2013,4,5,4,2,572571.4285714285,581526.6666666666,593453.3333333334,-0.0052724077328646,0.0038492266146168
1365410400000,569000,2013-04-08 08:40:00,2013-04-08 08:40:00,2013,4,8,0,2,571428.5714285715,581120.0,593084.4444444445,0.0053003533568904,0.0036347715189531
1365495900000,567000,2013-04-09 08:25:00,2013-04-09 08:25:00,2013,4,9,1,2,570000.0,580613.3333333334,592648.8888888889,-0.0035149384885764,0.0036402015160205
1365583200000,568000,2013-04-10 08:40:00,2013-04-10 08:40:00,2013,4,10,2,2,569142.8571428572,580040.0,592224.4444444445,0.001763668430335,0.0034964277537798
1365669000000,564000,2013-04-11 08:30:00,2013-04-11 08:30:00,2013,4,11,3,2,567714.2857142857,579266.6666666666,591777.7777777778,-0.0070422535211267,0.0035628468725439
1365754200000,565000,2013-04-12 08:10:00,2013-04-12 08:10:00,2013,4,12,4,2,566857.1428571428,578360.0,591408.8888888889,0.00177304964539,0.0031029605614601
1366012800000,563000,2013-04-15 08:00:00,2013-04-15 08:00:00,2013,4,15,0,2,566000.0,577453.3333333334,590984.4444444445,-0.0035398230088495,0.0031063814952455
1366102800000,561000,2013-04-16 09:00:00,2013-04-16 09:00:00,2013,4,16,1,2,565285.7142857143,576613.3333333334,590548.8888888889,-0.0035523978685613,0.0029727767707179
1366187400000,561000,2013-04-17 08:30:00,2013-04-17 08:30:00,2013,4,17,2,2,564142.8571428572,575773.3333333334,590113.3333333334,0.0,0.0029727767707179
1366272900000,561000,2013-04-18 08:15:00,2013-04-18 08:15:00,2013,4,18,3,2,563285.7142857143,574933.3333333334,589711.1111111111,0.0,0.0029727767707179
1366359300000,561000,2013-04-19 08:15:00,2013-04-19 08:15:00,2013,4,19,4,2,562285.7142857143,574093.3333333334,589308.8888888889,0.0,0.0029727767707179
1366619400000,551000,2013-04-22 08:30:00,2013-04-22 08:30:00,2013,4,22,0,2,560428.5714285715,572920.0,588773.3333333334,-0.017825311942959,0.0041993812610708
1366706700000,555000,2013-04-23 08:45:00,2013-04-23 08:45:00,2013,4,23,1,2,559000.0,571880.0,588248.8888888889,0.0072595281306715,0.0045188044002304
1366792200000,555000,2013-04-24 08:30:00,2013-04-24 08:30:00,2013,4,24,2,2,557857.1428571428,570906.6666666666,587702.2222222222,0.0,0.0045200734001672
1366878300000,557000,2013-04-25 08:25:00,2013-04-25 08:25:00,2013,4,25,3,2,557285.7142857143,569966.6666666666,587177.7777777778,0.0036036036036035,0.004582054162339
1366963200000,557000,2013-04-26 08:00:00,2013-04-26 08:00:00,2013,4,26,4,2,556714.2857142857,569066.6666666666,586653.3333333334,0.0,0.0045909228966694
1367223600000,553000,2013-04-29 08:20:00,2013-04-29 08:20:00,2013,4,29,0,2,555571.4285714285,568033.3333333334,586140.0,-0.007181328545781,0.0046925317617614
1367311800000,553000,2013-04-30 08:50:00,2013-04-30 08:50:00,2013,4,30,1,2,554428.5714285715,567100.0,585604.4444444445,0.0,0.0046603971824368
1367397000000,552000,2013-05-01 08:30:00,2013-05-01 08:30:00,2013,5,1,2,2,554571.4285714285,566100.0,585046.6666666666,-0.0018083182640145,0.0046171123922219
1367483400000,550000,2013-05-02 08:30:00,2013-05-02 08:30:00,2013,5,2,3,2,553857.1428571428,565000.0,584511.1111111111,-0.0036231884057971,0.0045815230223143
1367568000000,551000,2013-05-03 08:00:00,2013-05-03 08:00:00,2013,5,3,4,2,553285.7142857143,564000.0,583997.7777777778,0.0018181818181817,0.0046222902888713
1367829000000,552000,2013-05-06 08:30:00,2013-05-06 08:30:00,2013,5,6,0,2,552571.4285714285,563000.0,583562.2222222222,0.0018148820326677,0.004624751663008
1367916600000,551000,2013-05-07 08:50:00,2013-05-07 08:50:00,2013,5,7,1,2,551714.2857142857,562066.6666666666,583037.7777777778,-0.0018115942028985,0.0045799994925093
1368001800000,549000,2013-05-08 08:30:00,2013-05-08 08:30:00,2013,5,8,2,2,551142.8571428572,561133.3333333334,582457.7777777778,-0.0036297640653357,0.0045825076647222
1368174000000,549000,2013-05-10 08:20:00,2013-05-10 08:20:00,2013,5,10,4,2,550571.4285714285,560200.0,581844.4444444445,0.0,0.0045825076647222
1368433800000,545000,2013-05-13 08:30:00,2013-05-13 08:30:00,2013,5,13,0,2,549571.4285714285,559133.3333333334,581242.2222222222,-0.0072859744990892,0.0046841787963076
1368521400000,543000,2013-05-14 08:50:00,2013-05-14 08:50:00,2013,5,14,1,2,548571.4285714285,558100.0,580551.1111111111,-0.0036697247706422,0.0046551437280564
1368606000000,539000,2013-05-15 08:20:00,2013-05-15 08:20:00,2013,5,15,2,2,546857.1428571428,556933.3333333334,579904.4444444445,-0.007366482504604,0.0047481802377275
1368690600000,537000,2013-05-16 07:50:00,2013-05-16 07:50:00,2013,5,16,3,2,544714.2857142857,555800.0,579191.1111111111,-0.0037105751391465,0.0047215761087583
1368780600000,532000,2013-05-17 08:50:00,2013-05-17 08:50:00,2013,5,17,4,2,542000.0,554566.6666666666,578455.5555555555,-0.0093109869646182,0.0048996293483532
1369039800000,532000,2013-05-20 08:50:00,2013-05-20 08:50:00,2013,5,20,0,2,539571.4285714285,553433.3333333334,577697.7777777778,0.0,0.0048811520325956
1369128000000,533000,2013-05-21 09:20:00,2013-05-21 09:20:00,2013,5,21,1,2,537285.7142857143,552233.3333333334,576984.4444444445,0.0018796992481202,0.0047414516129298
1369209600000,533000,2013-05-22 08:00:00,2013-05-22 08:00:00,2013,5,22,2,2,535571.4285714285,551100.0,576248.8888888889,0.0,0.0047503718839303
1369297200000,533000,2013-05-23 08:20:00,2013-05-23 08:20:00,2013,5,23,3,2,534142.8571428572,549933.3333333334,575524.4444444445,0.0,0.0047123321727478
1369382400000,536000,2013-05-24 08:00:00,2013-05-24 08:00:00,2013,5,24,4,2,533714.2857142857,549000.0,574811.1111111111,0.0056285178236397,0.0048213069599931
1369644300000,536000,2013-05-27 08:45:00,2013-05-27 08:45:00,2013,5,27,0,2,533571.4285714285,548033.3333333334,574031.1111111111,0.0,0.0047882138641705
1369731000000,536000,2013-05-28 08:50:00,2013-05-28 08:50:00,2013,5,28,1,2,534142.8571428572,547133.3333333334,573284.4444444445,0.0,0.0047860412531662
1369816200000,535000,2013-05-29 08:30:00,2013-05-29 08:30:00,2013,5,29,2,2,534571.4285714285,546266.6666666666,572515.5555555555,-0.001865671641791,0.0047725152360478
1369901400000,538000,2013-05-30 08:10:00,2013-05-30 08:10:00,2013,5,30,3,2,535285.7142857143,545500.0,571780.0,0.005607476635514,0.0049428719201696
1369989000000,539000,2013-05-31 08:30:00,2013-05-31 08:30:00,2013,5,31,4,2,536142.8571428572,544766.6666666666,571055.5555555555,0.0018587360594795,0.004972361178969
1370247600000,538000,2013-06-03 08:20:00,2013-06-03 08:20:00,2013,6,3,0,2,536857.1428571428,544000.0,570331.1111111111,-0.0018552875695733,0.004966904359606
1370335800000,541000,2013-06-04 08:50:00,2013-06-04 08:50:00,2013,6,4,1,2,537571.4285714285,543666.6666666666,569673.3333333334,0.0055762081784387,0.0040481370839126
1370420100000,539000,2013-06-05 08:15:00,2013-06-05 08:15:00,2013,6,5,2,2,538000.0,543133.3333333334,569004.4444444445,-0.0036968576709797,0.0038010855843056
1370592000000,542000,2013-06-07 08:00:00,2013-06-07 08:00:00,2013,6,7,4,2,538857.1428571428,542700.0,568368.8888888889,0.0055658627087198,0.0039814947856687
1370853000000,533000,2013-06-10 08:30:00,2013-06-10 08:30:00,2013,6,10,0,2,538571.4285714285,541900.0,567611.1111111111,-0.0166051660516605,0.004832501872833
1370941200000,533000,2013-06-11 09:00:00,2013-06-11 09:00:00,2013,6,11,1,2,537857.1428571428,541100.0,566831.1111111111,0.0,0.004832501872833
1371025800000,533000,2013-06-12 08:30:00,2013-06-12 08:30:00,2013,6,12,2,2,537000.0,540433.3333333334,566095.5555555555,0.0,0.0047155521029629
1371111600000,533000,2013-06-13 08:20:00,2013-06-13 08:20:00,2013,6,13,3,2,536285.7142857143,539766.6666666666,565360.0,0.0,0.0047155521029629
1371196800000,533000,2013-06-14 08:00:00,2013-06-14 08:00:00,2013,6,14,4,2,535142.8571428572,539133.3333333334,564624.4444444445,0.0,0.0047192801205963
1371457800000,533000,2013-06-17 08:30:00,2013-06-17 08:30:00,2013,6,17,0,2,534285.7142857143,538566.6666666666,563888.8888888889,0.0,0.0047002886480328
1371544200000,533000,2013-06-18 08:30:00,2013-06-18 08:30:00,2013,6,18,1,2,533000.0,537966.6666666666,563153.3333333334,0.0,0.0046738747151987
1371630600000,532000,2013-06-19 08:30:00,2013-06-19 08:30:00,2013,6,19,2,2,532857.1428571428,537300.0,562395.5555555555,-0.0018761726078799,0.0046430896290641
1371717000000,528000,2013-06-20 08:30:00,2013-06-20 08:30:00,2013,6,20,3,2,532142.8571428572,536533.3333333334,561593.3333333334,-0.0075187969924812,0.0047830215045403
1371802800000,521000,2013-06-21 08:20:00,2013-06-21 08:20:00,2013,6,21,4,2,530428.5714285715,535600.0,560757.7777777778,-0.0132575757575758,0.0052384700726968
1372062000000,522000,2013-06-24 08:20:00,2013-06-24 08:20:00,2013,6,24,0,2,528857.1428571428,534700.0,559988.8888888889,0.0019193857965451,0.0052719431813423
1372149900000,518000,2013-06-25 08:45:00,2013-06-25 08:45:00,2013,6,25,1,2,526714.2857142857,533800.0,559164.4444444445,-0.007662835249042,0.005286225635941
1372234500000,518000,2013-06-26 08:15:00,2013-06-26 08:15:00,2013,6,26,2,2,524571.4285714285,532966.6666666666,558351.1111111111,0.0,0.0052810201354331
1372321800000,513000,2013-06-27 08:30:00,2013-06-27 08:30:00,2013,6,27,3,2,521714.28571428574,532100.0,557493.3333333334,-0.0096525096525096,0.0053832498747574
1372408200000,513000,2013-06-28 08:30:00,2013-06-28 08:30:00,2013,6,28,4,2,519000.0,531300.0,556657.7777777778,0.0,0.0053764816553516
1372668300000,513000,2013-07-01 08:45:00,2013-07-01 08:45:00,2013,7,1,0,3,516857.1428571429,530666.6666666666,555822.2222222222,0.0,0.005175552144229
1372753800000,514000,2013-07-02 08:30:00,2013-07-02 08:30:00,2013,7,2,1,3,515857.1428571429,530066.6666666666,555008.8888888889,0.0019493177387914,0.0052032799707083
1372839300000,514000,2013-07-03 08:15:00,2013-07-03 08:15:00,2013,7,3,2,3,514714.28571428574,529433.3333333334,554262.2222222222,0.0,0.005176995348181
1372925400000,515000,2013-07-04 08:10:00,2013-07-04 08:10:00,2013,7,4,3,3,514285.7142857143,528833.3333333334,553515.5555555555,0.0019455252918287,0.0052046081593962
1373008200000,514000,2013-07-05 07:10:00,2013-07-05 07:10:00,2013,7,5,4,3,513714.28571428574,528200.0,552724.4444444445,-0.0019417475728155,0.0052021269976656
1373272200000,512000,2013-07-08 08:30:00,2013-07-08 08:30:00,2013,7,8,0,3,513571.4285714286,527400.0,551888.8888888889,-0.0038910505836575,0.0050598798506381
1373357400000,512000,2013-07-09 08:10:00,2013-07-09 08:10:00,2013,7,9,1,3,513428.5714285714,526600.0,550997.7777777778,0.0,0.0050598798506381
1373444400000,513000,2013-07-10 08:20:00,2013-07-10 08:20:00,2013,7,10,2,3,513428.5714285714,525833.3333333334,550140.0,0.001953125,0.00509248360555
1373529600000,516000,2013-07-11 08:00:00,2013-07-11 08:00:00,2013,7,11,3,3,513714.28571428574,525200.0,549360.0,0.0058479532163742,0.0052625730248619
1373617200000,516000,2013-07-12 08:20:00,2013-07-12 08:20:00,2013,7,12,4,3,514000.0,524466.6666666666,548580.0,0.0,0.0051101487667306
1373875200000,516000,2013-07-15 08:00:00,2013-07-15 08:00:00,2013,7,15,0,3,514142.8571428572,523700.0,547800.0,0.0,0.0050807344663594
1373961300000,516000,2013-07-16 07:55:00,2013-07-16 07:55:00,2013,7,16,1,3,514428.5714285714,522966.6666666667,547020.0,0.0,0.0050867932299127
1374048000000,516000,2013-07-17 08:00:00,2013-07-17 08:00:00,2013,7,17,2,3,515000.0,522133.3333333333,546240.0,0.0,0.0049231610088931
1374135000000,514000,2013-07-18 08:10:00,2013-07-18 08:10:00,2013,7,18,3,3,515285.7142857143,521300.0,545437.7777777778,-0.003875968992248,0.0049259444963835
1374222300000,515000,2013-07-19 08:25:00,2013-07-19 08:25:00,2013,7,19,4,3,515571.4285714286,520400.0,544668.8888888889,0.0019455252918287,0.0047874990778739
1374483000000,521000,2013-07-22 08:50:00,2013-07-22 08:50:00,2013,7,22,0,3,516285.7142857143,520000.0,543955.5555555555,0.0116504854368932,0.0045243306294793
1374568200000,525000,2013-07-23 08:30:00,2013-07-23 08:30:00,2013,7,23,1,3,517571.4285714286,519733.3333333333,543300.0,0.0076775431861804,0.004778168322815
1374654300000,526000,2013-07-24 08:25:00,2013-07-24 08:25:00,2013,7,24,2,3,519000.0,519500.0,542655.5555555555,0.0019047619047618,0.0047975600090968
1374741300000,522000,2013-07-25 08:35:00,2013-07-25 08:35:00,2013,7,25,3,3,519857.1428571429,519133.3333333333,542000.0,-0.0076045627376425,0.0049718215798667
1374827700000,525000,2013-07-26 08:35:00,2013-07-26 08:35:00,2013,7,26,4,3,521142.8571428572,518866.6666666667,541366.6666666666,0.0057471264367816,0.0051079026641768
1375086600000,523000,2013-07-29 08:30:00,2013-07-29 08:30:00,2013,7,29,0,3,522428.5714285714,518533.3333333333,540700.0,-0.0038095238095238,0.0051425021755186
1375174500000,523000,2013-07-30 08:55:00,2013-07-30 08:55:00,2013,7,30,1,3,523571.4285714286,518200.0,540055.5555555555,0.0,0.0051425021755186
1375259400000,523000,2013-07-31 08:30:00,2013-07-31 08:30:00,2013,7,31,2,3,523857.1428571429,517900.0,539400.0,0.0,0.0051380842123117
1375346400000,523000,2013-08-01 08:40:00,2013-08-01 08:40:00,2013,8,1,3,3,523571.4285714286,517733.3333333333,538777.7777777778,0.0,0.0049672668501627
1375430400000,520000,2013-08-02 08:00:00,2013-08-02 08:00:00,2013,8,2,4,3,522714.28571428574,517700.0,538144.4444444445,-0.0057361376673039,0.0044543016086777
1376296800000,524000,2013-08-12 08:40:00,2013-08-12 08:40:00,2013,8,12,0,3,523000.0,517766.6666666667,537555.5555555555,0.0076923076923076,0.0046623534633464
1376382600000,524000,2013-08-13 08:30:00,2013-08-13 08:30:00,2013,8,13,1,3,522857.1428571429,517966.6666666667,536966.6666666666,0.0,0.0044240631441575
1376465400000,524000,2013-08-14 07:30:00,2013-08-14 07:30:00,2013,8,14,2,3,523000.0,518166.6666666667,536411.1111111111,0.0,0.0044240631441575
1376524800000,525000,2013-08-15 00:00:00,2013-08-15 00:00:00,2013,8,15,3,3,523285.7142857143,518566.6666666667,535866.6666666666,0.0019083969465649,0.0040022292847957
1376611200000,532000,2013-08-16 00:00:00,2013-08-16 00:00:00,2013,8,16,4,3,524571.4285714285,519200.0,535433.3333333334,0.0133333333333334,0.0046073479943375
1376899800000,541000,2013-08-19 08:10:00,2013-08-19 08:10:00,2013,8,19,0,3,527142.8571428572,520133.3333333333,535122.2222222222,0.0169172932330827,0.0054166730637642
1376988600000,540000,2013-08-20 08:50:00,2013-08-20 08:50:00,2013,8,20,1,3,530000.0,521000.0,534833.3333333334,-0.0018484288354898,0.0054569798267935
1377043200000,542000,2013-08-21 00:00:00,2013-08-21 00:00:00,2013,8,21,2,3,532571.4285714285,521933.3333333333,534533.3333333334,0.0037037037037037,0.0054600119160698
1377129600000,550000,2013-08-22 00:00:00,2013-08-22 00:00:00,2013,8,22,3,3,536285.7142857143,523100.0,534344.4444444445,0.014760147601476,0.0059521684302355
1377216000000,559000,2013-08-23 00:00:00,2013-08-23 00:00:00,2013,8,23,4,3,541285.7142857143,524600.0,534244.4444444445,0.0163636363636363,0.0064307932941475
1377475200000,564000,2013-08-26 00:00:00,2013-08-26 00:00:00,2013,8,26,0,3,546857.1428571428,526333.3333333334,534244.4444444445,0.0089445438282647,0.00639569929317
1377561600000,564000,2013-08-27 00:00:00,2013-08-27 00:00:00,2013,8,27,1,3,551428.5714285715,528066.6666666666,534233.3333333334,0.0,0.00639569929317
1377648000000,575000,2013-08-28 00:00:00,2013-08-28 00:00:00,2013,8,28,2,3,556285.7142857143,530133.3333333334,534366.6666666666,0.0195035460992907,0.0070429756948862
1377698400000,580000,2013-08-28 14:00:00,2013-08-28 14:00:00,2013,8,28,2,3,562000.0,532266.6666666666,534577.7777777778,0.0086956521739129,0.0070900852460598
1377734400000,593000,2013-08-29 00:00:00,2013-08-29 00:00:00,2013,8,29,3,3,569285.7142857143,534833.3333333334,534933.3333333334,0.0224137931034482,0.0078065169513594
1377820800000,578000,2013-08-30 00:00:00,2013-08-30 00:00:00,2013,8,30,4,3,573285.7142857143,536900.0,535122.2222222222,-0.0252951096121416,0.009509334703247
1378080000000,571000,2013-09-02 00:00:00,2013-09-02 00:00:00,2013,9,2,0,3,575000.0,538733.3333333334,535233.3333333334,-0.0121107266435985,0.0099256184654524
1378166400000,575000,2013-09-03 00:00:00,2013-09-03 00:00:00,2013,9,3,1,3,576571.4285714285,540700.0,535500.0,0.0070052539404552,0.0099245596199163
1378252800000,583000,2013-09-04 00:00:00,2013-09-04 00:00:00,2013,9,4,2,3,579285.7142857143,543000.0,535811.1111111111,0.0139130434782608,0.0099898098192804
1378339200000,579000,2013-09-05 00:00:00,2013-09-05 00:00:00,2013,9,5,3,3,579857.1428571428,545133.3333333334,536077.7777777778,-0.006861063464837,0.010187476646729
1378425600000,570000,2013-09-06 00:00:00,2013-09-06 00:00:00,2013,9,6,4,3,578428.5714285715,546766.6666666666,536222.2222222222,-0.0155440414507772,0.0106778751479452
1378684800000,581000,2013-09-09 00:00:00,2013-09-09 00:00:00,2013,9,9,0,3,576714.2857142857,548633.3333333334,536488.8888888889,0.0192982456140351,0.0110554219898616
1378771200000,578000,2013-09-10 00:00:00,2013-09-10 00:00:00,2013,9,10,1,3,576714.2857142857,550366.6666666666,536766.6666666666,-0.0051635111876076,0.0111641224325001
1378857600000,565000,2013-09-11 00:00:00,2013-09-11 00:00:00,2013,9,11,2,3,575857.1428571428,551800.0,536900.0,-0.0224913494809688,0.0119635021320281
1378944000000,572000,2013-09-12 00:00:00,2013-09-12 00:00:00,2013,9,12,3,3,575428.5714285715,553366.6666666666,537122.2222222222,0.0123893805309733,0.0120824951221426
1379030400000,559000,2013-09-13 00:00:00,2013-09-13 00:00:00,2013,9,13,4,3,572000.0,554566.6666666666,537222.2222222222,-0.0227272727272727,0.0129117200897537
1379289600000,552000,2013-09-16 00:00:00,2013-09-16 00:00:00,2013,9,16,0,3,568142.8571428572,555533.3333333334,537233.3333333334,-0.0125223613595706,0.0131881638765178
1379376000000,547000,2013-09-17 00:00:00,2013-09-17 00:00:00,2013,9,17,1,3,564857.1428571428,556333.3333333334,537177.7777777778,-0.0090579710144927,0.0133356640795695
1379462400000,545000,2013-09-18 00:00:00,2013-09-18 00:00:00,2013,9,18,2,3,559714.2857142857,557066.6666666666,537111.1111111111,-0.0036563071297989,0.0133672987487135
1379548800000,569000,2013-09-19 00:00:00,2013-09-19 00:00:00,2013,9,19,3,3,558428.5714285715,558700.0,537333.3333333334,0.0440366972477064,0.015380434968063
1379635200000,558000,2013-09-20 00:00:00,2013-09-20 00:00:00,2013,9,20,4,3,557428.5714285715,559833.3333333334,537433.3333333334,-0.0193321616871704,0.0158864794121618
1379894400000,549000,2013-09-23 00:00:00,2013-09-23 00:00:00,2013,9,23,0,3,554142.8571428572,560666.6666666666,537477.7777777778,-0.0161290322580645,0.0162333078839644
1379980800000,554000,2013-09-24 00:00:00,2013-09-24 00:00:00,2013,9,24,1,3,553428.5714285715,561666.6666666666,537600.0,0.0091074681238616,0.016285851211045
1380067200000,554000,2013-09-25 00:00:00,2013-09-25 00:00:00,2013,9,25,2,3,553714.2857142857,562633.3333333334,537766.6666666666,0.0,0.0162898880296614
1380153600000,558000,2013-09-26 00:00:00,2013-09-26 00:00:00,2013,9,26,3,3,555285.7142857143,563500.0,538000.0,0.0072202166064982,0.0161800797749314
1380240000000,555000,2013-09-27 00:00:00,2013-09-27 00:00:00,2013,9,27,4,3,556714.2857142857,563966.6666666666,538255.5555555555,-0.0053763440860215,0.0159684914014198
1380499200000,559000,2013-09-30 00:00:00,2013-09-30 00:00:00,2013,9,30,0,3,555285.7142857143,564600.0,538555.5555555555,0.0072072072072071,0.0159988471921668
1380585600000,558000,2013-10-01 00:00:00,2013-10-01 00:00:00,2013,10,1,1,4,555285.7142857143,565133.3333333334,538833.3333333334,-0.0017889087656529,0.0160015410070175
1380672000000,550000,2013-10-02 00:00:00,2013-10-02 00:00:00,2013,10,2,2,4,555428.5714285715,565133.3333333334,539022.2222222222,-0.014336917562724,0.0160264058272641
1380758400000,555000,2013-10-03 00:00:00,2013-10-03 00:00:00,2013,10,3,3,4,555571.4285714285,565000.0,539266.6666666666,0.009090909090909,0.0158260309720528
1380844800000,555000,2013-10-04 00:00:00,2013-10-04 00:00:00,2013,10,4,4,4,555714.2857142857,564700.0,539477.7777777778,0.0,0.0157333772768246
1381104000000,554000,2013-10-07 00:00:00,2013-10-07 00:00:00,2013,10,7,0,4,555142.8571428572,564366.6666666666,539677.7777777778,-0.0018018018018017,0.015735169291346
1381221000000,556000,2013-10-08 08:30:00,2013-10-08 08:30:00,2013,10,8,1,4,555285.7142857143,563733.3333333334,539900.0,0.0036101083032491,0.01530081081808
1381276800000,555000,2013-10-09 00:00:00,2013-10-09 00:00:00,2013,10,9,2,4,554714.2857142857,562900.0,540122.2222222222,-0.0017985611510791,0.0151909068352854
1381363200000,551000,2013-10-10 00:00:00,2013-10-10 00:00:00,2013,10,10,3,4,553714.2857142857,561500.0,540266.6666666666,-0.0072072072072072,0.0145413689700087
1381449600000,548000,2013-10-11 00:00:00,2013-10-11 00:00:00,2013,10,11,4,4,553428.5714285715,560500.0,540366.6666666666,-0.0054446460980036,0.0138984241412423
1381912200000,545000,2013-10-16 08:30:00,2013-10-16 08:30:00,2013,10,16,2,4,552000.0,559633.3333333334,540444.4444444445,-0.0054744525547445,0.0137790209395891
1381968000000,545000,2013-10-17 00:00:00,2013-10-17 00:00:00,2013,10,17,3,4,550571.4285714285,558633.3333333334,540488.8888888889,0.0,0.0136896637193695
1382054400000,558000,2013-10-18 00:00:00,2013-10-18 00:00:00,2013,10,18,4,4,551142.8571428572,557800.0,540700.0,0.0238532110091742,0.0141915470029989
1382313600000,556000,2013-10-21 00:00:00,2013-10-21 00:00:00,2013,10,21,0,4,551142.8571428572,557033.3333333334,540855.5555555555,-0.003584229390681,0.0141603498242385
1382432400000,554000,2013-10-22 09:00:00,2013-10-22 09:00:00,2013,10,22,1,4,551000.0,556500.0,541088.8888888889,-0.0035971223021582,0.0139104028414194
1382486400000,556000,2013-10-23 00:00:00,2013-10-23 00:00:00,2013,10,23,2,4,551714.2857142857,555666.6666666666,541344.4444444445,0.0036101083032491,0.0134125930676906
1382572800000,552000,2013-10-24 00:00:00,2013-10-24 00:00:00,2013,10,24,3,4,552285.7142857143,554800.0,541555.5555555555,-0.0071942446043165,0.0134374537182754
1382659200000,556000,2013-10-25 00:00:00,2013-10-25 00:00:00,2013,10,25,4,4,553857.1428571428,554500.0,541811.1111111111,0.0072463768115942,0.0129183023624057
1382918400000,550000,2013-10-28 00:00:00,2013-10-28 00:00:00,2013,10,28,0,4,554571.4285714285,553766.6666666666,542000.0,-0.0107913669064748,0.0128163852544673
1383004800000,546000,2013-10-29 00:00:00,2013-10-29 00:00:00,2013,10,29,1,4,552857.1428571428,553333.3333333334,542144.4444444445,-0.0072727272727273,0.0122191050661185
1383091200000,543000,2013-10-30 00:00:00,2013-10-30 00:00:00,2013,10,30,2,4,551000.0,553033.3333333334,542255.5555555555,-0.0054945054945054,0.012051100919145
1383138000000,542000,2013-10-30 13:00:00,2013-10-30 13:00:00,2013,10,30,2,4,549285.7142857143,552866.6666666666,542366.6666666666,-0.001841620626151,0.0119455048029299
1383177600000,542000,2013-10-31 00:00:00,2013-10-31 00:00:00,2013,10,31,3,4,547285.7142857143,552766.6666666666,542522.2222222222,0.0,0.0119280654707199
1383264000000,542000,2013-11-01 00:00:00,2013-11-01 00:00:00,2013,11,1,4,4,545857.1428571428,551866.6666666666,542755.5555555555,0.0,0.0085338776714043
1383523200000,543000,2013-11-04 00:00:00,2013-11-04 00:00:00,2013,11,4,0,4,544000.0,551366.6666666666,542988.8888888889,0.0018450184501845,0.0078647996790767
1383696000000,544000,2013-11-06 00:00:00,2013-11-06 00:00:00,2013,11,6,2,4,543142.8571428572,551200.0,543277.7777777778,0.0018416206261511,0.0073292949184078
1383782400000,548000,2013-11-07 00:00:00,2013-11-07 00:00:00,2013,11,7,3,4,543428.5714285715,551000.0,543611.1111111111,0.0073529411764705,0.0072584699729644
1383868800000,543000,2013-11-08 00:00:00,2013-11-08 00:00:00,2013,11,8,4,4,543428.5714285715,550633.3333333334,543944.4444444445,-0.0091240875912408,0.0074328958355516
1384128000000,539000,2013-11-11 00:00:00,2013-11-11 00:00:00,2013,11,11,0,4,543000.0,550000.0,544233.3333333334,-0.007366482504604,0.0073777644109907
1384214400000,539000,2013-11-12 00:00:00,2013-11-12 00:00:00,2013,11,12,1,4,542571.4285714285,549466.6666666666,544522.2222222222,0.0,0.0073361891403524
1384329600000,538000,2013-11-13 08:00:00,2013-11-13 08:00:00,2013,11,13,2,4,542000.0,548766.6666666666,544788.8888888889,-0.0018552875695733,0.007173552199197
1384387200000,548000,2013-11-14 00:00:00,2013-11-14 00:00:00,2013,11,14,3,4,542714.2857142857,548433.3333333334,545166.6666666666,0.0185873605947954,0.0080338911948292
1384473600000,544000,2013-11-15 00:00:00,2013-11-15 00:00:00,2013,11,15,4,4,542714.2857142857,548233.3333333334,545488.8888888889,-0.0072992700729926,0.0077144854054464
1384732800000,544000,2013-11-18 00:00:00,2013-11-18 00:00:00,2013,11,18,0,4,542142.8571428572,547866.6666666666,545822.2222222222,0.0,0.0075071427373093
1384819200000,542000,2013-11-19 00:00:00,2013-11-19 00:00:00,2013,11,19,1,4,542000.0,547433.3333333334,546155.5555555555,-0.0036764705882352,0.007526317878239
1384905600000,541000,2013-11-20 00:00:00,2013-11-20 00:00:00,2013,11,20,2,4,542285.7142857143,547000.0,546477.7777777778,-0.0018450184501844,0.0075265277800479
1384992000000,540000,2013-11-21 00:00:00,2013-11-21 00:00:00,2013,11,21,3,4,542428.5714285715,546466.6666666666,546777.7777777778,-0.0018484288354898,0.0074829916688035
1385107200000,540000,2013-11-22 08:00:00,2013-11-22 08:00:00,2013,11,22,4,4,542714.2857142857,545966.6666666666,547044.4444444445,0.0,0.0074831301867867
1385368200000,540000,2013-11-25 08:30:00,2013-11-25 08:30:00,2013,11,25,0,4,541571.4285714285,545600.0,547311.1111111111,0.0,0.0073882852609413
1385424000000,545000,2013-11-26 00:00:00,2013-11-26 00:00:00,2013,11,26,1,4,541714.2857142857,545500.0,547633.3333333334,0.0092592592592593,0.0075450138784394
1385539200000,545000,2013-11-27 08:00:00,2013-11-27 08:00:00,2013,11,27,2,4,541857.1428571428,545500.0,547955.5555555555,0.0,0.0074778416285549
1385624400000,545000,2013-11-28 07:40:00,2013-11-28 07:40:00,2013,11,28,3,4,542285.7142857143,545500.0,548277.7777777778,0.0,0.0074778416285549
1385712600000,550000,2013-11-29 08:10:00,2013-11-29 08:10:00,2013,11,29,4,4,543571.4285714285,545233.3333333334,548677.7777777778,0.0091743119266054,0.0062434051718152
1385942400000,551000,2013-12-02 00:00:00,2013-12-02 00:00:00,2013,12,2,0,4,545142.8571428572,545066.6666666666,549077.7777777778,0.0018181818181817,0.0062281512567222
1386028800000,546000,2013-12-03 00:00:00,2013-12-03 00:00:00,2013,12,3,1,4,546000.0,544800.0,549355.5555555555,-0.0090744101633394,0.0064064041495048
1386115200000,545000,2013-12-04 00:00:00,2013-12-04 00:00:00,2013,12,4,2,4,546714.2857142857,544433.3333333334,549577.7777777778,-0.0018315018315018,0.0063639411134302
1386201600000,552000,2013-12-05 00:00:00,2013-12-05 00:00:00,2013,12,5,3,4,547714.2857142857,544433.3333333334,549866.6666666666,0.0128440366972477,0.0066959165014098
1386288000000,548000,2013-12-06 00:00:00,2013-12-06 00:00:00,2013,12,6,4,4,548142.8571428572,544166.6666666666,550155.5555555555,-0.0072463768115942,0.0066794804788804
1386547200000,546000,2013-12-09 00:00:00,2013-12-09 00:00:00,2013,12,9,0,4,548285.7142857143,544033.3333333334,550388.8888888889,-0.0036496350364964,0.0064208876577352
1386633600000,548000,2013-12-10 00:00:00,2013-12-10 00:00:00,2013,12,10,1,4,548000.0,544100.0,550666.6666666666,0.0036630036630036,0.0063164583198564
1386720000000,558000,2013-12-11 00:00:00,2013-12-11 00:00:00,2013,12,11,2,4,549000.0,544600.0,551055.5555555555,0.0182481751824816,0.0070327998144035
1386806400000,555000,2013-12-12 00:00:00,2013-12-12 00:00:00,2013,12,12,3,4,550285.7142857143,545033.3333333334,551411.1111111111,-0.0053763440860215,0.0071100639981818
1386892800000,547000,2013-12-13 00:00:00,2013-12-13 00:00:00,2013,12,13,4,4,550571.4285714285,545200.0,551677.7777777778,-0.0144144144144143,0.0076347058031371
1387152000000,550000,2013-12-16 00:00:00,2013-12-16 00:00:00,2013,12,16,0,4,550285.7142857143,545466.6666666666,552011.1111111111,0.0054844606946984,0.0076918766687263
1387238400000,550000,2013-12-17 00:00:00,2013-12-17 00:00:00,2013,12,17,1,4,550571.4285714285,545700.0,552300.0,0.0,0.0076882675935923
1387324800000,549000,2013-12-18 00:00:00,2013-12-18 00:00:00,2013,12,18,2,4,551000.0,545866.6666666666,552577.7777777778,-0.0018181818181818,0.0076945486258748
1387411200000,548000,2013-12-19 00:00:00,2013-12-19 00:00:00,2013,12,19,3,4,551000.0,545866.6666666666,552844.4444444445,-0.0018214936247723,0.0075875182176189
1387497600000,544000,2013-12-20 00:00:00,2013-12-20 00:00:00,2013,12,20,4,4,549000.0,545900.0,553055.5555555555,-0.0072992700729926,0.0075186223450778
1387756800000,546000,2013-12-23 00:00:00,2013-12-23 00:00:00,2013,12,23,0,4,547714.2857142857,546133.3333333334,553211.1111111111,0.0036764705882352,0.0074105976438959
1387843200000,544000,2013-12-24 00:00:00,2013-12-24 00:00:00,2013,12,24,1,4,547285.7142857143,546300.0,553244.4444444445,-0.0036630036630036,0.0074484607201503
1388132100000,544000,2013-12-27 08:15:00,2013-12-27 08:15:00,2013,12,27,4,4,546428.5714285715,546500.0,553288.8888888889,0.0,0.0074373458546364
1388361600000,547000,2013-12-30 00:00:00,2013-12-30 00:00:00,2013,12,30,0,4,546000.0,546466.6666666666,553344.4444444445,0.005514705882353,0.0066790932982261
1388448000000,544000,2013-12-31 00:00:00,2013-12-31 00:00:00,2013,12,31,1,4,545285.7142857143,546466.6666666666,553277.7777777778,-0.0054844606946983,0.0066190202010535
1388620800000,544000,2014-01-02 00:00:00,2014-01-02 00:00:00,2014,1,2,3,1,544714.2857142857,546466.6666666666,553111.1111111111,0.0,0.0066190202010535
1388660700000,550000,2014-01-02 11:05:00,2014-01-02 11:05:00,2014,1,2,3,1,545571.4285714285,546733.3333333334,552955.5555555555,0.0110294117647058,0.006875325632637
1388735880000,552000,2014-01-03 07:58:00,2014-01-03 07:58:00,2014,1,3,4,1,546428.5714285715,547100.0,552822.2222222222,0.0036363636363636,0.0068833759439795
1388966400000,555000,2014-01-06 00:00:00,2014-01-06 00:00:00,2014,1,6,0,1,548000.0,547600.0,552600.0,0.0054347826086955,0.0069189583446116
1389052800000,552000,2014-01-07 00:00:00,2014-01-07 00:00:00,2014,1,7,1,1,549142.8571428572,548000.0,552288.8888888889,-0.0054054054054053,0.0070139260653891
1389139200000,551000,2014-01-08 00:00:00,2014-01-08 00:00:00,2014,1,8,2,1,549714.2857142857,548366.6666666666,551822.2222222222,-0.0018115942028985,0.0070284482744133
1389254400000,550000,2014-01-09 08:00:00,2014-01-09 08:00:00,2014,1,9,3,1,550571.4285714285,548533.3333333334,551511.1111111111,-0.0018148820326678,0.0068517954426374
1389312000000,550000,2014-01-10 00:00:00,2014-01-10 00:00:00,2014,1,10,4,1,551428.5714285715,548700.0,551277.7777777778,0.0,0.0068517954426374
1389571200000,555000,2014-01-13 00:00:00,2014-01-13 00:00:00,2014,1,13,0,1,552142.8571428572,549033.3333333334,551055.5555555555,0.009090909090909,0.0070353994061993
1389744000000,550000,2014-01-15 00:00:00,2014-01-15 00:00:00,2014,1,15,2,1,551857.1428571428,549033.3333333334,550688.8888888889,-0.009009009009009,0.0070571491678317
1389830400000,550000,2014-01-16 00:00:00,2014-01-16 00:00:00,2014,1,16,3,1,551142.8571428572,549000.0,550366.6666666666,0.0,0.0070490122433001
1389916800000,550000,2014-01-17 00:00:00,2014-01-17 00:00:00,2014,1,17,4,1,550857.1428571428,549133.3333333334,550144.4444444445,0.0,0.0068393963413149
1390176000000,555000,2014-01-20 00:00:00,2014-01-20 00:00:00,2014,1,20,0,1,551428.5714285715,549466.6666666666,549855.5555555555,0.009090909090909,0.0070124228852086
1390292100000,555000,2014-01-21 08:15:00,2014-01-21 08:15:00,2014,1,21,1,1,552142.8571428572,549566.6666666666,549600.0,0.0,0.0066222266219882
1390348800000,553000,2014-01-22 00:00:00,2014-01-22 00:00:00,2014,1,22,2,1,552571.4285714285,549733.3333333334,549466.6666666666,-0.0036036036036035,0.0065134498445698
1390435200000,552000,2014-01-23 00:00:00,2014-01-23 00:00:00,2014,1,23,3,1,552142.8571428572,549933.3333333334,549244.4444444445,-0.0018083182640145,0.006483327535005
1390521600000,560000,2014-01-24 00:00:00,2014-01-24 00:00:00,2014,1,24,4,1,553571.4285714285,550333.3333333334,549255.5555555555,0.0144927536231884,0.006956401878887
1390780800000,565000,2014-01-27 00:00:00,2014-01-27 00:00:00,2014,1,27,0,1,555714.2857142857,550566.6666666666,549400.0,0.0089285714285713,0.0063275004581966
1390867200000,559000,2014-01-28 00:00:00,2014-01-28 00:00:00,2014,1,28,1,1,557000.0,550700.0,549533.3333333334,-0.0106194690265486,0.0065616272027792
1390984200000,558000,2014-01-29 08:30:00,2014-01-29 08:30:00,2014,1,29,2,1,557428.5714285715,551066.6666666666,549677.7777777778,-0.0017889087656529,0.0059658062762074
1391070600000,559000,2014-01-30 08:30:00,2014-01-30 08:30:00,2014,1,30,3,1,558000.0,551366.6666666666,549566.6666666666,0.0017921146953405,0.0059010280022841
1391385600000,552000,2014-02-03 00:00:00,2014-02-03 00:00:00,2014,2,3,0,1,557857.1428571428,551433.3333333334,549500.0,-0.0125223613595706,0.006366395641539
1391472000000,560000,2014-02-04 00:00:00,2014-02-04 00:00:00,2014,2,4,1,1,559000.0,551800.0,549622.2222222222,0.0144927536231884,0.0068699222783806
1391501700000,558000,2014-02-04 08:15:00,2014-02-04 08:15:00,2014,2,4,1,1,558714.2857142857,552133.3333333334,549666.6666666666,-0.0035714285714285,0.0068992982123511
1391558400000,558000,2014-02-05 00:00:00,2014-02-05 00:00:00,2014,2,5,2,1,557714.2857142857,552600.0,549711.1111111111,0.0,0.0067369698217372
1391673600000,557000,2014-02-06 08:00:00,2014-02-06 08:00:00,2014,2,6,3,1,557428.5714285715,552966.6666666666,549700.0,-0.0017921146953404,0.0067323756213711
1391761800000,557000,2014-02-07 08:30:00,2014-02-07 08:30:00,2014,2,7,4,1,557285.7142857143,553400.0,549722.2222222222,0.0,0.0066838045668912
1391990400000,561000,2014-02-10 00:00:00,2014-02-10 00:00:00,2014,2,10,0,1,557571.4285714285,553966.6666666666,549744.4444444445,0.0071813285457809,0.0067817103899116
1392076800000,564000,2014-02-11 00:00:00,2014-02-11 00:00:00,2014,2,11,1,1,559285.7142857143,554533.3333333334,549811.1111111111,0.0053475935828877,0.0067779829585117
1392163200000,567000,2014-02-12 00:00:00,2014-02-12 00:00:00,2014,2,12,2,1,560285.7142857143,555300.0,550000.0,0.0053191489361701,0.0067058404056626
1392278700000,567000,2014-02-13 08:05:00,2014-02-13 08:05:00,2014,2,13,3,1,561571.4285714285,556066.6666666666,550133.3333333334,0.0,0.0067058404056626
1392336000000,570000,2014-02-14 00:00:00,2014-02-14 00:00:00,2014,2,14,4,1,563285.7142857143,556733.3333333334,550300.0,0.0052910052910053,0.0065004815076034
1392595200000,571000,2014-02-17 00:00:00,2014-02-17 00:00:00,2014,2,17,0,1,565285.7142857143,557366.6666666666,550488.8888888889,0.0017543859649122,0.0064853389179301
1392681600000,571000,2014-02-18 00:00:00,2014-02-18 00:00:00,2014,2,18,1,1,567285.7142857143,557900.0,550655.5555555555,0.0,0.0064372204542142
1392768000000,571000,2014-02-19 00:00:00,2014-02-19 00:00:00,2014,2,19,2,1,568714.2857142857,558533.3333333334,550833.3333333334,0.0,0.0063273931395636
1392854400000,569000,2014-02-20 00:00:00,2014-02-20 00:00:00,2014,2,20,3,1,569428.5714285715,559133.3333333334,551033.3333333334,-0.0035026269702276,0.0063621049532965
1392940800000,569000,2014-02-21 00:00:00,2014-02-21 00:00:00,2014,2,21,4,1,569714.2857142857,559766.6666666666,551266.6666666666,0.0,0.0063421117777934
1393228800000,569000,2014-02-24 08:00:00,2014-02-24 08:00:00,2014,2,24,0,1,570000.0,560400.0,551533.3333333334,0.0,0.0063421117777934
1393286400000,571000,2014-02-25 00:00:00,2014-02-25 00:00:00,2014,2,25,1,1,570142.8571428572,560933.3333333334,551822.2222222222,0.0035149384885764,0.0061810925329518
1393372800000,571000,2014-02-26 00:00:00,2014-02-26 00:00:00,2014,2,26,2,1,570142.8571428572,561633.3333333334,551966.6666666666,0.0,0.005891822453491
1393459200000,571000,2014-02-27 00:00:00,2014-02-27 00:00:00,2014,2,27,3,1,570142.8571428572,562333.3333333334,552133.3333333334,0.0,0.005891822453491
1393545600000,571000,2014-02-28 00:00:00,2014-02-28 00:00:00,2014,2,28,4,1,570142.8571428572,563033.3333333334,552322.2222222222,0.0,0.005891822453491
1393833900000,571000,2014-03-03 08:05:00,2014-03-03 08:05:00,2014,3,3,0,1,570428.5714285715,563566.6666666666,552488.8888888889,0.0,0.0057063860775442
1393921800000,573000,2014-03-04 08:30:00,2014-03-04 08:30:00,2014,3,4,1,1,571000.0,564166.6666666666,552722.2222222222,0.0035026269702276,0.0057218038172281
1393977600000,572000,2014-03-05 00:00:00,2014-03-05 00:00:00,2014,3,5,2,1,571428.5714285715,564800.0,552900.0,-0.0017452006980802,0.0056792471074973
1394092680000,568000,2014-03-06 07:58:00,2014-03-06 07:58:00,2014,3,6,3,1,571000.0,565333.3333333334,553100.0,-0.0069930069930069,0.0058484948229038
1394178960000,571000,2014-03-07 07:56:00,2014-03-07 07:56:00,2014,3,7,4,1,571000.0,565700.0,553377.7777777778,0.005281690140845,0.0053331382785437
1394438400000,565000,2014-03-10 08:00:00,2014-03-10 08:00:00,2014,3,10,0,1,570142.8571428572,565700.0,553622.2222222222,-0.0105078809106829,0.0054730700353965
1394496000000,567000,2014-03-11 00:00:00,2014-03-11 00:00:00,2014,3,11,1,1,569571.4285714285,565966.6666666666,553900.0,0.0035398230088494,0.0051237934317073
1394582400000,567000,2014-03-12 00:00:00,2014-03-12 00:00:00,2014,3,12,2,1,569000.0,566266.6666666666,554177.7777777778,0.0,0.0051067810644894
1394668800000,572000,2014-03-13 00:00:00,2014-03-13 00:00:00,2014,3,13,3,1,568857.1428571428,566700.0,554511.1111111111,0.0088183421516754,0.0053224609068496
1394755200000,572000,2014-03-14 00:00:00,2014-03-14 00:00:00,2014,3,14,4,1,568857.1428571428,567366.6666666666,554833.3333333334,0.0,0.00469757892022
1395014400000,576000,2014-03-17 00:00:00,2014-03-17 00:00:00,2014,3,17,0,1,570000.0,567900.0,555188.8888888889,0.006993006993007,0.0041310541008818
1395132300000,570000,2014-03-18 08:45:00,2014-03-18 08:45:00,2014,3,18,1,1,569857.1428571428,568300.0,555433.3333333334,-0.0104166666666666,0.0045564176673277
1395216600000,566000,2014-03-19 08:10:00,2014-03-19 08:10:00,2014,3,19,2,1,570000.0,568566.6666666666,555688.8888888889,-0.0070175438596491,0.0047697704899786
1395273600000,560000,2014-03-20 00:00:00,2014-03-20 00:00:00,2014,3,20,3,1,569000.0,568666.6666666666,555922.2222222222,-0.0106007067137808,0.0051692157075014
1395360000000,560000,2014-03-21 00:00:00,2014-03-21 00:00:00,2014,3,21,4,1,568000.0,568766.6666666666,556155.5555555555,0.0,0.0051692157075014
1395619200000,562000,2014-03-24 00:00:00,2014-03-24 00:00:00,2014,3,24,0,1,566571.4285714285,568800.0,556422.2222222222,0.0035714285714285,0.005041340976812
1395705600000,556000,2014-03-25 00:00:00,2014-03-25 00:00:00,2014,3,25,1,1,564285.7142857143,568533.3333333334,556511.1111111111,-0.0106761565836298,0.0053050413314067
1395792000000,556000,2014-03-26 00:00:00,2014-03-26 00:00:00,2014,3,26,2,1,561428.5714285715,568166.6666666666,556644.4444444445,0.0,0.0051928476757625
1395907500000,556000,2014-03-27 08:05:00,2014-03-27 08:05:00,2014,3,27,3,1,559428.5714285715,567800.0,556777.7777777778,0.0,0.0051928476757625
1395964800000,554000,2014-03-28 00:00:00,2014-03-28 00:00:00,2014,3,28,4,1,557714.2857142857,567266.6666666666,556911.1111111111,-0.0035971223021582,0.0050954449456283
1396342560000,552000,2014-04-01 08:56:00,2014-04-01 08:56:00,2014,4,1,1,2,556571.4285714285,566633.3333333334,557033.3333333334,-0.0036101083032491,0.0050919016021059
1396396800000,551000,2014-04-02 00:00:00,2014-04-02 00:00:00,2014,4,2,2,2,555285.7142857143,565966.6666666666,557155.5555555555,-0.0018115942028985,0.0050889657598257
1396512900000,550000,2014-04-03 08:15:00,2014-04-03 08:15:00,2014,4,3,3,2,553571.4285714285,565266.6666666666,557266.6666666666,-0.0018148820326678,0.0050852993529854
1396597800000,550000,2014-04-04 07:50:00,2014-04-04 07:50:00,2014,4,4,4,2,552714.2857142857,564633.3333333334,557377.7777777778,0.0,0.0050716487670667
1396828800000,552000,2014-04-07 00:00:00,2014-04-07 00:00:00,2014,4,7,0,2,552142.8571428572,564066.6666666666,557455.5555555555,0.0036363636363636,0.0051422768570284
1396915200000,552000,2014-04-08 00:00:00,2014-04-08 00:00:00,2014,4,8,1,2,551571.4285714285,563500.0,557533.3333333334,0.0,0.0051422768570284
1397088000000,553000,2014-04-10 00:00:00,2014-04-10 00:00:00,2014,4,10,3,2,551428.5714285715,562900.0,557622.2222222222,0.0018115942028984,0.0050999616453298
1397174400000,555000,2014-04-11 00:00:00,2014-04-11 00:00:00,2014,4,11,4,2,551857.1428571428,562366.6666666666,557677.7777777778,0.003616636528029,0.0051680398422321
1397433600000,558000,2014-04-14 00:00:00,2014-04-14 00:00:00,2014,4,14,0,2,552857.1428571428,561933.3333333334,557755.5555555555,0.0054054054054053,0.0052944081262159
1397520000000,558000,2014-04-15 00:00:00,2014-04-15 00:00:00,2014,4,15,1,2,554000.0,561500.0,557888.8888888889,0.0,0.0052944081262159
1397606400000,554000,2014-04-16 00:00:00,2014-04-16 00:00:00,2014,4,16,2,2,554571.4285714285,560933.3333333334,557988.8888888889,-0.0071684587813619,0.005419500954785
1397692800000,554000,2014-04-17 00:00:00,2014-04-17 00:00:00,2014,4,17,3,2,554857.1428571428,560300.0,558011.1111111111,0.0,0.0053566811013227
1398038400000,553000,2014-04-21 00:00:00,2014-04-21 00:00:00,2014,4,21,0,2,555000.0,559666.6666666666,558066.6666666666,-0.0018050541516245,0.0053569371744955
1398124800000,552000,2014-04-22 00:00:00,2014-04-22 00:00:00,2014,4,22,1,2,554857.1428571428,559133.3333333334,558133.3333333334,-0.0018083182640145,0.0052430705042849
1398239700000,553000,2014-04-23 07:55:00,2014-04-23 07:55:00,2014,4,23,2,2,554571.4285714285,558533.3333333334,558188.8888888889,0.0018115942028984,0.0051383397453585
1398297600000,554000,2014-04-24 00:00:00,2014-04-24 00:00:00,2014,4,24,3,2,554000.0,558166.6666666666,558144.4444444445,0.0018083182640145,0.004840357246235
1398384000000,554000,2014-04-25 00:00:00,2014-04-25 00:00:00,2014,4,25,4,2,553428.5714285715,557733.3333333334,558133.3333333334,0.0,0.0047775941328692
1398643200000,555000,2014-04-28 00:00:00,2014-04-28 00:00:00,2014,4,28,0,2,553571.4285714285,557333.3333333334,558222.2222222222,0.0018050541516245,0.0047988380400446
1398729600000,553000,2014-04-29 00:00:00,2014-04-29 00:00:00,2014,4,29,1,2,553428.5714285715,556700.0,558255.5555555555,-0.0036036036036035,0.0044740040926952
1398816000000,553000,2014-04-30 00:00:00,2014-04-30 00:00:00,2014,4,30,2,2,553428.5714285715,556066.6666666666,558288.8888888889,0.0,0.0044740040926952
1398988800000,551000,2014-05-02 00:00:00,2014-05-02 00:00:00,2014,5,2,4,2,553285.7142857143,555233.3333333334,558311.1111111111,-0.0036166365280289,0.0042232370374461
1399248000000,557000,2014-05-05 00:00:00,2014-05-05 00:00:00,2014,5,5,0,2,553857.1428571428,554800.0,558411.1111111111,0.0108892921960073,0.0044519900190133
1399334400000,557000,2014-05-06 00:00:00,2014-05-06 00:00:00,2014,5,6,1,2,554285.7142857143,554500.0,558555.5555555555,0.0,0.0042933530108118
1399420800000,557000,2014-05-07 00:00:00,2014-05-07 00:00:00,2014,5,7,2,2,554714.2857142857,554400.0,558677.7777777778,0.0,0.0038487273460839
1399507200000,549000,2014-05-08 00:00:00,2014-05-08 00:00:00,2014,5,8,3,2,553857.1428571428,554033.3333333334,558733.3333333334,-0.0143626570915619,0.004638820167022
1399593600000,550000,2014-05-09 00:00:00,2014-05-09 00:00:00,2014,5,9,4,2,553428.5714285715,553633.3333333334,558800.0,0.0018214936247722,0.0045946913297777
1399852800000,549000,2014-05-12 00:00:00,2014-05-12 00:00:00,2014,5,12,0,2,552857.1428571428,553400.0,558822.2222222222,-0.0018181818181818,0.0041997306791328
1399939200000,550000,2014-05-13 00:00:00,2014-05-13 00:00:00,2014,5,13,1,2,552714.2857142857,553200.0,558888.8888888889,0.0018214936247722,0.0042190402869598
1400025600000,549000,2014-05-14 00:00:00,2014-05-14 00:00:00,2014,5,14,2,2,551571.4285714285,552966.6666666666,558944.4444444445,-0.0018181818181818,0.0042268467071337
1400198400000,549000,2014-05-16 00:00:00,2014-05-16 00:00:00,2014,5,16,4,2,550428.5714285715,552800.0,558933.3333333334,0.0,0.0041842298075365
1400457600000,549000,2014-05-19 00:00:00,2014-05-19 00:00:00,2014,5,19,0,2,549285.7142857143,552700.0,558900.0,0.0,0.004137210132119
1400544000000,546000,2014-05-20 00:00:00,2014-05-20 00:00:00,2014,5,20,1,2,548857.1428571428,552533.3333333334,558800.0,-0.0054644808743169,0.0042395762707308
1400630400000,550000,2014-05-21 00:00:00,2014-05-21 00:00:00,2014,5,21,2,2,548857.1428571428,552533.3333333334,558777.7777777778,0.0073260073260073,0.0044498456901467
1400716800000,551000,2014-05-22 00:00:00,2014-05-22 00:00:00,2014,5,22,3,2,549142.8571428572,552566.6666666666,558777.7777777778,0.0018181818181817,0.0044620754227568
1400803200000,552000,2014-05-23 00:00:00,2014-05-23 00:00:00,2014,5,23,4,2,549428.5714285715,552566.6666666666,558800.0,0.0018148820326677,0.004424107849517
1401062400000,552000,2014-05-26 00:00:00,2014-05-26 00:00:00,2014,5,26,0,2,549857.1428571428,552566.6666666666,558822.2222222222,0.0,0.004424107849517
1401235200000,547000,2014-05-28 00:00:00,2014-05-28 00:00:00,2014,5,28,2,2,549571.4285714285,552366.6666666666,558733.3333333334,-0.0090579710144927,0.0047074481245849
1401408000000,547000,2014-05-30 00:00:00,2014-05-30 00:00:00,2014,5,30,4,2,549285.7142857143,552100.0,558700.0,0.0,0.0046482244343198
1401667200000,546000,2014-06-02 00:00:00,2014-06-02 00:00:00,2014,6,2,0,2,549285.7142857143,551700.0,558655.5555555555,-0.0018281535648994,0.0045185619695978
1401753600000,547000,2014-06-03 00:00:00,2014-06-03 00:00:00,2014,6,3,1,2,548857.1428571428,551333.3333333334,558622.2222222222,0.0018315018315018,0.0045408662174102
1401840000000,548000,2014-06-04 00:00:00,2014-06-04 00:00:00,2014,6,4,2,2,548428.5714285715,551133.3333333334,558544.4444444445,0.0018281535648994,0.0043903490951731
1401926400000,548000,2014-06-05 00:00:00,2014-06-05 00:00:00,2014,6,5,3,2,547857.1428571428,550933.3333333334,558466.6666666666,0.0,0.0043903490951731
1402012800000,550000,2014-06-06 00:00:00,2014-06-06 00:00:00,2014,6,6,4,2,547571.4285714285,550833.3333333334,558433.3333333334,0.0036496350364962,0.0044408251293822
1402272000000,550000,2014-06-09 00:00:00,2014-06-09 00:00:00,2014,6,9,0,2,548000.0,550766.6666666666,558411.1111111111,0.0,0.0044301049190326
1402358400000,549000,2014-06-10 00:00:00,2014-06-10 00:00:00,2014,6,10,1,2,548285.7142857143,550633.3333333334,558288.8888888889,-0.0018181818181818,0.0044253366648869
1402444800000,550000,2014-06-11 00:00:00,2014-06-11 00:00:00,2014,6,11,2,2,548857.1428571428,550500.0,558122.2222222222,0.0018214936247722,0.0044255468289428
1402531200000,550000,2014-06-12 00:00:00,2014-06-12 00:00:00,2014,6,12,3,2,549285.7142857143,550366.6666666666,558022.2222222222,0.0,0.0044255468289428
1402617600000,553000,2014-06-13 00:00:00,2014-06-13 00:00:00,2014,6,13,4,2,550000.0,550300.0,557966.6666666666,0.0054545454545453,0.0045323432944281
1402876800000,553000,2014-06-16 00:00:00,2014-06-16 00:00:00,2014,6,16,0,2,550714.2857142857,550300.0,557900.0,0.0,0.0044840661813048
1402963200000,553000,2014-06-17 00:00:00,2014-06-17 00:00:00,2014,6,17,1,2,551142.8571428572,550300.0,557911.1111111111,0.0,0.0044840661813048
1403049600000,553000,2014-06-18 00:00:00,2014-06-18 00:00:00,2014,6,18,2,2,551571.4285714285,550366.6666666666,557833.3333333334,0.0,0.0044315176570524
1403136000000,559000,2014-06-19 00:00:00,2014-06-19 00:00:00,2014,6,19,3,2,553000.0,550433.3333333334,557844.4444444445,0.0108499095840868,0.0044282252151412
1403222400000,569000,2014-06-20 00:00:00,2014-06-20 00:00:00,2014,6,20,4,2,555714.2857142857,550833.3333333334,557966.6666666666,0.0178890876565294,0.0054879288984867
1403481600000,569000,2014-06-23 00:00:00,2014-06-23 00:00:00,2014,6,23,0,2,558428.5714285715,551233.3333333334,558100.0,0.0,0.0054879288984867
1403568000000,569000,2014-06-24 00:00:00,2014-06-24 00:00:00,2014,6,24,1,2,560714.2857142857,551900.0,558233.3333333334,0.0,0.0046955861986068
1403654400000,570000,2014-06-25 00:00:00,2014-06-25 00:00:00,2014,6,25,2,2,563142.8571428572,552566.6666666666,558333.3333333334,0.0017574692442883,0.0046953104306555
1403740800000,571000,2014-06-26 00:00:00,2014-06-26 00:00:00,2014,6,26,3,2,565714.2857142857,553300.0,558411.1111111111,0.0017543859649122,0.0046612530370149
1403827200000,572000,2014-06-27 00:00:00,2014-06-27 00:00:00,2014,6,27,4,2,568428.5714285715,554033.3333333334,558466.6666666666,0.0017513134851139,0.0046610107938422
1404086400000,570000,2014-06-30 00:00:00,2014-06-30 00:00:00,2014,6,30,0,2,570000.0,554733.3333333334,558500.0,-0.0034965034965035,0.0047097760951226
1404172800000,571000,2014-07-01 00:00:00,2014-07-01 00:00:00,2014,7,1,1,3,570285.7142857143,555466.6666666666,558511.1111111111,0.0017543859649122,0.004704445626702
1404259200000,565000,2014-07-02 00:00:00,2014-07-02 00:00:00,2014,7,2,2,3,569714.2857142857,556000.0,558444.4444444445,-0.0105078809106829,0.0051739509385584
1404345600000,566000,2014-07-03 00:00:00,2014-07-03 00:00:00,2014,7,3,3,3,569285.7142857143,556666.6666666666,558388.8888888889,0.0017699115044247,0.0050302623812882
1404432000000,568000,2014-07-04 00:00:00,2014-07-04 00:00:00,2014,7,4,4,3,569000.0,557266.6666666666,558355.5555555555,0.0035335689045936,0.0049177103431034
1404691200000,564000,2014-07-07 00:00:00,2014-07-07 00:00:00,2014,7,7,0,3,568000.0,557700.0,558300.0,-0.0070422535211267,0.005133533489613
1404777600000,562000,2014-07-08 00:00:00,2014-07-08 00:00:00,2014,7,8,1,3,566571.4285714285,558033.3333333334,558222.2222222222,-0.00354609929078,0.0051896399120106
1404950400000,561000,2014-07-10 00:00:00,2014-07-10 00:00:00,2014,7,10,3,3,565285.7142857143,558333.3333333334,558133.3333333334,-0.001779359430605,0.0052070100061702
1405036800000,558000,2014-07-11 00:00:00,2014-07-11 00:00:00,2014,7,11,4,3,563428.5714285715,558700.0,557988.8888888889,-0.0053475935828877,0.0050112569548275
1405296000000,559000,2014-07-14 00:00:00,2014-07-14 00:00:00,2014,7,14,0,3,562571.4285714285,559100.0,557855.5555555555,0.0017921146953405,0.0050136020200066
1405382400000,553000,2014-07-15 00:00:00,2014-07-15 00:00:00,2014,7,15,1,3,560714.2857142857,559333.3333333334,557655.5555555555,-0.0107334525939176,0.0054179613696564
1405468800000,551000,2014-07-16 00:00:00,2014-07-16 00:00:00,2014,7,16,2,3,558285.7142857143,559466.6666666666,557433.3333333334,-0.0036166365280289,0.0054608107843693
1405555200000,551000,2014-07-17 00:00:00,2014-07-17 00:00:00,2014,7,17,3,3,556428.5714285715,559566.6666666666,557211.1111111111,0.0,0.0054528710424017
1405584600000,551000,2014-07-17 08:10:00,2014-07-17 08:10:00,2014,7,17,3,3,554857.1428571428,559666.6666666666,556966.6666666666,0.0,0.0054528710424017
1405641600000,556000,2014-07-18 00:00:00,2014-07-18 00:00:00,2014,7,18,4,3,554142.8571428572,559866.6666666666,556788.8888888889,0.0090744101633393,0.0056574465491484
1405900800000,554000,2014-07-21 00:00:00,2014-07-21 00:00:00,2014,7,21,0,3,553571.4285714285,560000.0,556633.3333333334,-0.0035971223021582,0.0057036457282562
1405987200000,552000,2014-07-22 00:00:00,2014-07-22 00:00:00,2014,7,22,1,3,552571.4285714285,560100.0,556422.2222222222,-0.0036101083032491,0.0057354243278635
1406073600000,549000,2014-07-23 00:00:00,2014-07-23 00:00:00,2014,7,23,2,3,552000.0,560066.6666666666,556244.4444444445,-0.0054347826086956,0.0058170027000161
1406160000000,549000,2014-07-24 00:00:00,2014-07-24 00:00:00,2014,7,24,3,3,551714.2857142857,560033.3333333334,556044.4444444445,0.0,0.0058170027000161
1406246400000,548000,2014-07-25 00:00:00,2014-07-25 00:00:00,2014,7,25,4,3,551285.7142857143,559866.6666666666,555833.3333333334,-0.0018214936247723,0.0057308713201764
1407110400000,553000,2014-08-04 00:00:00,2014-08-04 00:00:00,2014,8,4,0,3,551571.4285714285,559866.6666666666,555622.2222222222,0.0091240875912408,0.0059831745170942
1407232800000,551000,2014-08-05 10:00:00,2014-08-05 10:00:00,2014,8,5,1,3,550857.1428571428,559800.0,555388.8888888889,-0.0036166365280289,0.0060198571967268
1407283200000,551000,2014-08-06 00:00:00,2014-08-06 00:00:00,2014,8,6,2,3,550428.5714285715,559733.3333333334,555111.1111111111,0.0,0.0060198571967268
1407369600000,557000,2014-08-07 00:00:00,2014-08-07 00:00:00,2014,8,7,3,3,551142.8571428572,559666.6666666666,554966.6666666666,0.0108892921960073,0.0060223319215476
1407456000000,558000,2014-08-08 00:00:00,2014-08-08 00:00:00,2014,8,8,4,3,552428.5714285715,559300.0,554877.7777777778,0.0017953321364452,0.0049933510469071
1407715200000,557000,2014-08-11 00:00:00,2014-08-11 00:00:00,2014,8,11,0,3,553571.4285714285,558900.0,554844.4444444445,-0.0017921146953404,0.0049961686548979
1407801600000,557000,2014-08-12 00:00:00,2014-08-12 00:00:00,2014,8,12,1,3,554857.1428571428,558500.0,554811.1111111111,0.0,0.0049961686548979
1407888000000,555000,2014-08-13 00:00:00,2014-08-13 00:00:00,2014,8,13,2,3,555142.8571428572,558000.0,554733.3333333334,-0.0035906642728904,0.0050009379795997
1407974400000,556000,2014-08-14 00:00:00,2014-08-14 00:00:00,2014,8,14,3,3,555857.1428571428,557500.0,554733.3333333334,0.0018018018018017,0.0050018055386834
1408060800000,556000,2014-08-15 00:00:00,2014-08-15 00:00:00,2014,8,15,4,3,556571.4285714285,556966.6666666666,554733.3333333334,0.0,0.0049802713442221
1408320000000,550000,2014-08-18 00:00:00,2014-08-18 00:00:00,2014,8,18,0,3,555571.4285714285,556300.0,554666.6666666666,-0.0107913669064748,0.0052788720024893
1408406400000,551000,2014-08-19 00:00:00,2014-08-19 00:00:00,2014,8,19,1,3,554571.4285714285,555633.3333333334,554633.3333333334,0.0018181818181817,0.0052801060594719
1408492800000,551000,2014-08-20 00:00:00,2014-08-20 00:00:00,2014,8,20,2,3,553714.2857142857,555166.6666666666,554622.2222222222,0.0,0.004979574535472
1408579200000,551000,2014-08-21 00:00:00,2014-08-21 00:00:00,2014,8,21,3,3,552857.1428571428,554666.6666666666,554622.2222222222,0.0,0.0049582212383071
1408665600000,551000,2014-08-22 00:00:00,2014-08-22 00:00:00,2014,8,22,4,3,552285.7142857143,554100.0,554633.3333333334,0.0,0.004891202416353
1408924800000,551000,2014-08-25 00:00:00,2014-08-25 00:00:00,2014,8,25,0,3,551571.4285714285,553666.6666666666,554644.4444444445,0.0,0.0047584462758031
1409011200000,551000,2014-08-26 00:00:00,2014-08-26 00:00:00,2014,8,26,1,3,550857.1428571428,553300.0,554633.3333333334,0.0,0.0047309716273086
1409097600000,551000,2014-08-27 00:00:00,2014-08-27 00:00:00,2014,8,27,2,3,551000.0,552966.6666666666,554622.2222222222,0.0,0.0047274496105485
1409184000000,551000,2014-08-28 00:00:00,2014-08-28 00:00:00,2014,8,28,3,3,551000.0,552733.3333333334,554600.0,0.0,0.0046418611550723
1409270400000,552000,2014-08-29 00:00:00,2014-08-29 00:00:00,2014,8,29,4,3,551142.8571428572,552500.0,554566.6666666666,0.0018148820326677,0.0046422354976578
1409529600000,551000,2014-09-01 00:00:00,2014-09-01 00:00:00,2014,9,1,0,3,551142.8571428572,552433.3333333334,554488.8888888889,-0.0018115942028985,0.0042250873959798
1409616000000,551000,2014-09-02 00:00:00,2014-09-02 00:00:00,2014,9,2,1,3,551142.8571428572,552433.3333333334,554411.1111111111,0.0,0.004172920498771
1409702400000,549000,2014-09-03 00:00:00,2014-09-03 00:00:00,2014,9,3,2,3,550857.1428571428,552366.6666666666,554355.5555555555,-0.0036297640653357,0.0042254635278122
1409788800000,550000,2014-09-04 00:00:00,2014-09-04 00:00:00,2014,9,4,3,3,550714.2857142857,552333.3333333334,554311.1111111111,0.0018214936247722,0.0042401981173679
1409875200000,549000,2014-09-05 00:00:00,2014-09-05 00:00:00,2014,9,5,4,3,550428.5714285715,552100.0,554266.6666666666,-0.0018181818181818,0.0038830977233574
1410134400000,549000,2014-09-08 00:00:00,2014-09-08 00:00:00,2014,9,8,0,3,550142.8571428572,551933.3333333334,554233.3333333334,0.0,0.0038367088318857
1410220800000,548000,2014-09-09 00:00:00,2014-09-09 00:00:00,2014,9,9,1,3,549571.4285714285,551800.0,554177.7777777778,-0.0018214936247723,0.0037971109791828
1410307200000,548000,2014-09-10 00:00:00,2014-09-10 00:00:00,2014,9,10,2,3,549142.8571428572,551766.6666666666,554111.1111111111,0.0,0.0036679466369827
1410393600000,548000,2014-09-11 00:00:00,2014-09-11 00:00:00,2014,9,11,3,3,548714.2857142857,551733.3333333334,554044.4444444445,0.0,0.0036679466369827
1410480000000,548000,2014-09-12 00:00:00,2014-09-12 00:00:00,2014,9,12,4,3,548571.4285714285,551733.3333333334,553966.6666666666,0.0,0.0036527289349888
1410739200000,547000,2014-09-15 00:00:00,2014-09-15 00:00:00,2014,9,15,0,3,548142.8571428572,551533.3333333334,553900.0,-0.0018248175182481,0.0032332140912851
1410772320000,547000,2014-09-15 09:12:00,2014-09-15 09:12:00,2014,9,15,0,3,547857.1428571428,551400.0,553833.3333333334,0.0,0.0031744331603205
1410825600000,547000,2014-09-16 00:00:00,2014-09-16 00:00:00,2014,9,16,1,3,547571.4285714285,551266.6666666666,553788.8888888889,0.0,0.0031744331603205
1410912000000,547000,2014-09-17 00:00:00,2014-09-17 00:00:00,2014,9,17,2,3,547428.5714285715,550933.3333333334,553677.7777777778,0.0,0.0023818416750216
1410998400000,546000,2014-09-18 00:00:00,2014-09-18 00:00:00,2014,9,18,3,3,547142.8571428572,550533.3333333334,553555.5555555555,-0.0018281535648994,0.0023477661846646
1411084800000,546000,2014-09-19 00:00:00,2014-09-19 00:00:00,2014,9,19,4,3,546857.1428571428,550166.6666666666,553433.3333333334,0.0,0.0023423851509233
1411344000000,544000,2014-09-22 00:00:00,2014-09-22 00:00:00,2014,9,22,0,3,546285.7142857143,549733.3333333334,553377.7777777778,-0.0036630036630036,0.0024014139685669
1411434000000,544000,2014-09-23 01:00:00,2014-09-23 01:00:00,2014,9,23,1,3,545857.1428571428,549366.6666666666,553311.1111111111,0.0,0.0023455390774465
1411437600000,544000,2014-09-23 02:00:00,2014-09-23 02:00:00,2014,9,23,1,3,545428.5714285715,548966.6666666666,553255.5555555555,0.0,0.0023028925673587
1411516800000,544000,2014-09-24 00:00:00,2014-09-24 00:00:00,2014,9,24,2,3,545000.0,548566.6666666666,553188.8888888889,0.0,0.0023028925673587
1411603200000,544000,2014-09-25 00:00:00,2014-09-25 00:00:00,2014,9,25,3,3,544571.4285714285,548366.6666666666,553133.3333333334,0.0,0.0013011475699823
1411689600000,543000,2014-09-26 00:00:00,2014-09-26 00:00:00,2014,9,26,4,3,544142.8571428572,548100.0,553066.6666666666,-0.0018382352941176,0.0012602257365093
1411948800000,543000,2014-09-29 00:00:00,2014-09-29 00:00:00,2014,9,29,0,3,543714.2857142857,547833.3333333334,553000.0,0.0,0.0012602257365093
1412035200000,545000,2014-09-30 00:00:00,2014-09-30 00:00:00,2014,9,30,1,3,543857.1428571428,547633.3333333334,552988.8888888889,0.003683241252302,0.0014710505172
1412121600000,545000,2014-10-01 00:00:00,2014-10-01 00:00:00,2014,10,1,2,4,544000.0,547433.3333333334,552933.3333333334,0.0,0.0014710505172
1412208000000,545000,2014-10-02 00:00:00,2014-10-02 00:00:00,2014,10,2,3,4,544142.8571428572,547233.3333333334,552866.6666666666,0.0,0.0014710505172
1412294400000,545000,2014-10-03 00:00:00,2014-10-03 00:00:00,2014,10,3,4,4,544285.7142857143,547033.3333333334,552788.8888888889,0.0,0.0014710505172
1412581680000,543000,2014-10-06 07:48:00,2014-10-06 07:48:00,2014,10,6,0,4,544142.8571428572,546766.6666666666,552688.8888888889,-0.0036697247706422,0.0015877026696492
1412640000000,544000,2014-10-07 00:00:00,2014-10-07 00:00:00,2014,10,7,1,4,544285.7142857143,546533.3333333334,552655.5555555555,0.0018416206261511,0.001641828457726
1412726400000,544000,2014-10-08 00:00:00,2014-10-08 00:00:00,2014,10,8,2,4,544428.5714285715,546266.6666666666,552622.2222222222,0.0,0.0015890458925259
1412812800000,545000,2014-10-09 00:00:00,2014-10-09 00:00:00,2014,10,9,3,4,544428.5714285715,546066.6666666666,552611.1111111111,0.0018382352941177,0.0016233486309665
1412899200000,545000,2014-10-10 00:00:00,2014-10-10 00:00:00,2014,10,10,4,4,544428.5714285715,545866.6666666666,552588.8888888889,0.0,0.0016233486309665
1413158400000,546000,2014-10-13 00:00:00,2014-10-13 00:00:00,2014,10,13,0,4,544571.4285714285,545766.6666666666,552566.6666666666,0.001834862385321,0.0015491137890604
1413244800000,546000,2014-10-14 00:00:00,2014-10-14 00:00:00,2014,10,14,1,4,544714.2857142857,545633.3333333334,552544.4444444445,0.0,0.0015029088912495
1413331200000,545000,2014-10-15 00:00:00,2014-10-15 00:00:00,2014,10,15,2,4,545000.0,545500.0,552488.8888888889,-0.0018315018315018,0.0015033924275241
1413417600000,549000,2014-10-16 00:00:00,2014-10-16 00:00:00,2014,10,16,3,4,545714.2857142857,545500.0,552477.7777777778,0.0073394495412844,0.0020441589317438
1413504000000,549000,2014-10-17 00:00:00,2014-10-17 00:00:00,2014,10,17,4,4,546428.5714285715,545533.3333333334,552477.7777777778,0.0,0.0020149716232185
1413763200000,546000,2014-10-20 00:00:00,2014-10-20 00:00:00,2014,10,20,0,4,546571.4285714285,545466.6666666666,552433.3333333334,-0.0054644808743169,0.0022536866984898
1413849600000,546000,2014-10-21 00:00:00,2014-10-21 00:00:00,2014,10,21,1,4,546714.2857142857,545400.0,552388.8888888889,0.0,0.0022536866984898
1413936000000,545000,2014-10-22 00:00:00,2014-10-22 00:00:00,2014,10,22,2,4,546571.4285714285,545300.0,552300.0,-0.0018315018315018,0.0022750458067272
1414022400000,544000,2014-10-23 00:00:00,2014-10-23 00:00:00,2014,10,23,3,4,546285.7142857143,545200.0,552200.0,-0.001834862385321,0.0022752968836914
1414108800000,543000,2014-10-24 00:00:00,2014-10-24 00:00:00,2014,10,24,4,4,546000.0,545066.6666666666,552088.8888888889,-0.0018382352941176,0.0022949273953833
1414368000000,543000,2014-10-27 00:00:00,2014-10-27 00:00:00,2014,10,27,0,4,545142.8571428572,544933.3333333334,551977.7777777778,0.0,0.0022949273953833
1414454400000,543000,2014-10-28 00:00:00,2014-10-28 00:00:00,2014,10,28,1,4,544285.7142857143,544800.0,551800.0,0.0,0.0022949273953833
1414540800000,546000,2014-10-29 00:00:00,2014-10-29 00:00:00,2014,10,29,2,4,544285.7142857143,544800.0,551544.4444444445,0.0055248618784531,0.002502920834691
1414627200000,544000,2014-10-30 00:00:00,2014-10-30 00:00:00,2014,10,30,3,4,544000.0,544733.3333333334,551266.6666666666,-0.0036630036630036,0.0025908743441834
1414713600000,543000,2014-10-31 00:00:00,2014-10-31 00:00:00,2014,10,31,4,4,543714.2857142857,544700.0,550977.7777777778,-0.0018382352941176,0.0025253976042775
1414972800000,542000,2014-11-03 00:00:00,2014-11-03 00:00:00,2014,11,3,0,4,543428.5714285715,544633.3333333334,550666.6666666666,-0.001841620626151,0.0025462299580662
1415059200000,542000,2014-11-04 00:00:00,2014-11-04 00:00:00,2014,11,4,1,4,543285.7142857143,544566.6666666666,550344.4444444445,0.0,0.0025462299580662
1415145600000,542000,2014-11-05 00:00:00,2014-11-05 00:00:00,2014,11,5,2,4,543142.8571428572,544500.0,550011.1111111111,0.0,0.0025462299580662
1415232000000,542000,2014-11-06 00:00:00,2014-11-06 00:00:00,2014,11,6,3,4,543000.0,544433.3333333334,549700.0,0.0,0.0025462299580662
1415318400000,542000,2014-11-07 00:00:00,2014-11-07 00:00:00,2014,11,7,4,4,542428.5714285715,544400.0,549377.7777777778,0.0,0.0025254799577277
1415577600000,542000,2014-11-10 00:00:00,2014-11-10 00:00:00,2014,11,10,0,4,542142.8571428572,544366.6666666666,549122.2222222222,0.0,0.0025254799577277
1415664000000,541000,2014-11-11 00:00:00,2014-11-11 00:00:00,2014,11,11,1,4,541857.1428571428,544233.3333333334,548844.4444444445,-0.0018450184501844,0.0024434093824743
1415750400000,541000,2014-11-12 00:00:00,2014-11-12 00:00:00,2014,11,12,2,4,541714.2857142857,544100.0,548544.4444444445,0.0,0.0024434093824743
1415836800000,540000,2014-11-13 00:00:00,2014-11-13 00:00:00,2014,11,13,3,4,541428.5714285715,543933.3333333334,548277.7777777778,-0.0018484288354898,0.0024603268102607
1415923200000,539000,2014-11-14 00:00:00,2014-11-14 00:00:00,2014,11,14,4,4,541000.0,543733.3333333334,548022.2222222222,-0.0018518518518518,0.0024756135678714
1416182400000,540000,2014-11-17 00:00:00,2014-11-17 00:00:00,2014,11,17,0,4,540714.2857142857,543633.3333333334,547788.8888888889,0.0018552875695732,0.0024263851470051
1416268800000,540000,2014-11-18 00:00:00,2014-11-18 00:00:00,2014,11,18,1,4,540428.5714285715,543500.0,547588.8888888889,0.0,0.0023965400170474
1416355200000,540000,2014-11-19 00:00:00,2014-11-19 00:00:00,2014,11,19,2,4,540142.8571428572,543366.6666666666,547377.7777777778,0.0,0.0023965400170474
1416441600000,539000,2014-11-20 00:00:00,2014-11-20 00:00:00,2014,11,20,3,4,539857.1428571428,543166.6666666666,547222.2222222222,-0.0018518518518518,0.0023806707480955
1416528000000,539000,2014-11-21 00:00:00,2014-11-21 00:00:00,2014,11,21,4,4,539571.4285714285,542966.6666666666,547088.8888888889,0.0,0.0023806707480955
1416787200000,542000,2014-11-24 00:00:00,2014-11-24 00:00:00,2014,11,24,0,4,539857.1428571428,542833.3333333334,546988.8888888889,0.0055658627087198,0.0025880422373297
1416873600000,540000,2014-11-25 00:00:00,2014-11-25 00:00:00,2014,11,25,1,4,540000.0,542633.3333333334,546866.6666666666,-0.0036900369003689,0.0026627612657705
1416960000000,540000,2014-11-26 00:00:00,2014-11-26 00:00:00,2014,11,26,2,4,540000.0,542466.6666666666,546688.8888888889,0.0,0.0026489348756455
1417046400000,539000,2014-11-27 00:00:00,2014-11-27 00:00:00,2014,11,27,3,4,539857.1428571428,542133.3333333334,546522.2222222222,-0.0018518518518518,0.0022333694053671
1417132800000,538000,2014-11-28 00:00:00,2014-11-28 00:00:00,2014,11,28,4,4,539571.4285714285,541766.6666666666,546366.6666666666,-0.0018552875695733,0.0022415628664266
1417392000000,536000,2014-12-01 00:00:00,2014-12-01 00:00:00,2014,12,1,0,4,539142.8571428572,541433.3333333334,546222.2222222222,-0.0037174721189591,0.0021328210313171
1417478400000,543000,2014-12-02 00:00:00,2014-12-02 00:00:00,2014,12,2,1,4,539714.2857142857,541333.3333333334,546155.5555555555,0.0130597014925373,0.0032843457546169
1417564800000,542000,2014-12-03 00:00:00,2014-12-03 00:00:00,2014,12,3,2,4,539714.2857142857,541233.3333333334,546088.8888888889,-0.001841620626151,0.0032845218870616
1417651200000,544000,2014-12-04 00:00:00,2014-12-04 00:00:00,2014,12,4,3,4,540285.7142857143,541233.3333333334,545988.8888888889,0.0036900369003689,0.0033428368372405
1417737600000,544000,2014-12-05 00:00:00,2014-12-05 00:00:00,2014,12,5,4,4,540857.1428571428,541266.6666666666,545911.1111111111,0.0,0.0033246761847102
1417996800000,541000,2014-12-08 00:00:00,2014-12-08 00:00:00,2014,12,8,0,4,541142.8571428572,541200.0,545800.0,-0.0055147058823529,0.003477434786475
1418083200000,540000,2014-12-09 00:00:00,2014-12-09 00:00:00,2014,12,9,1,4,541428.5714285715,541100.0,545611.1111111111,-0.0018484288354898,0.003491633597551
1418169600000,551000,2014-12-10 00:00:00,2014-12-10 00:00:00,2014,12,10,2,4,543571.4285714285,541266.6666666666,545533.3333333334,0.0203703703703703,0.0050375954084728
1418256000000,551000,2014-12-11 00:00:00,2014-12-11 00:00:00,2014,12,11,3,4,544714.2857142857,541500.0,545466.6666666666,0.0,0.0049819098251349
1418285400000,551000,2014-12-11 08:10:00,2014-12-11 08:10:00,2014,12,11,3,4,546000.0,541766.6666666666,545400.0,0.0,0.0049642192337684
1418342400000,551000,2014-12-12 00:00:00,2014-12-12 00:00:00,2014,12,12,4,4,547000.0,542066.6666666666,545355.5555555555,0.0,0.0049456234325222
1418601600000,552000,2014-12-15 00:00:00,2014-12-15 00:00:00,2014,12,15,0,4,548142.8571428572,542400.0,545311.1111111111,0.0018148820326677,0.0049496251673494
1418688000000,549000,2014-12-16 00:00:00,2014-12-16 00:00:00,2014,12,16,1,4,549285.7142857143,542633.3333333334,545233.3333333334,-0.0054347826086956,0.0050711172096105
1418774400000,551000,2014-12-17 00:00:00,2014-12-17 00:00:00,2014,12,17,2,4,550857.1428571428,542933.3333333334,545244.4444444445,0.0036429872495447,0.0051037263093651
1418860800000,550000,2014-12-18 00:00:00,2014-12-18 00:00:00,2014,12,18,3,4,550714.2857142857,543200.0,545233.3333333334,-0.0018148820326678,0.0051213383850012
1418947200000,547000,2014-12-19 00:00:00,2014-12-19 00:00:00,2014,12,19,4,4,550142.8571428572,543366.6666666666,545188.8888888889,-0.0054545454545454,0.00523529777721
1419206400000,545000,2014-12-22 00:00:00,2014-12-22 00:00:00,2014,12,22,0,4,549285.7142857143,543500.0,545122.2222222222,-0.0036563071297989,0.0052714379495034
1419292800000,541000,2014-12-23 00:00:00,2014-12-23 00:00:00,2014,12,23,1,4,547857.1428571428,543500.0,545011.1111111111,-0.0073394495412844,0.0054511182742345
1419379200000,541000,2014-12-24 00:00:00,2014-12-24 00:00:00,2014,12,24,2,4,546285.7142857143,543533.3333333334,544900.0,0.0,0.0054397729044209
1419811200000,543000,2014-12-29 00:00:00,2014-12-29 00:00:00,2014,12,29,0,4,545428.5714285715,543666.6666666666,544811.1111111111,0.0036968576709797,0.0054662347025755
1419897600000,540000,2014-12-30 00:00:00,2014-12-30 00:00:00,2014,12,30,1,4,543857.1428571428,543666.6666666666,544688.8888888889,-0.005524861878453,0.0055573134411522
1419984000000,549000,2014-12-31 00:00:00,2014-12-31 00:00:00,2014,12,31,2,4,543714.2857142857,543966.6666666666,544666.6666666666,0.0166666666666666,0.0063345052622781
1420156800000,545000,2015-01-02 00:00:00,2015-01-02 00:00:00,2015,1,2,4,1,543428.5714285715,544133.3333333334,544588.8888888889,-0.0072859744990892,0.0064947728352056
1420416000000,545000,2015-01-05 00:00:00,2015-01-05 00:00:00,2015,1,5,0,1,543428.5714285715,544333.3333333334,544522.2222222222,0.0,0.006482133225242
1420502400000,550000,2015-01-06 00:00:00,2015-01-06 00:00:00,2015,1,6,1,1,544714.2857142857,544700.0,544511.1111111111,0.0091743119266054,0.006676629053267
1420588800000,557000,2015-01-07 00:00:00,2015-01-07 00:00:00,2015,1,7,2,1,547000.0,545200.0,544600.0,0.0127272727272726,0.0069780047169907
1420675200000,558000,2015-01-08 00:00:00,2015-01-08 00:00:00,2015,1,8,3,1,549142.8571428572,545800.0,544688.8888888889,0.0017953321364452,0.0069243292934839
1420761600000,557000,2015-01-09 00:00:00,2015-01-09 00:00:00,2015,1,9,4,1,551571.4285714285,546366.6666666666,544777.7777777778,-0.0017921146953404,0.0069420024645646
1421020800000,563000,2015-01-12 00:00:00,2015-01-12 00:00:00,2015,1,12,0,1,553571.4285714285,547166.6666666666,544933.3333333334,0.0107719928186713,0.0071394035765225
1421107200000,561000,2015-01-13 00:00:00,2015-01-13 00:00:00,2015,1,13,1,1,555857.1428571428,547933.3333333334,545077.7777777778,-0.0035523978685613,0.007173366391558
1421193600000,563000,2015-01-14 00:00:00,2015-01-14 00:00:00,2015,1,14,2,1,558428.5714285715,548833.3333333334,545244.4444444445,0.0035650623885918,0.0071164749303624
1421280000000,561000,2015-01-15 00:00:00,2015-01-15 00:00:00,2015,1,15,3,1,560000.0,549433.3333333334,545388.8888888889,-0.0035523978685613,0.0068401129829144
1421366400000,573000,2015-01-16 00:00:00,2015-01-16 00:00:00,2015,1,16,4,1,562285.7142857143,550466.6666666666,545666.6666666666,0.0213903743315508,0.0077491106753043
1421485200000,581000,2015-01-17 09:00:00,2015-01-17 09:00:00,2015,1,17,5,1,565571.4285714285,551700.0,546044.4444444445,0.0139616055846423,0.0080526120096332
1421506800000,581000,2015-01-17 15:00:00,2015-01-17 15:00:00,2015,1,17,5,1,569000.0,552933.3333333334,546422.2222222222,0.0,0.0080526120096332
1421625600000,580000,2015-01-19 00:00:00,2015-01-19 00:00:00,2015,1,19,0,1,571428.5714285715,554233.3333333334,546788.8888888889,-0.0017211703958691,0.0079560590222461
1421712000000,580000,2015-01-20 00:00:00,2015-01-20 00:00:00,2015,1,20,1,1,574142.8571428572,555566.6666666666,547155.5555555555,0.0,0.0079295101665067
1421798400000,584000,2015-01-21 00:00:00,2015-01-21 00:00:00,2015,1,21,2,1,577142.8571428572,556666.6666666666,547577.7777777778,0.0068965517241379,0.0072279946300923
1421884800000,582000,2015-01-22 00:00:00,2015-01-22 00:00:00,2015,1,22,3,1,580142.8571428572,557700.0,547977.7777777778,-0.0034246575342465,0.0072869160883899
1421971200000,581000,2015-01-23 00:00:00,2015-01-23 00:00:00,2015,1,23,4,1,581285.7142857143,558700.0,548388.8888888889,-0.0017182130584192,0.0073086916615819
1422057600000,580000,2015-01-24 00:00:00,2015-01-24 00:00:00,2015,1,24,5,1,581142.8571428572,559666.6666666666,548788.8888888889,-0.0017211703958691,0.0073299877051111
1422230400000,579000,2015-01-26 00:00:00,2015-01-26 00:00:00,2015,1,26,0,1,580857.1428571428,560566.6666666666,549177.7777777778,-0.0017241379310344,0.0073571195257686
1422316800000,575000,2015-01-27 00:00:00,2015-01-27 00:00:00,2015,1,27,1,1,580142.8571428572,561433.3333333334,549522.2222222222,-0.006908462867012,0.0074105670087063
1422403200000,580000,2015-01-28 00:00:00,2015-01-28 00:00:00,2015,1,28,2,1,580142.8571428572,562400.0,549922.2222222222,0.0086956521739129,0.0075159734322005
1422489600000,578000,2015-01-29 00:00:00,2015-01-29 00:00:00,2015,1,29,3,1,579285.7142857143,563333.3333333334,550311.1111111111,-0.0034482758620689,0.0075484471739524
1422576000000,570000,2015-01-30 00:00:00,2015-01-30 00:00:00,2015,1,30,4,1,577571.4285714285,564100.0,550611.1111111111,-0.0138408304498269,0.0079656772711245
1422662400000,583000,2015-01-31 00:00:00,2015-01-31 00:00:00,2015,1,31,5,1,577857.1428571428,565366.6666666666,551033.3333333334,0.0228070175438597,0.0088067909180855
1422835200000,581000,2015-02-02 00:00:00,2015-02-02 00:00:00,2015,2,2,0,1,578000.0,566700.0,551433.3333333334,-0.0034305317324184,0.0086875728856399
1422921600000,578000,2015-02-03 00:00:00,2015-02-03 00:00:00,2015,2,3,1,1,577857.1428571428,567933.3333333334,551800.0,-0.0051635111876076,0.0087876776029854
1423008000000,574000,2015-02-04 00:00:00,2015-02-04 00:00:00,2015,2,4,2,1,577714.2857142857,568966.6666666666,552122.2222222222,-0.0069204152249134,0.0089396585648377
1423094400000,577000,2015-02-05 00:00:00,2015-02-05 00:00:00,2015,2,5,3,1,577285.7142857143,570200.0,552500.0,0.005226480836237,0.0088471502565516
1423180800000,576000,2015-02-06 00:00:00,2015-02-06 00:00:00,2015,2,6,4,1,577000.0,571100.0,552855.5555555555,-0.0017331022530329,0.0084416821291003
1423267200000,563000,2015-02-07 00:00:00,2015-02-07 00:00:00,2015,2,7,5,1,576000.0,571700.0,553066.6666666666,-0.0225694444444444,0.0094048920940118
1423440000000,565000,2015-02-09 00:00:00,2015-02-09 00:00:00,2015,2,9,0,1,573428.5714285715,572366.6666666666,553288.8888888889,0.0035523978685612,0.0094125817864891
1423526400000,566000,2015-02-10 00:00:00,2015-02-10 00:00:00,2015,2,10,1,1,571285.7142857143,572900.0,553522.2222222222,0.0017699115044247,0.0092938149115696
1423612800000,563000,2015-02-11 00:00:00,2015-02-11 00:00:00,2015,2,11,2,1,569142.8571428572,573100.0,553711.1111111111,-0.0053003533568904,0.0090898459672225
1423661400000,568000,2015-02-11 13:30:00,2015-02-11 13:30:00,2015,2,11,2,1,568285.7142857143,573433.3333333334,553955.5555555555,0.0088809946714032,0.0092185764620066
1423699200000,563000,2015-02-12 00:00:00,2015-02-12 00:00:00,2015,2,12,3,1,566285.7142857143,573633.3333333334,554155.5555555555,-0.0088028169014084,0.0093697987667648
1423785600000,566000,2015-02-13 00:00:00,2015-02-13 00:00:00,2015,2,13,4,1,564857.1428571428,573733.3333333334,554344.4444444445,0.0053285968028418,0.0092134101285952
1423872000000,566000,2015-02-14 00:00:00,2015-02-14 00:00:00,2015,2,14,5,1,565285.7142857143,573900.0,554533.3333333334,0.0,0.0091860673734709
1424044800000,567000,2015-02-16 00:00:00,2015-02-16 00:00:00,2015,2,16,0,1,565571.4285714285,574033.3333333334,554766.6666666666,0.0017667844522968,0.009170126730657
1424131200000,567000,2015-02-17 00:00:00,2015-02-17 00:00:00,2015,2,17,1,1,565714.2857142857,574233.3333333334,555000.0,0.0,0.0091418710857031
1424217600000,564000,2015-02-18 00:00:00,2015-02-18 00:00:00,2015,2,18,2,1,565857.1428571428,573933.3333333334,555211.1111111111,-0.0052910052910053,0.0082867450360532
1424390400000,564000,2015-02-20 00:00:00,2015-02-20 00:00:00,2015,2,20,4,1,565285.7142857143,573366.6666666666,555433.3333333334,0.0,0.0078261384393682
1424476800000,561000,2015-02-21 00:00:00,2015-02-21 00:00:00,2015,2,21,5,1,565000.0,572700.0,555633.3333333334,-0.0053191489361702,0.0078638074073552
1424649600000,564000,2015-02-23 00:00:00,2015-02-23 00:00:00,2015,2,23,0,1,564714.2857142857,572166.6666666666,555866.6666666666,0.0053475935828877,0.0079511200842478
1424736000000,563000,2015-02-24 00:00:00,2015-02-24 00:00:00,2015,2,24,1,1,564285.7142857143,571600.0,556088.8888888889,-0.00177304964539,0.0079507779285845
1424822400000,564000,2015-02-25 00:00:00,2015-02-25 00:00:00,2015,2,25,2,1,563857.1428571428,570933.3333333334,556288.8888888889,0.0017761989342806,0.0078303406659576
1424908800000,565000,2015-02-26 00:00:00,2015-02-26 00:00:00,2015,2,26,3,1,563571.4285714285,570366.6666666666,556522.2222222222,0.00177304964539,0.0078353476533158
1424995200000,566000,2015-02-27 00:00:00,2015-02-27 00:00:00,2015,2,27,4,1,563857.1428571428,569866.6666666666,556777.7777777778,0.0017699115044247,0.0078495452851045
1425081600000,567000,2015-02-28 00:00:00,2015-02-28 00:00:00,2015,2,28,5,1,564285.7142857143,569433.3333333334,557055.5555555555,0.0017667844522968,0.007861891552509
1425254400000,567000,2015-03-02 00:00:00,2015-03-02 00:00:00,2015,3,2,0,1,565142.8571428572,569033.3333333334,557333.3333333334,0.0,0.0078606410654417
1425294000000,571000,2015-03-02 11:00:00,2015-03-02 11:00:00,2015,3,2,0,1,566142.8571428572,568900.0,557655.5555555555,0.0070546737213403,0.007891718934029
1425340800000,569000,2015-03-03 00:00:00,2015-03-03 00:00:00,2015,3,3,1,1,567000.0,568533.3333333334,557955.5555555555,-0.0035026269702276,0.0077300359710738
1425427200000,568000,2015-03-04 00:00:00,2015-03-04 00:00:00,2015,3,4,2,1,567571.4285714285,568200.0,558244.4444444445,-0.0017574692442882,0.0077147707833101
1425513600000,568000,2015-03-05 00:00:00,2015-03-05 00:00:00,2015,3,5,3,1,568000.0,568133.3333333334,558533.3333333334,0.0,0.0072951592145764
1425600000000,568000,2015-03-06 00:00:00,2015-03-06 00:00:00,2015,3,6,4,1,568285.7142857143,567633.3333333334,558833.3333333334,0.0,0.0058771668316771
1425859200000,564000,2015-03-09 00:00:00,2015-03-09 00:00:00,2015,3,9,0,1,567857.1428571428,567066.6666666666,559088.8888888889,-0.0070422535211267,0.0059681036912414
1425945600000,564000,2015-03-10 00:00:00,2015-03-10 00:00:00,2015,3,10,1,1,567428.5714285715,566600.0,559355.5555555555,0.0,0.0059172964011691
1426032000000,563000,2015-03-11 00:00:00,2015-03-11 00:00:00,2015,3,11,2,1,566285.7142857143,566233.3333333334,559622.2222222222,-0.00177304964539,0.0058073113477424
1426118400000,563000,2015-03-12 00:00:00,2015-03-12 00:00:00,2015,3,12,3,1,565428.5714285715,565766.6666666666,559877.7777777778,0.0,0.0057030729054494
1426204800000,563000,2015-03-13 00:00:00,2015-03-13 00:00:00,2015,3,13,4,1,564714.2857142857,565333.3333333334,560133.3333333334,0.0,0.0057020997965129
1426464000000,562000,2015-03-16 00:00:00,2015-03-16 00:00:00,2015,3,16,0,1,563857.1428571428,565300.0,560377.7777777778,-0.0017761989342806,0.0039533550802258
1426550400000,562000,2015-03-17 00:00:00,2015-03-17 00:00:00,2015,3,17,1,1,563000.0,565200.0,560633.3333333334,0.0,0.0038944432469552
1426636800000,561000,2015-03-18 00:00:00,2015-03-18 00:00:00,2015,3,18,2,1,562571.4285714285,565033.3333333334,560877.7777777778,-0.001779359430605,0.0038873801408255
1426723200000,562000,2015-03-19 00:00:00,2015-03-19 00:00:00,2015,3,19,3,1,562285.7142857143,565000.0,561100.0,0.0017825311942958,0.0037862600761193
1426809600000,562000,2015-03-20 00:00:00,2015-03-20 00:00:00,2015,3,20,4,1,562142.8571428572,564800.0,561344.4444444445,0.0,0.0033901815604227
1427068800000,563000,2015-03-23 00:00:00,2015-03-23 00:00:00,2015,3,23,0,1,562142.8571428572,564800.0,561600.0,0.001779359430605,0.0030093144915992
1427155200000,564000,2015-03-24 00:00:00,2015-03-24 00:00:00,2015,3,24,1,1,562285.7142857143,564733.3333333334,561877.7777777778,0.0017761989342806,0.0028587109819692
1427241600000,563000,2015-03-25 00:00:00,2015-03-25 00:00:00,2015,3,25,2,1,562428.5714285715,564633.3333333334,562155.5555555555,-0.00177304964539,0.0028745563872029
1427328000000,563000,2015-03-26 00:00:00,2015-03-26 00:00:00,2015,3,26,3,1,562571.4285714285,564500.0,562455.5555555555,0.0,0.0028514472231594
1427378400000,568000,2015-03-26 14:00:00,2015-03-26 14:00:00,2015,3,26,3,1,563571.4285714285,564533.3333333334,562733.3333333334,0.0088809946714032,0.0033018077829445
1427414400000,569000,2015-03-27 00:00:00,2015-03-27 00:00:00,2015,3,27,4,1,564571.4285714285,564700.0,563033.3333333334,0.0017605633802817,0.0031551863316782
1427500800000,568000,2015-03-28 00:00:00,2015-03-28 00:00:00,2015,3,28,5,1,565428.5714285715,564833.3333333334,563300.0,-0.0017574692442882,0.003177169227569
1427673600000,568000,2015-03-30 00:00:00,2015-03-30 00:00:00,2015,3,30,0,1,566142.8571428572,565066.6666666666,563566.6666666666,0.0,0.0029996726628277
1427760000000,566000,2015-03-31 00:00:00,2015-03-31 00:00:00,2015,3,31,1,1,566428.5714285715,565133.3333333334,563844.4444444445,-0.0035211267605633,0.0029333582305222
1427846400000,565000,2015-04-01 00:00:00,2015-04-01 00:00:00,2015,4,1,2,2,566714.2857142857,565200.0,564122.2222222222,-0.0017667844522968,0.0029332188689528
1427932800000,570000,2015-04-02 00:00:00,2015-04-02 00:00:00,2015,4,2,3,2,567714.2857142857,565400.0,564333.3333333334,0.0088495575221239,0.0033284066029235
1428105600000,568000,2015-04-04 00:00:00,2015-04-04 00:00:00,2015,4,4,5,2,567714.2857142857,565500.0,564522.2222222222,-0.0035087719298245,0.0033901050490841
1428278400000,574000,2015-04-06 00:00:00,2015-04-06 00:00:00,2015,4,6,0,2,568428.5714285715,565766.6666666666,564777.7777777778,0.0105633802816902,0.0038772734367917
1428364800000,572000,2015-04-07 00:00:00,2015-04-07 00:00:00,2015,4,7,1,2,569000.0,565933.3333333334,565011.1111111111,-0.0034843205574912,0.003935053191528
1428451200000,571000,2015-04-08 00:00:00,2015-04-08 00:00:00,2015,4,8,2,2,569428.5714285715,566066.6666666666,565222.2222222222,-0.0017482517482517,0.0039525577825431
1428537600000,570000,2015-04-09 00:00:00,2015-04-09 00:00:00,2015,4,9,3,2,570000.0,566033.3333333334,565455.5555555555,-0.0017513134851138,0.0037510116669888
1428624000000,568000,2015-04-10 00:00:00,2015-04-10 00:00:00,2015,4,10,4,2,570428.5714285715,566000.0,565644.4444444445,-0.0035087719298245,0.0037512067759266
1428883200000,570000,2015-04-13 00:00:00,2015-04-13 00:00:00,2015,4,13,0,2,570428.5714285715,566066.6666666666,565866.6666666666,0.0035211267605634,0.003792021083588
1428969600000,568000,2015-04-14 00:00:00,2015-04-14 00:00:00,2015,4,14,1,2,570428.5714285715,566066.6666666666,566100.0,-0.0035087719298245,0.0038496541084602
1429056000000,567000,2015-04-15 00:00:00,2015-04-15 00:00:00,2015,4,15,2,2,569428.5714285715,566033.3333333334,566344.4444444445,-0.0017605633802817,0.0038631623321336
1429142400000,570000,2015-04-16 00:00:00,2015-04-16 00:00:00,2015,4,16,3,2,569142.8571428572,566233.3333333334,566666.6666666666,0.0052910052910053,0.003748099275663
1429228800000,570000,2015-04-17 00:00:00,2015-04-17 00:00:00,2015,4,17,4,2,569000.0,566433.3333333334,566988.8888888889,0.0,0.003748099275663
1429257600000,566000,2015-04-17 08:00:00,2015-04-17 08:00:00,2015,4,17,4,2,568428.5714285715,566533.3333333334,567244.4444444445,-0.0070175438596491,0.0039669151164524
1429315200000,567000,2015-04-18 00:00:00,2015-04-18 00:00:00,2015,4,18,5,2,568285.7142857143,566666.6666666666,567544.4444444445,0.0017667844522968,0.0039771793402488
1429488000000,567000,2015-04-20 00:00:00,2015-04-20 00:00:00,2015,4,20,0,2,567857.1428571428,566800.0,567744.4444444445,0.0,0.0039771793402488
1429574400000,566000,2015-04-21 00:00:00,2015-04-21 00:00:00,2015,4,21,1,2,567571.4285714285,566933.3333333334,567977.7777777778,-0.0017636684303351,0.0039769605540559
1429660800000,568000,2015-04-22 00:00:00,2015-04-22 00:00:00,2015,4,22,2,2,567714.2857142857,567133.3333333334,568233.3333333334,0.0035335689045936,0.0040215598166033
1429747200000,565000,2015-04-23 00:00:00,2015-04-23 00:00:00,2015,4,23,3,2,567000.0,567266.6666666666,568400.0,-0.0052816901408451,0.0041350945525247
1429833600000,567000,2015-04-24 00:00:00,2015-04-24 00:00:00,2015,4,24,4,2,566571.4285714285,567433.3333333334,568511.1111111111,0.0035398230088494,0.0041699242287265
1429920000000,563000,2015-04-25 00:00:00,2015-04-25 00:00:00,2015,4,25,5,2,566142.8571428572,567466.6666666666,568566.6666666666,-0.0070546737213403,0.0043812055940811
1430092800000,565000,2015-04-27 00:00:00,2015-04-27 00:00:00,2015,4,27,0,2,565857.1428571428,567533.3333333334,568655.5555555555,0.0035523978685612,0.0044168937317393
1430179200000,569000,2015-04-28 00:00:00,2015-04-28 00:00:00,2015,4,28,1,2,566142.8571428572,567700.0,568722.2222222222,0.0070796460176991,0.004587970958175
1430265600000,574000,2015-04-29 00:00:00,2015-04-29 00:00:00,2015,4,29,2,2,567285.7142857143,568066.6666666666,568866.6666666666,0.0087873462214411,0.0048222257508744
1430352000000,571000,2015-04-30 00:00:00,2015-04-30 00:00:00,2015,4,30,3,2,567714.2857142857,568333.3333333334,568955.5555555555,-0.0052264808362368,0.0049397369347943
1430381400000,571000,2015-04-30 08:10:00,2015-04-30 08:10:00,2015,4,30,3,2,568571.4285714285,568433.3333333334,569066.6666666666,0.0,0.0046782428171918
1430524800000,562000,2015-05-02 00:00:00,2015-05-02 00:00:00,2015,5,2,5,2,567857.1428571428,568200.0,568944.4444444445,-0.0157618213660245,0.0054970771180026
1430697600000,565000,2015-05-04 00:00:00,2015-05-04 00:00:00,2015,5,4,0,2,568142.8571428572,568100.0,568766.6666666666,0.0053380782918148,0.0055884512184572
1430784000000,567000,2015-05-05 00:00:00,2015-05-05 00:00:00,2015,5,5,1,2,568428.5714285715,568066.6666666666,568611.1111111111,0.0035398230088494,0.0056291976196812
1430870400000,568000,2015-05-06 00:00:00,2015-05-06 00:00:00,2015,5,6,2,2,568285.7142857143,568133.3333333334,568477.7777777778,0.001763668430335,0.005599224267614
1430956800000,569000,2015-05-07 00:00:00,2015-05-07 00:00:00,2015,5,7,3,2,567571.4285714285,568266.6666666666,568355.5555555555,0.0017605633802817,0.0055949940678868
1431043200000,567000,2015-05-08 00:00:00,2015-05-08 00:00:00,2015,5,8,4,2,567000.0,568166.6666666666,568166.6666666666,-0.0035149384885764,0.0053914027788597
1431129600000,567000,2015-05-09 00:00:00,2015-05-09 00:00:00,2015,5,9,5,2,566428.5714285715,568133.3333333334,568000.0,0.0,0.0053542221682263
1431302400000,571000,2015-05-11 00:00:00,2015-05-11 00:00:00,2015,5,11,0,2,567714.2857142857,568033.3333333334,567888.8888888889,0.0070546737213403,0.005148891587555
1431388800000,567000,2015-05-12 00:00:00,2015-05-12 00:00:00,2015,5,12,1,2,568000.0,567866.6666666666,567744.4444444445,-0.0070052539404553,0.0052660325572832
1431475200000,567000,2015-05-13 00:00:00,2015-05-13 00:00:00,2015,5,13,2,2,568000.0,567733.3333333334,567611.1111111111,0.0,0.0052588832538207
1431475260000,572000,2015-05-13 00:01:00,2015-05-13 00:01:00,2015,5,13,2,2,568571.4285714285,567800.0,567577.7777777778,0.0088183421516754,0.0055012899491961
1431561600000,581000,2015-05-14 00:00:00,2015-05-14 00:00:00,2015,5,14,3,2,570285.7142857143,568233.3333333334,567588.8888888889,0.0157342657342658,0.006146252294263
1431648000000,579000,2015-05-15 00:00:00,2015-05-15 00:00:00,2015,5,15,4,2,572000.0,568533.3333333334,567600.0,-0.0034423407917383,0.0061703257493951
1431734400000,582000,2015-05-16 00:00:00,2015-05-16 00:00:00,2015,5,16,5,2,574142.8571428572,569000.0,567733.3333333334,0.005181347150259,0.0061776406285995
1431907200000,578000,2015-05-18 00:00:00,2015-05-18 00:00:00,2015,5,18,0,2,575142.8571428572,569366.6666666666,567677.7777777778,-0.0068728522336769,0.0063204375969345
1432023480000,579000,2015-05-19 08:18:00,2015-05-19 08:18:00,2015,5,19,1,2,576857.1428571428,569666.6666666666,567655.5555555555,0.0017301038062282,0.0062636506720408
1432109460000,577000,2015-05-20 08:11:00,2015-05-20 08:11:00,2015,5,20,2,2,578285.7142857143,569900.0,567644.4444444445,-0.003454231433506,0.0063055527067339
1432166400000,577000,2015-05-21 00:00:00,2015-05-21 00:00:00,2015,5,21,3,2,579000.0,570266.6666666666,567677.7777777778,0.0,0.0061480895367444
1432252800000,575000,2015-05-22 00:00:00,2015-05-22 00:00:00,2015,5,22,4,2,578142.8571428572,570533.3333333334,567655.5555555555,-0.0034662045060658,0.0061897016670305
1432339200000,575000,2015-05-23 00:00:00,2015-05-23 00:00:00,2015,5,23,5,2,577571.4285714285,570800.0,567644.4444444445,0.0,0.0061897016670305
1432512000000,573000,2015-05-25 00:00:00,2015-05-25 00:00:00,2015,5,25,0,2,576285.7142857143,571033.3333333334,567755.5555555555,-0.0034782608695652,0.0062190335092377
1432598400000,575000,2015-05-26 00:00:00,2015-05-26 00:00:00,2015,5,26,1,2,575857.1428571428,571266.6666666666,567866.6666666666,0.0034904013961605,0.0062182952557287
1432684800000,570000,2015-05-27 00:00:00,2015-05-27 00:00:00,2015,5,27,2,2,574571.4285714285,571433.3333333334,567911.1111111111,-0.0086956521739129,0.0063560837267582
1432771200000,572000,2015-05-28 00:00:00,2015-05-28 00:00:00,2015,5,28,3,2,573857.1428571428,571600.0,568011.1111111111,0.0035087719298245,0.0063555426946102
1432857600000,571000,2015-05-29 00:00:00,2015-05-29 00:00:00,2015,5,29,4,2,573000.0,571866.6666666666,568044.4444444445,-0.0017482517482517,0.0062157490193019
1432944000000,570000,2015-05-30 00:00:00,2015-05-30 00:00:00,2015,5,30,5,2,572285.7142857143,572033.3333333334,568122.2222222222,-0.0017513134851138,0.0062010249531806
1433116800000,573000,2015-06-01 00:00:00,2015-06-01 00:00:00,2015,6,1,0,2,572000.0,572166.6666666666,568200.0,0.0052631578947368,0.0061412474576846
1433317680000,574000,2015-06-03 07:48:00,2015-06-03 07:48:00,2015,6,3,2,2,572142.8571428572,572166.6666666666,568288.8888888889,0.0017452006980802,0.0059348585335736
1433376000000,571000,2015-06-04 00:00:00,2015-06-04 00:00:00,2015,6,4,3,2,571571.4285714285,572166.6666666666,568333.3333333334,-0.0052264808362368,0.0059348585335736
1433462400000,570000,2015-06-05 00:00:00,2015-06-05 00:00:00,2015,6,5,4,2,571571.4285714285,572133.3333333334,568366.6666666666,-0.0017513134851138,0.0059436385246721
1433548800000,570000,2015-06-06 00:00:00,2015-06-06 00:00:00,2015,6,6,5,2,571285.7142857143,572400.0,568433.3333333334,0.0,0.0051497092983694
1433721600000,569000,2015-06-08 00:00:00,2015-06-08 00:00:00,2015,6,8,0,2,571000.0,572533.3333333334,568488.8888888889,-0.0017543859649122,0.0050815345687001
1433808000000,571000,2015-06-09 00:00:00,2015-06-09 00:00:00,2015,6,9,1,2,571142.8571428572,572666.6666666666,568600.0,0.0035149384885764,0.0050809806371714
1433894400000,573000,2015-06-10 00:00:00,2015-06-10 00:00:00,2015,6,10,2,2,571142.8571428572,572833.3333333334,568700.0,0.0035026269702276,0.0051087257614303
1433980800000,575000,2015-06-11 00:00:00,2015-06-11 00:00:00,2015,6,11,3,2,571285.7142857143,573033.3333333334,568833.3333333334,0.0034904013961605,0.005135416170749
1434067200000,573000,2015-06-12 00:00:00,2015-06-12 00:00:00,2015,6,12,4,2,571571.4285714285,573233.3333333334,568933.3333333334,-0.0034782608695652,0.0051344655352186
1434153600000,574000,2015-06-13 00:00:00,2015-06-13 00:00:00,2015,6,13,5,2,572142.8571428572,573466.6666666666,569033.3333333334,0.0017452006980802,0.0051400868056707
1434326400000,574000,2015-06-15 00:00:00,2015-06-15 00:00:00,2015,6,15,0,2,572714.2857142857,573566.6666666666,569122.2222222222,0.0,0.0049852144454228
1434412800000,575000,2015-06-16 00:00:00,2015-06-16 00:00:00,2015,6,16,1,2,573571.4285714285,573833.3333333334,569211.1111111111,0.0017421602787457,0.0048025274157277
1434499200000,574000,2015-06-17 00:00:00,2015-06-17 00:00:00,2015,6,17,2,2,574000.0,574066.6666666666,569288.8888888889,-0.0017391304347825,0.0048189676835228
1434585600000,576000,2015-06-18 00:00:00,2015-06-18 00:00:00,2015,6,18,3,2,574428.5714285715,574200.0,569344.4444444445,0.0034843205574912,0.0045914594001913
1434672000000,580000,2015-06-19 00:00:00,2015-06-19 00:00:00,2015,6,19,4,2,575142.8571428572,574166.6666666666,569466.6666666666,0.0069444444444444,0.0037770126565915
1434758400000,578000,2015-06-20 00:00:00,2015-06-20 00:00:00,2015,6,20,5,2,575857.1428571428,574133.3333333334,569577.7777777778,-0.0034482758620689,0.0037771965935027
1434931200000,579000,2015-06-22 00:00:00,2015-06-22 00:00:00,2015,6,22,0,2,576571.4285714285,574033.3333333334,569700.0,0.0017301038062282,0.003663185885109
1435017600000,575000,2015-06-23 00:00:00,2015-06-23 00:00:00,2015,6,23,1,2,576714.2857142857,573933.3333333334,569777.7777777778,-0.006908462867012,0.0036654392761729
1435104000000,572000,2015-06-24 00:00:00,2015-06-24 00:00:00,2015,6,24,2,2,576285.7142857143,573700.0,569866.6666666666,-0.0052173913043478,0.0037597100895018
1435190400000,571000,2015-06-25 00:00:00,2015-06-25 00:00:00,2015,6,25,3,2,575857.1428571428,573500.0,569944.4444444445,-0.0017482517482517,0.0037246365369243
1435276800000,572000,2015-06-26 00:00:00,2015-06-26 00:00:00,2015,6,26,4,2,575285.7142857143,573333.3333333334,570044.4444444445,0.0017513134851139,0.0037438509816853
1435363200000,569000,2015-06-27 00:00:00,2015-06-27 00:00:00,2015,6,27,5,2,573714.2857142857,573133.3333333334,570111.1111111111,-0.0052447552447552,0.0038094978797184
1435536000000,575000,2015-06-29 00:00:00,2015-06-29 00:00:00,2015,6,29,0,2,573285.7142857143,573133.3333333334,570244.4444444445,0.0105448154657292,0.0042974224455971
1435622400000,574000,2015-06-30 00:00:00,2015-06-30 00:00:00,2015,6,30,1,2,572571.4285714285,573166.6666666666,570377.7777777778,-0.0017391304347825,0.0042603293266109
1435708800000,572000,2015-07-01 00:00:00,2015-07-01 00:00:00,2015,7,1,2,3,572142.8571428572,573066.6666666666,570488.8888888889,-0.0034843205574912,0.0042573705989358
1435795200000,570000,2015-07-02 00:00:00,2015-07-02 00:00:00,2015,7,2,3,3,571857.1428571428,573066.6666666666,570588.8888888889,-0.0034965034965035,0.0039959591246446
1435881600000,569000,2015-07-03 00:00:00,2015-07-03 00:00:00,2015,7,3,4,3,571571.4285714285,572966.6666666666,570666.6666666666,-0.0017543859649122,0.003952245767634
1435968000000,567000,2015-07-04 00:00:00,2015-07-04 00:00:00,2015,7,4,5,3,570857.1428571428,572833.3333333334,570722.2222222222,-0.0035149384885764,0.0039895936373577
1436140800000,570000,2015-07-06 00:00:00,2015-07-06 00:00:00,2015,7,6,0,3,571000.0,572833.3333333334,570800.0,0.0052910052910053,0.0041023762209949
1436256000000,570000,2015-07-07 08:00:00,2015-07-07 08:00:00,2015,7,7,1,3,570285.7142857143,572733.3333333334,570866.6666666666,0.0,0.0039806278593477
1436313600000,570000,2015-07-08 00:00:00,2015-07-08 00:00:00,2015,7,8,2,3,569714.2857142857,572600.0,570944.4444444445,0.0,0.0039644336883892
1436400000000,570000,2015-07-09 00:00:00,2015-07-09 00:00:00,2015,7,9,3,3,569428.5714285715,572566.6666666666,571022.2222222222,0.0,0.003850282946116
1436486400000,571000,2015-07-10 00:00:00,2015-07-10 00:00:00,2015,7,10,4,3,569571.4285714285,572600.0,571055.5555555555,0.0017543859649122,0.0038501065065387
1436572800000,573000,2015-07-11 00:00:00,2015-07-11 00:00:00,2015,7,11,5,3,570142.8571428572,572700.0,571100.0,0.0035026269702276,0.0039008235160223
1436745600000,571000,2015-07-13 00:00:00,2015-07-13 00:00:00,2015,7,13,0,3,570714.2857142857,572766.6666666666,571133.3333333334,-0.0034904013961605,0.0039431912371632
1436832000000,570000,2015-07-14 00:00:00,2015-07-14 00:00:00,2015,7,14,1,3,570714.2857142857,572733.3333333334,571155.5555555555,-0.0017513134851138,0.0039040774852231
1436918400000,570000,2015-07-15 00:00:00,2015-07-15 00:00:00,2015,7,15,2,3,570714.2857142857,572633.3333333334,571200.0,0.0,0.0038460804268526
1437523200000,567000,2015-07-22 00:00:00,2015-07-22 00:00:00,2015,7,22,2,3,570285.7142857143,572366.6666666666,571222.2222222222,-0.0052631578947368,0.0038907642428027
1437609600000,567000,2015-07-23 00:00:00,2015-07-23 00:00:00,2015,7,23,3,3,569857.1428571428,572166.6666666666,571188.8888888889,0.0,0.003849312781354
1437696000000,567000,2015-07-24 00:00:00,2015-07-24 00:00:00,2015,7,24,4,3,569285.7142857143,571933.3333333334,571177.7777777778,0.0,0.0038297936767511
1437725580000,567000,2015-07-24 08:13:00,2015-07-24 08:13:00,2015,7,24,4,3,568428.5714285715,571700.0,571100.0,0.0,0.0038297936767511
1437727860000,567000,2015-07-24 08:51:00,2015-07-24 08:51:00,2015,7,24,4,3,567857.1428571428,571433.3333333334,571044.4444444445,0.0,0.0038093163068622
1437728100000,567000,2015-07-24 08:55:00,2015-07-24 08:55:00,2015,7,24,4,3,567428.5714285715,571200.0,571000.0,0.0,0.0038024045756115
1437782400000,567000,2015-07-25 00:00:00,2015-07-25 00:00:00,2015,7,25,5,3,567000.0,570900.0,570966.6666666666,0.0,0.0037321712774961
1437985560000,567000,2015-07-27 08:26:00,2015-07-27 08:26:00,2015,7,27,0,3,567000.0,570466.6666666666,570955.5555555555,0.0,0.0034586997103666
1438041600000,567000,2015-07-28 00:00:00,2015-07-28 00:00:00,2015,7,28,1,3,567000.0,570100.0,570922.2222222222,0.0,0.0034230354592746
1438128000000,567000,2015-07-29 00:00:00,2015-07-29 00:00:00,2015,7,29,2,3,567000.0,569700.0,570911.1111111111,0.0,0.0033962911352868
1438214400000,567000,2015-07-30 00:00:00,2015-07-30 00:00:00,2015,7,30,3,3,567000.0,569433.3333333334,570911.1111111111,0.0,0.0031881064109391
1438300800000,567000,2015-07-31 00:00:00,2015-07-31 00:00:00,2015,7,31,4,3,567000.0,569266.6666666666,570877.7777777778,0.0,0.0030594630890033
1438387200000,567000,2015-08-01 00:00:00,2015-08-01 00:00:00,2015,8,1,5,3,567000.0,569133.3333333334,570844.4444444445,0.0,0.0030473176319518
1438560000000,567000,2015-08-03 00:00:00,2015-08-03 00:00:00,2015,8,3,0,3,567000.0,568966.6666666666,570855.5555555555,0.0,0.0030247477512964
1438646400000,567000,2015-08-04 00:00:00,2015-08-04 00:00:00,2015,8,4,1,3,567000.0,568900.0,570855.5555555555,0.0,0.0028763158879001
1438732800000,567000,2015-08-05 00:00:00,2015-08-05 00:00:00,2015,8,5,2,3,567000.0,568633.3333333334,570855.5555555555,0.0,0.0020563773286368
1438819200000,567000,2015-08-06 00:00:00,2015-08-06 00:00:00,2015,8,6,3,3,567000.0,568400.0,570866.6666666666,0.0,0.0020436908211655
1438905600000,566000,2015-08-07 00:00:00,2015-08-07 00:00:00,2015,8,7,4,3,566857.1428571428,568200.0,570844.4444444445,-0.0017636684303351,0.0019774165357058
1438992000000,567000,2015-08-08 00:00:00,2015-08-08 00:00:00,2015,8,8,5,3,566857.1428571428,568100.0,570866.6666666666,0.0017667844522968,0.0019212711735347
1439164800000,566000,2015-08-10 00:00:00,2015-08-10 00:00:00,2015,8,10,0,3,566714.2857142857,568000.0,570855.5555555555,-0.0017636684303351,0.0019215351791633
1439251200000,566000,2015-08-11 00:00:00,2015-08-11 00:00:00,2015,8,11,1,3,566571.4285714285,567966.6666666666,570888.8888888889,0.0,0.0018150339447139
1439337600000,567000,2015-08-12 00:00:00,2015-08-12 00:00:00,2015,8,12,2,3,566571.4285714285,567866.6666666666,570911.1111111111,0.0017667844522968,0.00155192186594
1439424000000,568000,2015-08-13 00:00:00,2015-08-13 00:00:00,2015,8,13,3,3,566714.2857142857,567800.0,570900.0,0.001763668430335,0.0015916649767394
1439510400000,567000,2015-08-14 00:00:00,2015-08-14 00:00:00,2015,8,14,4,3,566714.2857142857,567700.0,570822.2222222222,-0.0017605633802817,0.0016194568834443
1439596800000,567000,2015-08-15 00:00:00,2015-08-15 00:00:00,2015,8,15,5,3,566857.1428571428,567600.0,570777.7777777778,0.0,0.0016194568834443
1439856000000,567000,2015-08-18 00:00:00,2015-08-18 00:00:00,2015,8,18,1,3,566857.1428571428,567466.6666666666,570733.3333333334,0.0,0.0015785569448887
1439942400000,568000,2015-08-19 00:00:00,2015-08-19 00:00:00,2015,8,19,2,3,567142.8571428572,567300.0,570800.0,0.001763668430335,0.0014644530383453
1440028800000,572000,2015-08-20 00:00:00,2015-08-20 00:00:00,2015,8,20,3,3,568000.0,567333.3333333334,570877.7777777778,0.0070422535211267,0.0018757795015048
1440115200000,580000,2015-08-21 00:00:00,2015-08-21 00:00:00,2015,8,21,4,3,569857.1428571428,567666.6666666666,571022.2222222222,0.0139860139860139,0.0031317872325327
1440201600000,586000,2015-08-22 00:00:00,2015-08-22 00:00:00,2015,8,22,5,3,572428.5714285715,568200.0,571222.2222222222,0.0103448275862068,0.0035997493728345
1440288000000,580000,2015-08-23 00:00:00,2015-08-23 00:00:00,2015,8,23,6,3,574285.7142857143,568633.3333333334,571344.4444444445,-0.0102389078498293,0.0039885441166699
1440405060000,583000,2015-08-24 08:31:00,2015-08-24 08:31:00,2015,8,24,0,3,576571.4285714285,569166.6666666666,571522.2222222222,0.0051724137931035,0.0040654519107697
1440460800000,584000,2015-08-25 00:00:00,2015-08-25 00:00:00,2015,8,25,1,3,579000.0,569733.3333333334,571711.1111111111,0.0017152658662091,0.0040638957484423
1440547200000,583000,2015-08-26 00:00:00,2015-08-26 00:00:00,2015,8,26,2,3,581142.8571428572,570266.6666666666,571844.4444444445,-0.0017123287671232,0.0040902650882104
1440633600000,578000,2015-08-27 00:00:00,2015-08-27 00:00:00,2015,8,27,3,3,582000.0,570633.3333333334,571966.6666666666,-0.0085763293310463,0.004442489877698
1440720000000,578000,2015-08-28 00:00:00,2015-08-28 00:00:00,2015,8,28,4,3,581714.2857142857,571000.0,572088.8888888889,0.0,0.004442489877698
1440806400000,574000,2015-08-29 00:00:00,2015-08-29 00:00:00,2015,8,29,5,3,580000.0,571233.3333333334,572111.1111111111,-0.0069204152249134,0.0046521441920332
1440979200000,577000,2015-08-31 00:00:00,2015-08-31 00:00:00,2015,8,31,0,3,579571.4285714285,571566.6666666666,572066.6666666666,0.005226480836237,0.0047330503077898
1441065600000,578000,2015-09-01 00:00:00,2015-09-01 00:00:00,2015,9,1,1,3,578857.1428571428,571933.3333333334,572055.5555555555,0.0017331022530329,0.0047361292202578
1441152000000,580000,2015-09-02 00:00:00,2015-09-02 00:00:00,2015,9,2,2,3,578285.7142857143,572366.6666666666,572033.3333333334,0.0034602076124568,0.0047617798633823
1441238400000,580000,2015-09-03 00:00:00,2015-09-03 00:00:00,2015,9,3,3,3,577857.1428571428,572800.0,572055.5555555555,0.0,0.0047617798633823
1441324800000,578000,2015-09-04 00:00:00,2015-09-04 00:00:00,2015,9,4,4,3,577857.1428571428,573166.6666666666,572044.4444444445,-0.0034482758620689,0.0048221642399707
1441411200000,578000,2015-09-05 00:00:00,2015-09-05 00:00:00,2015,9,5,5,3,577857.1428571428,573533.3333333334,572055.5555555555,0.0,0.0048221642399707
1441584000000,577000,2015-09-07 00:00:00,2015-09-07 00:00:00,2015,9,7,0,3,578285.7142857143,573866.6666666666,572055.5555555555,-0.0017301038062284,0.0048405400104403
1441670400000,579000,2015-09-08 00:00:00,2015-09-08 00:00:00,2015,9,8,1,3,578571.4285714285,574266.6666666666,572100.0,0.0034662045060658,0.0048671615002013
1441711800000,579000,2015-09-08 11:30:00,2015-09-08 11:30:00,2015,9,8,1,3,578714.2857142857,574666.6666666666,572144.4444444445,0.0,0.0048671615002013
1441756800000,581000,2015-09-09 00:00:00,2015-09-09 00:00:00,2015,9,9,2,3,578857.1428571428,575133.3333333334,572233.3333333334,0.0034542314335059,0.0048905929047015
1441843200000,576000,2015-09-10 00:00:00,2015-09-10 00:00:00,2015,9,10,3,3,578285.7142857143,575466.6666666666,572244.4444444445,-0.0086058519793459,0.0051671950806767
1441929600000,580000,2015-09-11 00:00:00,2015-09-11 00:00:00,2015,9,11,4,3,578571.4285714285,575900.0,572355.5555555555,0.0069444444444444,0.0052925675314086
1442016000000,578000,2015-09-12 00:00:00,2015-09-12 00:00:00,2015,9,12,5,3,578571.4285714285,576300.0,572422.2222222222,-0.0034482758620689,0.0053291803875646
1442188800000,577000,2015-09-14 00:00:00,2015-09-14 00:00:00,2015,9,14,0,3,578571.4285714285,576666.6666666666,572488.8888888889,-0.0017301038062284,0.0053464984949139
1442275200000,579000,2015-09-15 00:00:00,2015-09-15 00:00:00,2015,9,15,1,3,578571.4285714285,577066.6666666666,572588.8888888889,0.0034662045060658,0.0053676386354949
1442361600000,579000,2015-09-16 00:00:00,2015-09-16 00:00:00,2015,9,16,2,3,578571.4285714285,577433.3333333334,572655.5555555555,0.0,0.0053653838285748
1442448000000,585000,2015-09-17 00:00:00,2015-09-17 00:00:00,2015,9,17,3,3,579142.8571428572,578033.3333333334,572777.7777777778,0.0103626943005181,0.0056274428600951
1442534400000,590000,2015-09-18 00:00:00,2015-09-18 00:00:00,2015,9,18,4,3,581142.8571428572,578800.0,572988.8888888889,0.0085470085470085,0.0057861704587973
1442620800000,591000,2015-09-19 00:00:00,2015-09-19 00:00:00,2015,9,19,5,3,582714.2857142857,579600.0,573222.2222222222,0.0016949152542373,0.0057808825409383
1442793600000,593000,2015-09-21 00:00:00,2015-09-21 00:00:00,2015,9,21,0,3,584857.1428571428,580433.3333333334,573477.7777777778,0.003384094754653,0.0057919672332737
1442880000000,591000,2015-09-22 00:00:00,2015-09-22 00:00:00,2015,9,22,1,3,586857.1428571428,581066.6666666666,573722.2222222222,-0.0033726812816189,0.0057574277022439
1442966400000,589000,2015-09-23 00:00:00,2015-09-23 00:00:00,2015,9,23,2,3,588285.7142857143,581366.6666666666,573922.2222222222,-0.0033840947546531,0.0052702617002995
1443139200000,606000,2015-09-25 00:00:00,2015-09-25 00:00:00,2015,9,25,4,3,592142.8571428572,582033.3333333334,574288.8888888889,0.028862478777589,0.0071933400907735
1443225600000,604000,2015-09-26 00:00:00,2015-09-26 00:00:00,2015,9,26,5,3,594857.1428571428,582833.3333333334,574611.1111111111,-0.0033003300330033,0.0069211213236966
1443398400000,606000,2015-09-28 00:00:00,2015-09-28 00:00:00,2015,9,28,0,3,597142.8571428572,583600.0,574977.7777777778,0.0033112582781456,0.0068942012906092
1443484800000,601000,2015-09-29 00:00:00,2015-09-29 00:00:00,2015,9,29,1,3,598571.4285714285,584166.6666666666,575277.7777777778,-0.0082508250825082,0.0071108731943605
1443571200000,600000,2015-09-30 00:00:00,2015-09-30 00:00:00,2015,9,30,2,3,599571.4285714285,584733.3333333334,575566.6666666666,-0.0016638935108153,0.0071102460349783
1443657600000,596000,2015-10-01 00:00:00,2015-10-01 00:00:00,2015,10,1,3,4,600285.7142857143,585333.3333333334,575800.0,-0.0066666666666667,0.0070298094940564
1443744000000,594000,2015-10-02 00:00:00,2015-10-02 00:00:00,2015,10,2,4,4,601000.0,585866.6666666666,576022.2222222222,-0.0033557046979866,0.0070735948902477
1443830400000,600000,2015-10-03 00:00:00,2015-10-03 00:00:00,2015,10,3,5,4,600142.8571428572,586733.3333333334,576288.8888888889,0.0101010101010101,0.0071044010824518
1444003200000,601000,2015-10-05 00:00:00,2015-10-05 00:00:00,2015,10,5,0,4,599714.2857142857,587533.3333333334,576522.2222222222,0.0016666666666667,0.0070696907439937
1444089600000,597000,2015-10-06 00:00:00,2015-10-06 00:00:00,2015,10,6,1,4,598428.5714285715,588166.6666666666,576733.3333333334,-0.0066555740432612,0.0072196810546255
1444205460000,597000,2015-10-07 08:11:00,2015-10-07 08:11:00,2015,10,7,2,4,597857.1428571428,588733.3333333334,576933.3333333334,0.0,0.0072083656215424
1444262400000,592000,2015-10-08 00:00:00,2015-10-08 00:00:00,2015,10,8,3,4,596714.2857142857,589133.3333333334,577122.2222222222,-0.0083752093802345,0.0074073957719565
1444348800000,587000,2015-10-09 00:00:00,2015-10-09 00:00:00,2015,10,9,4,4,595428.5714285715,589433.3333333334,577288.8888888889,-0.0084459459459459,0.0075587688144661
1444435200000,572000,2015-10-10 00:00:00,2015-10-10 00:00:00,2015,10,10,5,4,592285.7142857143,589233.3333333334,577300.0,-0.0255536626916524,0.0089362981068183
1444608000000,576000,2015-10-12 00:00:00,2015-10-12 00:00:00,2015,10,12,0,4,588857.1428571428,589200.0,577344.4444444445,0.006993006993007,0.0090298988511928
1444694400000,577000,2015-10-13 00:00:00,2015-10-13 00:00:00,2015,10,13,1,4,585428.5714285715,589133.3333333334,577433.3333333334,0.0017361111111111,0.009012383991644
1444897020000,588000,2015-10-15 08:17:00,2015-10-15 08:17:00,2015,10,15,3,4,584142.8571428572,589433.3333333334,577577.7777777778,0.0190641247833622,0.0096663275544219
1444953600000,583000,2015-10-16 00:00:00,2015-10-16 00:00:00,2015,10,16,4,4,582142.8571428572,589500.0,577677.7777777778,-0.0085034013605441,0.0097886015135249
1445040000000,581000,2015-10-17 00:00:00,2015-10-17 00:00:00,2015,10,17,5,4,580571.4285714285,589666.6666666666,577777.7777777778,-0.0034305317324184,0.0096737046834228
1445212800000,586000,2015-10-19 00:00:00,2015-10-19 00:00:00,2015,10,19,0,4,580428.5714285715,589866.6666666666,577955.5555555555,0.0086058519793459,0.0097175142122042
1445299200000,583000,2015-10-20 00:00:00,2015-10-20 00:00:00,2015,10,20,1,4,582000.0,590033.3333333334,578111.1111111111,-0.0051194539249146,0.0097450188816413
1445328000000,583000,2015-10-20 08:00:00,2015-10-20 08:00:00,2015,10,20,1,4,583000.0,590233.3333333334,578288.8888888889,0.0,0.0097375055565705
1445385600000,585000,2015-10-21 00:00:00,2015-10-21 00:00:00,2015,10,21,2,4,584142.8571428572,590433.3333333334,578455.5555555555,0.0034305317324185,0.0097371191972799
1445472000000,583000,2015-10-22 00:00:00,2015-10-22 00:00:00,2015,10,22,3,4,583428.5714285715,590566.6666666666,578600.0,-0.0034188034188034,0.0097618086593163
1445558400000,580000,2015-10-23 00:00:00,2015-10-23 00:00:00,2015,10,23,4,4,583000.0,590400.0,578711.1111111111,-0.0051457975986277,0.0096187928752435
1445644800000,578000,2015-10-24 00:00:00,2015-10-24 00:00:00,2015,10,24,5,4,582571.4285714285,590000.0,578800.0,-0.0034482758620689,0.0094893097784222
1445817600000,578000,2015-10-26 00:00:00,2015-10-26 00:00:00,2015,10,26,0,4,581428.5714285715,589566.6666666666,578877.7777777778,0.0,0.0094799614515101
1445904000000,579000,2015-10-27 00:00:00,2015-10-27 00:00:00,2015,10,27,1,4,580857.1428571428,589100.0,578944.4444444445,0.0017301038062282,0.0094601922372475
1445990400000,579000,2015-10-28 00:00:00,2015-10-28 00:00:00,2015,10,28,2,4,580285.7142857143,588700.0,579033.3333333334,0.0,0.009448019177749
1446076800000,578000,2015-10-29 00:00:00,2015-10-29 00:00:00,2015,10,29,3,4,579285.7142857143,588333.3333333334,579122.2222222222,-0.0017271157167529,0.0094362636000986
1446193020000,572000,2015-10-30 08:17:00,2015-10-30 08:17:00,2015,10,30,4,4,577714.2857142857,587200.0,579144.4444444445,-0.0103806228373702,0.0077896681158161
1446249600000,573000,2015-10-31 00:00:00,2015-10-31 00:00:00,2015,10,31,5,4,576714.2857142857,586166.6666666666,579211.1111111111,0.0017482517482516,0.0078127259303621
1446453360000,572000,2015-11-02 08:36:00,2015-11-02 08:36:00,2015,11,2,0,4,575857.1428571428,585033.3333333334,579266.6666666666,-0.0017452006980802,0.0077546529284685
1446508800000,571000,2015-11-03 00:00:00,2015-11-03 00:00:00,2015,11,3,1,4,574857.1428571428,584033.3333333334,579311.1111111111,-0.0017482517482517,0.0076611498591835
1446595200000,570000,2015-11-04 00:00:00,2015-11-04 00:00:00,2015,11,4,2,4,573571.4285714285,583033.3333333334,579344.4444444445,-0.0017513134851138,0.0076611613479263
1446681600000,570000,2015-11-05 00:00:00,2015-11-05 00:00:00,2015,11,5,3,4,572285.7142857143,582166.6666666666,579377.7777777778,0.0,0.007608028070608
1446768000000,570000,2015-11-06 00:00:00,2015-11-06 00:00:00,2015,11,6,4,4,571142.8571428572,581366.6666666666,579411.1111111111,0.0,0.0076038269635751
1446854400000,570000,2015-11-07 00:00:00,2015-11-07 00:00:00,2015,11,7,5,4,570857.1428571428,580366.6666666666,579444.4444444445,0.0,0.0072969251639307
1447057620000,570000,2015-11-09 08:27:00,2015-11-09 08:27:00,2015,11,9,0,4,570428.5714285715,579333.3333333334,579477.7777777778,0.0,0.0072768639966642
1447113600000,570000,2015-11-10 00:00:00,2015-11-10 00:00:00,2015,11,10,1,4,570142.8571428572,578433.3333333334,579511.1111111111,0.0,0.007223027868218
1447200000000,570000,2015-11-11 00:00:00,2015-11-11 00:00:00,2015,11,11,2,4,570000.0,577533.3333333334,579544.4444444445,0.0,0.007223027868218
1447286400000,570000,2015-11-12 00:00:00,2015-11-12 00:00:00,2015,11,12,3,4,570000.0,576800.0,579577.7777777778,0.0,0.0071097463702327
1447372800000,569000,2015-11-13 00:00:00,2015-11-13 00:00:00,2015,11,13,4,4,569857.1428571428,576200.0,579600.0,-0.0017543859649122,0.0069795581001463
1447459200000,569000,2015-11-14 00:00:00,2015-11-14 00:00:00,2015,11,14,5,4,569714.2857142857,576100.0,579622.2222222222,0.0,0.0052185925916082
1447632000000,569000,2015-11-16 00:00:00,2015-11-16 00:00:00,2015,11,16,0,4,569571.4285714285,575866.6666666666,579644.4444444445,0.0,0.0050411314636116
1447718400000,569000,2015-11-17 00:00:00,2015-11-17 00:00:00,2015,11,17,1,4,569428.5714285715,575600.0,579666.6666666666,0.0,0.0050257617742811
1447804800000,569000,2015-11-18 00:00:00,2015-11-18 00:00:00,2015,11,18,2,4,569285.7142857143,574966.6666666666,579688.8888888889,0.0,0.0034223255971265
1447891200000,569000,2015-11-19 00:00:00,2015-11-19 00:00:00,2015,11,19,3,4,569142.8571428572,574500.0,579711.1111111111,0.0,0.0031263772533837
1447977600000,569000,2015-11-20 00:00:00,2015-11-20 00:00:00,2015,11,20,4,4,569000.0,574100.0,579744.4444444445,0.0,0.0030895612735201
1448064000000,568000,2015-11-21 00:00:00,2015-11-21 00:00:00,2015,11,21,5,4,568857.1428571428,573500.0,579755.5555555555,-0.0017574692442882,0.0025457607880835
1448150400000,569000,2015-11-22 00:00:00,2015-11-22 00:00:00,2015,11,22,6,4,568857.1428571428,573033.3333333334,579788.8888888889,0.0017605633802817,0.0024741279920401
1448236800000,569000,2015-11-23 00:00:00,2015-11-23 00:00:00,2015,11,23,0,4,568857.1428571428,572566.6666666666,579822.2222222222,0.0,0.0024741279920401
1448323200000,568000,2015-11-24 00:00:00,2015-11-24 00:00:00,2015,11,24,1,4,568714.2857142857,572000.0,579833.3333333334,-0.0017574692442882,0.0023457097611268
1448439034000,568000,2015-11-25 08:10:34,2015-11-25 08:10:34,2015,11,25,2,4,568571.4285714285,571500.0,579833.3333333334,0.0,0.0023058422398912
1448525117000,567000,2015-11-26 08:05:17,2015-11-26 08:05:17,2015,11,26,3,4,568285.7142857143,571066.6666666666,579833.3333333334,-0.0017605633802817,0.00216787872092
1448610758000,568000,2015-11-27 07:52:38,2015-11-27 07:52:38,2015,11,27,4,4,568142.8571428572,570733.3333333334,579844.4444444445,0.001763668430335,0.00215322919762
1448698398000,567000,2015-11-28 08:13:18,2015-11-28 08:13:18,2015,11,28,5,4,568000.0,570366.6666666666,579844.4444444445,-0.0017605633802817,0.0021608735789762
1448870869000,566000,2015-11-30 08:07:49,2015-11-30 08:07:49,2015,11,30,0,4,567571.4285714285,569933.3333333334,579822.2222222222,-0.0017636684303351,0.0021226537604029
1448958903000,567000,2015-12-01 08:35:03,2015-12-01 08:35:03,2015,12,1,1,4,567285.7142857143,569533.3333333334,579766.6666666666,0.0017667844522968,0.0021683265715915
1449043074000,567000,2015-12-02 07:57:54,2015-12-02 07:57:54,2015,12,2,2,4,567142.8571428572,569166.6666666666,579622.2222222222,0.0,0.0021629154422814
1449129275000,566000,2015-12-03 07:54:35,2015-12-03 07:54:35,2015,12,3,3,4,566857.1428571428,568966.6666666666,579400.0,-0.0017636684303351,0.0011676885128407
1449215715000,567000,2015-12-04 07:55:15,2015-12-04 07:55:15,2015,12,4,4,4,566857.1428571428,568766.6666666666,579255.5555555555,0.0017667844522968,0.0011688416129315
1449299160000,566000,2015-12-05 07:06:00,2015-12-05 07:06:00,2015,12,5,5,4,566571.4285714285,568566.6666666666,579066.6666666666,-0.0017636684303351,0.0011696062849163
1449475238000,568000,2015-12-07 08:00:38,2015-12-07 08:00:38,2015,12,7,0,4,566714.2857142857,568466.6666666666,578888.8888888889,0.0035335689045936,0.001337478870131
1449562718000,567000,2015-12-08 08:18:38,2015-12-08 08:18:38,2015,12,8,1,4,566857.1428571428,568366.6666666666,578711.1111111111,-0.0017605633802817,0.0013378558707219
1449733812000,567000,2015-12-10 07:50:12,2015-12-10 07:50:12,2015,12,10,3,4,566857.1428571428,568266.6666666666,578588.8888888889,0.0,0.0013378558707219
1449821330000,568000,2015-12-11 08:08:50,2015-12-11 08:08:50,2015,12,11,4,4,567000.0,568200.0,578477.7777777778,0.001763668430335,0.0013837741260083
1449902564000,568000,2015-12-12 06:42:44,2015-12-12 06:42:44,2015,12,12,5,4,567285.7142857143,568133.3333333334,578411.1111111111,0.0,0.0013837741260083
1450080572000,568000,2015-12-14 08:09:32,2015-12-14 08:09:32,2015,12,14,0,4,567428.5714285715,568066.6666666666,578311.1111111111,0.0,0.0013837741260083
1450165583000,567000,2015-12-15 07:46:23,2015-12-15 07:46:23,2015,12,15,1,4,567571.4285714285,567966.6666666666,578188.8888888889,-0.0017605633802817,0.0014156403196364
1450254158000,567000,2015-12-16 08:22:38,2015-12-16 08:22:38,2015,12,16,2,4,567428.5714285715,567866.6666666666,578044.4444444445,0.0,0.0014156403196364
1450339477000,567000,2015-12-17 08:04:37,2015-12-17 08:04:37,2015,12,17,3,4,567428.5714285715,567766.6666666666,577900.0,0.0,0.0014156403196364
1450425708000,566000,2015-12-18 08:01:48,2015-12-18 08:01:48,2015,12,18,4,4,567285.7142857143,567666.6666666666,577766.6666666666,-0.0017636684303351,0.0014159984161929
1450686884000,567000,2015-12-21 08:34:44,2015-12-21 08:34:44,2015,12,21,0,4,567142.8571428572,567600.0,577644.4444444445,0.0017667844522968,0.0014596072815826
1450771230000,567000,2015-12-22 08:00:30,2015-12-22 08:00:30,2015,12,22,1,4,567000.0,567533.3333333334,577533.3333333334,0.0,0.0014596072815826
1450857789000,565000,2015-12-23 08:03:09,2015-12-23 08:03:09,2015,12,23,2,4,566571.4285714285,567400.0,577377.7777777778,-0.0035273368606701,0.0015864709663637
1451290723000,565000,2015-12-28 08:18:43,2015-12-28 08:18:43,2015,12,28,0,4,566285.7142857143,567266.6666666666,577222.2222222222,0.0,0.0015864709663637
1451376799000,565000,2015-12-29 08:13:19,2015-12-29 08:13:19,2015,12,29,1,4,566000.0,567133.3333333334,577044.4444444445,0.0,0.0015864709663637
1451462856000,565000,2015-12-30 08:07:36,2015-12-30 08:07:36,2015,12,30,2,4,565714.2857142857,567000.0,576922.2222222222,0.0,0.0015864709663637
1451549339000,565000,2015-12-31 08:08:59,2015-12-31 08:08:59,2015,12,31,3,4,565571.4285714285,566900.0,576755.5555555555,0.0,0.0015605077376907
1451894931000,565000,2016-01-04 08:08:51,2016-01-04 08:08:51,2016,1,4,0,1,565285.7142857143,566766.6666666666,576611.1111111111,0.0,0.0015177124834636
1451982417000,566000,2016-01-05 08:26:57,2016-01-05 08:26:57,2016,1,5,1,1,565142.8571428572,566666.6666666666,576488.8888888889,0.0017699115044247,0.001560908510948
1452068006000,566000,2016-01-06 08:13:26,2016-01-06 08:13:26,2016,1,6,2,1,565285.7142857143,566600.0,576344.4444444445,0.0,0.0015321851808489
1452152774000,567000,2016-01-07 07:46:14,2016-01-07 07:46:14,2016,1,7,3,1,565571.4285714285,566566.6666666666,576211.1111111111,0.0017667844522968,0.0015702960848762
1452239818000,569000,2016-01-08 07:56:58,2016-01-08 07:56:58,2016,1,8,4,1,566142.8571428572,566633.3333333334,576033.3333333334,0.0035273368606703,0.0016663825467597
1452322624000,568000,2016-01-09 06:57:04,2016-01-09 06:57:04,2016,1,9,5,1,566571.4285714285,566633.3333333334,575788.8888888889,-0.0017574692442882,0.001670525844339
1452499552000,568000,2016-01-11 08:05:52,2016-01-11 08:05:52,2016,1,11,0,1,567000.0,566666.6666666666,575533.3333333334,0.0,0.0016370851974757
1452583320000,567000,2016-01-12 07:22:00,2016-01-12 07:22:00,2016,1,12,1,1,567285.7142857143,566700.0,575244.4444444445,-0.0017605633802817,0.0016369660152347
1452671758000,565000,2016-01-13 07:55:58,2016-01-13 07:55:58,2016,1,13,2,1,567142.8571428572,566633.3333333334,574955.5555555555,-0.0035273368606701,0.0017293924024397
1452758600000,566000,2016-01-14 08:03:20,2016-01-14 08:03:20,2016,1,14,3,1,567142.8571428572,566600.0,574700.0,0.0017699115044247,0.001763354081395
1452844371000,563000,2016-01-15 07:52:51,2016-01-15 07:52:51,2016,1,15,4,1,566571.4285714285,566500.0,574222.2222222222,-0.0053003533568904,0.0019855845283725
1452929793000,562000,2016-01-16 07:36:33,2016-01-16 07:36:33,2016,1,16,5,1,565571.4285714285,566333.3333333334,573755.5555555555,-0.0017761989342806,0.0019714087273077
1453104175000,565000,2016-01-18 08:02:55,2016-01-18 08:02:55,2016,1,18,0,1,565142.8571428572,566300.0,573300.0,0.0053380782918148,0.0022016980489166
1453190078000,565000,2016-01-19 07:54:38,2016-01-19 07:54:38,2016,1,19,1,1,564714.2857142857,566200.0,572900.0,0.0,0.0020949400418966
1453276711000,565000,2016-01-20 07:58:31,2016-01-20 07:58:31,2016,1,20,2,1,564428.5714285715,566133.3333333334,572511.1111111111,0.0,0.0020735241677028
1453363566000,567000,2016-01-21 08:06:06,2016-01-21 08:06:06,2016,1,21,3,1,564714.2857142857,566133.3333333334,572188.8888888889,0.0035398230088494,0.0021783999112195
1453449414000,567000,2016-01-22 07:56:54,2016-01-22 07:56:54,2016,1,22,4,1,564857.1428571428,566100.0,571888.8888888889,0.0,0.0021528748925499
1453534270000,565000,2016-01-23 07:31:10,2016-01-23 07:31:10,2016,1,23,5,1,565142.8571428572,566000.0,571500.0,-0.0035273368606701,0.0022440730444762
1453709139000,564000,2016-01-25 08:05:39,2016-01-25 08:05:39,2016,1,25,0,1,565428.5714285715,565866.6666666666,571088.8888888889,-0.0017699115044247,0.0022625285652681
1453795329000,567000,2016-01-26 08:02:09,2016-01-26 08:02:09,2016,1,26,1,1,565714.2857142857,565866.6666666666,570755.5555555555,0.0053191489361701,0.0024584491098601
1453880949000,572000,2016-01-27 07:49:09,2016-01-27 07:49:09,2016,1,27,2,1,566714.2857142857,566033.3333333334,570477.7777777778,0.0088183421516754,0.0029384181796281
1453968087000,573000,2016-01-28 08:01:27,2016-01-28 08:01:27,2016,1,28,3,1,567857.1428571428,566233.3333333334,570266.6666666666,0.0017482517482516,0.0029496420369763
1454054875000,570000,2016-01-29 08:07:55,2016-01-29 08:07:55,2016,1,29,4,1,568285.7142857143,566366.6666666666,570077.7777777778,-0.0052356020942407,0.0030999248760638
1454057764000,570000,2016-01-29 08:56:04,2016-01-29 08:56:04,2016,1,29,4,1,568714.2857142857,566466.6666666666,570055.5555555555,0.0,0.0030866614155792
1454140933000,568000,2016-01-30 08:02:13,2016-01-30 08:02:13,2016,1,30,5,1,569142.8571428572,566500.0,569966.6666666666,-0.0035087719298245,0.0031593580683106
1454313461000,568000,2016-02-01 07:57:41,2016-02-01 07:57:41,2016,2,1,0,1,569714.2857142857,566600.0,569866.6666666666,0.0,0.0030858941768084
1454313701000,568000,2016-02-01 08:01:41,2016-02-01 08:01:41,2016,2,1,0,1,569857.1428571428,566700.0,569644.4444444445,0.0,0.0030858941768084
1454399570000,567000,2016-02-02 07:52:50,2016-02-02 07:52:50,2016,2,2,1,1,569142.8571428572,566766.6666666666,569466.6666666666,-0.0017605633802817,0.0031061318989583
1454486100000,566000,2016-02-03 07:55:00,2016-02-03 07:55:00,2016,2,3,2,1,568142.8571428572,566800.0,569300.0,-0.0017636684303351,0.0031251613371511
1454572799000,570000,2016-02-04 07:59:59,2016-02-04 07:59:59,2016,2,4,3,1,568142.8571428572,566966.6666666666,569122.2222222222,0.0070671378091873,0.0033764508835423
1454660151000,572000,2016-02-05 08:15:51,2016-02-05 08:15:51,2016,2,5,4,1,568428.5714285715,567200.0,569000.0,0.0035087719298245,0.003426133957064
1454743782000,578000,2016-02-06 07:29:42,2016-02-06 07:29:42,2016,2,6,5,1,569857.1428571428,567600.0,568944.4444444445,0.0104895104895104,0.0038841776900151
1455004884000,584000,2016-02-09 08:01:24,2016-02-09 08:01:24,2016,2,9,1,1,572142.8571428572,568200.0,568933.3333333334,0.0103806228373701,0.0042629466504924
1455092585000,582000,2016-02-10 08:23:05,2016-02-10 08:23:05,2016,2,10,2,1,574142.8571428572,568700.0,568922.2222222222,-0.0034246575342465,0.0043376811944889
1455179870000,581000,2016-02-11 08:37:50,2016-02-11 08:37:50,2016,2,11,3,1,576142.8571428572,569100.0,568933.3333333334,-0.0017182130584192,0.0043330011462476
1455264278000,593000,2016-02-12 08:04:38,2016-02-12 08:04:38,2016,2,12,4,1,580000.0,569933.3333333334,569100.0,0.0206540447504302,0.005631291070103
1455348268000,595000,2016-02-13 07:24:28,2016-02-13 07:24:28,2016,2,13,5,1,583571.4285714285,570833.3333333334,569288.8888888889,0.0033726812816188,0.0056349683356836
1455524186000,594000,2016-02-15 08:16:26,2016-02-15 08:16:26,2016,2,15,0,1,586714.2857142857,571733.3333333334,569455.5555555555,-0.0016806722689075,0.0056333614325624
1455609936000,586000,2016-02-16 08:05:36,2016-02-16 08:05:36,2016,2,16,1,1,587857.1428571428,572433.3333333334,569533.3333333334,-0.0134680134680135,0.0062065469986668
1455697246000,580000,2016-02-17 08:20:46,2016-02-17 08:20:46,2016,2,17,2,1,587285.7142857143,572900.0,569555.5555555555,-0.0102389078498293,0.0065487319630401
1455782656000,583000,2016-02-18 08:04:16,2016-02-18 08:04:16,2016,2,18,3,1,587428.5714285715,573566.6666666666,569677.7777777778,0.0051724137931035,0.0064892377748379
1455869661000,593000,2016-02-19 08:14:21,2016-02-19 08:14:21,2016,2,19,4,1,589142.8571428572,574600.0,569900.0,0.0171526586620927,0.0070843862115597
1455955339000,595000,2016-02-20 08:02:19,2016-02-20 08:02:19,2016,2,20,5,1,589428.5714285715,575600.0,570155.5555555555,0.0033726812816188,0.0070597324115841
1456127970000,594000,2016-02-22 07:59:30,2016-02-22 07:59:30,2016,2,22,0,1,589285.7142857143,576566.6666666666,570411.1111111111,-0.0016806722689075,0.007080735548054
1456214648000,583000,2016-02-23 08:04:08,2016-02-23 08:04:08,2016,2,23,1,1,587714.2857142857,577166.6666666666,570555.5555555555,-0.0185185185185184,0.0079831970784166
1456301349000,587000,2016-02-24 08:09:09,2016-02-24 08:09:09,2016,2,24,2,1,587857.1428571428,577833.3333333334,570744.4444444445,0.0068610634648369,0.0080413498675812
1456386999000,587000,2016-02-25 07:56:39,2016-02-25 07:56:39,2016,2,25,3,1,588857.1428571428,578500.0,570933.3333333334,0.0,0.0080413498675812
1456474895000,591000,2016-02-26 08:21:35,2016-02-26 08:21:35,2016,2,26,4,1,590000.0,579366.6666666666,571166.6666666666,0.0068143100511073,0.0080539226501356
1456556787000,584000,2016-02-27 07:06:27,2016-02-27 07:06:27,2016,2,27,5,1,588714.2857142857,580033.3333333334,571322.2222222222,-0.0118443316412859,0.0083989885623739
1456733977000,584000,2016-02-29 08:19:37,2016-02-29 08:19:37,2016,2,29,0,1,587142.8571428572,580600.0,571477.7777777778,0.0,0.0083650286242634
1456820844000,593000,2016-03-01 08:27:24,2016-03-01 08:27:24,2016,3,1,1,1,587000.0,581300.0,571733.3333333334,0.0154109589041095,0.0086584370802015
1456905680000,588000,2016-03-02 08:01:20,2016-03-02 08:01:20,2016,3,2,2,1,587714.2857142857,581800.0,571933.3333333334,-0.0084317032040471,0.0088354519969915
1456992245000,590000,2016-03-03 08:04:05,2016-03-03 08:04:05,2016,3,3,3,1,588142.8571428572,582466.6666666666,572166.6666666666,0.0034013605442175,0.0087691186412858
1457080272000,594000,2016-03-04 08:31:12,2016-03-04 08:31:12,2016,3,4,4,1,589142.8571428572,583266.6666666666,572444.4444444445,0.006779661016949,0.0088246486073058
1457163624000,591000,2016-03-05 07:40:24,2016-03-05 07:40:24,2016,3,5,5,1,589142.8571428572,584033.3333333334,572688.8888888889,-0.005050505050505,0.0088587245897377
1457339165000,593000,2016-03-07 08:26:05,2016-03-07 08:26:05,2016,3,7,0,1,590428.5714285715,584866.6666666666,572955.5555555555,0.003384094754653,0.0088623296175084
1457425482000,590000,2016-03-08 08:24:42,2016-03-08 08:24:42,2016,3,8,1,1,591285.7142857143,585600.0,573188.8888888889,-0.0050590219224283,0.0089391574540309
1457509949000,591000,2016-03-09 07:52:29,2016-03-09 07:52:29,2016,3,9,2,1,591000.0,586400.0,573433.3333333334,0.0016949152542373,0.0089205234025121
1457596118000,588000,2016-03-10 07:48:38,2016-03-10 07:48:38,2016,3,10,3,1,591000.0,587133.3333333334,573644.4444444445,-0.0050761421319797,0.0089815964250803
1457684161000,595000,2016-03-11 08:16:01,2016-03-11 08:16:01,2016,3,11,4,1,591714.2857142857,587966.6666666666,573944.4444444445,0.0119047619047618,0.0091306969559761
1457764088000,586000,2016-03-12 06:28:08,2016-03-12 06:28:08,2016,3,12,5,1,590571.4285714285,588433.3333333334,574133.3333333334,-0.015126050420168,0.009608714998372
1457943806000,585000,2016-03-14 08:23:26,2016-03-14 08:23:26,2016,3,14,0,1,589714.2857142857,588666.6666666666,574311.1111111111,-0.0017064846416382,0.0094434343589038
1458029651000,580000,2016-03-15 08:14:11,2016-03-15 08:14:11,2016,3,15,1,1,587857.1428571428,588533.3333333334,574444.4444444445,-0.0085470085470085,0.009388824256644
1458030104000,580000,2016-03-15 08:21:44,2016-03-15 08:21:44,2016,3,15,1,1,586428.5714285715,588466.6666666666,574577.7777777778,0.0,0.0093688935973426
1458115707000,579000,2016-03-16 08:08:27,2016-03-16 08:08:27,2016,3,16,2,1,584714.2857142857,588400.0,574711.1111111111,-0.0017241379310344,0.0093689295506907
1458202720000,593000,2016-03-17 08:18:40,2016-03-17 08:18:40,2016,3,17,3,1,585428.5714285715,588400.0,574988.8888888889,0.0241796200345423,0.0096556042341526
1458288322000,591000,2016-03-18 08:05:22,2016-03-18 08:05:22,2016,3,18,4,1,584857.1428571428,588266.6666666666,575255.5555555555,-0.0033726812816189,0.0096539791237365
1458547463000,587000,2016-03-21 08:04:23,2016-03-21 08:04:23,2016,3,21,0,1,585000.0,588033.3333333334,575488.8888888889,-0.0067681895093062,0.0097256695095868
1458635541000,585000,2016-03-22 08:32:21,2016-03-22 08:32:21,2016,3,22,1,1,585000.0,588000.0,575688.8888888889,-0.0034071550255536,0.0094265762345418
1458719833000,587000,2016-03-23 07:57:13,2016-03-23 07:57:13,2016,3,23,2,1,586000.0,588233.3333333334,575911.1111111111,0.0034188034188034,0.0092437681078164
1458807021000,578000,2016-03-24 08:10:21,2016-03-24 08:10:21,2016,3,24,3,1,585714.2857142857,588066.6666666666,576044.4444444445,-0.0153321976149914,0.0096317891281307
1458979125000,579000,2016-03-26 07:58:45,2016-03-26 07:58:45,2016,3,26,5,1,585714.2857142857,587600.0,576177.7777777778,0.0017301038062282,0.0090663185694887
1459151383000,580000,2016-03-28 07:49:43,2016-03-28 07:49:43,2016,3,28,0,1,583857.1428571428,587100.0,576333.3333333334,0.0017271157167531,0.0090454295257906
1459241379000,583000,2016-03-29 08:49:39,2016-03-29 08:49:39,2016,3,29,1,1,582714.2857142857,586733.3333333334,576500.0,0.0051724137931035,0.0091090276379425
1459324731000,592000,2016-03-30 07:58:51,2016-03-30 07:58:51,2016,3,30,2,1,583428.5714285715,587033.3333333334,576777.7777777778,0.0154373927958832,0.0089110206933823
1459411634000,583000,2016-03-31 08:07:14,2016-03-31 08:07:14,2016,3,31,3,1,583142.8571428572,586900.0,576955.5555555555,-0.0152027027027027,0.009275163026924
1459497803000,584000,2016-04-01 08:03:23,2016-04-01 08:03:23,2016,4,1,4,2,582714.2857142857,586800.0,577133.3333333334,0.0017152658662091,0.0092816363643795
1459582726000,580000,2016-04-02 07:38:46,2016-04-02 07:38:46,2016,4,2,5,2,583000.0,586433.3333333334,577266.6666666666,-0.0068493150684931,0.0092643876864794
1459757376000,582000,2016-04-04 08:09:36,2016-04-04 08:09:36,2016,4,4,0,2,583428.5714285715,586366.6666666666,577422.2222222222,0.0034482758620688,0.009041528302056
1459843082000,579000,2016-04-05 07:58:02,2016-04-05 07:58:02,2016,4,5,1,2,583285.7142857143,586200.0,577555.5555555555,-0.0051546391752577,0.0090889089614837
1459930511000,586000,2016-04-06 08:15:11,2016-04-06 08:15:11,2016,4,6,2,2,583714.2857142857,585966.6666666666,577766.6666666666,0.012089810017271,0.0089100848743356
1460016526000,584000,2016-04-07 08:08:46,2016-04-07 08:08:46,2016,4,7,3,2,582571.4285714285,585833.3333333334,577955.5555555555,-0.0034129692832765,0.0087996906020165
1460103162000,589000,2016-04-08 08:12:42,2016-04-08 08:12:42,2016,4,8,4,2,583428.5714285715,585800.0,578211.1111111111,0.0085616438356164,0.0089219021403591
1460189249000,586000,2016-04-09 08:07:29,2016-04-09 08:07:29,2016,4,9,5,2,583714.2857142857,585533.3333333334,578422.2222222222,-0.0050933786078098,0.0088731635054521
1460360413000,589000,2016-04-11 07:40:13,2016-04-11 07:40:13,2016,4,11,0,2,585000.0,585466.6666666666,578666.6666666666,0.0051194539249146,0.0088841802595706
1460448157000,594000,2016-04-12 08:02:37,2016-04-12 08:02:37,2016,4,12,1,2,586714.2857142857,585500.0,578988.8888888889,0.0084889643463497,0.0090008391495079
1460533536000,592000,2016-04-13 07:45:36,2016-04-13 07:45:36,2016,4,13,2,2,588571.4285714285,585566.6666666666,579288.8888888889,-0.0033670033670033,0.0089726854117603
1460621178000,588000,2016-04-14 08:06:18,2016-04-14 08:06:18,2016,4,14,3,2,588857.1428571428,585466.6666666666,579544.4444444445,-0.0067567567567567,0.0090548638875791
1460708867000,585000,2016-04-15 08:27:47,2016-04-15 08:27:47,2016,4,15,4,2,589000.0,585366.6666666666,579766.6666666666,-0.0051020408163264,0.009055352923841
1460792138000,585000,2016-04-16 07:35:38,2016-04-16 07:35:38,2016,4,16,5,2,588428.5714285715,585033.3333333334,579988.8888888889,0.0,0.0087659554843235
1460966997000,586000,2016-04-18 08:09:57,2016-04-18 08:09:57,2016,4,18,0,2,588428.5714285715,585033.3333333334,580222.2222222222,0.0017094017094017,0.0083270757535793
1461052029000,586000,2016-04-19 07:47:09,2016-04-19 07:47:09,2016,4,19,1,2,588000.0,585066.6666666666,580444.4444444445,0.0,0.0083206067829603
1461140328000,592000,2016-04-20 08:18:48,2016-04-20 08:18:48,2016,4,20,2,2,587714.2857142857,585466.6666666666,580733.3333333334,0.0102389078498292,0.0083549923421841
1461226226000,587000,2016-04-21 08:10:26,2016-04-21 08:10:26,2016,4,21,3,2,587000.0,585700.0,580955.5555555555,-0.0084459459459459,0.0085206234547858
1461312593000,590000,2016-04-22 08:09:53,2016-04-22 08:09:53,2016,4,22,4,2,587285.7142857143,586066.6666666666,581188.8888888889,0.0051107325383303,0.0085522209216109
1461397360000,587000,2016-04-23 07:42:40,2016-04-23 07:42:40,2016,4,23,5,2,587571.4285714285,585866.6666666666,581400.0,-0.0050847457627118,0.0073637476375608
1461572135000,585000,2016-04-25 08:15:35,2016-04-25 08:15:35,2016,4,25,0,2,587571.4285714285,585666.6666666666,581588.8888888889,-0.0034071550255536,0.0073642442894044
1461657469000,586000,2016-04-26 07:57:49,2016-04-26 07:57:49,2016,4,26,1,2,587571.4285714285,585633.3333333334,581800.0,0.0017094017094017,0.0072700859766781
1461745348000,589000,2016-04-27 08:22:28,2016-04-27 08:22:28,2016,4,27,2,2,588000.0,585766.6666666666,582066.6666666666,0.0051194539249146,0.0073001662686406
1461830218000,591000,2016-04-28 07:56:58,2016-04-28 07:56:58,2016,4,28,3,2,587857.1428571428,585900.0,582344.4444444445,0.0033955857385399,0.0072998202910514
1461916570000,598000,2016-04-29 07:56:10,2016-04-29 07:56:10,2016,4,29,4,2,589428.5714285715,586566.6666666666,582733.3333333334,0.0118443316412859,0.0069783430171177
1462003731000,608000,2016-04-30 08:08:51,2016-04-30 08:08:51,2016,4,30,5,2,592000.0,587533.3333333334,583244.4444444445,0.0167224080267558,0.0075353201730333
1462176365000,608000,2016-05-02 08:06:05,2016-05-02 08:06:05,2016,5,2,0,2,595000.0,588466.6666666666,583722.2222222222,0.0,0.0075413675419384
1462263297000,606000,2016-05-03 08:14:57,2016-05-03 08:14:57,2016,5,3,1,2,598000.0,589233.3333333334,584177.7777777778,-0.0032894736842105,0.0075613727239306
1462348690000,605000,2016-05-04 07:58:10,2016-05-04 07:58:10,2016,5,4,2,2,600714.2857142857,589666.6666666666,584622.2222222222,-0.0016501650165016,0.0070900169793002
1462606663000,603000,2016-05-07 07:37:43,2016-05-07 07:37:43,2016,5,7,5,2,602714.2857142857,590333.3333333334,585022.2222222222,-0.0033057851239669,0.0064729103769034
1462780976000,607000,2016-05-09 08:02:56,2016-05-09 08:02:56,2016,5,9,0,2,605000.0,591100.0,585466.6666666666,0.0066334991708125,0.0065496754727664
1462868587000,603000,2016-05-10 08:23:07,2016-05-10 08:23:07,2016,5,10,1,2,605714.2857142857,591866.6666666666,585888.8888888889,-0.0065897858319604,0.0065386902612453
1462953521000,602000,2016-05-11 07:58:41,2016-05-11 07:58:41,2016,5,11,2,2,604857.1428571428,592533.3333333334,586311.1111111111,-0.0016583747927031,0.0065477777063821
1463039763000,606000,2016-05-12 07:56:03,2016-05-12 07:56:03,2016,5,12,3,2,604571.4285714285,593433.3333333334,586744.4444444445,0.0066445182724252,0.0065104363958215
1463126745000,602000,2016-05-13 08:05:45,2016-05-13 08:05:45,2016,5,13,4,2,604000.0,593966.6666666666,587077.7777777778,-0.0066006600660065,0.0063586640527537
1463214499000,605000,2016-05-14 08:28:19,2016-05-14 08:28:19,2016,5,14,5,2,604000.0,594666.6666666666,587433.3333333334,0.0049833887043189,0.0063462427127504
1463386514000,606000,2016-05-16 08:15:14,2016-05-16 08:15:14,2016,5,16,0,2,604428.5714285715,595233.3333333334,587833.3333333334,0.0016528925619834,0.0061933149080461
1463473132000,606000,2016-05-17 08:18:52,2016-05-17 08:18:52,2016,5,17,1,2,604285.7142857143,595900.0,588233.3333333334,0.0,0.0060903981084989
1463559018000,607000,2016-05-18 08:10:18,2016-05-18 08:10:18,2016,5,18,2,2,604857.1428571428,596500.0,588666.6666666666,0.0016501650165017,0.0060449434332209
1463645664000,604000,2016-05-19 08:14:24,2016-05-19 08:14:24,2016,5,19,3,2,605142.8571428572,596833.3333333334,589066.6666666666,-0.0049423393739703,0.0059697241821504
1463733292000,608000,2016-05-20 08:34:52,2016-05-20 08:34:52,2016,5,20,4,2,605428.5714285715,597366.6666666666,589511.1111111111,0.0066225165562914,0.0060207141998905
1463817568000,608000,2016-05-21 07:59:28,2016-05-21 07:59:28,2016,5,21,5,2,606285.7142857143,598033.3333333334,589966.6666666666,0.0,0.0058480512168144
1463991747000,606000,2016-05-23 08:22:27,2016-05-23 08:22:27,2016,5,23,0,2,606428.5714285715,598733.3333333334,590411.1111111111,-0.0032894736842105,0.005790503375383
1464077118000,606000,2016-05-24 08:05:18,2016-05-24 08:05:18,2016,5,24,1,2,606428.5714285715,599433.3333333334,590811.1111111111,0.0,0.005790503375383
1464163069000,601000,2016-05-25 07:57:49,2016-05-25 07:57:49,2016,5,25,2,2,605714.2857142857,599933.3333333334,591133.3333333334,-0.0082508250825082,0.0060400078559549
1464249251000,600000,2016-05-26 07:54:11,2016-05-26 07:54:11,2016,5,26,3,2,604714.2857142857,600400.0,591377.7777777778,-0.0016638935108153,0.0060558001717837
1464337283000,599000,2016-05-27 08:21:23,2016-05-27 08:21:23,2016,5,27,4,2,604000.0,600633.3333333334,591544.4444444445,-0.0016666666666667,0.0058009923826623
1464422064000,599000,2016-05-28 07:54:24,2016-05-28 07:54:24,2016,5,28,5,2,602714.2857142857,601033.3333333334,591733.3333333334,0.0,0.0055562581732041
1464596120000,595000,2016-05-30 08:15:20,2016-05-30 08:15:20,2016,5,30,0,2,600857.1428571428,601200.0,591888.8888888889,-0.0066777963272119,0.0056488911393675
1464681721000,597000,2016-05-31 08:02:01,2016-05-31 08:02:01,2016,5,31,1,2,599571.4285714285,601533.3333333334,591933.3333333334,0.0033613445378151,0.0055815068916372
1464768891000,598000,2016-06-01 08:14:51,2016-06-01 08:14:51,2016,6,1,2,2,598428.5714285715,601966.6666666666,591966.6666666666,0.0016750418760469,0.005533291187238
1464854235000,598000,2016-06-02 07:57:15,2016-06-02 07:57:15,2016,6,2,3,2,598000.0,602366.6666666666,592011.1111111111,0.0,0.005531847044756
1464943325000,597000,2016-06-03 08:42:05,2016-06-03 08:42:05,2016,6,3,4,2,597571.4285714285,602633.3333333334,592133.3333333334,-0.0016722408026755,0.0054831094326311
1465027193000,605000,2016-06-04 07:59:53,2016-06-04 07:59:53,2016,6,4,5,2,598428.5714285715,603100.0,592411.1111111111,0.0134003350083751,0.0059517681329332
1465200571000,606000,2016-06-06 08:09:31,2016-06-06 08:09:31,2016,6,6,0,2,599428.5714285715,603366.6666666666,592666.6666666666,0.0016528925619834,0.0055786699955539
1465285760000,603000,2016-06-07 07:49:20,2016-06-07 07:49:20,2016,6,7,1,2,600571.4285714285,603200.0,592777.7777777778,-0.0049504950495049,0.0047401116706668
1465372271000,598000,2016-06-08 07:51:11,2016-06-08 07:51:11,2016,6,8,2,2,600714.2857142857,602866.6666666666,592811.1111111111,-0.0082918739635157,0.0049607773130029
1465459700000,602000,2016-06-09 08:08:20,2016-06-09 08:08:20,2016,6,9,3,2,601285.7142857143,602733.3333333334,592900.0,0.0066889632107023,0.0051026187825804
1465545281000,602000,2016-06-10 07:54:41,2016-06-10 07:54:41,2016,6,10,4,2,601857.1428571428,602633.3333333334,593111.1111111111,0.0,0.0050954273642126
1465640017000,608000,2016-06-11 10:13:37,2016-06-11 10:13:37,2016,6,11,5,2,603428.5714285715,602800.0,593344.4444444445,0.0099667774086378,0.0053804882097697
1465805165000,609000,2016-06-13 08:06:05,2016-06-13 08:06:05,2016,6,13,0,2,604000.0,602866.6666666666,593588.8888888889,0.0016447368421053,0.0052532365706365
1465892299000,612000,2016-06-14 08:18:19,2016-06-14 08:18:19,2016,6,14,1,2,604857.1428571428,603166.6666666666,593822.2222222222,0.0049261083743843,0.0051658254446803
1465977658000,614000,2016-06-15 08:00:58,2016-06-15 08:00:58,2016,6,15,2,2,606428.5714285715,603566.6666666666,594155.5555555555,0.0032679738562091,0.0051729189272651
1466064007000,616000,2016-06-16 08:00:07,2016-06-16 08:00:07,2016,6,16,3,2,609000.0,603900.0,594511.1111111111,0.003257328990228,0.0050740641148466
1466086222000,623000,2016-06-16 14:10:22,2016-06-16 14:10:22,2016,6,16,3,2,612000.0,604600.0,594844.4444444445,0.0113636363636364,0.0052568208778304
1466150766000,610000,2016-06-17 08:06:06,2016-06-17 08:06:06,2016,6,17,4,2,613142.8571428572,604766.6666666666,595088.8888888889,-0.0208667736757623,0.0065640589058347
1466234580000,621000,2016-06-18 07:23:00,2016-06-18 07:23:00,2016,6,18,5,2,615000.0,605266.6666666666,595433.3333333334,0.0180327868852459,0.0073187335328993
1466409841000,614000,2016-06-20 08:04:01,2016-06-20 08:04:01,2016,6,20,0,2,615714.2857142857,605533.3333333334,595655.5555555555,-0.0112721417069243,0.0076454712486248
1466496116000,610000,2016-06-21 08:01:56,2016-06-21 08:01:56,2016,6,21,1,2,615428.5714285715,605633.3333333334,595866.6666666666,-0.006514657980456,0.0077465037932945
1466581541000,603000,2016-06-22 07:45:41,2016-06-22 07:45:41,2016,6,22,2,2,613857.1428571428,605600.0,595977.7777777778,-0.0114754098360655,0.0079840435547562
1466668235000,602000,2016-06-23 07:50:35,2016-06-23 07:50:35,2016,6,23,3,2,611857.1428571428,605400.0,596111.1111111111,-0.0016583747927031,0.0078888972659544
1466755197000,601000,2016-06-24 07:59:57,2016-06-24 07:59:57,2016,6,24,4,2,608714.2857142857,605166.6666666666,596222.2222222222,-0.0016611295681062,0.007892544695452
1466765151000,617000,2016-06-24 10:45:51,2016-06-24 10:45:51,2016,6,24,4,2,609714.2857142857,605533.3333333334,596544.4444444445,0.0266222961730449,0.0092770809143324
1466836478000,628000,2016-06-25 06:34:38,2016-06-25 06:34:38,2016,6,25,5,2,610714.2857142857,606266.6666666666,596911.1111111111,0.0178282009724473,0.0097913533440539
1467015206000,630000,2016-06-27 08:13:26,2016-06-27 08:13:26,2016,6,27,0,2,613000.0,607233.3333333334,597400.0,0.0031847133757962,0.0096305844607185
1467099994000,628000,2016-06-28 07:46:34,2016-06-28 07:46:34,2016,6,28,1,2,615571.4285714285,608166.6666666666,597877.7777777778,-0.0031746031746031,0.0096522551248794
1467188399000,620000,2016-06-29 08:19:59,2016-06-29 08:19:59,2016,6,29,2,2,618000.0,608866.6666666666,598322.2222222222,-0.0127388535031847,0.0099860509546488
1467273181000,616000,2016-06-30 07:53:01,2016-06-30 07:53:01,2016,6,30,3,2,620000.0,609433.3333333334,598722.2222222222,-0.0064516129032258,0.0100817349390448
1467361015000,619000,2016-07-01 08:16:55,2016-07-01 08:16:55,2016,7,1,4,3,622571.4285714285,610233.3333333334,599166.6666666666,0.0048701298701299,0.0099993006660896
1468225034000,638000,2016-07-11 08:17:14,2016-07-11 08:17:14,2016,7,11,0,3,625571.4285714285,611600.0,599666.6666666666,0.0306946688206786,0.0113423469101526
1468309504000,632000,2016-07-12 07:45:04,2016-07-12 07:45:04,2016,7,12,1,3,626142.8571428572,612733.3333333334,600122.2222222222,-0.0094043887147335,0.0115412980299335
1468397595000,622000,2016-07-13 08:13:15,2016-07-13 08:13:15,2016,7,13,2,3,625000.0,613533.3333333334,600511.1111111111,-0.0158227848101265,0.0119845744892732
1468484040000,627000,2016-07-14 08:14:00,2016-07-14 08:14:00,2016,7,14,3,3,624857.1428571428,614533.3333333334,600977.7777777778,0.0080385852090032,0.0120303037988883
1468570221000,621000,2016-07-15 08:10:21,2016-07-15 08:10:21,2016,7,15,4,3,625000.0,615066.6666666666,601355.5555555555,-0.0095693779904306,0.0119911931206162
1468654501000,624000,2016-07-16 07:35:01,2016-07-16 07:35:01,2016,7,16,5,3,626142.8571428572,615666.6666666666,601866.6666666666,0.0048309178743961,0.0120117323566882
1468829572000,622000,2016-07-18 08:12:52,2016-07-18 08:12:52,2016,7,18,0,3,626571.4285714285,616300.0,602344.4444444445,-0.0032051282051281,0.0119858882710237
1468840363000,622000,2016-07-18 11:12:43,2016-07-18 11:12:43,2016,7,18,0,3,624285.7142857143,617100.0,602811.1111111111,0.0,0.0118566635921807
1468914618000,621000,2016-07-19 07:50:18,2016-07-19 07:50:18,2016,7,19,1,3,622714.2857142857,617733.3333333334,603233.3333333334,-0.0016077170418006,0.0118252826337653
1469001437000,622000,2016-07-20 07:57:17,2016-07-20 07:57:17,2016,7,20,2,3,622714.2857142857,618400.0,603566.6666666666,0.001610305958132,0.0118237554249993
1469087972000,617000,2016-07-21 07:59:32,2016-07-21 07:59:32,2016,7,21,3,3,621285.7142857143,618700.0,603944.4444444445,-0.0080385852090032,0.0118181365724518
1469175987000,625000,2016-07-22 08:26:27,2016-07-22 08:26:27,2016,7,22,4,3,621857.1428571428,619233.3333333334,604400.0,0.0129659643435979,0.0120328694263775
1469254143000,620000,2016-07-23 06:09:03,2016-07-23 06:09:03,2016,7,23,5,3,621285.7142857143,619500.0,604844.4444444445,-0.008,0.0121161459833453
1469433680000,620000,2016-07-25 08:01:20,2016-07-25 08:01:20,2016,7,25,0,3,621000.0,619700.0,605266.6666666666,0.0,0.0121051203622478
1469519079000,620000,2016-07-26 07:44:39,2016-07-26 07:44:39,2016,7,26,1,3,620714.2857142857,619833.3333333334,605722.2222222222,0.0,0.0120931600052132
1469606670000,621000,2016-07-27 08:04:30,2016-07-27 08:04:30,2016,7,27,2,3,620714.2857142857,619766.6666666666,606111.1111111111,0.0016129032258065,0.0119148833326031
1469692558000,625000,2016-07-28 07:55:58,2016-07-28 07:55:58,2016,7,28,3,3,621142.8571428572,620266.6666666666,606566.6666666666,0.0064412238325282,0.0112958775024818
1469709716000,625000,2016-07-28 12:41:56,2016-07-28 12:41:56,2016,7,28,3,3,622285.7142857143,620400.0,606966.6666666666,0.0,0.0108209733682462
1469780325000,625000,2016-07-29 08:18:45,2016-07-29 08:18:45,2016,7,29,4,3,622285.7142857143,620766.6666666666,607400.0,0.0,0.0105998098566063
1469866546000,628000,2016-07-30 08:15:46,2016-07-30 08:15:46,2016,7,30,5,3,623428.5714285715,621366.6666666666,607833.3333333334,0.0047999999999999,0.0105373530318071
1470038021000,629000,2016-08-01 07:53:41,2016-08-01 07:53:41,2016,8,1,0,3,624714.2857142857,622233.3333333334,608222.2222222222,0.0015923566878981,0.0102695708306063
1470124507000,631000,2016-08-02 07:55:07,2016-08-02 07:55:07,2016,8,2,1,3,626285.7142857143,623200.0,608655.5555555555,0.0031796502384737,0.0102569138675182
1470213082000,635000,2016-08-03 08:31:22,2016-08-03 08:31:22,2016,8,3,2,3,628285.7142857143,624333.3333333334,609177.7777777778,0.0063391442155309,0.0102726560709531
1470298376000,634000,2016-08-04 08:12:56,2016-08-04 08:12:56,2016,8,4,3,3,629571.4285714285,624900.0,609722.2222222222,-0.0015748031496063,0.0091612386919992
1470385166000,636000,2016-08-05 08:19:26,2016-08-05 08:19:26,2016,8,5,4,3,631142.8571428572,625166.6666666666,610288.8888888889,0.003154574132492,0.0086035936843544
1470471010000,626000,2016-08-06 08:10:10,2016-08-06 08:10:10,2016,8,6,5,3,631285.7142857143,625033.3333333334,610733.3333333334,-0.0157232704402515,0.0090764917263334
1470644000000,626000,2016-08-08 08:13:20,2016-08-08 08:13:20,2016,8,8,0,3,631000.0,624966.6666666666,611177.7777777778,0.0,0.0090587750601612
1470729553000,627000,2016-08-09 07:59:13,2016-08-09 07:59:13,2016,8,9,1,3,630714.2857142857,625200.0,611566.6666666666,0.0015974440894568,0.0087397635774898
1470816073000,629000,2016-08-10 08:01:13,2016-08-10 08:01:13,2016,8,10,2,3,630428.5714285715,625633.3333333334,612033.3333333334,0.0031897926634769,0.0086555704643675
1470902686000,631000,2016-08-11 08:04:46,2016-08-11 08:04:46,2016,8,11,3,3,629857.1428571428,626033.3333333334,612488.8888888889,0.0031796502384737,0.0086331778327587
1470989541000,628000,2016-08-12 08:12:21,2016-08-12 08:12:21,2016,8,12,4,3,629000.0,625700.0,612944.4444444445,-0.0047543581616481,0.0065598155315584
1471068705000,626000,2016-08-13 06:11:45,2016-08-13 06:11:45,2016,8,13,5,3,627571.4285714285,625500.0,613400.0,-0.0031847133757961,0.0063642425195183
1471248749000,627000,2016-08-15 08:12:29,2016-08-15 08:12:29,2016,8,15,0,3,627714.2857142857,625666.6666666666,613855.5555555555,0.0015974440894568,0.0056540243256535
1471334297000,629000,2016-08-16 07:58:17,2016-08-16 07:58:17,2016,8,16,1,3,628142.8571428572,625733.3333333334,614300.0,0.0031897926634769,0.005491631791759
1471509388000,632000,2016-08-18 08:36:28,2016-08-18 08:36:28,2016,8,18,3,3,628857.1428571428,626100.0,614755.5555555555,0.0047694753577105,0.0052372687542795
1471594786000,632000,2016-08-19 08:19:46,2016-08-19 08:19:46,2016,8,19,4,3,629285.7142857143,626366.6666666666,615133.3333333334,0.0,0.0051765709818841
1471681405000,629000,2016-08-20 08:23:25,2016-08-20 08:23:25,2016,8,20,5,3,629000.0,626600.0,615366.6666666666,-0.004746835443038,0.0052214402938563
1471681848000,629000,2016-08-20 08:30:48,2016-08-20 08:30:48,2016,8,20,5,3,629142.8571428572,626833.3333333334,615600.0,0.0,0.0052214402938563
1471852902000,629000,2016-08-22 08:01:42,2016-08-22 08:01:42,2016,8,22,0,3,629571.4285714285,627100.0,615855.5555555555,0.0,0.00520850313311
1471940490000,628000,2016-08-23 08:21:30,2016-08-23 08:21:30,2016,8,23,1,3,629714.2857142857,627300.0,616111.1111111111,-0.0015898251192368,0.0052164700961899
1472025863000,629000,2016-08-24 08:04:23,2016-08-24 08:04:23,2016,8,24,2,3,629714.2857142857,627700.0,616400.0,0.0015923566878981,0.0049742143475413
1472110740000,627000,2016-08-25 07:39:00,2016-08-25 07:39:00,2016,8,25,3,3,629000.0,627766.6666666666,616622.2222222222,-0.0031796502384737,0.0044410819741359
1472200527000,626000,2016-08-26 08:35:27,2016-08-26 08:35:27,2016,8,26,4,3,628142.8571428572,627966.6666666666,616877.7777777778,-0.0015948963317384,0.0041839688220667
1472284825000,625000,2016-08-27 08:00:25,2016-08-27 08:00:25,2016,8,27,5,3,627571.4285714285,628133.3333333334,617133.3333333334,-0.0015974440894568,0.0041984479969522
1472457005000,626000,2016-08-29 07:50:05,2016-08-29 07:50:05,2016,8,29,0,3,627142.8571428572,628333.3333333334,617355.5555555555,0.0016,0.0042049740687807
1472457250000,626000,2016-08-29 07:54:10,2016-08-29 07:54:10,2016,8,29,0,3,626714.2857142857,628500.0,617622.2222222222,0.0,0.0041983070099234
1472543483000,627000,2016-08-30 07:51:23,2016-08-30 07:51:23,2016,8,30,1,3,626571.4285714285,628566.6666666666,617866.6666666666,0.0015974440894568,0.0040433039289902
1472630418000,622000,2016-08-31 08:00:18,2016-08-31 08:00:18,2016,8,31,2,3,625571.4285714285,628466.6666666666,618044.4444444445,-0.0079744816586921,0.0043047638948008
1472716395000,622000,2016-09-01 07:53:15,2016-09-01 07:53:15,2016,9,1,3,3,624857.1428571428,628366.6666666666,618222.2222222222,0.0,0.0043047638948008
1472803932000,623000,2016-09-02 08:12:12,2016-09-02 08:12:12,2016,9,2,4,3,624428.5714285715,628200.0,618400.0,0.0016077170418007,0.0042167048566249
1472891330000,627000,2016-09-03 08:28:50,2016-09-03 08:28:50,2016,9,3,5,3,624714.2857142857,628133.3333333334,618655.5555555555,0.0064205457463883,0.0043787787194396
1473063669000,627000,2016-09-05 08:21:09,2016-09-05 08:21:09,2016,9,5,0,3,624857.1428571428,628000.0,618866.6666666666,0.0,0.0043349993559962
1473149662000,626000,2016-09-06 08:14:22,2016-09-06 08:14:22,2016,9,6,1,3,624857.1428571428,627700.0,619066.6666666666,-0.0015948963317384,0.0041606385730214
1473235346000,630000,2016-09-07 08:02:26,2016-09-07 08:02:26,2016,9,7,2,3,625285.7142857143,627566.6666666666,619333.3333333334,0.0063897763578275,0.0043378641744595
1473321267000,629000,2016-09-08 07:54:27,2016-09-08 07:54:27,2016,9,8,3,3,626285.7142857143,627333.3333333334,619588.8888888889,-0.0015873015873015,0.0042975520040151
1473409368000,627000,2016-09-09 08:22:48,2016-09-09 08:22:48,2016,9,9,4,3,627000.0,627366.6666666666,619877.7777777778,-0.0031796502384737,0.0032284943433078
1473410223000,627000,2016-09-09 08:37:03,2016-09-09 08:37:03,2016,9,9,4,3,627571.4285714285,627400.0,620177.7777777778,0.0,0.0032284943433078
1473492829000,624000,2016-09-10 07:33:49,2016-09-10 07:33:49,2016,9,10,5,3,627142.8571428572,627300.0,620455.5555555555,-0.0047846889952153,0.0033321799151185
1473752544000,624000,2016-09-13 07:42:24,2016-09-13 07:42:24,2016,9,13,1,3,626714.2857142857,627133.3333333334,620733.3333333334,0.0,0.0032721380655652
1473837912000,623000,2016-09-14 07:25:12,2016-09-14 07:25:12,2016,9,14,2,3,626285.7142857143,626866.6666666666,621044.4444444445,-0.001602564102564,0.0032147337535358
1473926571000,625000,2016-09-15 08:02:51,2016-09-15 08:02:51,2016,9,15,3,3,625571.4285714285,626766.6666666666,621355.5555555555,0.0032102728731941,0.0031730664759888
1474014823000,624000,2016-09-16 08:33:43,2016-09-16 08:33:43,2016,9,16,4,3,624857.1428571428,626700.0,621644.4444444445,-0.0016,0.0031338336886409
1474098082000,621000,2016-09-17 07:41:22,2016-09-17 07:41:22,2016,9,17,5,3,624000.0,626500.0,621900.0,-0.0048076923076922,0.00323075471313
1474272587000,621000,2016-09-19 08:09:47,2016-09-19 08:09:47,2016,9,19,0,3,623142.8571428572,626233.3333333334,622166.6666666666,0.0,0.0031632007510821
1474359512000,622000,2016-09-20 08:18:32,2016-09-20 08:18:32,2016,9,20,1,3,622857.1428571428,625900.0,622355.5555555555,0.001610305958132,0.003034384088739
1474444976000,623000,2016-09-21 08:02:56,2016-09-21 08:02:56,2016,9,21,2,3,622714.2857142857,625600.0,622544.4444444445,0.0016077170418007,0.0030581175645327
1474532929000,628000,2016-09-22 08:28:49,2016-09-22 08:28:49,2016,9,22,3,3,623428.5714285715,625566.6666666666,622822.2222222222,0.0080256821829856,0.003320501486006
1474621283000,627000,2016-09-23 09:01:23,2016-09-23 09:01:23,2016,9,23,4,3,623714.2857142857,625500.0,623144.4444444445,-0.0015923566878981,0.0033324181623538
1474704250000,628000,2016-09-24 08:04:10,2016-09-24 08:04:10,2016,9,24,5,3,624285.7142857143,625466.6666666666,623433.3333333334,0.0015948963317384,0.0033467725558762
1474877015000,627000,2016-09-26 08:03:35,2016-09-26 08:03:35,2016,9,26,0,3,625142.8571428572,625433.3333333334,623711.1111111111,-0.0015923566878981,0.0033468128135082
1474962681000,626000,2016-09-27 07:51:21,2016-09-27 07:51:21,2016,9,27,1,3,625857.1428571428,625333.3333333334,623911.1111111111,-0.0015948963317384,0.003343541788801
1475048648000,622000,2016-09-28 07:44:08,2016-09-28 07:44:08,2016,9,28,2,3,625857.1428571428,625166.6666666666,624055.5555555555,-0.0063897763578274,0.0034917935649538
1475136239000,621000,2016-09-29 08:03:59,2016-09-29 08:03:59,2016,9,29,3,3,625571.4285714285,625000.0,624155.5555555555,-0.0016077170418006,0.0034919632347576
1475226269000,621000,2016-09-30 09:04:29,2016-09-30 09:04:29,2016,9,30,4,3,624571.4285714285,624866.6666666666,624233.3333333334,0.0,0.0034830555748491
1475311268000,620000,2016-10-01 08:41:08,2016-10-01 08:41:08,2016,10,1,5,4,623571.4285714285,624666.6666666666,624277.7777777778,-0.001610305958132,0.0034748942429761
1475481101000,621000,2016-10-03 07:51:41,2016-10-03 07:51:41,2016,10,3,0,4,622571.4285714285,624500.0,624255.5555555555,0.0016129032258065,0.0034923717158565
1475568477000,620000,2016-10-04 08:07:57,2016-10-04 08:07:57,2016,10,4,1,4,621571.4285714285,624266.6666666666,624366.6666666666,-0.001610305958132,0.0034825898330052
1475655451000,619000,2016-10-05 08:17:31,2016-10-05 08:17:31,2016,10,5,2,4,620571.4285714285,624166.6666666666,624344.4444444445,-0.0016129032258064,0.0031843943201816
1475740592000,619000,2016-10-06 07:56:32,2016-10-06 07:56:32,2016,10,6,3,4,620142.8571428572,624066.6666666666,624400.0,0.0,0.0031843943201816
1475828330000,619000,2016-10-07 08:18:50,2016-10-07 08:18:50,2016,10,7,4,4,619857.1428571428,623933.3333333334,624500.0,0.0,0.0031671662199898
1475918661000,619000,2016-10-08 09:24:21,2016-10-08 09:24:21,2016,10,8,5,4,619571.4285714285,623666.6666666666,624677.7777777778,0.0,0.0029101793415298
1475918952000,619000,2016-10-08 09:29:12,2016-10-08 09:29:12,2016,10,8,5,4,619428.5714285715,623400.0,624866.6666666666,0.0,0.0029101793415298
1476086052000,619000,2016-10-10 07:54:12,2016-10-10 07:54:12,2016,10,10,0,4,619142.8571428572,623166.6666666666,625066.6666666666,0.0,0.0029026071380932
1476172916000,619000,2016-10-11 08:01:56,2016-10-11 08:01:56,2016,10,11,1,4,619000.0,622800.0,625088.8888888889,0.0,0.0026090104962513
1476258861000,619000,2016-10-12 07:54:21,2016-10-12 07:54:21,2016,10,12,2,4,619000.0,622466.6666666666,624988.8888888889,0.0,0.0026040460223631
1476345396000,620000,2016-10-13 07:56:36,2016-10-13 07:56:36,2016,10,13,3,4,619142.8571428572,622233.3333333334,624877.7777777778,0.0016155088852989,0.0025829294865811
1476433537000,621000,2016-10-14 08:25:37,2016-10-14 08:25:37,2016,10,14,4,4,619428.5714285715,622033.3333333334,624800.0,0.0016129032258065,0.0026075854055967
1476518427000,619000,2016-10-15 08:00:27,2016-10-15 08:00:27,2016,10,15,5,4,619428.5714285715,621866.6666666666,624788.8888888889,-0.0032206119162641,0.0025296536546247
1476692854000,620000,2016-10-17 08:27:34,2016-10-17 08:27:34,2016,10,17,0,4,619571.4285714285,621733.3333333334,624833.3333333334,0.0016155088852989,0.0025525816104735
1476778019000,621000,2016-10-18 08:06:59,2016-10-18 08:06:59,2016,10,18,1,4,619857.1428571428,621666.6666666666,624855.5555555555,0.0016129032258065,0.0025596422535655
1476863948000,622000,2016-10-19 07:59:08,2016-10-19 07:59:08,2016,10,19,2,4,620285.7142857143,621566.6666666666,624677.7777777778,0.001610305958132,0.0025042747023225
1476949936000,622000,2016-10-20 07:52:16,2016-10-20 07:52:16,2016,10,20,3,4,620714.2857142857,621500.0,624566.6666666666,0.0,0.0024894849610094
1477037799000,620000,2016-10-21 08:16:39,2016-10-21 08:16:39,2016,10,21,4,4,620714.2857142857,621466.6666666666,624544.4444444445,-0.0032154340836012,0.0024011516452055
1477122274000,619000,2016-10-22 07:44:34,2016-10-22 07:44:34,2016,10,22,5,4,620428.5714285715,621400.0,624455.5555555555,-0.0016129032258064,0.0024179699723949
1477295375000,621000,2016-10-24 07:49:35,2016-10-24 07:49:35,2016,10,24,0,4,620714.2857142857,621366.6666666666,624455.5555555555,0.0032310177705976,0.0024750408444094
1477382976000,621000,2016-10-25 08:09:36,2016-10-25 08:09:36,2016,10,25,1,4,620857.1428571428,621300.0,624422.2222222222,0.0,0.00245522059351
1477469169000,622000,2016-10-26 08:06:09,2016-10-26 08:06:09,2016,10,26,2,4,621000.0,621100.0,624422.2222222222,0.001610305958132,0.0019501277816793
1477554908000,619000,2016-10-27 07:55:08,2016-10-27 07:55:08,2016,10,27,3,4,620571.4285714285,620833.3333333334,624388.8888888889,-0.0048231511254018,0.0021059088140601
1477643749000,620000,2016-10-28 08:35:49,2016-10-28 08:35:49,2016,10,28,4,4,620285.7142857143,620566.6666666666,624377.7777777778,0.0016155088852989,0.0021065940835083
1477727699000,621000,2016-10-29 07:54:59,2016-10-29 07:54:59,2016,10,29,5,4,620428.5714285715,620366.6666666666,624366.6666666666,0.0016129032258065,0.0021265403254258
1477900700000,621000,2016-10-31 07:58:20,2016-10-31 07:58:20,2016,10,31,0,4,620714.2857142857,620200.0,624411.1111111111,0.0,0.0021134200470591
1477986641000,622000,2016-11-01 07:50:41,2016-11-01 07:50:41,2016,11,1,1,4,620857.1428571428,620200.0,624377.7777777778,0.001610305958132,0.0017946479387248
1478073022000,625000,2016-11-02 07:50:22,2016-11-02 07:50:22,2016,11,2,2,4,621428.5714285715,620333.3333333334,624433.3333333334,0.0048231511254019,0.0019711849485886
1478160489000,626000,2016-11-03 08:08:09,2016-11-03 08:08:09,2016,11,3,3,4,622000.0,620500.0,624500.0,0.0016,0.0019867253810845
1478248833000,627000,2016-11-04 08:40:33,2016-11-04 08:40:33,2016,11,4,4,4,623142.8571428572,620733.3333333334,624577.7777777778,0.0015974440894568,0.0019683146213829
1478332302000,626000,2016-11-05 07:51:42,2016-11-05 07:51:42,2016,11,5,5,4,624000.0,620900.0,624633.3333333334,-0.0015948963317384,0.0019858661008984
1478506022000,625000,2016-11-07 08:07:02,2016-11-07 08:07:02,2016,11,7,0,4,624571.4285714285,621066.6666666666,624633.3333333334,-0.0015974440894568,0.0019854476747614
1478590849000,623000,2016-11-08 07:40:49,2016-11-08 07:40:49,2016,11,8,1,4,624857.1428571428,621200.0,624611.1111111111,-0.0031999999999999,0.0020571881648531
1478678831000,620000,2016-11-09 08:07:11,2016-11-09 08:07:11,2016,11,9,2,4,624571.4285714285,621233.3333333334,624555.5555555555,-0.0048154093097912,0.0022532095452471
1478685947000,630000,2016-11-09 10:05:47,2016-11-09 10:05:47,2016,11,9,2,4,625285.7142857143,621600.0,624577.7777777778,0.0161290322580645,0.0036994446862668
1478766797000,625000,2016-11-10 08:33:17,2016-11-10 08:33:17,2016,11,10,3,4,625142.8571428572,621800.0,624533.3333333334,-0.0079365079365079,0.0040137966758888
1478849529000,617000,2016-11-11 07:32:09,2016-11-11 07:32:09,2016,11,11,4,4,623714.2857142857,621733.3333333334,624377.7777777778,-0.0128,0.0046757493428404
1478938081000,613000,2016-11-12 08:08:01,2016-11-12 08:08:01,2016,11,12,5,4,621857.1428571428,621533.3333333334,624133.3333333334,-0.0064829821717989,0.0048187227707448
1479110441000,615000,2016-11-14 08:00:41,2016-11-14 08:00:41,2016,11,14,0,4,620428.5714285715,621400.0,623922.2222222222,0.0032626427406199,0.0048626576276709
1479197469000,613000,2016-11-15 08:11:09,2016-11-15 08:11:09,2016,11,15,1,4,619000.0,621200.0,623666.6666666666,-0.0032520325203252,0.0048940843438603
1479284330000,614000,2016-11-16 08:18:50,2016-11-16 08:18:50,2016,11,16,2,4,618142.8571428572,621000.0,623533.3333333334,0.0016313213703098,0.004894300056155
1479369722000,614000,2016-11-17 08:02:02,2016-11-17 08:02:02,2016,11,17,3,4,615857.1428571428,620766.6666666666,623400.0,0.0,0.0048812613596419
1479456919000,611000,2016-11-18 08:15:19,2016-11-18 08:15:19,2016,11,18,4,4,613857.1428571428,620500.0,623222.2222222222,-0.004885993485342,0.0049241233837016
1479543464000,610000,2016-11-19 08:17:44,2016-11-19 08:17:44,2016,11,19,5,4,612857.1428571428,620166.6666666666,623011.1111111111,-0.0016366612111292,0.0049135118457522
1479715664000,610000,2016-11-21 08:07:44,2016-11-21 08:07:44,2016,11,21,0,4,612428.5714285715,619800.0,622777.7777777778,0.0,0.0048980531138035
1479802839000,612000,2016-11-22 08:20:39,2016-11-22 08:20:39,2016,11,22,1,4,612000.0,619466.6666666666,622600.0,0.0032786885245901,0.0049331718384829
1479888033000,611000,2016-11-23 08:00:33,2016-11-23 08:00:33,2016,11,23,2,4,611714.2857142857,619100.0,622433.3333333334,-0.0016339869281045,0.0049361564161502
1479975801000,609000,2016-11-24 08:23:21,2016-11-24 08:23:21,2016,11,24,3,4,611000.0,618733.3333333334,622233.3333333334,-0.0032733224222586,0.0049372322191583
1480062126000,610000,2016-11-25 08:22:06,2016-11-25 08:22:06,2016,11,25,4,4,610428.5714285715,618433.3333333334,622022.2222222222,0.0016420361247948,0.0049496082129188
1480145060000,609000,2016-11-26 07:24:20,2016-11-26 07:24:20,2016,11,26,5,4,610142.8571428572,618033.3333333334,621766.6666666666,-0.001639344262295,0.0049034756270206
1480321475000,610000,2016-11-28 08:24:35,2016-11-28 08:24:35,2016,11,28,0,4,610142.8571428572,617666.6666666666,621522.2222222222,0.0016420361247948,0.0049199866185179
1480406814000,611000,2016-11-29 08:06:54,2016-11-29 08:06:54,2016,11,29,1,4,610285.7142857143,617300.0,621322.2222222222,0.001639344262295,0.0049204360171716
1480494168000,612000,2016-11-30 08:22:48,2016-11-30 08:22:48,2016,11,30,2,4,610285.7142857143,617066.6666666666,621133.3333333334,0.0016366612111293,0.0048695603206785
1480579234000,608000,2016-12-01 08:00:34,2016-12-01 08:00:34,2016,12,1,3,4,609857.1428571428,616666.6666666666,620900.0,-0.0065359477124182,0.0049812306357081
1480666439000,609000,2016-12-02 08:13:59,2016-12-02 08:13:59,2016,12,2,4,4,609857.1428571428,616266.6666666666,620688.8888888889,0.0016447368421053,0.0049817303177395
1480752933000,608000,2016-12-03 08:15:33,2016-12-03 08:15:33,2016,12,3,5,4,609571.4285714285,615833.3333333334,620455.5555555555,-0.0016420361247947,0.0049834964183024
1480926610000,609000,2016-12-05 08:30:10,2016-12-05 08:30:10,2016,12,5,0,4,609571.4285714285,615400.0,620255.5555555555,0.0016447368421053,0.0049840490870324
1481011780000,607000,2016-12-06 08:09:40,2016-12-06 08:09:40,2016,12,6,1,4,609142.8571428572,614800.0,620044.4444444445,-0.0032840722495894,0.004893681727766
1481098704000,606000,2016-12-07 08:18:24,2016-12-07 08:18:24,2016,12,7,2,4,608428.5714285715,614133.3333333334,619833.3333333334,-0.00164744645799,0.0048709184283901
1481183708000,606000,2016-12-08 07:55:08,2016-12-08 07:55:08,2016,12,8,3,4,607571.4285714285,613433.3333333334,619611.1111111111,0.0,0.004849433395585
1481271766000,605000,2016-12-09 08:22:46,2016-12-09 08:22:46,2016,12,9,4,4,607142.8571428572,612733.3333333334,619377.7777777778,-0.0016501650165016,0.0048496291233961
1481357108000,605000,2016-12-10 08:05:08,2016-12-10 08:05:08,2016,12,10,5,4,606571.4285714285,612066.6666666666,619133.3333333334,0.0,0.0048530361180432
1481616718000,604000,2016-12-13 08:11:58,2016-12-13 08:11:58,2016,12,13,1,4,606000.0,611433.3333333334,618933.3333333334,-0.0016528925619834,0.0048378414130755
1481702842000,604000,2016-12-14 08:07:22,2016-12-14 08:07:22,2016,12,14,2,4,605285.7142857143,610900.0,618733.3333333334,0.0,0.0047872119321882
1481788685000,603000,2016-12-15 07:58:05,2016-12-15 07:58:05,2016,12,15,3,4,604714.2857142857,610000.0,618511.1111111111,-0.0016556291390728,0.003552874790065
1481876134000,602000,2016-12-16 08:15:34,2016-12-16 08:15:34,2016,12,16,4,4,604142.8571428572,609233.3333333334,618233.3333333334,-0.0016583747927031,0.0033360920672487
1481962135000,605000,2016-12-17 08:08:55,2016-12-17 08:08:55,2016,12,17,5,4,604000.0,608833.3333333334,617988.8888888889,0.0049833887043189,0.0027382349261327
1482135019000,606000,2016-12-19 08:10:19,2016-12-19 08:10:19,2016,12,19,0,4,604142.8571428572,608600.0,617766.6666666666,0.0016528925619834,0.0025361314696668
1482221628000,605000,2016-12-20 08:13:48,2016-12-20 08:13:48,2016,12,20,1,4,604142.8571428572,608266.6666666666,617488.8888888889,-0.0016501650165016,0.0024499847837842
1482308641000,603000,2016-12-21 08:24:01,2016-12-21 08:24:01,2016,12,21,2,4,604000.0,607933.3333333334,617200.0,-0.0033057851239669,0.002452052779002
1482393982000,604000,2016-12-22 08:06:22,2016-12-22 08:06:22,2016,12,22,3,4,604000.0,607600.0,616944.4444444445,0.0016583747927032,0.0024528856634339
1482484402000,603000,2016-12-23 09:13:22,2016-12-23 09:13:22,2016,12,23,4,4,604000.0,607233.3333333334,616677.7777777778,-0.0016556291390728,0.002458835034456
1482567335000,604000,2016-12-24 08:15:35,2016-12-24 08:15:35,2016,12,24,5,4,604285.7142857143,607000.0,616455.5555555555,0.0016583747927032,0.0023534741391296
1482826237000,605000,2016-12-27 08:10:37,2016-12-27 08:10:37,2016,12,27,1,4,604285.7142857143,606833.3333333334,616244.4444444445,0.0016556291390728,0.0023696244317878
1482911333000,606000,2016-12-28 07:48:53,2016-12-28 07:48:53,2016,12,28,2,4,604285.7142857143,606700.0,616055.5555555555,0.0016528925619834,0.0023952345197778
1482998546000,607000,2016-12-29 08:02:26,2016-12-29 08:02:26,2016,12,29,3,4,604571.4285714285,606533.3333333334,615855.5555555555,0.0016501650165017,0.0023308796308636
1483085851000,608000,2016-12-30 08:17:31,2016-12-30 08:17:31,2016,12,30,4,4,605285.7142857143,606433.3333333334,615677.7777777778,0.00164744645799,0.0023416716437605
1483431273000,606000,2017-01-03 08:14:33,2017-01-03 08:14:33,2017,1,3,1,1,605571.4285714285,606333.3333333334,615511.1111111111,-0.0032894736842105,0.0023424135176541
1483517827000,606000,2017-01-04 08:17:07,2017-01-04 08:17:07,2017,1,4,2,1,606000.0,606200.0,615344.4444444445,0.0,0.0023178627576901
1483604476000,607000,2017-01-05 08:21:16,2017-01-05 08:21:16,2017,1,5,3,1,606428.5714285715,606133.3333333334,615177.7777777778,0.0016501650165017,0.0023260337728443
1483691608000,606000,2017-01-06 08:33:28,2017-01-06 08:33:28,2017,1,6,4,1,606571.4285714285,606000.0,614988.8888888889,-0.00164744645799,0.0023182599663663
1483776431000,600000,2017-01-07 08:07:11,2017-01-07 08:07:11,2017,1,7,5,1,605714.2857142857,605633.3333333334,614677.7777777778,-0.0099009900990099,0.0028872931225005
1483950376000,602000,2017-01-09 08:26:16,2017-01-09 08:26:16,2017,1,9,0,1,605000.0,605300.0,614400.0,0.0033333333333334,0.002948608544021
1484036187000,605000,2017-01-10 08:16:27,2017-01-10 08:16:27,2017,1,10,1,1,604571.4285714285,605200.0,614144.4444444445,0.0049833887043189,0.0028909982987681
1484123535000,605000,2017-01-11 08:32:15,2017-01-11 08:32:15,2017,1,11,2,1,604428.5714285715,605066.6666666666,613900.0,0.0,0.0028711040853583
1484208530000,607000,2017-01-12 08:08:50,2017-01-12 08:08:50,2017,1,12,3,1,604571.4285714285,605033.3333333334,613688.8888888889,0.0033057851239668,0.0029278906031208
1484296736000,607000,2017-01-13 08:38:56,2017-01-13 08:38:56,2017,1,13,4,1,604571.4285714285,604966.6666666666,613522.2222222222,0.0,0.0029103951390582
1484381489000,608000,2017-01-14 08:11:29,2017-01-14 08:11:29,2017,1,14,5,1,604857.1428571428,605000.0,613377.7777777778,0.00164744645799,0.0028635692631703
1484556378000,609000,2017-01-16 08:46:18,2017-01-16 08:46:18,2017,1,16,0,1,606142.8571428572,605100.0,613244.4444444445,0.0016447368421053,0.0028590038841902
1484638966000,610000,2017-01-17 07:42:46,2017-01-17 07:42:46,2017,1,17,1,1,607285.7142857143,605233.3333333334,613133.3333333334,0.0016420361247948,0.0028713565413332
1484726642000,613000,2017-01-18 08:04:02,2017-01-18 08:04:02,2017,1,18,2,1,608428.5714285715,605500.0,613044.4444444445,0.0049180327868851,0.0029722181796073
1484813830000,610000,2017-01-19 08:17:10,2017-01-19 08:17:10,2017,1,19,3,1,609142.8571428572,605666.6666666666,612933.3333333334,-0.0048939641109299,0.0031275728470604
1484900893000,611000,2017-01-20 08:28:13,2017-01-20 08:28:13,2017,1,20,4,1,609714.2857142857,605900.0,612844.4444444445,0.001639344262295,0.003115178959478
1484993552000,611000,2017-01-21 10:12:32,2017-01-21 10:12:32,2017,1,21,5,1,610285.7142857143,606133.3333333334,612755.5555555555,0.0,0.003115178959478
1485158770000,613000,2017-01-23 08:06:10,2017-01-23 08:06:10,2017,1,23,0,1,611000.0,606466.6666666666,612688.8888888889,0.0032733224222585,0.0031335568082073
1485244872000,613000,2017-01-24 08:01:12,2017-01-24 08:01:12,2017,1,24,1,1,611571.4285714285,606833.3333333334,612622.2222222222,0.0,0.0031077188779883
1485332043000,610000,2017-01-25 08:14:03,2017-01-25 08:14:03,2017,1,25,2,1,611571.4285714285,607000.0,612522.2222222222,-0.0048939641109299,0.0031511566229613
1485418646000,607000,2017-01-26 08:17:26,2017-01-26 08:17:26,2017,1,26,3,1,610714.2857142857,607033.3333333334,612388.8888888889,-0.0049180327868852,0.0032781870166774
1485504283000,602000,2017-01-27 08:04:43,2017-01-27 08:04:43,2017,1,27,4,1,609571.4285714285,606933.3333333334,612200.0,-0.0082372322899505,0.0036013602957335
1485765080000,603000,2017-01-30 08:31:20,2017-01-30 08:31:20,2017,1,30,0,1,608428.5714285715,606933.3333333334,612022.2222222222,0.0016611295681063,0.0035657196649654
1485851112000,603000,2017-01-31 08:25:12,2017-01-31 08:25:12,2017,1,31,1,1,607285.7142857143,606900.0,611833.3333333334,0.0,0.0035520509064723
1485936113000,607000,2017-02-01 08:01:53,2017-02-01 08:01:53,2017,2,1,2,1,606428.5714285715,607033.3333333334,611677.7777777778,0.0066334991708125,0.0037401874209622
1486023179000,607000,2017-02-02 08:12:59,2017-02-02 08:12:59,2017,2,2,3,1,605571.4285714285,607133.3333333334,611544.4444444445,0.0,0.0037305481700287
1486109292000,609000,2017-02-03 08:08:12,2017-02-03 08:08:12,2017,2,3,4,1,605428.5714285715,607266.6666666666,611422.2222222222,0.0032948929159801,0.0037648773039257
1486197980000,611000,2017-02-04 08:46:20,2017-02-04 08:46:20,2017,2,4,5,1,606000.0,607433.3333333334,611311.1111111111,0.0032840722495894,0.0037978216464394
1486368907000,610000,2017-02-06 08:15:07,2017-02-06 08:15:07,2017,2,6,0,1,607142.8571428572,607533.3333333334,611177.7777777778,-0.0016366612111292,0.0038043633165143
1486457449000,612000,2017-02-07 08:50:49,2017-02-07 08:50:49,2017,2,7,1,1,608428.5714285715,607666.6666666666,611066.6666666666,0.0032786885245901,0.0038376994761022
1486541784000,612000,2017-02-08 08:16:24,2017-02-08 08:16:24,2017,2,8,2,1,609714.2857142857,607866.6666666666,610977.7777777778,0.0,0.0037803655369953
1486627768000,614000,2017-02-09 08:09:28,2017-02-09 08:09:28,2017,2,9,3,1,610714.2857142857,608133.3333333334,610922.2222222222,0.0032679738562091,0.0038172717419408
1486713955000,608000,2017-02-10 08:05:55,2017-02-10 08:05:55,2017,2,10,4,1,610857.1428571428,608166.6666666666,610777.7777777778,-0.009771986970684,0.0042391660035704
1486799308000,610000,2017-02-11 07:48:28,2017-02-11 07:48:28,2017,2,11,5,1,611000.0,608300.0,610655.5555555555,0.0032894736842106,0.004266192930649
1486974755000,609000,2017-02-13 08:32:35,2017-02-13 08:32:35,2017,2,13,0,1,610714.2857142857,608600.0,610511.1111111111,-0.001639344262295,0.0038346184189847
1487060738000,608000,2017-02-14 08:25:38,2017-02-14 08:25:38,2017,2,14,1,1,610428.5714285715,608800.0,610388.8888888889,-0.0016420361247947,0.0038155543782396
1487233257000,610000,2017-02-16 08:20:57,2017-02-16 08:20:57,2017,2,16,3,1,610142.8571428572,608966.6666666666,610277.7777777778,0.0032894736842106,0.00375651184275
1487320181000,612000,2017-02-17 08:29:41,2017-02-17 08:29:41,2017,2,17,4,1,610142.8571428572,609200.0,610177.7777777778,0.0032786885245901,0.0037955393193363
1487406177000,610000,2017-02-18 08:22:57,2017-02-18 08:22:57,2017,2,18,5,1,609571.4285714285,609300.0,610055.5555555555,-0.0032679738562091,0.003811157276332
1487579487000,611000,2017-02-20 08:31:27,2017-02-20 08:31:27,2017,2,20,0,1,610000.0,609433.3333333334,609933.3333333334,0.001639344262295,0.0038203566205847
1487664248000,610000,2017-02-21 08:04:08,2017-02-21 08:04:08,2017,2,21,1,1,610000.0,609500.0,609766.6666666666,-0.0016366612111292,0.003825271283107
1487750084000,611000,2017-02-22 07:54:44,2017-02-22 07:54:44,2017,2,22,2,1,610285.7142857143,609566.6666666666,609600.0,0.001639344262295,0.0038251971226629
1487837065000,611000,2017-02-23 08:04:25,2017-02-23 08:04:25,2017,2,23,3,1,610714.2857142857,609600.0,609422.2222222222,0.0,0.0038143463574068
1487924109000,616000,2017-02-24 08:15:09,2017-02-24 08:15:09,2017,2,24,4,1,611571.4285714285,609700.0,609311.1111111111,0.0081833060556464,0.0039997817423186
1488010100000,618000,2017-02-25 08:08:20,2017-02-25 08:08:20,2017,2,25,5,1,612428.5714285715,609966.6666666666,609233.3333333334,0.0032467532467532,0.0039196895768163
1488181560000,617000,2017-02-27 07:46:00,2017-02-27 07:46:00,2017,2,27,0,1,613428.5714285715,610166.6666666666,609166.6666666666,-0.0016181229773463,0.0039304768480534
1488269942000,616000,2017-02-28 08:19:02,2017-02-28 08:19:02,2017,2,28,1,1,614142.8571428572,610333.3333333334,609122.2222222222,-0.0016207455429497,0.0039463222952406
1488355874000,613000,2017-03-01 08:11:14,2017-03-01 08:11:14,2017,3,1,2,1,614571.4285714285,610333.3333333334,608933.3333333334,-0.0048701298701299,0.0040127868207771
1488442110000,612000,2017-03-02 08:08:30,2017-03-02 08:08:30,2017,3,2,3,1,614714.2857142857,610300.0,608788.8888888889,-0.0016313213703099,0.0040239336035477
1488527525000,609000,2017-03-03 07:52:05,2017-03-03 07:52:05,2017,3,3,4,1,614428.5714285715,610266.6666666666,608700.0,-0.0049019607843137,0.0040242660300819
1488615493000,608000,2017-03-04 08:18:13,2017-03-04 08:18:13,2017,3,4,5,1,613285.7142857143,610300.0,608644.4444444445,-0.0016420361247947,0.0039308912257364
1488788191000,609000,2017-03-06 08:16:31,2017-03-06 08:16:31,2017,3,6,0,1,612000.0,610533.3333333334,608577.7777777778,0.0016447368421053,0.0036125790210538
1488873215000,606000,2017-03-07 07:53:35,2017-03-07 07:53:35,2017,3,7,1,1,610428.5714285715,610633.3333333334,608500.0,-0.0049261083743842,0.003731011446308
1488959063000,603000,2017-03-08 07:44:23,2017-03-08 07:44:23,2017,3,8,2,1,608571.4285714285,610633.3333333334,608377.7777777778,-0.0049504950495049,0.0038465753090048
1489046712000,601000,2017-03-09 08:05:12,2017-03-09 08:05:12,2017,3,9,3,1,606857.1428571428,610433.3333333334,608233.3333333334,-0.0033167495854062,0.0036809283494258
1489132330000,599000,2017-03-10 07:52:10,2017-03-10 07:52:10,2017,3,10,4,1,605000.0,610166.6666666666,608100.0,-0.0033277870216306,0.0037207384133058
1489218205000,600000,2017-03-11 07:43:25,2017-03-11 07:43:25,2017,3,11,5,1,603714.2857142857,609866.6666666666,607988.8888888889,0.0016694490818029,0.0036761112449152
1489392161000,600000,2017-03-13 08:02:41,2017-03-13 08:02:41,2017,3,13,0,1,602571.4285714285,609500.0,607877.7777777778,0.0,0.0036081299271221
1489478180000,598000,2017-03-14 07:56:20,2017-03-14 07:56:20,2017,3,14,1,1,601000.0,609100.0,607722.2222222222,-0.0033333333333332,0.0036381266508601
1489564639000,597000,2017-03-15 07:57:19,2017-03-15 07:57:19,2017,3,15,2,1,599714.2857142857,608600.0,607566.6666666666,-0.0016722408026755,0.0035650620775334
1489652238000,601000,2017-03-16 08:17:18,2017-03-16 08:17:18,2017,3,16,3,1,599428.5714285715,608233.3333333334,607477.7777777778,0.0067001675041875,0.0038190702260068
1489736695000,602000,2017-03-17 07:44:55,2017-03-17 07:44:55,2017,3,17,4,1,599571.4285714285,607833.3333333334,607388.8888888889,0.0016638935108153,0.0037740510016481
1489820756000,603000,2017-03-18 07:05:56,2017-03-18 07:05:56,2017,3,18,5,1,600142.8571428572,607666.6666666666,607322.2222222222,0.0016611295681063,0.0033776774117764
1489998143000,604000,2017-03-20 08:22:23,2017-03-20 08:22:23,2017,3,20,0,1,600714.2857142857,607466.6666666666,607255.5555555555,0.0016583747927032,0.0033312184652918
1489998323000,604000,2017-03-20 08:25:23,2017-03-20 08:25:23,2017,3,20,0,1,601285.7142857143,607300.0,607177.7777777778,0.0,0.0033223330082338
1490083933000,605000,2017-03-21 08:12:13,2017-03-21 08:12:13,2017,3,21,1,1,602285.7142857143,607200.0,607100.0,0.0016556291390728,0.0033298977483338
1490170644000,607000,2017-03-22 08:17:24,2017-03-22 08:17:24,2017,3,22,2,1,603714.2857142857,607100.0,607088.8888888889,0.0033057851239668,0.0033304816078774
1490255688000,609000,2017-03-23 07:54:48,2017-03-23 07:54:48,2017,3,23,3,1,604857.1428571428,607000.0,607088.8888888889,0.0032948929159801,0.0033310596252955
1490342427000,609000,2017-03-24 08:00:27,2017-03-24 08:00:27,2017,3,24,4,1,605857.1428571428,606966.6666666666,607100.0,0.0,0.0032788908365512
1490425040000,608000,2017-03-25 06:57:20,2017-03-25 06:57:20,2017,3,25,5,1,606571.4285714285,606866.6666666666,607088.8888888889,-0.0016420361247947,0.0032753400167924
1490601901000,612000,2017-03-27 08:05:01,2017-03-27 08:05:01,2017,3,27,0,1,607714.2857142857,606933.3333333334,607144.4444444445,0.006578947368421,0.0034843108823189
1490774437000,610000,2017-03-29 08:00:37,2017-03-29 08:00:37,2017,3,29,2,1,608571.4285714285,606900.0,607188.8888888889,-0.0032679738562091,0.0035252302114716
1490860589000,611000,2017-03-30 07:56:29,2017-03-30 07:56:29,2017,3,30,3,1,609428.5714285715,606900.0,607244.4444444445,0.001639344262295,0.0035386896212563
1490946847000,608000,2017-03-31 07:54:07,2017-03-31 07:54:07,2017,3,31,4,1,609571.4285714285,606633.3333333334,607277.7777777778,-0.0049099836333879,0.0032943665798921
1491034653000,609000,2017-04-01 08:17:33,2017-04-01 08:17:33,2017,4,1,5,2,609571.4285714285,606333.3333333334,607322.2222222222,0.0016447368421053,0.0032453249160274
1491206098000,609000,2017-04-03 07:54:58,2017-04-03 07:54:58,2017,4,3,0,2,609571.4285714285,606066.6666666666,607377.7777777778,0.0,0.0032392632739928
1491293533000,611000,2017-04-04 08:12:13,2017-04-04 08:12:13,2017,4,4,1,2,610000.0,605900.0,607455.5555555555,0.0032840722495894,0.0033002881347375
1491379721000,611000,2017-04-05 08:08:41,2017-04-05 08:08:41,2017,4,5,2,2,609857.1428571428,605833.3333333334,607544.4444444445,0.0,0.0031837456816848
1491465880000,612000,2017-04-06 08:04:40,2017-04-06 08:04:40,2017,4,6,3,2,610142.8571428572,605833.3333333334,607655.5555555555,0.0016366612111293,0.0031855939185754
1491551849000,609000,2017-04-07 07:57:29,2017-04-07 07:57:29,2017,4,7,4,2,609857.1428571428,605833.3333333334,607700.0,-0.0049019607843137,0.0031855939185754
1491632993000,610000,2017-04-08 06:29:53,2017-04-08 06:29:53,2017,4,8,5,2,610142.8571428572,605900.0,607744.4444444445,0.0016420361247948,0.0031834731424513
1491812161000,610000,2017-04-10 08:16:01,2017-04-10 08:16:01,2017,4,10,0,2,610285.7142857143,605933.3333333334,607800.0,0.0,0.0031703444374391
1491897365000,611000,2017-04-11 07:56:05,2017-04-11 07:56:05,2017,4,11,1,2,610571.4285714285,606100.0,607888.8888888889,0.001639344262295,0.0030381685422337
1491984871000,614000,2017-04-12 08:14:31,2017-04-12 08:14:31,2017,4,12,2,2,611000.0,606466.6666666666,608000.0,0.0049099836333879,0.0029859030484038
1492071148000,618000,2017-04-13 08:12:28,2017-04-13 08:12:28,2017,4,13,3,2,612000.0,607033.3333333334,608166.6666666666,0.006514657980456,0.0030784795736648
1492241920000,618000,2017-04-15 07:38:40,2017-04-15 07:38:40,2017,4,15,5,2,612857.1428571428,607666.6666666666,608322.2222222222,0.0,0.0029779023437903
1492416436000,620000,2017-04-17 08:07:16,2017-04-17 08:07:16,2017,4,17,0,2,614428.5714285715,608333.3333333334,608488.8888888889,0.0032362459546926,0.0030028532907083
1492504052000,615000,2017-04-18 08:27:32,2017-04-18 08:27:32,2017,4,18,1,2,615142.8571428572,608833.3333333334,608588.8888888889,-0.0080645161290322,0.0034344805940317
1492585971000,619000,2017-04-19 07:12:51,2017-04-19 07:12:51,2017,4,19,2,2,616428.5714285715,609533.3333333334,608722.2222222222,0.0065040650406504,0.0034924897374359
1492674624000,615000,2017-04-20 07:50:24,2017-04-20 07:50:24,2017,4,20,3,2,617000.0,610133.3333333334,608800.0,-0.0064620355411955,0.0037278440418117
1492762711000,617000,2017-04-21 08:18:31,2017-04-21 08:18:31,2017,4,21,4,2,617428.5714285715,610666.6666666666,608922.2222222222,0.0032520325203251,0.0035968050018914
1492853812000,618000,2017-04-22 09:36:52,2017-04-22 09:36:52,2017,4,22,5,2,617428.5714285715,611200.0,609055.5555555555,0.0016207455429497,0.0035964903592345
1493108022000,615000,2017-04-25 08:13:42,2017-04-25 08:13:42,2017,4,25,1,2,617000.0,611600.0,609144.4444444445,-0.0048543689320388,0.0037415579413387
1493108395000,615000,2017-04-25 08:19:55,2017-04-25 08:19:55,2017,4,25,1,2,616285.7142857143,611966.6666666666,609244.4444444445,0.0,0.0037386069324047
1493193004000,609000,2017-04-26 07:50:04,2017-04-26 07:50:04,2017,4,26,2,2,615428.5714285715,612133.3333333334,609344.4444444445,-0.0097560975609756,0.0041903872615231
1493279973000,610000,2017-04-27 07:59:33,2017-04-27 07:59:33,2017,4,27,3,2,614142.8571428572,612300.0,609433.3333333334,0.0016420361247948,0.004190234493359
1493365824000,609000,2017-04-28 07:50:24,2017-04-28 07:50:24,2017,4,28,4,2,613285.7142857143,612366.6666666666,609477.7777777778,-0.001639344262295,0.0041644050208615
1493454116000,609000,2017-04-29 08:21:56,2017-04-29 08:21:56,2017,4,29,5,2,612142.8571428572,612366.6666666666,609522.2222222222,0.0,0.0041209537332893
1493713034000,607000,2017-05-02 08:17:14,2017-05-02 08:17:14,2017,5,2,1,2,610571.4285714285,612300.0,609522.2222222222,-0.0032840722495894,0.0041645678880667
1493798839000,607000,2017-05-03 08:07:19,2017-05-03 08:07:19,2017,5,3,2,2,609428.5714285715,612266.6666666666,609522.2222222222,0.0,0.00415439732354
1493884984000,600000,2017-05-04 08:03:04,2017-05-04 08:03:04,2017,5,4,3,2,607285.7142857143,611866.6666666666,609433.3333333334,-0.0115321252059308,0.0044628748113139
1493972257000,598000,2017-05-05 08:17:37,2017-05-05 08:17:37,2017,5,5,4,2,605714.2857142857,611466.6666666666,609311.1111111111,-0.0033333333333332,0.0044642125449146
1494055280000,599000,2017-05-06 07:21:20,2017-05-06 07:21:20,2017,5,6,5,2,604142.8571428572,611066.6666666666,609188.8888888889,0.0016722408026756,0.0044647988814101
1494229898000,601000,2017-05-08 07:51:38,2017-05-08 07:51:38,2017,5,8,0,2,603000.0,610833.3333333334,609055.5555555555,0.0033388981636059,0.0044474541000794
1494316995000,600000,2017-05-09 08:03:15,2017-05-09 08:03:15,2017,5,9,1,2,601714.2857142857,610533.3333333334,608944.4444444445,-0.0016638935108153,0.0044366178290768
1494402192000,599000,2017-05-10 07:43:12,2017-05-10 07:43:12,2017,5,10,2,2,600571.4285714285,610200.0,608811.1111111111,-0.0016666666666667,0.0044407472941511
1494489878000,596000,2017-05-11 08:04:38,2017-05-11 08:04:38,2017,5,11,3,2,599000.0,609700.0,608644.4444444445,-0.0050083472454089,0.0044524350767722
1494575815000,601000,2017-05-12 07:56:55,2017-05-12 07:56:55,2017,5,12,4,2,599142.8571428572,609366.6666666666,608511.1111111111,0.0083892617449663,0.0047585483254856
1494657066000,601000,2017-05-13 06:31:06,2017-05-13 06:31:06,2017,5,13,5,2,599571.4285714285,609000.0,608377.7777777778,0.0,0.0047420989511115
1494835966000,599000,2017-05-15 08:12:46,2017-05-15 08:12:46,2017,5,15,0,2,599571.4285714285,608666.6666666666,608255.5555555555,-0.0033277870216306,0.0047013148719421
1494921153000,600000,2017-05-16 07:52:33,2017-05-16 07:52:33,2017,5,16,1,2,599428.5714285715,608333.3333333334,608177.7777777778,0.0016694490818029,0.0047017564564652
1495008131000,604000,2017-05-17 08:02:11,2017-05-17 08:02:11,2017,5,17,2,2,600000.0,608133.3333333334,608200.0,0.0066666666666665,0.0048822460715024
1495094895000,609000,2017-05-18 08:08:15,2017-05-18 08:08:15,2017,5,18,3,2,601428.5714285715,608066.6666666666,608266.6666666666,0.0082781456953642,0.0051187469183707
1495181168000,605000,2017-05-19 08:06:08,2017-05-19 08:06:08,2017,5,19,4,2,602714.2857142857,607766.6666666666,608288.8888888889,-0.0065681444991789,0.0051604224521371
1495274030000,612000,2017-05-20 09:53:50,2017-05-20 09:53:50,2017,5,20,5,2,604285.7142857143,607566.6666666666,608344.4444444445,0.0115702479338843,0.0054699559131485
1495440920000,608000,2017-05-22 08:15:20,2017-05-22 08:15:20,2017,5,22,0,2,605285.7142857143,607233.3333333334,608355.5555555555,-0.0065359477124182,0.005586083280176
1495526668000,609000,2017-05-23 08:04:28,2017-05-23 08:04:28,2017,5,23,1,2,606714.2857142857,606866.6666666666,608355.5555555555,0.0016447368421053,0.0055565758114787
1495612820000,606000,2017-05-24 08:00:20,2017-05-24 08:00:20,2017,5,24,2,2,607571.4285714285,606566.6666666666,608300.0,-0.0049261083743842,0.0054391395712361
1495704731000,606000,2017-05-25 09:32:11,2017-05-25 09:32:11,2017,5,25,3,2,607857.1428571428,606133.3333333334,608255.5555555555,0.0,0.0052785356303887
1495785798000,607000,2017-05-26 08:03:18,2017-05-26 08:03:18,2017,5,26,4,2,607571.4285714285,605866.6666666666,608200.0,0.0016501650165017,0.0051797122437003
1495862062000,612000,2017-05-27 05:14:22,2017-05-27 05:14:22,2017,5,27,5,2,608571.4285714285,605700.0,608200.0,0.0082372322899506,0.0053778676701601
1496045274000,610000,2017-05-29 08:07:54,2017-05-29 08:07:54,2017,5,29,0,2,608285.7142857143,605433.3333333334,608155.5555555555,-0.0032679738562091,0.0053930467781364
1496131036000,610000,2017-05-30 07:57:16,2017-05-30 07:57:16,2017,5,30,1,2,608571.4285714285,605266.6666666666,608177.7777777778,0.0,0.0053278467824604
1496218282000,609000,2017-05-31 08:11:22,2017-05-31 08:11:22,2017,5,31,2,2,608571.4285714285,605066.6666666666,608166.6666666666,-0.001639344262295,0.0053335094838675
1496390962000,610000,2017-06-02 08:09:22,2017-06-02 08:09:22,2017,6,2,4,2,609142.8571428572,605100.0,608177.7777777778,0.0016420361247948,0.0050352651270691
1496471197000,616000,2017-06-03 06:26:37,2017-06-03 06:26:37,2017,6,3,5,2,610571.4285714285,605300.0,608266.6666666666,0.0098360655737705,0.0053368590205493
1496651464000,615000,2017-06-05 08:31:04,2017-06-05 08:31:04,2017,6,5,0,2,611714.2857142857,605500.0,608322.2222222222,-0.0016233766233766,0.0053366555952224
1496736764000,615000,2017-06-06 08:12:44,2017-06-06 08:12:44,2017,6,6,1,2,612142.8571428572,605700.0,608355.5555555555,0.0,0.0053366555952224
1496822787000,619000,2017-06-07 08:06:27,2017-06-07 08:06:27,2017,6,7,2,2,613428.5714285715,606100.0,608455.5555555555,0.0065040650406504,0.0054061693475916
1496909629000,616000,2017-06-08 08:13:49,2017-06-08 08:13:49,2017,6,8,3,2,614285.7142857143,606400.0,608511.1111111111,-0.0048465266558965,0.005498411150061
1496995573000,614000,2017-06-09 08:06:13,2017-06-09 08:06:13,2017,6,9,4,2,615000.0,606866.6666666666,608555.5555555555,-0.0032467532467532,0.0050638438802683
1497072984000,610000,2017-06-10 05:36:24,2017-06-10 05:36:24,2017,6,10,5,2,615000.0,607266.6666666666,608544.4444444445,-0.006514657980456,0.0051848507416722
1497254756000,612000,2017-06-12 08:05:56,2017-06-12 08:05:56,2017,6,12,0,2,614428.5714285715,607700.0,608555.5555555555,0.0032786885245901,0.005203761424703
1497341246000,610000,2017-06-13 08:07:26,2017-06-13 08:07:26,2017,6,13,1,2,613714.2857142857,608000.0,608488.8888888889,-0.0032679738562091,0.0052292417859788
1497427106000,612000,2017-06-14 07:58:26,2017-06-14 07:58:26,2017,6,14,2,2,613285.7142857143,608400.0,608422.2222222222,0.0032786885245901,0.0052362850269727
1497515031000,610000,2017-06-15 08:23:51,2017-06-15 08:23:51,2017,6,15,3,2,612000.0,608766.6666666666,608344.4444444445,-0.0032679738562091,0.0052690220211484
1497600577000,608000,2017-06-16 08:09:37,2017-06-16 08:09:37,2017,6,16,4,2,610857.1428571428,609166.6666666666,608255.5555555555,-0.0032786885245901,0.0052144905243861
1497677372000,607000,2017-06-17 05:29:32,2017-06-17 05:29:32,2017,6,17,5,2,609857.1428571428,609366.6666666666,608188.8888888889,-0.0016447368421053,0.005021018092321
1497859886000,609000,2017-06-19 08:11:26,2017-06-19 08:11:26,2017,6,19,0,2,609714.2857142857,609633.3333333334,608155.5555555555,0.0032948929159801,0.0050492060286934
1497946768000,605000,2017-06-20 08:19:28,2017-06-20 08:19:28,2017,6,20,1,2,608714.2857142857,609833.3333333334,608111.1111111111,-0.0065681444991789,0.0051661804250381
1498031895000,606000,2017-06-21 07:58:15,2017-06-21 07:58:15,2017,6,21,2,2,608142.8571428572,610033.3333333334,608088.8888888889,0.0016528925619834,0.0051660349599111
1498119493000,607000,2017-06-22 08:18:13,2017-06-22 08:18:13,2017,6,22,3,2,607428.5714285715,610133.3333333334,608066.6666666666,0.0016501650165017,0.0050338399237108
1499069332000,605000,2017-07-03 08:08:52,2017-07-03 08:08:52,2017,7,3,0,3,606714.2857142857,610000.0,608055.5555555555,-0.0032948929159802,0.0048309946258436
1499155184000,601000,2017-07-04 07:59:44,2017-07-04 07:59:44,2017,7,4,1,3,605714.2857142857,609866.6666666666,608033.3333333334,-0.0066115702479339,0.0048329720322609
1499241270000,604000,2017-07-05 07:54:30,2017-07-05 07:54:30,2017,7,5,2,3,605285.7142857143,609600.0,608066.6666666666,0.0049916805324459,0.0044108560389126
1499327333000,603000,2017-07-06 07:48:53,2017-07-06 07:48:53,2017,7,6,3,3,604428.5714285715,609433.3333333334,608111.1111111111,-0.0016556291390728,0.0042654621932469
1499416422000,602000,2017-07-07 08:33:42,2017-07-07 08:33:42,2017,7,7,4,3,604000.0,609200.0,608133.3333333334,-0.0016583747927031,0.0042570513488376
1499497866000,600000,2017-07-08 07:11:06,2017-07-08 07:11:06,2017,7,8,5,3,603142.8571428572,609000.0,608133.3333333334,-0.0033222591362126,0.0042077311392646
1499674146000,599000,2017-07-10 08:09:06,2017-07-10 08:09:06,2017,7,10,0,3,602000.0,608766.6666666666,608144.4444444445,-0.0016666666666667,0.0042143159192639
1499760181000,600000,2017-07-11 08:03:01,2017-07-11 08:03:01,2017,7,11,1,3,601285.7142857143,608533.3333333334,608177.7777777778,0.0016694490818029,0.0042146374972159
1499849213000,602000,2017-07-12 08:46:53,2017-07-12 08:46:53,2017,7,12,2,3,601428.5714285715,608200.0,608188.8888888889,0.0033333333333334,0.003956148293624
1499933018000,602000,2017-07-13 08:03:38,2017-07-13 08:03:38,2017,7,13,3,3,601142.8571428572,607933.3333333334,608188.8888888889,0.0,0.0039233405732083
1500019925000,602000,2017-07-14 08:12:05,2017-07-14 08:12:05,2017,7,14,4,3,601000.0,607666.6666666666,608177.7777777778,0.0,0.0039233405732083
1500103085000,606000,2017-07-15 07:18:05,2017-07-15 07:18:05,2017,7,15,5,3,601571.4285714285,607566.6666666666,608200.0,0.0066445182724252,0.0041219600136778
1500279268000,607000,2017-07-17 08:14:28,2017-07-17 08:14:28,2017,7,17,0,3,602571.4285714285,607466.6666666666,608233.3333333334,0.0016501650165017,0.0041220825779423
1500363861000,607000,2017-07-18 07:44:21,2017-07-18 07:44:21,2017,7,18,1,3,603714.2857142857,607166.6666666666,608255.5555555555,0.0,0.0036658302276584
1500451297000,610000,2017-07-19 08:01:37,2017-07-19 08:01:37,2017,7,19,2,3,605142.8571428572,607000.0,608288.8888888889,0.0049423393739702,0.0037893722289848
1500538140000,610000,2017-07-20 08:09:00,2017-07-20 08:09:00,2017,7,20,3,3,606285.7142857143,606833.3333333334,608300.0,0.0,0.0037893722289848
1500622898000,610000,2017-07-21 07:41:38,2017-07-21 07:41:38,2017,7,21,4,3,607428.5714285715,606533.3333333334,608311.1111111111,0.0,0.0035683430009337
1500711350000,614000,2017-07-22 08:15:50,2017-07-22 08:15:50,2017,7,22,5,3,609142.8571428572,606466.6666666666,608377.7777777778,0.0065573770491802,0.0036926131137572
1500884032000,614000,2017-07-24 08:13:52,2017-07-24 08:13:52,2017,7,24,0,3,610285.7142857143,606466.6666666666,608400.0,0.0,0.0036445265393579
1500969050000,613000,2017-07-25 07:50:50,2017-07-25 07:50:50,2017,7,25,1,3,611142.8571428572,606566.6666666666,608433.3333333334,-0.001628664495114,0.003446877192228
1501055921000,610000,2017-07-26 07:58:41,2017-07-26 07:58:41,2017,7,26,2,3,611571.4285714285,606500.0,608422.2222222222,-0.0048939641109299,0.003514941689918
1501143337000,615000,2017-07-27 08:15:37,2017-07-27 08:15:37,2017,7,27,3,3,612285.7142857143,606666.6666666666,608500.0,0.0081967213114753,0.0037727687160414
1501229852000,615000,2017-07-28 08:17:32,2017-07-28 08:17:32,2017,7,28,4,3,613000.0,606766.6666666666,608566.6666666666,0.0,0.0037301255256296
1501314738000,619000,2017-07-29 07:52:18,2017-07-29 07:52:18,2017,7,29,5,3,614285.7142857143,607066.6666666666,608677.7777777778,0.0065040650406504,0.0038444950015684
1501488618000,618000,2017-07-31 08:10:18,2017-07-31 08:10:18,2017,7,31,0,3,614857.1428571428,607400.0,608755.5555555555,-0.0016155088852988,0.0037999268441972
1501575017000,617000,2017-08-01 08:10:17,2017-08-01 08:10:17,2017,8,1,1,3,615285.7142857143,607733.3333333334,608822.2222222222,-0.0016181229773463,0.0037993996449848
1501662469000,617000,2017-08-02 08:27:49,2017-08-02 08:27:49,2017,8,2,2,3,615857.1428571428,608000.0,608877.7777777778,0.0,0.0037648359208589
1501747870000,615000,2017-08-03 08:11:10,2017-08-03 08:11:10,2017,8,3,3,3,616571.4285714285,608333.3333333334,608944.4444444445,-0.0032414910858995,0.0035964687234698
1501833904000,617000,2017-08-04 08:05:04,2017-08-04 08:05:04,2017,8,4,4,3,616857.1428571428,608700.0,609022.2222222222,0.0032520325203251,0.0036250720586571
1501921233000,613000,2017-08-05 08:20:33,2017-08-05 08:20:33,2017,8,5,5,3,616571.4285714285,608900.0,609055.5555555555,-0.0064829821717989,0.0038419386115368
1502093465000,613000,2017-08-07 08:11:05,2017-08-07 08:11:05,2017,8,7,0,3,615714.2857142857,609166.6666666666,609077.7777777778,0.0,0.0037812065220396
1502178618000,613000,2017-08-08 07:50:18,2017-08-08 07:50:18,2017,8,8,1,3,615000.0,609566.6666666666,609066.6666666666,0.0,0.0035407746657235
1502265864000,615000,2017-08-09 08:04:24,2017-08-09 08:04:24,2017,8,9,2,3,614714.2857142857,609933.3333333334,609033.3333333334,0.0032626427406199,0.0034814995134108
1502351696000,618000,2017-08-10 07:54:56,2017-08-10 07:54:56,2017,8,10,3,3,614857.1428571428,610433.3333333334,609033.3333333334,0.0048780487804878,0.003538923768564
1502439189000,621000,2017-08-11 08:13:09,2017-08-11 08:13:09,2017,8,11,4,3,615714.2857142857,611066.6666666666,609044.4444444445,0.0048543689320388,0.0035808146269261
1502440660000,621000,2017-08-11 08:37:40,2017-08-11 08:37:40,2017,8,11,4,3,616285.7142857143,611766.6666666666,609111.1111111111,0.0,0.0034914301474812
1502521748000,623000,2017-08-12 07:09:08,2017-08-12 07:09:08,2017,8,12,5,3,617714.2857142857,612566.6666666666,609155.5555555555,0.0032206119162641,0.0034692653973099
1502698659000,621000,2017-08-14 08:17:39,2017-08-14 08:17:39,2017,8,14,0,3,618857.1428571428,613266.6666666666,609222.2222222222,-0.0032102728731941,0.0035651975494988
1502783922000,619000,2017-08-15 07:58:42,2017-08-15 07:58:42,2017,8,15,1,3,619714.2857142857,613833.3333333334,609244.4444444445,-0.0032206119162641,0.0036272809406019
1502870300000,618000,2017-08-16 07:58:20,2017-08-16 07:58:20,2017,8,16,2,3,620142.8571428572,614366.6666666666,609244.4444444445,-0.0016155088852988,0.0036535379906471
1503044449000,624000,2017-08-18 08:20:49,2017-08-18 08:20:49,2017,8,18,4,3,621000.0,615100.0,609344.4444444445,0.0097087378640776,0.0039875190350952
1503125802000,622000,2017-08-19 06:56:42,2017-08-19 06:56:42,2017,8,19,5,3,621142.8571428572,615633.3333333334,609422.2222222222,-0.0032051282051281,0.0039292551876213
1503302880000,622000,2017-08-21 08:08:00,2017-08-21 08:08:00,2017,8,21,0,3,621285.7142857143,616133.3333333334,609566.6666666666,0.0,0.0039296014281317
1503388859000,624000,2017-08-22 08:00:59,2017-08-22 08:00:59,2017,8,22,1,3,621428.5714285715,616700.0,609722.2222222222,0.0032154340836012,0.0039502193080653
1503475427000,621000,2017-08-23 08:03:47,2017-08-23 08:03:47,2017,8,23,2,3,621428.5714285715,617066.6666666666,609855.5555555555,-0.0048076923076922,0.004009257823507
1503560821000,624000,2017-08-24 07:47:01,2017-08-24 07:47:01,2017,8,24,3,3,622142.8571428572,617533.3333333334,610022.2222222222,0.0048309178743961,0.004080557706035
1503646942000,623000,2017-08-25 07:42:22,2017-08-25 07:42:22,2017,8,25,4,3,622857.1428571428,617966.6666666666,610200.0,-0.001602564102564,0.0041013502900552
1503729759000,624000,2017-08-26 06:42:39,2017-08-26 06:42:39,2017,8,26,5,3,622857.1428571428,618300.0,610388.8888888889,0.0016051364365972,0.0039549872754511
1503906480000,625000,2017-08-28 07:48:00,2017-08-28 07:48:00,2017,8,28,0,3,623285.7142857143,618666.6666666666,610666.6666666666,0.001602564102564,0.0039581768172743
1503994055000,634000,2017-08-29 08:07:35,2017-08-29 08:07:35,2017,8,29,1,3,625000.0,619366.6666666666,611066.6666666666,0.0143999999999999,0.0046656073513088
1504079580000,631000,2017-08-30 07:53:00,2017-08-30 07:53:00,2017,8,30,2,3,626000.0,620066.6666666666,611422.2222222222,-0.0047318611987381,0.0046584739059457
1504166495000,631000,2017-08-31 08:01:35,2017-08-31 08:01:35,2017,8,31,3,3,627428.5714285715,620600.0,611755.5555555555,0.0,0.0044667026944539
1504513282000,638000,2017-09-04 08:21:22,2017-09-04 08:21:22,2017,9,4,0,3,629428.5714285715,621366.6666666666,612177.7777777778,0.0110935023771789,0.0048364247595259
1504599127000,637000,2017-09-05 08:12:07,2017-09-05 08:12:07,2017,9,5,1,3,631428.5714285715,621966.6666666666,612600.0,-0.0015673981191222,0.0047571074318599
1504685257000,639000,2017-09-06 08:07:37,2017-09-06 08:07:37,2017,9,6,2,3,633571.4285714285,622666.6666666666,613077.7777777778,0.0031397174254317,0.0047473088678991
1504771226000,636000,2017-09-07 08:00:26,2017-09-07 08:00:26,2017,9,7,3,3,635142.8571428572,623300.0,613466.6666666666,-0.0046948356807511,0.0048409303605285
1504857505000,642000,2017-09-08 07:58:25,2017-09-08 07:58:25,2017,9,8,4,3,636285.7142857143,624133.3333333334,613922.2222222222,0.009433962264151,0.0050730486959342
1504940027000,641000,2017-09-09 06:53:47,2017-09-09 06:53:47,2017,9,9,5,3,637714.2857142857,625000.0,614388.8888888889,-0.0015576323987538,0.0050297729076284
1505117304000,637000,2017-09-11 08:08:24,2017-09-11 08:08:24,2017,9,11,0,3,638571.4285714285,625666.6666666666,614800.0,-0.0062402496099843,0.0052043548768077
1505202778000,631000,2017-09-12 07:52:58,2017-09-12 07:52:58,2017,9,12,1,3,637571.4285714285,626266.6666666666,615100.0,-0.009419152276295,0.005376200040164
1505288879000,632000,2017-09-13 07:47:59,2017-09-13 07:47:59,2017,9,13,2,3,636857.1428571428,626900.0,615355.5555555555,0.0015847860538826,0.0053740333777337
1505375587000,629000,2017-09-14 07:53:07,2017-09-14 07:53:07,2017,9,14,3,3,635428.5714285715,627433.3333333334,615622.2222222222,-0.004746835443038,0.0054744070922927
1505462169000,634000,2017-09-15 07:56:09,2017-09-15 07:56:09,2017,9,15,4,3,635142.8571428572,628066.6666666666,615866.6666666666,0.0079491255961843,0.0056101123314714
1505543631000,632000,2017-09-16 06:33:51,2017-09-16 06:33:51,2017,9,16,5,3,633714.2857142857,628533.3333333334,616133.3333333334,-0.003154574132492,0.005611805134681
1505721357000,629000,2017-09-18 07:55:57,2017-09-18 07:55:57,2017,9,18,0,3,632000.0,628800.0,616355.5555555555,-0.004746835443038,0.0056440639362441
1505807574000,627000,2017-09-19 07:52:54,2017-09-19 07:52:54,2017,9,19,1,3,630571.4285714285,629000.0,616588.8888888889,-0.0031796502384737,0.0056823773651964
1505895098000,629000,2017-09-20 08:11:38,2017-09-20 08:11:38,2017,9,20,2,3,630285.7142857143,629200.0,616844.4444444445,0.0031897926634769,0.0056818406612046
1505983377000,627000,2017-09-21 08:42:57,2017-09-21 08:42:57,2017,9,21,3,3,629571.4285714285,629400.0,617066.6666666666,-0.0031796502384737,0.0056811844779676
1506068193000,624000,2017-09-22 08:16:33,2017-09-22 08:16:33,2017,9,22,4,3,628857.1428571428,629566.6666666666,617200.0,-0.0047846889952153,0.0057219801328824
1506148505000,627000,2017-09-23 06:35:05,2017-09-23 06:35:05,2017,9,23,5,3,627857.1428571428,629866.6666666666,617388.8888888889,0.0048076923076922,0.0057684376024318
1506327214000,626000,2017-09-25 08:13:34,2017-09-25 08:13:34,2017,9,25,0,3,627000.0,629933.3333333334,617566.6666666666,-0.0015948963317384,0.0055094174083598
1506411893000,630000,2017-09-26 07:44:53,2017-09-26 07:44:53,2017,9,26,1,3,627142.8571428572,630200.0,617800.0,0.0063897763578275,0.005587599155409
1506501052000,627000,2017-09-27 08:30:52,2017-09-27 08:30:52,2017,9,27,2,3,627142.8571428572,630366.6666666666,617988.8888888889,-0.0047619047619047,0.0056676266991712
1506586302000,625000,2017-09-28 08:11:42,2017-09-28 08:11:42,2017,9,28,3,3,626571.4285714285,630400.0,618088.8888888889,-0.0031897926634768,0.0056739685144995
1506673974000,628000,2017-09-29 08:32:54,2017-09-29 08:32:54,2017,9,29,4,3,626714.2857142857,630633.3333333334,618233.3333333334,0.0047999999999999,0.0056603552528323
1506752344000,627000,2017-09-30 06:19:04,2017-09-30 06:19:04,2017,9,30,5,3,627142.8571428572,630733.3333333334,618366.6666666666,-0.0015923566878981,0.0056077864293059
1506937290000,621000,2017-10-02 09:41:30,2017-10-02 09:41:30,2017,10,2,0,4,626285.7142857143,630666.6666666666,618388.8888888889,-0.0095693779904306,0.0058770415769861
1507018981000,619000,2017-10-03 08:23:01,2017-10-03 08:23:01,2017,10,3,1,4,625285.7142857143,630500.0,618422.2222222222,-0.0032206119162641,0.0058950442791159
1507036395000,620000,2017-10-03 13:13:15,2017-10-03 13:13:15,2017,10,3,1,4,623857.1428571428,630333.3333333334,618488.8888888889,0.0016155088852989,0.005895185131501
1507106072000,622000,2017-10-04 08:34:32,2017-10-04 08:34:32,2017,10,4,2,4,623142.8571428572,629933.3333333334,618622.2222222222,0.0032258064516128,0.0052559276279038
1507192725000,622000,2017-10-05 08:38:45,2017-10-05 08:38:45,2017,10,5,3,4,622714.2857142857,629633.3333333334,618733.3333333334,0.0,0.0051990765273294
1507279113000,622000,2017-10-06 08:38:33,2017-10-06 08:38:33,2017,10,6,4,4,621857.1428571428,629333.3333333334,618866.6666666666,0.0,0.0051990765273294
1507359251000,628000,2017-10-07 06:54:11,2017-10-07 06:54:11,2017,10,7,5,4,622000.0,629000.0,619044.4444444445,0.0096463022508037,0.005093772886311
1507538395000,628000,2017-10-09 08:39:55,2017-10-09 08:39:55,2017,10,9,0,4,623000.0,628700.0,619244.4444444445,0.0,0.0050906323353374
1507624026000,633000,2017-10-10 08:27:06,2017-10-10 08:27:06,2017,10,10,1,4,625000.0,628500.0,619522.2222222222,0.0079617834394905,0.0052808412381474
1507707587000,636000,2017-10-11 07:39:47,2017-10-11 07:39:47,2017,10,11,2,4,627285.7142857143,628500.0,619844.4444444445,0.0047393364928909,0.0052910552900795
1507796976000,638000,2017-10-12 08:29:36,2017-10-12 08:29:36,2017,10,12,3,4,629571.4285714285,628366.6666666666,620166.6666666666,0.0031446540880504,0.0050227190673635
1507882350000,640000,2017-10-13 08:12:30,2017-10-13 08:12:30,2017,10,13,4,4,632142.8571428572,628333.3333333334,620555.5555555555,0.0031347962382444,0.0050518376174656
1507963567000,645000,2017-10-14 06:46:07,2017-10-14 06:46:07,2017,10,14,5,4,635428.5714285715,628600.0,620988.8888888889,0.0078125,0.0051082712126366
1508141956000,644000,2017-10-16 08:19:16,2017-10-16 08:19:16,2017,10,16,0,4,637714.2857142857,629033.3333333334,621400.0,-0.0015503875968991,0.004776418390916
1508228445000,640000,2017-10-17 08:20:45,2017-10-17 08:20:45,2017,10,17,1,4,639428.5714285715,629300.0,621788.8888888889,-0.0062111801242236,0.0049355378974926
1508315398000,638000,2017-10-18 08:29:58,2017-10-18 08:29:58,2017,10,18,2,4,640142.8571428572,629600.0,622200.0,-0.003125,0.0048854940284765
1508400369000,637000,2017-10-19 08:06:09,2017-10-19 08:06:09,2017,10,19,3,4,640285.7142857143,629700.0,622566.6666666666,-0.0015673981191222,0.0046891576252872
1508485663000,642000,2017-10-20 07:47:43,2017-10-20 07:47:43,2017,10,20,4,4,640857.1428571428,630033.3333333334,623000.0,0.0078492935635792,0.0048479808837112
1508565110000,639000,2017-10-21 05:51:50,2017-10-21 05:51:50,2017,10,21,5,4,640714.2857142857,630366.6666666666,623411.1111111111,-0.0046728971962616,0.0048452212437628
1508744600000,638000,2017-10-23 07:43:20,2017-10-23 07:43:20,2017,10,23,0,4,639714.2857142857,630733.3333333334,623833.3333333334,-0.001564945226917,0.0048113582276132
1508832662000,643000,2017-10-24 08:11:02,2017-10-24 08:11:02,2017,10,24,1,4,639571.4285714285,631200.0,624322.2222222222,0.0078369905956112,0.0049701036518994
1508919583000,639000,2017-10-25 08:19:43,2017-10-25 08:19:43,2017,10,25,2,4,639428.5714285715,631600.0,624755.5555555555,-0.0062208398133748,0.0050826740196751
1509005714000,642000,2017-10-26 08:15:14,2017-10-26 08:15:14,2017,10,26,3,4,640000.0,632200.0,625200.0,0.0046948356807512,0.0050278720659124
1509091634000,636000,2017-10-27 08:07:14,2017-10-27 08:07:14,2017,10,27,4,4,639857.1428571428,632500.0,625577.7777777778,-0.0093457943925233,0.005310527627045
1509173160000,641000,2017-10-28 06:46:00,2017-10-28 06:46:00,2017,10,28,5,4,639714.2857142857,633000.0,626011.1111111111,0.0078616352201257,0.0054611017022681
1509351969000,641000,2017-10-30 08:26:09,2017-10-30 08:26:09,2017,10,30,0,4,640000.0,633366.6666666666,626400.0,0.0,0.0053593945173146
1509437274000,640000,2017-10-31 08:07:54,2017-10-31 08:07:54,2017,10,31,1,4,640285.7142857143,633800.0,626766.6666666666,-0.001560062402496,0.0052804183729477
1509523633000,637000,2017-11-01 08:07:13,2017-11-01 08:07:13,2017,11,1,2,4,639428.5714285715,634200.0,627100.0,-0.0046874999999999,0.0053253295709339
1509610571000,640000,2017-11-02 08:16:11,2017-11-02 08:16:11,2017,11,2,3,4,639571.4285714285,634600.0,627433.3333333334,0.0047095761381474,0.0053229234601621
1509697602000,640000,2017-11-03 08:26:42,2017-11-03 08:26:42,2017,11,3,4,4,639285.7142857143,635033.3333333334,627766.6666666666,0.0,0.0053077633995132
1509778553000,634000,2017-11-04 06:55:53,2017-11-04 06:55:53,2017,11,4,5,4,639000.0,635466.6666666666,628033.3333333334,-0.009375,0.0052949008462832
1509957349000,638000,2017-11-06 08:35:49,2017-11-06 08:35:49,2017,11,6,0,4,638571.4285714285,636100.0,628300.0,0.0063091482649841,0.0053370013779681
1510043154000,639000,2017-11-07 08:25:54,2017-11-07 08:25:54,2017,11,7,1,4,638285.7142857143,636733.3333333334,628577.7777777778,0.0015673981191222,0.0053368241247907
1510128663000,637000,2017-11-08 08:11:03,2017-11-08 08:11:03,2017,11,8,2,4,637857.1428571428,637233.3333333334,628844.4444444445,-0.0031298904538341,0.0053722919502593
1510215876000,639000,2017-11-09 08:24:36,2017-11-09 08:24:36,2017,11,9,3,4,638142.8571428572,637800.0,629166.6666666666,0.0031397174254317,0.0053865602821698
1510301981000,640000,2017-11-10 08:19:41,2017-11-10 08:19:41,2017,11,10,4,4,638142.8571428572,638400.0,629444.4444444445,0.001564945226917,0.0053849887431466
1510378554000,636000,2017-11-11 05:35:54,2017-11-11 05:35:54,2017,11,11,5,4,637571.4285714285,638666.6666666666,629677.7777777778,-0.0062499999999999,0.0052824559336587
1510560714000,636000,2017-11-13 08:11:54,2017-11-13 08:11:54,2017,11,13,0,4,637857.1428571428,638933.3333333334,629866.6666666666,0.0,0.0052824559336587
1510646289000,637000,2017-11-14 07:58:09,2017-11-14 07:58:09,2017,11,14,1,4,637714.2857142857,639066.6666666666,630077.7777777778,0.0015723270440251,0.0050939882740818
1510732919000,638000,2017-11-15 08:01:59,2017-11-15 08:01:59,2017,11,15,2,4,637571.4285714285,639133.3333333334,630311.1111111111,0.0015698587127157,0.0050295394872211
1510819277000,638000,2017-11-16 08:01:17,2017-11-16 08:01:17,2017,11,16,3,4,637714.2857142857,639133.3333333334,630544.4444444445,0.0,0.0049969247533186
1510907006000,638000,2017-11-17 08:23:26,2017-11-17 08:23:26,2017,11,17,4,4,637571.4285714285,639066.6666666666,630800.0,0.0,0.0049620269077117
1510989184000,643000,2017-11-18 07:13:04,2017-11-18 07:13:04,2017,11,18,5,4,638000.0,639000.0,631088.8888888889,0.0078369905956112,0.0049633741035447
1511165688000,643000,2017-11-20 08:14:48,2017-11-20 08:14:48,2017,11,20,0,4,639000.0,638966.6666666666,631422.2222222222,0.0,0.0049557268044564
1511251581000,637000,2017-11-21 08:06:21,2017-11-21 08:06:21,2017,11,21,1,4,639142.8571428572,638866.6666666666,631688.8888888889,-0.0093312597200622,0.0051197306725026
1511337967000,639000,2017-11-22 08:06:07,2017-11-22 08:06:07,2017,11,22,2,4,639428.5714285715,638900.0,631977.7777777778,0.0031397174254317,0.0051217081931048
1511424647000,641000,2017-11-23 08:10:47,2017-11-23 08:10:47,2017,11,23,3,4,639857.1428571428,639033.3333333334,632266.6666666666,0.0031298904538341,0.0051418475244925
1511511354000,640000,2017-11-24 08:15:54,2017-11-24 08:15:54,2017,11,24,4,4,640142.8571428572,638966.6666666666,632511.1111111111,-0.001560062402496,0.0049436768083195
1511589877000,639000,2017-11-25 06:04:37,2017-11-25 06:04:37,2017,11,25,5,4,640285.7142857143,638966.6666666666,632711.1111111111,-0.0015625,0.0048764551114637
1511769330000,639000,2017-11-27 07:55:30,2017-11-27 07:55:30,2017,11,27,0,4,639714.2857142857,639000.0,632911.1111111111,0.0,0.0048673717269959
1511855671000,641000,2017-11-28 07:54:31,2017-11-28 07:54:31,2017,11,28,1,4,639428.5714285715,638933.3333333334,633111.1111111111,0.0031298904538341,0.0046804308680739
1511943167000,640000,2017-11-29 08:12:47,2017-11-29 08:12:47,2017,11,29,2,4,639857.1428571428,638966.6666666666,633322.2222222222,-0.001560062402496,0.0045454277329339
1512029045000,637000,2017-11-30 08:04:05,2017-11-30 08:04:05,2017,11,30,3,4,639571.4285714285,638800.0,633522.2222222222,-0.0046874999999999,0.0045384532186568
1512196603000,635000,2017-12-02 06:36:43,2017-12-02 06:36:43,2017,12,2,5,4,638714.2857142857,638766.6666666666,633711.1111111111,-0.0031397174254317,0.0042412993497591
1512375093000,633000,2017-12-04 08:11:33,2017-12-04 08:11:33,2017,12,4,0,4,637714.2857142857,638500.0,633811.1111111111,-0.0031496062992125,0.0040033591979389
1512461522000,635000,2017-12-05 08:12:02,2017-12-05 08:12:02,2017,12,5,1,4,637142.8571428572,638300.0,633955.5555555555,0.0031595576619274,0.0040557559577476
1512549216000,631000,2017-12-06 08:33:36,2017-12-06 08:33:36,2017,12,6,2,4,636000.0,638000.0,634055.5555555555,-0.0062992125984252,0.0041961715648953
1512633973000,631000,2017-12-07 08:06:13,2017-12-07 08:06:13,2017,12,7,3,4,634571.4285714285,637800.0,634133.3333333334,0.0,0.0041200415106726
1512721506000,628000,2017-12-08 08:25:06,2017-12-08 08:25:06,2017,12,8,4,4,632857.1428571428,637400.0,634211.1111111111,-0.0047543581616481,0.0040848386089077
1512799370000,628000,2017-12-09 06:02:50,2017-12-09 06:02:50,2017,12,9,5,4,631571.4285714285,637000.0,634255.5555555555,0.0,0.0040848386089077
1512980815000,628000,2017-12-11 08:26:55,2017-12-11 08:26:55,2017,12,11,0,4,630571.4285714285,636800.0,634311.1111111111,0.0,0.0037358736452906
1513065231000,627000,2017-12-12 07:53:51,2017-12-12 07:53:51,2017,12,12,1,4,629714.2857142857,636433.3333333334,634344.4444444445,-0.0015923566878981,0.0035257354489385
1513152249000,628000,2017-12-13 08:04:09,2017-12-13 08:04:09,2017,12,13,2,4,628714.2857142857,636066.6666666666,634377.7777777778,0.0015948963317384,0.0035263147617617
1513239011000,633000,2017-12-14 08:10:11,2017-12-14 08:10:11,2017,12,14,3,4,629000.0,635933.3333333334,634366.6666666666,0.0079617834394905,0.0038183208385886
1513325273000,632000,2017-12-15 08:07:53,2017-12-15 08:07:53,2017,12,15,4,4,629142.8571428572,635700.0,634377.7777777778,-0.0015797788309637,0.0037728059475945
1513400988000,633000,2017-12-16 05:09:48,2017-12-16 05:09:48,2017,12,16,5,4,629857.1428571428,635466.6666666666,634400.0,0.0015822784810126,0.0037731122521917
1513584375000,632000,2017-12-18 08:06:15,2017-12-18 08:06:15,2017,12,18,0,4,630428.5714285715,635333.3333333334,634333.3333333334,-0.0015797788309637,0.0036147221911509
1513671145000,635000,2017-12-19 08:12:25,2017-12-19 08:12:25,2017,12,19,1,4,631428.5714285715,635300.0,634311.1111111111,0.004746835443038,0.0037261334193313
1513756272000,635000,2017-12-20 07:51:12,2017-12-20 07:51:12,2017,12,20,2,4,632571.4285714285,635233.3333333334,634266.6666666666,0.0,0.0037136262835291
1513842069000,637000,2017-12-21 07:41:09,2017-12-21 07:41:09,2017,12,21,3,4,633857.1428571428,635200.0,634277.7777777778,0.0031496062992126,0.0037491243373455
1513930916000,636000,2017-12-22 08:21:56,2017-12-22 08:21:56,2017,12,22,4,4,634285.7142857143,635133.3333333334,634211.1111111111,-0.0015698587127158,0.003759409082328
1514008889000,638000,2017-12-23 06:01:29,2017-12-23 06:01:29,2017,12,23,5,4,635142.8571428572,635133.3333333334,634177.7777777778,0.0031446540880504,0.0038057850026203
1514360974000,642000,2017-12-27 07:49:34,2017-12-27 07:49:34,2017,12,27,2,4,636428.5714285715,635100.0,634233.3333333334,0.006269592476489,0.0037039839257667
1514447881000,643000,2017-12-28 07:58:01,2017-12-28 07:58:01,2017,12,28,3,4,638000.0,635100.0,634366.6666666666,0.0015576323987538,0.003715539156991
1514534548000,645000,2017-12-29 08:02:28,2017-12-29 08:02:28,2017,12,29,4,4,639428.5714285715,635366.6666666666,634511.1111111111,0.0031104199066873,0.0033094850079948
1514617502000,647000,2017-12-30 07:05:02,2017-12-30 07:05:02,2017,12,30,5,4,641142.8571428572,635633.3333333334,634711.1111111111,0.0031007751937983,0.0033083894961176
1514881074000,649000,2018-01-02 08:17:54,2018-01-02 08:17:54,2018,1,2,1,1,642857.1428571428,635900.0,634877.7777777778,0.0030911901081915,0.0033073038236367
1514967459000,652000,2018-01-03 08:17:39,2018-01-03 08:17:39,2018,1,3,2,1,645142.8571428572,636300.0,635100.0,0.0046224961479199,0.0033717405592239
1515053690000,647000,2018-01-04 08:14:50,2018-01-04 08:14:50,2018,1,4,3,1,646428.5714285715,636566.6666666666,635300.0,-0.0076687116564416,0.0036786746252215
1515139865000,650000,2018-01-05 08:11:05,2018-01-05 08:11:05,2018,1,5,4,1,647571.4285714285,636933.3333333334,635555.5555555555,0.0046367851622874,0.0037569357008271
1515216709000,646000,2018-01-06 05:31:49,2018-01-06 05:31:49,2018,1,6,5,1,648000.0,637100.0,635744.4444444445,-0.0061538461538461,0.0039181997107631
1515398523000,648000,2018-01-08 08:02:03,2018-01-08 08:02:03,2018,1,8,0,1,648428.5714285715,637366.6666666666,635977.7777777778,0.0030959752321981,0.0039355311431245
1515485576000,647000,2018-01-09 08:12:56,2018-01-09 08:12:56,2018,1,9,1,1,648428.5714285715,637700.0,636233.3333333334,-0.0015432098765432,0.0038353681275429
1515572864000,645000,2018-01-10 08:27:44,2018-01-10 08:27:44,2018,1,10,2,1,647857.1428571428,638033.3333333334,636433.3333333334,-0.0030911901081916,0.0038337784893049
1515658614000,648000,2018-01-11 08:16:54,2018-01-11 08:16:54,2018,1,11,3,1,647285.7142857143,638533.3333333334,636677.7777777778,0.0046511627906977,0.0038402757365034
1515744723000,650000,2018-01-12 08:12:03,2018-01-12 08:12:03,2018,1,12,4,1,647714.2857142857,639033.3333333334,636900.0,0.0030864197530864,0.0038387412620612
1515823171000,651000,2018-01-13 05:59:31,2018-01-13 05:59:31,2018,1,13,5,1,647857.1428571428,639700.0,637166.6666666666,0.0015384615384614,0.0035991643787537
1516005958000,650000,2018-01-15 08:45:58,2018-01-15 08:45:58,2018,1,15,0,1,648428.5714285715,640333.3333333334,637444.4444444445,-0.0015360983102918,0.0036254029959671
1516088313000,649000,2018-01-16 07:38:33,2018-01-16 07:38:33,2018,1,16,1,1,648571.4285714285,641033.3333333334,637677.7777777778,-0.0015384615384614,0.0034947091326538
1516175247000,647000,2018-01-17 07:47:27,2018-01-17 07:47:27,2018,1,17,2,1,648571.4285714285,641666.6666666666,637900.0,-0.0030816640986132,0.0035726670100943
1516263325000,643000,2018-01-18 08:15:25,2018-01-18 08:15:25,2018,1,18,3,1,648285.7142857143,642166.6666666666,638144.4444444445,-0.0061823802163832,0.0038032179622731
1516349912000,643000,2018-01-19 08:18:32,2018-01-19 08:18:32,2018,1,19,4,1,647571.4285714285,642700.0,638411.1111111111,0.0,0.0037798028211039
1516430969000,643000,2018-01-20 06:49:29,2018-01-20 06:49:29,2018,1,20,5,1,646571.4285714285,643200.0,638666.6666666666,0.0,0.0037801399281327
1516608341000,643000,2018-01-22 08:05:41,2018-01-22 08:05:41,2018,1,22,0,1,645428.5714285715,643533.3333333334,638900.0,0.0,0.0035308257007737
1516694728000,642000,2018-01-23 08:05:28,2018-01-23 08:05:28,2018,1,23,1,1,644285.7142857143,643866.6666666666,639122.2222222222,-0.0015552099533436,0.0035303226096288
1516782114000,645000,2018-01-24 08:21:54,2018-01-24 08:21:54,2018,1,24,2,1,643714.2857142857,644266.6666666666,639377.7777777778,0.0046728971962617,0.0036063802949467
1516867789000,651000,2018-01-25 08:09:49,2018-01-25 08:09:49,2018,1,25,3,1,644285.7142857143,644900.0,639633.3333333334,0.0093023255813953,0.0039106314469974
1516954434000,648000,2018-01-26 08:13:54,2018-01-26 08:13:54,2018,1,26,4,1,645000.0,645333.3333333334,639855.5555555555,-0.0046082949308755,0.003973644159578
1517038169000,650000,2018-01-27 07:29:29,2018-01-27 07:29:29,2018,1,27,5,1,646000.0,645833.3333333334,640044.4444444445,0.0030864197530864,0.0039952369666825
1517214299000,651000,2018-01-29 08:24:59,2018-01-29 08:24:59,2018,1,29,0,1,647142.8571428572,646300.0,640211.1111111111,0.0015384615384614,0.0039731405054899
1517299914000,648000,2018-01-30 08:11:54,2018-01-30 08:11:54,2018,1,30,1,1,647857.1428571428,646700.0,640322.2222222222,-0.0046082949308755,0.0040713692109612
1517386724000,650000,2018-01-31 08:18:44,2018-01-31 08:18:44,2018,1,31,2,1,649000.0,647100.0,640433.3333333334,0.0030864197530864,0.0040701432610797
1517473900000,653000,2018-02-01 08:31:40,2018-02-01 08:31:40,2018,2,1,3,1,650142.8571428572,647466.6666666666,640522.2222222222,0.0046153846153846,0.0040017271917374
1517560069000,653000,2018-02-02 08:27:49,2018-02-02 08:27:49,2018,2,2,4,1,650428.5714285715,647800.0,640622.2222222222,0.0,0.003998631116489
1517637838000,648000,2018-02-03 06:03:58,2018-02-03 06:03:58,2018,2,3,5,1,650428.5714285715,647900.0,640711.1111111111,-0.0076569678407351,0.0042345843160504
1517819802000,648000,2018-02-05 08:36:42,2018-02-05 08:36:42,2018,2,5,0,1,650142.8571428572,647933.3333333334,640822.2222222222,0.0,0.004198099815318
1517904128000,653000,2018-02-06 08:02:08,2018-02-06 08:02:08,2018,2,6,1,1,650428.5714285715,648066.6666666666,641000.0,0.0077160493827159,0.004393612917167
1517992079000,651000,2018-02-07 08:27:59,2018-02-07 08:27:59,2018,2,7,2,1,650857.1428571428,648033.3333333334,641100.0,-0.003062787136294,0.0043515650553075
1518077456000,649000,2018-02-08 08:10:56,2018-02-08 08:10:56,2018,2,8,3,1,650714.2857142857,648100.0,641211.1111111111,-0.0030721966205836,0.0041500255045186
1518162879000,652000,2018-02-09 07:54:39,2018-02-09 07:54:39,2018,2,9,4,1,650571.4285714285,648166.6666666666,641366.6666666666,0.0046224961479199,0.0041494889763336
1518240158000,652000,2018-02-10 05:22:38,2018-02-10 05:22:38,2018,2,10,5,1,650428.5714285715,648366.6666666666,641466.6666666666,0.0,0.003977672752141
1518423293000,651000,2018-02-12 08:14:53,2018-02-12 08:14:53,2018,2,12,0,1,650857.1428571428,648466.6666666666,641600.0,-0.0015337423312883,0.0039558425655449
1518509328000,653000,2018-02-13 08:08:48,2018-02-13 08:08:48,2018,2,13,1,1,651571.4285714285,648666.6666666666,641722.2222222222,0.0030721966205837,0.0039769498236929
1518596239000,658000,2018-02-14 08:17:19,2018-02-14 08:17:19,2018,2,14,2,1,652285.7142857143,649100.0,641966.6666666666,0.0076569678407349,0.0041402614907739
1518684063000,663000,2018-02-15 08:41:03,2018-02-15 08:41:03,2018,2,15,3,1,654000.0,649600.0,642211.1111111111,0.0075987841945288,0.0042708249963462
1518851634000,658000,2018-02-17 07:13:54,2018-02-17 07:13:54,2018,2,17,5,1,655285.7142857143,649866.6666666666,642400.0,-0.0075414781297133,0.0045065039228169
1519028458000,658000,2018-02-19 08:20:58,2018-02-19 08:20:58,2018,2,19,0,1,656142.8571428572,650100.0,642600.0,0.0,0.0045020610085177
1519114682000,656000,2018-02-20 08:18:02,2018-02-20 08:18:02,2018,2,20,1,1,656714.2857142857,650300.0,642811.1111111111,-0.0030395136778115,0.0045322344912782
1519202108000,652000,2018-02-21 08:35:08,2018-02-21 08:35:08,2018,2,21,2,1,656857.1428571428,650400.0,642944.4444444445,-0.0060975609756097,0.0046708836870996
1519286983000,652000,2018-02-22 08:09:43,2018-02-22 08:09:43,2018,2,22,3,1,656714.2857142857,650566.6666666666,643077.7777777778,0.0,0.0046307509481292
1519374369000,656000,2018-02-23 08:26:09,2018-02-23 08:26:09,2018,2,23,4,1,656428.5714285715,651000.0,643322.2222222222,0.0061349693251533,0.0045850323126677
1519455688000,656000,2018-02-24 07:01:28,2018-02-24 07:01:28,2018,2,24,5,1,655428.5714285715,651433.3333333334,643522.2222222222,0.0,0.0045850323126677
1519632776000,655000,2018-02-26 08:12:56,2018-02-26 08:12:56,2018,2,26,0,1,655000.0,651833.3333333334,643700.0,-0.0015243902439023,0.0046012187658449
1519719205000,657000,2018-02-27 08:13:25,2018-02-27 08:13:25,2018,2,27,1,1,654857.1428571428,652300.0,643922.2222222222,0.0030534351145037,0.0046206072302105
1519804899000,653000,2018-02-28 08:01:39,2018-02-28 08:01:39,2018,2,28,2,1,654428.5714285715,652666.6666666666,644077.7777777778,-0.0060882800608828,0.004769583730734
1519893476000,655000,2018-03-01 08:37:56,2018-03-01 08:37:56,2018,3,1,3,1,654857.1428571428,653000.0,644244.4444444445,0.003062787136294,0.0047308113917994
1519977848000,658000,2018-03-02 08:04:08,2018-03-02 08:04:08,2018,3,2,4,1,655714.2857142857,653233.3333333334,644488.8888888889,0.0045801526717557,0.0045016650166515
1520059353000,659000,2018-03-03 06:42:33,2018-03-03 06:42:33,2018,3,3,5,1,656142.8571428572,653600.0,644744.4444444445,0.0015197568389058,0.0044061709324976
1520237234000,658000,2018-03-05 08:07:14,2018-03-05 08:07:14,2018,3,5,0,1,656428.5714285715,653866.6666666666,644977.7777777778,-0.0015174506828528,0.0043956888764625
1520322818000,657000,2018-03-06 07:53:38,2018-03-06 07:53:38,2018,3,6,1,1,656714.2857142857,654066.6666666666,645188.8888888889,-0.0015197568389058,0.0044042416645918
1520410229000,665000,2018-03-07 08:10:29,2018-03-07 08:10:29,2018,3,7,2,1,657857.1428571428,654633.3333333334,645488.8888888889,0.0121765601217656,0.0048051047355186
1520496305000,659000,2018-03-08 08:05:05,2018-03-08 08:05:05,2018,3,8,3,1,658714.2857142857,654933.3333333334,645722.2222222222,-0.0090225563909774,0.0051117140364908
1520585722000,658000,2018-03-09 08:55:22,2018-03-09 08:55:22,2018,3,9,4,1,659142.8571428572,655100.0,645888.8888888889,-0.0015174506828528,0.0050626572356033
1520666979000,661000,2018-03-10 07:29:39,2018-03-10 07:29:39,2018,3,10,5,1,659571.4285714285,655366.6666666666,646088.8888888889,0.0045592705167172,0.0051224552352929
1520841752000,661000,2018-03-12 08:02:32,2018-03-12 08:02:32,2018,3,12,0,1,659857.1428571428,655800.0,646355.5555555555,0.0,0.004891767699635
1520928780000,660000,2018-03-13 08:13:00,2018-03-13 08:13:00,2018,3,13,1,1,660142.8571428572,656200.0,646588.8888888889,-0.0015128593040847,0.0049067292103647
1521014947000,659000,2018-03-14 08:09:07,2018-03-14 08:09:07,2018,3,14,2,1,660428.5714285715,656400.0,646788.8888888889,-0.0015151515151514,0.0047329798264081
1521100378000,659000,2018-03-15 07:52:58,2018-03-15 07:52:58,2018,3,15,3,1,659571.4285714285,656666.6666666666,647000.0,0.0,0.0046904319335874
1521187166000,656000,2018-03-16 07:59:26,2018-03-16 07:59:26,2018,3,16,4,1,659142.8571428572,656900.0,647188.8888888889,-0.0045523520485584,0.0047359731326715
1521273541000,656000,2018-03-17 07:59:01,2018-03-17 07:59:01,2018,3,17,5,1,658857.1428571428,657033.3333333334,647377.7777777778,0.0,0.004667498823027
1521447864000,656000,2018-03-19 08:24:24,2018-03-19 08:24:24,2018,3,19,0,1,658142.8571428572,657166.6666666666,647544.4444444445,0.0,0.004667498823027
1521533124000,658000,2018-03-20 08:05:24,2018-03-20 08:05:24,2018,3,20,1,1,657714.2857142857,657400.0,647744.4444444445,0.0030487804878047,0.0046832733792998
1521620034000,657000,2018-03-21 08:13:54,2018-03-21 08:13:54,2018,3,21,2,1,657285.7142857143,657533.3333333334,647966.6666666666,-0.0015197568389058,0.0046668265058297
1521705966000,665000,2018-03-22 08:06:06,2018-03-22 08:06:06,2018,3,22,3,1,658142.8571428572,657766.6666666666,648300.0,0.0121765601217656,0.0049779587545043
1521793832000,664000,2018-03-23 08:30:32,2018-03-23 08:30:32,2018,3,23,4,1,658857.1428571428,657800.0,648644.4444444445,-0.0015037593984962,0.0047959045996698
1521875117000,672000,2018-03-24 07:05:17,2018-03-24 07:05:17,2018,3,24,5,1,661142.8571428572,658266.6666666666,649055.5555555555,0.0120481927710842,0.0050518368180112
1522052706000,672000,2018-03-26 08:25:06,2018-03-26 08:25:06,2018,3,26,0,1,663428.5714285715,658733.3333333334,649511.1111111111,0.0,0.0050518368180112
1522137197000,673000,2018-03-27 07:53:17,2018-03-27 07:53:17,2018,3,27,1,1,665857.1428571428,659300.0,649977.7777777778,0.0014880952380953,0.0050032222259024
1522224228000,666000,2018-03-28 08:03:48,2018-03-28 08:03:48,2018,3,28,2,1,667000.0,659766.6666666666,650400.0,-0.0104011887072807,0.0052646157846039
1522311237000,662000,2018-03-29 08:13:57,2018-03-29 08:13:57,2018,3,29,3,1,667714.2857142857,660100.0,650777.7777777778,-0.0060060060060059,0.0054053262976261
1522474052000,662000,2018-03-31 05:27:32,2018-03-31 05:27:32,2018,3,31,5,1,667285.7142857143,660300.0,651155.5555555555,0.0,0.0053006714363934
1522656646000,663000,2018-04-02 08:10:46,2018-04-02 08:10:46,2018,4,2,0,2,667142.8571428572,660533.3333333334,651555.5555555555,0.0015105740181269,0.0053047285878884
1522743225000,669000,2018-04-03 08:13:45,2018-04-03 08:13:45,2018,4,3,1,2,666714.2857142857,661000.0,652011.1111111111,0.009049773755656,0.0055215596607197
1522829637000,666000,2018-04-04 08:13:57,2018-04-04 08:13:57,2018,4,4,2,2,665857.1428571428,661300.0,652377.7777777778,-0.0044843049327354,0.0055828729563662
1522916417000,666000,2018-04-05 08:20:17,2018-04-05 08:20:17,2018,4,5,3,2,664857.1428571428,661733.3333333334,652755.5555555555,0.0,0.0054452646915871
1523002130000,666000,2018-04-06 08:08:50,2018-04-06 08:08:50,2018,4,6,4,2,664857.1428571428,662100.0,653122.2222222222,0.0,0.0054275697323218
1523084746000,667000,2018-04-07 07:05:46,2018-04-07 07:05:46,2018,4,7,5,2,665571.4285714285,662400.0,653511.1111111111,0.0015015015015014,0.0053780020119425
1523261781000,665000,2018-04-09 08:16:21,2018-04-09 08:16:21,2018,4,9,0,2,666000.0,662600.0,653844.4444444445,-0.0029985007496251,0.005410666703079
1523347534000,669000,2018-04-10 08:05:34,2018-04-10 08:05:34,2018,4,10,1,2,666857.1428571428,662966.6666666666,654222.2222222222,0.0060150375939849,0.0054967269092857
1523434330000,670000,2018-04-11 08:12:10,2018-04-11 08:12:10,2018,4,11,2,2,667000.0,663400.0,654588.8888888889,0.0014947683109118,0.0054847982130788
1523521294000,674000,2018-04-12 08:21:34,2018-04-12 08:21:34,2018,4,12,3,2,668142.8571428572,663700.0,655011.1111111111,0.0059701492537314,0.005142075266313
1523606528000,669000,2018-04-13 08:02:08,2018-04-13 08:02:08,2018,4,13,4,2,668571.4285714285,664033.3333333334,655355.5555555555,-0.0074183976261127,0.0050475279624569
1523866115000,671000,2018-04-16 08:08:35,2018-04-16 08:08:35,2018,4,16,0,2,669285.7142857143,664466.6666666666,655677.7777777778,0.0029895366218235,0.0050520364979427
1523953786000,673000,2018-04-17 08:29:46,2018-04-17 08:29:46,2018,4,17,1,2,670142.8571428572,664866.6666666666,656011.1111111111,0.0029806259314455,0.0050181799289344
1524039801000,673000,2018-04-18 08:23:21,2018-04-18 08:23:21,2018,4,18,2,2,671285.7142857143,665266.6666666666,656322.2222222222,0.0,0.0050181799289344
1524126744000,674000,2018-04-19 08:32:24,2018-04-19 08:32:24,2018,4,19,3,2,672000.0,665733.3333333334,656622.2222222222,0.0014858841010401,0.0050042409539018
1524213408000,671000,2018-04-20 08:36:48,2018-04-20 08:36:48,2018,4,20,4,2,672142.8571428572,666133.3333333334,656866.6666666666,-0.0044510385756676,0.0050774683460991
1524297871000,668000,2018-04-21 08:04:31,2018-04-21 08:04:31,2018,4,21,5,2,671285.7142857143,666433.3333333334,657044.4444444445,-0.0044709388971684,0.0051610424016908
1524471139000,668000,2018-04-23 08:12:19,2018-04-23 08:12:19,2018,4,23,0,2,671142.8571428572,666833.3333333334,657277.7777777778,0.0,0.005074632739781
1524556378000,668000,2018-04-24 07:52:58,2018-04-24 07:52:58,2018,4,24,1,2,670714.2857142857,667233.3333333334,657477.7777777778,0.0,0.005074632739781
1524643340000,671000,2018-04-25 08:02:20,2018-04-25 08:02:20,2018,4,25,2,2,670428.5714285715,667733.3333333334,657755.5555555555,0.0044910179640718,0.0051218307776754
1524729584000,668000,2018-04-26 07:59:44,2018-04-26 07:59:44,2018,4,26,3,2,669714.2857142857,668066.6666666666,657977.7777777778,-0.0044709388971684,0.0051898417334919
1524815639000,668000,2018-04-27 07:53:59,2018-04-27 07:53:59,2018,4,27,4,2,668857.1428571428,668433.3333333334,658211.1111111111,0.0,0.0051766869187414
1524902344000,667000,2018-04-28 07:59:04,2018-04-28 07:59:04,2018,4,28,5,2,668285.7142857143,668500.0,658455.5555555555,-0.0014970059880239,0.004699150258895
1525076587000,668000,2018-04-30 08:23:07,2018-04-30 08:23:07,2018,4,30,0,2,668285.7142857143,668633.3333333334,658677.7777777778,0.0014992503748125,0.0046955553319197
1525248401000,664000,2018-05-02 08:06:41,2018-05-02 08:06:41,2018,5,2,2,2,667714.2857142857,668366.6666666666,658833.3333333334,-0.0059880239520958,0.0042623431829501
1525336641000,666000,2018-05-03 08:37:21,2018-05-03 08:37:21,2018,5,3,3,2,667428.5714285715,668166.6666666666,659000.0,0.0030120481927711,0.0043070950461733
1525420953000,670000,2018-05-04 08:02:33,2018-05-04 08:02:33,2018,5,4,4,2,667285.7142857143,668066.6666666666,659222.2222222222,0.006006006006006,0.0044480839406387
1525501419000,670000,2018-05-05 06:23:39,2018-05-05 06:23:39,2018,5,5,5,2,667571.4285714285,668200.0,659455.5555555555,0.0,0.0040038161555976
1525681030000,670000,2018-05-07 08:17:10,2018-05-07 08:17:10,2018,5,7,0,2,667857.1428571428,668466.6666666666,659711.1111111111,0.0,0.0038287495058566
1525766281000,671000,2018-05-08 07:58:01,2018-05-08 07:58:01,2018,5,8,1,2,668428.5714285715,668766.6666666666,660022.2222222222,0.0014925373134329,0.0038329656894538
1525853480000,673000,2018-05-09 08:11:20,2018-05-09 08:11:20,2018,5,9,2,2,669142.8571428572,669100.0,660355.5555555555,0.0029806259314455,0.0038562213540855
1526025747000,675000,2018-05-11 08:02:27,2018-05-11 08:02:27,2018,5,11,4,2,670714.2857142857,669300.0,660711.1111111111,0.0029717682020802,0.0035384551660083
1526107874000,673000,2018-05-12 06:51:14,2018-05-12 06:51:14,2018,5,12,5,2,671714.2857142857,669533.3333333334,661044.4444444445,-0.0029629629629629,0.0034778519359289
1526285161000,670000,2018-05-14 08:06:01,2018-05-14 08:06:01,2018,5,14,0,2,671714.2857142857,669666.6666666666,661355.5555555555,-0.0044576523031203,0.0035870280817209
1526370996000,669000,2018-05-15 07:56:36,2018-05-15 07:56:36,2018,5,15,1,2,671571.4285714285,669766.6666666666,661622.2222222222,-0.0014925373134327,0.0036003075194532
1526456298000,665000,2018-05-16 07:38:18,2018-05-16 07:38:18,2018,5,16,2,2,670857.1428571428,669700.0,661777.7777777778,-0.0059790732436472,0.0037594434598691
1526544159000,667000,2018-05-17 08:02:39,2018-05-17 08:02:39,2018,5,17,3,2,670285.7142857143,669766.6666666666,661988.8888888889,0.0030075187969924,0.0037593150555022
1526630939000,666000,2018-05-18 08:08:59,2018-05-18 08:08:59,2018,5,18,4,2,669285.7142857143,669666.6666666666,662166.6666666666,-0.0014992503748125,0.0035990090728261
1526712304000,667000,2018-05-19 06:45:04,2018-05-19 06:45:04,2018,5,19,5,2,668142.8571428572,669566.6666666666,662344.4444444445,0.0015015015015014,0.0035991149713777
1526889453000,667000,2018-05-21 07:57:33,2018-05-21 07:57:33,2018,5,21,0,2,667285.7142857143,669333.3333333334,662555.5555555555,0.0,0.0034094861235117
1526976768000,670000,2018-05-22 08:12:48,2018-05-22 08:12:48,2018,5,22,1,2,667285.7142857143,669366.6666666666,662777.7777777778,0.0044977511244377,0.0032469373029946
1527063422000,670000,2018-05-23 08:17:02,2018-05-23 08:17:02,2018,5,23,2,2,667428.5714285715,669333.3333333334,662966.6666666666,0.0,0.0031992908412864
1527150605000,672000,2018-05-24 08:30:05,2018-05-24 08:30:05,2018,5,24,3,2,668428.5714285715,669300.0,663177.7777777778,0.0029850746268655,0.0031994360059296
1527235938000,675000,2018-05-25 08:12:18,2018-05-25 08:12:18,2018,5,25,4,2,669571.4285714285,669366.6666666666,663477.7777777778,0.0044642857142858,0.0033037032271866
1527323169000,672000,2018-05-26 08:26:09,2018-05-26 08:26:09,2018,5,26,5,2,670428.5714285715,669300.0,663744.4444444445,-0.0044444444444444,0.0033943561531434
1527497024000,671000,2018-05-28 08:43:44,2018-05-28 08:43:44,2018,5,28,0,2,671000.0,669300.0,663944.4444444445,-0.0014880952380952,0.0033051264969192
1527668384000,669000,2018-05-30 08:19:44,2018-05-30 08:19:44,2018,5,30,2,2,671285.7142857143,669333.3333333334,664144.4444444445,-0.0029806259314456,0.0032462021931035
1527755542000,668000,2018-05-31 08:32:22,2018-05-31 08:32:22,2018,5,31,3,2,671000.0,669333.3333333334,664355.5555555555,-0.0014947683109117,0.0032585229819236
1527926007000,664000,2018-06-02 07:53:27,2018-06-02 07:53:27,2018,6,2,5,2,670142.8571428572,669200.0,664488.8888888889,-0.0059880239520958,0.0034373400147502
1528099850000,663000,2018-06-04 08:10:50,2018-06-04 08:10:50,2018,6,4,0,2,668857.1428571428,668933.3333333334,664611.1111111111,-0.0015060240963855,0.0033281012377972
1528187201000,662000,2018-06-05 08:26:41,2018-06-05 08:26:41,2018,6,5,1,2,667000.0,668733.3333333334,664733.3333333334,-0.0015082956259426,0.0032459062319044
1528273245000,665000,2018-06-06 08:20:45,2018-06-06 08:20:45,2018,6,6,2,2,666000.0,668633.3333333334,664866.6666666666,0.0045317220543805,0.0033634575041583
1528359413000,665000,2018-06-07 08:16:53,2018-06-07 08:16:53,2018,6,7,3,2,665142.8571428572,668566.6666666666,664944.4444444445,0.0,0.0033537915807315
1528445610000,665000,2018-06-08 08:13:30,2018-06-08 08:13:30,2018,6,8,4,2,664571.4285714285,668466.6666666666,664966.6666666666,0.0,0.0033403650297246
1528530483000,667000,2018-06-09 07:48:03,2018-06-09 07:48:03,2018,6,9,5,2,664428.5714285715,668566.6666666666,665066.6666666666,0.0030075187969924,0.0031984727132753
1529569715000,655000,2018-06-21 08:28:35,2018-06-21 08:28:35,2018,6,21,3,2,663142.8571428572,668200.0,665033.3333333334,-0.0179910044977511,0.004560309773213
1529654923000,660000,2018-06-22 08:08:43,2018-06-22 08:08:43,2018,6,22,4,2,662714.2857142857,667866.6666666666,665077.7777777778,0.0076335877862594,0.0046497358618115
1529739862000,661000,2018-06-23 07:44:22,2018-06-23 07:44:22,2018,6,23,5,2,662571.4285714285,667566.6666666666,665177.7777777778,0.0015151515151514,0.0046634572769731
1529915234000,662000,2018-06-25 08:27:14,2018-06-25 08:27:14,2018,6,25,0,2,662142.8571428572,667300.0,665288.8888888889,0.0015128593040847,0.0046765420549045
1530002063000,660000,2018-06-26 08:34:23,2018-06-26 08:34:23,2018,6,26,1,2,661428.5714285715,666933.3333333334,665333.3333333334,-0.0030211480362537,0.0046864954747347
1530173837000,657000,2018-06-28 08:17:17,2018-06-28 08:17:17,2018,6,28,3,2,660285.7142857143,666400.0,665344.4444444445,-0.0045454545454545,0.004692960513577
1530261486000,659000,2018-06-29 08:38:06,2018-06-29 08:38:06,2018,6,29,4,2,659142.8571428572,665866.6666666666,665388.8888888889,0.0030441400304415,0.0046949796224349
1530338376000,663000,2018-06-30 05:59:36,2018-06-30 05:59:36,2018,6,30,5,2,660285.7142857143,665533.3333333334,665455.5555555555,0.0060698027314112,0.0048381831330763
1530520784000,664000,2018-07-02 08:39:44,2018-07-02 08:39:44,2018,7,2,0,3,660857.1428571428,665333.3333333334,665577.7777777778,0.0015082956259426,0.0047917577595774
1530607570000,659000,2018-07-03 08:46:10,2018-07-03 08:46:10,2018,7,3,1,3,660571.4285714285,665000.0,665622.2222222222,-0.0075301204819276,0.0049676254842568
1530693042000,665000,2018-07-04 08:30:42,2018-07-04 08:30:42,2018,7,4,2,3,661000.0,665000.0,665700.0,0.0091047040971168,0.0051527806320719
1530778430000,664000,2018-07-05 08:13:50,2018-07-05 08:13:50,2018,7,5,3,3,661571.4285714285,664900.0,665755.5555555555,-0.0015037593984962,0.005128141837677
1530864656000,666000,2018-07-06 08:10:56,2018-07-06 08:10:56,2018,7,6,4,3,662857.1428571428,664900.0,665844.4444444445,0.0030120481927711,0.0051529171655774
1530942637000,665000,2018-07-07 05:50:37,2018-07-07 05:50:37,2018,7,7,5,3,663714.2857142857,664833.3333333334,665933.3333333334,-0.0015015015015015,0.0051521703373405
1531123815000,666000,2018-07-09 08:10:15,2018-07-09 08:10:15,2018,7,9,0,3,664142.8571428572,664800.0,665944.4444444445,0.0015037593984963,0.0051603565783245
1531210779000,664000,2018-07-10 08:19:39,2018-07-10 08:19:39,2018,7,10,1,3,664142.8571428572,664600.0,666000.0,-0.003003003003003,0.0051145690038489
1531297828000,663000,2018-07-11 08:30:28,2018-07-11 08:30:28,2018,7,11,2,3,664714.2857142857,664366.6666666666,666055.5555555555,-0.0015060240963855,0.0051190428140665
1531383554000,661000,2018-07-12 08:19:14,2018-07-12 08:19:14,2018,7,12,3,3,664142.8571428572,664000.0,666055.5555555555,-0.0030165912518853,0.0051019705634866
1531468631000,663000,2018-07-13 07:57:11,2018-07-13 07:57:11,2018,7,13,4,3,664000.0,663600.0,666077.7777777778,0.0030257186081694,0.0050599273268467
1531552739000,660000,2018-07-14 07:18:59,2018-07-14 07:18:59,2018,7,14,5,3,663142.8571428572,663200.0,666077.7777777778,-0.004524886877828,0.0050620637817037
1531728314000,660000,2018-07-16 08:05:14,2018-07-16 08:05:14,2018,7,16,0,3,662428.5714285715,662833.3333333334,666088.8888888889,0.0,0.0050602302058206
1531816077000,660000,2018-07-17 08:27:57,2018-07-17 08:27:57,2018,7,17,1,3,661571.4285714285,662533.3333333334,666100.0,0.0,0.0050398454289885
1531902635000,656000,2018-07-18 08:30:35,2018-07-18 08:30:35,2018,7,18,2,3,660428.5714285715,662133.3333333334,666100.0,-0.0060606060606061,0.0051407557934263
1531987610000,656000,2018-07-19 08:06:50,2018-07-19 08:06:50,2018,7,19,3,3,659428.5714285715,661866.6666666666,666100.0,0.0,0.0050392349625214
1532073953000,655000,2018-07-20 08:05:53,2018-07-20 08:05:53,2018,7,20,4,3,658571.4285714285,661600.0,666088.8888888889,-0.0015243902439023,0.0050393761288851
1532158713000,660000,2018-07-21 07:38:33,2018-07-21 07:38:33,2018,7,21,5,3,658142.8571428572,661533.3333333334,666111.1111111111,0.0076335877862594,0.0052418960139553
1532333529000,660000,2018-07-23 08:12:09,2018-07-23 08:12:09,2018,7,23,0,3,658142.8571428572,661366.6666666666,666144.4444444445,0.0,0.0051689806072943
1532420946000,656000,2018-07-24 08:29:06,2018-07-24 08:29:06,2018,7,24,1,3,657571.4285714285,661066.6666666666,666044.4444444445,-0.0060606060606061,0.0052766472868419
1532506219000,656000,2018-07-25 08:10:19,2018-07-25 08:10:19,2018,7,25,2,3,657000.0,660766.6666666666,665955.5555555555,0.0,0.0052766472868419
1532593504000,662000,2018-07-26 08:25:04,2018-07-26 08:25:04,2018,7,26,3,3,657857.1428571428,660600.0,665844.4444444445,0.0091463414634145,0.0055280192598543
1532680589000,659000,2018-07-27 08:36:29,2018-07-27 08:36:29,2018,7,27,4,3,658285.7142857143,660733.3333333334,665700.0,-0.0045317220543806,0.0044851661137939
1532756118000,660000,2018-07-28 05:35:18,2018-07-28 05:35:18,2018,7,28,5,3,659000.0,660733.3333333334,665555.5555555555,0.0015174506828528,0.0042700654044847
1532938729000,659000,2018-07-30 08:18:49,2018-07-30 08:18:49,2018,7,30,0,3,658857.1428571428,660666.6666666666,665477.7777777778,-0.0015151515151514,0.0042690447513193
1533024705000,654000,2018-07-31 08:11:45,2018-07-31 08:11:45,2018,7,31,1,3,658000.0,660400.0,665388.8888888889,-0.007587253414264,0.0044696547815879
1533112759000,656000,2018-08-01 08:39:19,2018-08-01 08:39:19,2018,8,1,2,3,658000.0,660266.6666666666,665322.2222222222,0.003058103975535,0.0044842967386992
1533198441000,654000,2018-08-02 08:27:21,2018-08-02 08:27:21,2018,8,2,3,3,657714.2857142857,660166.6666666666,665222.2222222222,-0.0030487804878048,0.0044423326672178
1533286659000,651000,2018-08-03 08:57:39,2018-08-03 08:57:39,2018,8,3,4,3,656142.8571428572,659900.0,665022.2222222222,-0.0045871559633027,0.0044719296092877
1533543905000,654000,2018-08-06 08:25:05,2018-08-06 08:25:05,2018,8,6,0,3,655428.5714285715,659600.0,664888.8888888889,0.0046082949308756,0.0044065295369222
1533630038000,652000,2018-08-07 08:20:38,2018-08-07 08:20:38,2018,8,7,1,3,654285.7142857143,659200.0,664733.3333333334,-0.0030581039755351,0.004415549852524
1533642300000,660000,2018-08-07 11:45:00,2018-08-07 11:45:00,2018,8,7,1,3,654428.5714285715,659233.3333333334,664666.6666666666,0.0122699386503066,0.0048062084188256
1533716802000,653000,2018-08-08 08:26:42,2018-08-08 08:26:42,2018,8,8,2,3,654285.7142857143,658833.3333333334,664511.1111111111,-0.0106060606060606,0.0048741524008712
1533803523000,651000,2018-08-09 08:32:03,2018-08-09 08:32:03,2018,8,9,3,3,653571.4285714285,658400.0,664355.5555555555,-0.003062787136294,0.0048924485159226
1533887816000,650000,2018-08-10 07:56:56,2018-08-10 07:56:56,2018,8,10,4,3,653000.0,657866.6666666666,664144.4444444445,-0.0015360983102918,0.0048453853573598
1533970841000,650000,2018-08-11 07:00:41,2018-08-11 07:00:41,2018,8,11,5,3,652857.1428571428,657366.6666666666,663922.2222222222,0.0,0.0048456326352992
1534148556000,650000,2018-08-13 08:22:36,2018-08-13 08:22:36,2018,8,13,0,3,652285.7142857143,656833.3333333334,663655.5555555555,0.0,0.0048292771343614
1534234113000,649000,2018-08-14 08:08:33,2018-08-14 08:08:33,2018,8,14,1,3,651857.1428571428,656333.3333333334,663433.3333333334,-0.0015384615384614,0.0048136059630247
1534320236000,649000,2018-08-15 08:03:56,2018-08-15 08:03:56,2018,8,15,2,3,650285.7142857143,655866.6666666666,663188.8888888889,0.0,0.004813304546461
1534408254000,645000,2018-08-16 08:30:54,2018-08-16 08:30:54,2018,8,16,3,3,649142.8571428572,655333.3333333334,662877.7777777778,-0.0061633281972265,0.0048990519056655
1534751602000,648000,2018-08-20 07:53:22,2018-08-20 07:53:22,2018,8,20,0,3,648714.2857142857,654833.3333333334,662600.0,0.0046511627906977,0.0049515841347414
1534839354000,649000,2018-08-21 08:15:54,2018-08-21 08:15:54,2018,8,21,1,3,648571.4285714285,654466.6666666666,662322.2222222222,0.0015432098765431,0.0049159042496785
1535011237000,650000,2018-08-23 08:00:37,2018-08-23 08:00:37,2018,8,23,3,3,648571.4285714285,654133.3333333334,662088.8888888889,0.0015408320493066,0.0049298610704893
1535098580000,648000,2018-08-24 08:16:20,2018-08-24 08:16:20,2018,8,24,4,3,648285.7142857143,653733.3333333334,661866.6666666666,-0.003076923076923,0.0049511247851053
1535181816000,657000,2018-08-25 07:23:36,2018-08-25 07:23:36,2018,8,25,5,3,649428.5714285715,653766.6666666666,661744.4444444445,0.0138888888888888,0.0055014850058949
1535357200000,654000,2018-08-27 08:06:40,2018-08-27 08:06:40,2018,8,27,0,3,650142.8571428572,653700.0,661588.8888888889,-0.0045662100456621,0.0055661414798511
1535444785000,655000,2018-08-28 08:26:25,2018-08-28 08:26:25,2018,8,28,1,3,651571.4285714285,653700.0,661411.1111111111,0.0015290519877675,0.0055668655676008
1535531950000,652000,2018-08-29 08:39:10,2018-08-29 08:39:10,2018,8,29,2,3,652142.8571428572,653433.3333333334,661233.3333333334,-0.0045801526717557,0.00543554190875
1535617767000,655000,2018-08-30 08:29:27,2018-08-30 08:29:27,2018,8,30,3,3,653000.0,653266.6666666666,661088.8888888889,0.0046012269938651,0.0055113769314634
1535703405000,652000,2018-08-31 08:16:45,2018-08-31 08:16:45,2018,8,31,4,3,653285.7142857143,653133.3333333334,660922.2222222222,-0.0045801526717557,0.0054638747233231
1535785913000,654000,2018-09-01 07:11:53,2018-09-01 07:11:53,2018,9,1,5,3,654142.8571428572,653066.6666666666,660766.6666666666,0.0030674846625766,0.0054961492335622
1535963657000,654000,2018-09-03 08:34:17,2018-09-03 08:34:17,2018,9,3,0,3,653714.2857142857,652800.0,660655.5555555555,0.0,0.0052126590487158
1536049069000,656000,2018-09-04 08:17:49,2018-09-04 08:17:49,2018,9,4,1,3,654000.0,652700.0,660544.4444444445,0.003058103975535,0.0051889462002466
1536136161000,655000,2018-09-05 08:29:21,2018-09-05 08:29:21,2018,9,5,2,3,654000.0,652533.3333333334,660377.7777777778,-0.0015243902439023,0.0051851784330346
1536222849000,661000,2018-09-06 08:34:09,2018-09-06 08:34:09,2018,9,6,3,3,655285.7142857143,652600.0,660277.7777777778,0.0091603053435114,0.0054540321658292
1536309549000,662000,2018-09-07 08:39:09,2018-09-07 08:39:09,2018,9,7,4,3,656285.7142857143,652866.6666666666,660188.8888888889,0.0015128593040847,0.0052604900819952
1536393405000,659000,2018-09-08 07:56:45,2018-09-08 07:56:45,2018,9,8,5,3,657285.7142857143,652966.6666666666,660055.5555555555,-0.0045317220543806,0.0053114381868967
1536567932000,659000,2018-09-10 08:25:32,2018-09-10 08:25:32,2018,9,10,0,3,658000.0,653133.3333333334,659900.0,0.0,0.0052768676133345
1536652651000,659000,2018-09-11 07:57:31,2018-09-11 07:57:31,2018,9,11,1,3,658714.2857142857,653400.0,659722.2222222222,0.0,0.005197209730279
1536743005000,662000,2018-09-12 09:03:25,2018-09-12 09:03:25,2018,9,12,2,3,659571.4285714285,653666.6666666666,659600.0,0.0045523520485584,0.0051956650403386
1536828162000,667000,2018-09-13 08:42:42,2018-09-13 08:42:42,2018,9,13,3,3,661285.7142857143,654166.6666666666,659566.6666666666,0.0075528700906344,0.0053107415591472
1536913970000,663000,2018-09-14 08:32:50,2018-09-14 08:32:50,2018,9,14,4,3,661571.4285714285,654266.6666666666,659500.0,-0.0059970014992504,0.0049841535847516
1536998019000,661000,2018-09-15 07:53:39,2018-09-15 07:53:39,2018,9,15,5,3,661428.5714285715,654533.3333333334,659455.5555555555,-0.0030165912518853,0.0045961993079143
1537172370000,661000,2018-09-17 08:19:30,2018-09-17 08:19:30,2018,9,17,0,3,661714.2857142857,654866.6666666666,659388.8888888889,0.0,0.0045500431095647
1537259668000,664000,2018-09-18 08:34:28,2018-09-18 08:34:28,2018,9,18,1,3,662428.5714285715,655333.3333333334,659366.6666666666,0.0045385779122542,0.0045904570584925
1537345483000,666000,2018-09-19 08:24:43,2018-09-19 08:24:43,2018,9,19,2,3,663428.5714285715,655866.6666666666,659355.5555555555,0.0030120481927711,0.0046070591951895
1537432560000,668000,2018-09-20 08:36:00,2018-09-20 08:36:00,2018,9,20,3,3,664285.7142857143,656466.6666666666,659366.6666666666,0.003003003003003,0.0046212049653937
1537519302000,668000,2018-09-21 08:41:42,2018-09-21 08:41:42,2018,9,21,4,3,664428.5714285715,657100.0,659344.4444444445,0.0,0.0046014622738131
1537604608000,665000,2018-09-22 08:23:28,2018-09-22 08:23:28,2018,9,22,5,3,664714.2857142857,657633.3333333334,659288.8888888889,-0.0044910179640718,0.0047060574032479
1537776847000,663000,2018-09-24 08:14:07,2018-09-24 08:14:07,2018,9,24,0,3,665000.0,658233.3333333334,659188.8888888889,-0.0030075187969924,0.0045780420202833
1537863224000,666000,2018-09-25 08:13:44,2018-09-25 08:13:44,2018,9,25,1,3,665714.2857142857,658833.3333333334,659088.8888888889,0.004524886877828,0.0045745575194709
1537950867000,667000,2018-09-26 08:34:27,2018-09-26 08:34:27,2018,9,26,2,3,666142.8571428572,659433.3333333334,659033.3333333334,0.0015015015015014,0.0045743691141081
1538036354000,666000,2018-09-27 08:19:14,2018-09-27 08:19:14,2018,9,27,3,3,666142.8571428572,659966.6666666666,658977.7777777778,-0.0014992503748125,0.0045938289064015
1538124308000,660000,2018-09-28 08:45:08,2018-09-28 08:45:08,2018,9,28,4,3,665000.0,660366.6666666666,658877.7777777778,-0.009009009009009,0.0048857915860936
1538202493000,663000,2018-09-29 06:28:13,2018-09-29 06:28:13,2018,9,29,5,3,664285.7142857143,660566.6666666666,658822.2222222222,0.0045454545454546,0.0042700076375125
1538382694000,663000,2018-10-01 08:31:34,2018-10-01 08:31:34,2018,10,1,0,4,664000.0,660866.6666666666,658811.1111111111,0.0,0.0041703485122081
1538383228000,663000,2018-10-01 08:40:28,2018-10-01 08:40:28,2018,10,1,0,4,664000.0,661133.3333333334,658811.1111111111,0.0,0.0041662259414499
1538469309000,662000,2018-10-02 08:35:09,2018-10-02 08:35:09,2018,10,2,1,4,663428.5714285715,661466.6666666666,658811.1111111111,-0.0015082956259426,0.004076045188171
1538474477000,662000,2018-10-02 10:01:17,2018-10-02 10:01:17,2018,10,2,1,4,662714.2857142857,661700.0,658777.7777777778,0.0,0.0040029182234471
1538555429000,670000,2018-10-03 08:30:29,2018-10-03 08:30:29,2018,10,3,2,4,663285.7142857143,662300.0,658833.3333333334,0.012084592145015,0.0044272255156061
1538640325000,670000,2018-10-04 08:05:25,2018-10-04 08:05:25,2018,10,4,3,4,664714.2857142857,662833.3333333334,658888.8888888889,0.0,0.004411255346864
1538727351000,671000,2018-10-05 08:15:51,2018-10-05 08:15:51,2018,10,5,4,4,665857.1428571428,663400.0,658933.3333333334,0.0014925373134329,0.0044101585106513
1538807651000,676000,2018-10-06 06:34:11,2018-10-06 06:34:11,2018,10,6,5,4,667714.2857142857,664066.6666666666,659166.6666666666,0.0074515648286139,0.0045560263276423
1538984989000,675000,2018-10-08 07:49:49,2018-10-08 07:49:49,2018,10,8,0,4,669428.5714285715,664733.3333333334,659333.3333333334,-0.0014792899408283,0.0045551680394403
1539071276000,668000,2018-10-09 07:47:56,2018-10-09 07:47:56,2018,10,9,1,4,670285.7142857143,664966.6666666666,659411.1111111111,-0.0103703703703703,0.004742429416706
1539158303000,669000,2018-10-10 07:58:23,2018-10-10 07:58:23,2018,10,10,2,4,671285.7142857143,665200.0,659488.8888888889,0.0014970059880239,0.0047422976454498
1539245870000,669000,2018-10-11 08:17:50,2018-10-11 08:17:50,2018,10,11,3,4,671142.8571428572,665533.3333333334,659588.8888888889,0.0,0.0046523791863911
1539246361000,669000,2018-10-11 08:26:01,2018-10-11 08:26:01,2018,10,11,3,4,671000.0,665866.6666666666,659722.2222222222,0.0,0.0046523791863911
1539333499000,680000,2018-10-12 08:38:19,2018-10-12 08:38:19,2018,10,12,4,4,672285.7142857143,666566.6666666666,659955.5555555555,0.0164424514200298,0.0054840831657203
1539410125000,676000,2018-10-13 05:55:25,2018-10-13 05:55:25,2018,10,13,5,4,672285.7142857143,667033.3333333334,660100.0,-0.0058823529411764,0.0055849688798926
1539591274000,677000,2018-10-15 08:14:34,2018-10-15 08:14:34,2018,10,15,0,4,672571.4285714285,667366.6666666666,660244.4444444445,0.0014792899408284,0.0054365826835472
1539677441000,681000,2018-10-16 08:10:41,2018-10-16 08:10:41,2018,10,16,1,4,674428.5714285715,667966.6666666666,660488.8888888889,0.0059084194977843,0.0053794117127328
1539763882000,679000,2018-10-17 08:11:22,2018-10-17 08:11:22,2018,10,17,2,4,675857.1428571428,668566.6666666666,660644.4444444445,-0.0029368575624082,0.0053774255506023
1539778120000,679000,2018-10-17 12:08:40,2018-10-17 12:08:40,2018,10,17,2,4,677285.7142857143,669166.6666666666,660811.1111111111,0.0,0.0053774255506023
1539850005000,676000,2018-10-18 08:06:45,2018-10-18 08:06:45,2018,10,18,3,4,678285.7142857143,669566.6666666666,660922.2222222222,-0.0044182621502208,0.0054175084127877
1539937719000,678000,2018-10-19 08:28:39,2018-10-19 08:28:39,2018,10,19,4,4,678000.0,669966.6666666666,661066.6666666666,0.0029585798816567,0.0054167001209037
1539941387000,678000,2018-10-19 09:29:47,2018-10-19 09:29:47,2018,10,19,4,4,678285.7142857143,670300.0,661200.0,0.0,0.0053986620672414
1540021445000,680000,2018-10-20 07:44:05,2018-10-20 07:44:05,2018,10,20,5,4,678714.2857142857,670700.0,661377.7777777778,0.0029498525073745,0.0054158989197797
1540196499000,680000,2018-10-22 08:21:39,2018-10-22 08:21:39,2018,10,22,0,4,678571.4285714285,671200.0,661566.6666666666,0.0,0.0053315135546959
1540283240000,677000,2018-10-23 08:27:20,2018-10-23 08:27:20,2018,10,23,1,4,678285.7142857143,671666.6666666666,661744.4444444445,-0.0044117647058823,0.0053717211682986
1540368979000,682000,2018-10-24 08:16:19,2018-10-24 08:16:19,2018,10,24,2,4,678714.2857142857,672200.0,661955.5555555555,0.0073855243722305,0.0054663194616965
1540370377000,682000,2018-10-24 08:39:37,2018-10-24 08:39:37,2018,10,24,2,4,679571.4285714285,672700.0,662200.0,0.0,0.0054666061493046
1540454237000,682000,2018-10-25 07:57:17,2018-10-25 07:57:17,2018,10,25,3,4,680142.8571428572,673233.3333333334,662444.4444444445,0.0,0.0054521118200848
1540540497000,681000,2018-10-26 07:54:57,2018-10-26 07:54:57,2018,10,26,4,4,680571.4285714285,673933.3333333334,662677.7777777778,-0.001466275659824,0.0051493991967116
1540624856000,682000,2018-10-27 07:20:56,2018-10-27 07:20:56,2018,10,27,5,4,680857.1428571428,674566.6666666666,662966.6666666666,0.0014684287812041,0.0051080053041915
1540802030000,682000,2018-10-29 08:33:50,2018-10-29 08:33:50,2018,10,29,0,4,681142.8571428572,675200.0,663255.5555555555,0.0,0.0051080053041915
1540887013000,681000,2018-10-30 08:10:13,2018-10-30 08:10:13,2018,10,30,1,4,681714.2857142857,675800.0,663544.4444444445,-0.001466275659824,0.005124445141701
1540974044000,678000,2018-10-31 08:20:44,2018-10-31 08:20:44,2018,10,31,2,4,681142.8571428572,676333.3333333334,663744.4444444445,-0.0044052863436123,0.0051982725924308
1541059953000,675000,2018-11-01 08:12:33,2018-11-01 08:12:33,2018,11,1,3,4,680142.8571428572,676766.6666666666,663911.1111111111,-0.0044247787610619,0.0052840940011315
1541147705000,681000,2018-11-02 08:35:05,2018-11-02 08:35:05,2018,11,2,4,4,680000.0,677133.3333333334,664188.8888888889,0.0088888888888889,0.005073911668683
1541231536000,678000,2018-11-03 07:52:16,2018-11-03 07:52:16,2018,11,3,5,4,679571.4285714285,677400.0,664433.3333333334,-0.0044052863436123,0.0051536581546239
1541405885000,678000,2018-11-05 08:18:05,2018-11-05 08:18:05,2018,11,5,0,4,679000.0,677633.3333333334,664611.1111111111,0.0,0.005150035595996
1541492528000,673000,2018-11-06 08:22:08,2018-11-06 08:22:08,2018,11,6,1,4,677714.2857142857,677533.3333333334,664766.6666666666,-0.0073746312684366,0.0051572974434238
1541578939000,670000,2018-11-07 08:22:19,2018-11-07 08:22:19,2018,11,7,2,4,676142.8571428572,677366.6666666666,664877.7777777778,-0.0044576523031203,0.0052124311977312
1541664836000,665000,2018-11-08 08:13:56,2018-11-08 08:13:56,2018,11,8,3,4,674285.7142857143,677266.6666666666,664944.4444444445,-0.0074626865671642,0.0050417018002959
1541752044000,662000,2018-11-09 08:27:24,2018-11-09 08:27:24,2018,11,9,4,4,672428.5714285715,677033.3333333334,665033.3333333334,-0.0045112781954886,0.0050935912802757
1541836127000,660000,2018-11-10 07:48:47,2018-11-10 07:48:47,2018,11,10,5,4,669428.5714285715,676733.3333333334,665077.7777777778,-0.0030211480362537,0.0051164908949519
1542011938000,659000,2018-11-12 08:38:58,2018-11-12 08:38:58,2018,11,12,0,4,666714.2857142857,676400.0,665133.3333333334,-0.0015151515151514,0.005119487610383
1542096916000,660000,2018-11-13 08:15:16,2018-11-13 08:15:16,2018,11,13,1,4,664142.8571428572,675733.3333333334,665233.3333333334,0.0015174506828528,0.004025709814702
1542182544000,663000,2018-11-14 08:02:24,2018-11-14 08:02:24,2018,11,14,2,4,662714.2857142857,675300.0,665333.3333333334,0.0045454545454546,0.0040385986373674
1542192149000,663000,2018-11-14 10:42:29,2018-11-14 10:42:29,2018,11,14,2,4,661714.2857142857,674833.3333333334,665455.5555555555,0.0,0.0040208327239085
1542268265000,663000,2018-11-15 07:51:05,2018-11-15 07:51:05,2018,11,15,3,4,661428.5714285715,674233.3333333334,665488.8888888889,0.0,0.0038265718882487
1542269255000,662000,2018-11-15 08:07:35,2018-11-15 08:07:35,2018,11,15,3,4,661428.5714285715,673666.6666666666,665588.8888888889,-0.0015082956259426,0.0038090116585053
1542356458000,664000,2018-11-16 08:20:58,2018-11-16 08:20:58,2018,11,16,4,4,662000.0,673166.6666666666,665733.3333333334,0.0030211480362538,0.0038713535490363
1542438954000,662000,2018-11-17 07:15:54,2018-11-17 07:15:54,2018,11,17,5,4,662428.5714285715,672700.0,665866.6666666666,-0.0030120481927711,0.0038335746009936
1542615042000,662000,2018-11-19 08:10:42,2018-11-19 08:10:42,2018,11,19,0,4,662714.2857142857,672166.6666666666,666000.0,0.0,0.0037740643863427
1542616048000,662000,2018-11-19 08:27:28,2018-11-19 08:27:28,2018,11,19,0,4,662571.4285714285,671633.3333333334,666133.3333333334,0.0,0.0037740643863427
1542619592000,662000,2018-11-19 09:26:32,2018-11-19 09:26:32,2018,11,19,0,4,662428.5714285715,671033.3333333334,666277.7777777778,0.0,0.0037112019156379
1542787621000,662000,2018-11-21 08:07:01,2018-11-21 08:07:01,2018,11,21,2,4,662285.7142857143,670433.3333333334,666422.2222222222,0.0,0.0037112019156379
1542802230000,662000,2018-11-21 12:10:30,2018-11-21 12:10:30,2018,11,21,2,4,662285.7142857143,669933.3333333334,666611.1111111111,0.0,0.0036536861395588
1542873431000,665000,2018-11-22 07:57:11,2018-11-22 07:57:11,2018,11,22,3,4,662428.5714285715,669366.6666666666,666800.0,0.0045317220543805,0.0034672255734009
1542959658000,665000,2018-11-23 07:54:18,2018-11-23 07:54:18,2018,11,23,4,4,662857.1428571428,668800.0,666977.7777777778,0.0,0.0034672255734009
1543042832000,662000,2018-11-24 07:00:32,2018-11-24 07:00:32,2018,11,24,5,4,662857.1428571428,668133.3333333334,667111.1111111111,-0.0045112781954886,0.0035270630283127
1543222100000,662000,2018-11-26 08:48:20,2018-11-26 08:48:20,2018,11,26,0,4,662857.1428571428,667500.0,667266.6666666666,0.0,0.003530330760724
1543308252000,661000,2018-11-27 08:44:12,2018-11-27 08:44:12,2018,11,27,1,4,662714.2857142857,666800.0,667311.1111111111,-0.0015105740181269,0.0035021291867673
1543394917000,657500,2018-11-28 08:48:37,2018-11-28 08:48:37,2018,11,28,2,4,662071.4285714285,665983.3333333334,667350.0,-0.0052950075642965,0.0035806618206321
1543481303000,661000,2018-11-29 08:48:23,2018-11-29 08:48:23,2018,11,29,3,4,661928.5714285715,665316.6666666666,667416.6666666666,0.0053231939163498,0.0037734468774291
1543565792000,659000,2018-11-30 08:16:32,2018-11-30 08:16:32,2018,11,30,4,4,661071.4285714285,664683.3333333334,667494.4444444445,-0.0030257186081694,0.0037385886039734
1543649581000,657000,2018-12-01 07:33:01,2018-12-01 07:33:01,2018,12,1,5,4,659928.5714285715,664083.3333333334,667516.6666666666,-0.0030349013657056,0.0037023550093144
1543823233000,655000,2018-12-03 07:47:13,2018-12-03 07:47:13,2018,12,3,0,4,658928.5714285715,663216.6666666666,667550.0,-0.0030441400304414,0.0032253784101386
1543912838000,656500,2018-12-04 08:40:38,2018-12-04 08:40:38,2018,12,4,1,4,658142.8571428572,662500.0,667577.7777777778,0.0022900763358779,0.0032341351418065
1543998787000,660000,2018-12-05 08:33:07,2018-12-05 08:33:07,2018,12,5,2,4,658000.0,661900.0,667644.4444444445,0.0053313023610053,0.0034351017190785
1544085707000,662000,2018-12-06 08:41:47,2018-12-06 08:41:47,2018,12,6,3,4,658642.8571428572,661533.3333333334,667711.1111111111,0.0030303030303029,0.0032796348095774
1544169344000,665000,2018-12-07 07:55:44,2018-12-07 07:55:44,2018,12,7,4,4,659214.2857142857,661366.6666666666,667822.2222222222,0.0045317220543805,0.0033201387579362
1544258535000,668500,2018-12-08 08:42:15,2018-12-08 08:42:15,2018,12,8,5,4,660571.4285714285,661483.3333333334,667905.5555555555,0.0052631578947368,0.0031759103808051
1544428780000,669000,2018-12-10 07:59:40,2018-12-10 07:59:40,2018,12,10,0,4,662285.7142857143,661716.6666666666,667983.3333333334,0.0007479431563202,0.0030507189078809
1544517697000,666000,2018-12-11 08:41:37,2018-12-11 08:41:37,2018,12,11,1,4,663857.1428571428,661916.6666666666,668061.1111111111,-0.0044843049327354,0.0031175218596537
1544603001000,668000,2018-12-12 08:23:21,2018-12-12 08:23:21,2018,12,12,2,4,665500.0,662216.6666666666,668161.1111111111,0.003003003003003,0.0031355716524282
1544690377000,668000,2018-12-13 08:39:37,2018-12-13 08:39:37,2018,12,13,3,4,666642.8571428572,662483.3333333334,668261.1111111111,0.0,0.0031301098210558
1544774902000,665000,2018-12-14 08:08:22,2018-12-14 08:08:22,2018,12,14,4,4,667071.4285714285,662550.0,668294.4444444445,-0.0044910179640718,0.0031527847360103
1544856668000,664000,2018-12-15 06:51:08,2018-12-15 06:51:08,2018,12,15,5,4,666928.5714285715,662583.3333333334,668261.1111111111,-0.0015037593984962,0.0031664394866617
1545034840000,664000,2018-12-17 08:20:40,2018-12-17 08:20:40,2018,12,17,0,4,666285.7142857143,662616.6666666666,668272.2222222222,0.0,0.0031664394866617
1545121529000,668000,2018-12-18 08:25:29,2018-12-18 08:25:29,2018,12,18,1,4,666142.8571428572,662816.6666666666,668350.0,0.0060240963855422,0.0033324814752076
1545206886000,667000,2018-12-19 08:08:06,2018-12-19 08:08:06,2018,12,19,2,4,666285.7142857143,662916.6666666666,668416.6666666666,-0.0014970059880239,0.0033075534065385
1545293828000,662000,2018-12-20 08:17:08,2018-12-20 08:17:08,2018,12,20,3,4,665428.5714285715,662916.6666666666,668394.4444444445,-0.0074962518740629,0.0035482078024196
1545380609000,669000,2018-12-21 08:23:29,2018-12-21 08:23:29,2018,12,21,4,4,665571.4285714285,663150.0,668427.7777777778,0.0105740181268882,0.004038853331099
1545463228000,666000,2018-12-22 07:20:28,2018-12-22 07:20:28,2018,12,22,5,4,665714.2857142857,663283.3333333334,668405.5555555555,-0.0044843049327354,0.0041344313715328
1545812961000,671000,2018-12-26 08:29:21,2018-12-26 08:29:21,2018,12,26,2,4,666714.2857142857,663583.3333333334,668438.8888888889,0.0075075075075075,0.0043432738230394
1545897265000,674000,2018-12-27 07:54:25,2018-12-27 07:54:25,2018,12,27,3,4,668142.8571428572,663983.3333333334,668538.8888888889,0.0044709388971684,0.0044032611155999
1545982696000,674000,2018-12-28 07:38:16,2018-12-28 07:38:16,2018,12,28,4,4,669000.0,664383.3333333334,668661.1111111111,0.0,0.0044032611155999
1546071162000,676000,2018-12-29 08:12:42,2018-12-29 08:12:42,2018,12,29,5,4,670285.7142857143,664750.0,668772.2222222222,0.002967359050445,0.0043642871562221
1546245280000,676000,2018-12-31 08:34:40,2018-12-31 08:34:40,2018,12,31,0,4,672285.7142857143,665116.6666666666,668872.2222222222,0.0,0.0043642871562221
1546416020000,674000,2019-01-02 08:00:20,2019-01-02 08:00:20,2019,1,2,2,1,673000.0,665516.6666666666,668961.1111111111,-0.0029585798816568,0.0043110004123034
1546502725000,676000,2019-01-03 08:05:25,2019-01-03 08:05:25,2019,1,3,3,1,674428.5714285715,665983.3333333334,669138.8888888889,0.002967359050445,0.0043305673866045
1546590102000,681000,2019-01-04 08:21:42,2019-01-04 08:21:42,2019,1,4,4,1,675857.1428571428,666650.0,669338.8888888889,0.0073964497041421,0.0044761796075284
1546675775000,673000,2019-01-05 08:09:35,2019-01-05 08:09:35,2019,1,5,5,1,675714.2857142857,667166.6666666666,669450.0,-0.0117474302496328,0.0049220832248713
1546848101000,673000,2019-01-07 08:01:41,2019-01-07 08:01:41,2019,1,7,0,1,675571.4285714285,667566.6666666666,669561.1111111111,0.0,0.0048483771422067
1546936100000,669000,2019-01-08 08:28:20,2019-01-08 08:28:20,2019,1,8,1,1,674571.4285714285,667900.0,669638.8888888889,-0.0059435364041604,0.0049520111708228
1547022328000,666000,2019-01-09 08:25:28,2019-01-09 08:25:28,2019,1,9,2,1,673142.8571428572,668200.0,669683.3333333334,-0.0044843049327354,0.0049947156571978
1547107680000,671000,2019-01-10 08:08:00,2019-01-10 08:08:00,2019,1,10,3,1,672714.2857142857,668733.3333333334,669694.4444444445,0.0075075075075075,0.0051092393169286
1547193164000,669000,2019-01-11 07:52:44,2019-01-11 07:52:44,2019,1,11,4,1,671714.2857142857,669150.0,669683.3333333334,-0.0029806259314456,0.0051473319764805
1547275458000,669000,2019-01-12 06:44:18,2019-01-12 06:44:18,2019,1,12,5,1,670000.0,669450.0,669661.1111111111,0.0,0.0050713119570965
1547453631000,669000,2019-01-14 08:13:51,2019-01-14 08:13:51,2019,1,14,0,1,669428.5714285715,669683.3333333334,669583.3333333334,0.0,0.0050485617160677
1547540744000,669000,2019-01-15 08:25:44,2019-01-15 08:25:44,2019,1,15,1,1,668857.1428571428,669816.6666666666,669516.6666666666,0.0,0.0049869493256752
1547627793000,670000,2019-01-16 08:36:33,2019-01-16 08:36:33,2019,1,16,2,1,669000.0,669866.6666666666,669538.8888888889,0.0014947683109118,0.0049020675996186
1547713243000,672000,2019-01-17 08:20:43,2019-01-17 08:20:43,2019,1,17,3,1,669857.1428571428,669966.6666666666,669572.2222222222,0.0029850746268655,0.0049294187588228
1547799329000,672000,2019-01-18 08:15:29,2019-01-18 08:15:29,2019,1,18,4,1,670000.0,670166.6666666666,669605.5555555555,0.0,0.0048510702054243
1548057963000,670000,2019-01-21 08:06:03,2019-01-21 08:06:03,2019,1,21,0,1,670142.8571428572,670233.3333333334,669616.6666666666,-0.0029761904761904,0.0048594492488789
1548145205000,669000,2019-01-22 08:20:05,2019-01-22 08:20:05,2019,1,22,1,1,670142.8571428572,670266.6666666666,669494.4444444445,-0.0014925373134327,0.0048682579355393
1548231709000,671000,2019-01-23 08:21:49,2019-01-23 08:21:49,2019,1,23,2,1,670428.5714285715,670466.6666666666,669438.8888888889,0.0029895366218235,0.0048183683718312
1548317148000,669000,2019-01-24 08:05:48,2019-01-24 08:05:48,2019,1,24,3,1,670428.5714285715,670633.3333333334,669350.0,-0.0029806259314456,0.0048450163106595
1548404708000,667000,2019-01-25 08:25:08,2019-01-25 08:25:08,2019,1,25,4,1,670000.0,670733.3333333334,669194.4444444445,-0.0029895366218236,0.0048811880265796
1548486842000,677000,2019-01-26 07:14:02,2019-01-26 07:14:02,2019,1,26,5,1,670714.2857142857,671033.3333333334,669172.2222222222,0.0149925037481259,0.0054893510238404
1548664309000,675000,2019-01-28 08:31:49,2019-01-28 08:31:49,2019,1,28,0,1,671142.8571428572,671300.0,669127.7777777778,-0.0029542097488921,0.0055136651112147
1548750261000,672000,2019-01-29 08:24:21,2019-01-29 08:24:21,2019,1,29,1,1,671428.5714285715,671633.3333333334,669083.3333333334,-0.0044444444444444,0.0053894780795534
1548836421000,676000,2019-01-30 08:20:21,2019-01-30 08:20:21,2019,1,30,2,1,672428.5714285715,671866.6666666666,669061.1111111111,0.0059523809523809,0.0051528591512804
1548922767000,680000,2019-01-31 08:19:27,2019-01-31 08:19:27,2019,1,31,3,1,673714.2857142857,672333.3333333334,669083.3333333334,0.0059171597633136,0.005165597662615
1549007948000,679000,2019-02-01 07:59:08,2019-02-01 07:59:08,2019,2,1,4,1,675142.8571428572,672600.0,669072.2222222222,-0.0014705882352941,0.0050159010117627
1549097595000,675000,2019-02-02 08:53:15,2019-02-02 08:53:15,2019,2,2,5,1,676285.7142857143,672633.3333333334,669016.6666666666,-0.0058910162002945,0.0050827458396099
1549268788000,675000,2019-02-04 08:26:28,2019-02-04 08:26:28,2019,2,4,0,1,676000.0,672666.6666666666,668994.4444444445,0.0,0.0050827458396099
1549441821000,675000,2019-02-06 08:30:21,2019-02-06 08:30:21,2019,2,6,2,1,676000.0,672633.3333333334,668916.6666666666,0.0,0.0050530406706688
1549527480000,672000,2019-02-07 08:18:00,2019-02-07 08:18:00,2019,2,7,3,1,676000.0,672500.0,668805.5555555555,-0.0044444444444444,0.0051166694425198
1549613490000,674000,2019-02-08 08:11:30,2019-02-08 08:11:30,2019,2,8,4,1,675714.2857142857,672500.0,668716.6666666666,0.0029761904761904,0.0051204704736076
1549695803000,675000,2019-02-09 07:03:23,2019-02-09 07:03:23,2019,2,9,5,1,675000.0,672466.6666666666,668650.0,0.0014836795252226,0.0050980643986474
1549872319000,675000,2019-02-11 08:05:19,2019-02-11 08:05:19,2019,2,11,0,1,674428.5714285715,672266.6666666666,668572.2222222222,0.0,0.0049012384444013
1549958488000,673000,2019-02-12 08:01:28,2019-02-12 08:01:28,2019,2,12,1,1,674142.8571428572,672266.6666666666,668472.2222222222,-0.0029629629629629,0.0044327351333397
1550045268000,676000,2019-02-13 08:07:48,2019-02-13 08:07:48,2019,2,13,2,1,674285.7142857143,672366.6666666666,668416.6666666666,0.0044576523031203,0.0045065051008114
1550131983000,673000,2019-02-14 08:13:03,2019-02-14 08:13:03,2019,2,14,3,1,674000.0,672500.0,668361.1111111111,-0.0044378698224851,0.0044441616878773
1550218641000,677000,2019-02-15 08:17:21,2019-02-15 08:17:21,2019,2,15,4,1,674714.2857142857,672866.6666666666,668383.3333333334,0.0059435364041604,0.0044721963912531
1550301131000,681000,2019-02-16 07:12:11,2019-02-16 07:12:11,2019,2,16,5,1,675714.2857142857,673200.0,668383.3333333334,0.0059084194977843,0.0043953534965911
1550477208000,680000,2019-02-18 08:06:48,2019-02-18 08:06:48,2019,2,18,0,1,676428.5714285715,673566.6666666666,668405.5555555555,-0.0014684287812041,0.004362579599397
1550564032000,683000,2019-02-19 08:13:52,2019-02-19 08:13:52,2019,2,19,1,1,677571.4285714285,674033.3333333334,668461.1111111111,0.0044117647058823,0.0044173129745485
1550650941000,689000,2019-02-20 08:22:21,2019-02-20 08:22:21,2019,2,20,2,1,679857.1428571428,674700.0,668638.8888888889,0.0087847730600292,0.004654135058636
1550736663000,686000,2019-02-21 08:11:03,2019-02-21 08:11:03,2019,2,21,3,1,681285.7142857143,675266.6666666666,668816.6666666666,-0.0043541364296081,0.0047530045604537
1550823007000,682000,2019-02-22 08:10:07,2019-02-22 08:10:07,2019,2,22,4,1,682571.4285714285,675666.6666666666,669005.5555555555,-0.0058309037900874,0.0049043838624148
1550905177000,684000,2019-02-23 06:59:37,2019-02-23 06:59:37,2019,2,23,5,1,683571.4285714285,676066.6666666666,669250.0,0.002932551319648,0.0049035136615264
1551082323000,683000,2019-02-25 08:12:03,2019-02-25 08:12:03,2019,2,25,0,1,683857.1428571428,676433.3333333334,669505.5555555555,-0.0014619883040936,0.0049169467057535
1551168352000,680000,2019-02-26 08:05:52,2019-02-26 08:05:52,2019,2,26,1,1,683857.1428571428,676766.6666666666,669738.8888888889,-0.0043923865300146,0.0049586198584643
1551256582000,679000,2019-02-27 08:36:22,2019-02-27 08:36:22,2019,2,27,2,1,683285.7142857143,677100.0,669950.0,-0.0014705882352941,0.0049583164495444
1551340301000,674000,2019-02-28 07:51:41,2019-02-28 07:51:41,2019,2,28,3,1,681142.8571428572,677200.0,670072.2222222222,-0.0073637702503681,0.0051366348564795
1551428505000,673000,2019-03-01 08:21:45,2019-03-01 08:21:45,2019,3,1,4,1,679285.7142857143,677333.3333333334,670183.3333333334,-0.0014836795252225,0.0051122729461313
1551512422000,669000,2019-03-02 07:40:22,2019-03-02 07:40:22,2019,3,2,5,1,677428.5714285715,677400.0,670250.0,-0.0059435364041604,0.0052036811262872
1551688968000,665500,2019-03-04 08:42:48,2019-03-04 08:42:48,2019,3,4,0,1,674785.7142857143,677016.6666666666,670288.8888888889,-0.0052316890881913,0.0044674952601414
1551774886000,665000,2019-03-05 08:34:46,2019-03-05 08:34:46,2019,3,5,1,1,672214.2857142857,676683.3333333334,670300.0,-0.0007513148009016,0.0044448543095996
1551861331000,665500,2019-03-06 08:35:31,2019-03-06 08:35:31,2019,3,6,2,1,670142.8571428572,676466.6666666666,670338.8888888889,0.000751879699248,0.0043862144718486
1551945889000,665500,2019-03-07 08:04:49,2019-03-07 08:04:49,2019,3,7,3,1,668214.2857142857,676116.6666666666,670377.7777777778,0.0,0.0042245988059808
1552033297000,664500,2019-03-08 08:21:37,2019-03-08 08:21:37,2019,3,8,4,1,666857.1428571428,675600.0,670405.5555555555,-0.0015026296018031,0.0040486961743316
1552118611000,669000,2019-03-09 08:03:31,2019-03-09 08:03:31,2019,3,9,5,1,666285.7142857143,675266.6666666666,670483.3333333334,0.0067720090293452,0.0042723414260629
1552293404000,672500,2019-03-11 08:36:44,2019-03-11 08:36:44,2019,3,11,0,1,666785.7142857143,675183.3333333334,670600.0,0.0052316890881913,0.0042697001711892
1552379186000,674000,2019-03-12 08:26:26,2019-03-12 08:26:26,2019,3,12,1,1,668000.0,675150.0,670733.3333333334,0.0022304832713755,0.0042911356552345
1552465556000,679000,2019-03-13 08:25:56,2019-03-13 08:25:56,2019,3,13,2,1,670000.0,675283.3333333334,670888.8888888889,0.0074183976261128,0.0045021104261567
1552552278000,680000,2019-03-14 08:31:18,2019-03-14 08:31:18,2019,3,14,3,1,672071.4285714285,675550.0,671055.5555555555,0.0014727540500736,0.0044201845850991
1552638257000,675000,2019-03-15 08:24:17,2019-03-15 08:24:17,2019,3,15,4,1,673428.5714285715,675583.3333333334,671200.0,-0.0073529411764705,0.0046110828128353
1552728230000,680000,2019-03-16 09:23:50,2019-03-16 09:23:50,2019,3,16,5,1,675642.8571428572,675750.0,671400.0,0.0074074074074073,0.0047972404105276
1552899602000,678500,2019-03-18 09:00:02,2019-03-18 09:00:02,2019,3,18,0,1,677000.0,675866.6666666666,671594.4444444445,-0.0022058823529411,0.0048181773451173
1552985492000,675500,2019-03-19 08:51:32,2019-03-19 08:51:32,2019,3,19,1,1,677428.5714285715,675950.0,671794.4444444445,-0.004421518054532,0.0048582157759643
1553071621000,676500,2019-03-20 08:47:01,2019-03-20 08:47:01,2019,3,20,2,1,677785.7142857143,675966.6666666666,671966.6666666666,0.0014803849000739,0.0047968913529892
1553156993000,680000,2019-03-21 08:29:53,2019-03-21 08:29:53,2019,3,21,3,1,677928.5714285715,676200.0,672200.0,0.0051736881005173,0.0048087577475334
1553243610000,672000,2019-03-22 08:33:30,2019-03-22 08:33:30,2019,3,22,4,1,676785.7142857143,676033.3333333334,672366.6666666666,-0.0117647058823529,0.0051723526638844
1553328559000,676000,2019-03-23 08:09:19,2019-03-23 08:09:19,2019,3,23,5,1,676928.5714285715,675866.6666666666,672600.0,0.0059523809523809,0.0051741588332244
1553502314000,675000,2019-03-25 08:25:14,2019-03-25 08:25:14,2019,3,25,0,1,676214.2857142857,675700.0,672805.5555555555,-0.0014792899408283,0.0051742486611325
1553588435000,681000,2019-03-26 08:20:35,2019-03-26 08:20:35,2019,3,26,1,1,676571.4285714285,675633.3333333334,673038.8888888889,0.0088888888888889,0.0053735614850375
1553674991000,676000,2019-03-27 08:23:11,2019-03-27 08:23:11,2019,3,27,2,1,676642.8571428572,675200.0,673194.4444444445,-0.0073421439060205,0.0052612532902541
1553761420000,674000,2019-03-28 08:23:40,2019-03-28 08:23:40,2019,3,28,3,1,676285.7142857143,674800.0,673294.4444444445,-0.0029585798816568,0.0052332057737146
1553850038000,669000,2019-03-29 09:00:38,2019-03-29 09:00:38,2019,3,29,4,1,674714.2857142857,674366.6666666666,673300.0,-0.0074183976261127,0.0052958374184737
1554107587000,669000,2019-04-01 08:33:07,2019-04-01 08:33:07,2019,4,1,0,2,674285.7142857143,673866.6666666666,673300.0,0.0,0.0052547600170568
1554194506000,669000,2019-04-02 08:41:46,2019-04-02 08:41:46,2019,4,2,1,2,673285.7142857143,673400.0,673333.3333333334,0.0,0.0052544735559631
1554366535000,670000,2019-04-04 08:28:55,2019-04-04 08:28:55,2019,4,4,3,2,672571.4285714285,673066.6666666666,673355.5555555555,0.0014947683109118,0.0052207469420785
1554453324000,669500,2019-04-05 08:35:24,2019-04-05 08:35:24,2019,4,5,4,2,670928.5714285715,672750.0,673372.2222222222,-0.0007462686567164,0.0052176843715606
1554538112000,669500,2019-04-06 08:08:32,2019-04-06 08:08:32,2019,4,6,5,2,670000.0,672600.0,673422.2222222222,0.0,0.0050521129778149
1554713716000,669500,2019-04-08 08:55:16,2019-04-08 08:55:16,2019,4,8,0,2,669357.1428571428,672483.3333333334,673483.3333333334,0.0,0.0050464830313109
1554798239000,671000,2019-04-09 08:23:59,2019-04-09 08:23:59,2019,4,9,1,2,669642.8571428572,672550.0,673561.1111111111,0.0022404779686333,0.0049432895431323
1554885006000,672500,2019-04-10 08:30:06,2019-04-10 08:30:06,2019,4,10,2,2,670142.8571428572,672783.3333333334,673611.1111111111,0.0022354694485842,0.0048521334079022
1554970569000,673500,2019-04-11 08:16:09,2019-04-11 08:16:09,2019,4,11,3,2,670785.7142857143,673066.6666666666,673683.3333333334,0.0014869888475836,0.0048516609215644
1555056363000,669000,2019-04-12 08:06:03,2019-04-12 08:06:03,2019,4,12,4,2,670642.8571428572,673183.3333333334,673761.1111111111,-0.0066815144766146,0.0050217457944617
1555146686000,668500,2019-04-13 09:11:26,2019-04-13 09:11:26,2019,4,13,5,2,670500.0,673283.3333333334,673755.5555555555,-0.0007473841554559,0.0050245589090957
1555315610000,669000,2019-04-15 08:06:50,2019-04-15 08:06:50,2019,4,15,0,2,670428.5714285715,673433.3333333334,673788.8888888889,0.0007479431563202,0.0050156389782531
1555402670000,666500,2019-04-16 08:17:50,2019-04-16 08:17:50,2019,4,16,1,2,670000.0,673350.0,673738.8888888889,-0.0037369207772794,0.0049093521686096
1555576027000,665000,2019-04-18 08:27:07,2019-04-18 08:27:07,2019,4,18,3,2,669142.8571428572,673100.0,673638.8888888889,-0.0022505626406601,0.0048176609400566
1555659437000,665000,2019-04-19 07:37:17,2019-04-19 07:37:17,2019,4,19,4,2,668071.4285714285,672800.0,673538.8888888889,0.0,0.0047934139435592
1555748430000,665000,2019-04-20 08:20:30,2019-04-20 08:20:30,2019,4,20,5,2,666857.1428571428,672333.3333333334,673416.6666666666,0.0,0.004559864931086
1555835396000,665000,2019-04-21 08:29:56,2019-04-21 08:29:56,2019,4,21,6,2,666285.7142857143,671833.3333333334,673294.4444444445,0.0,0.0045437420343832
1555921474000,665000,2019-04-22 08:24:34,2019-04-22 08:24:34,2019,4,22,0,2,665785.7142857143,671500.0,673194.4444444445,0.0,0.004369318636618
1556008801000,665000,2019-04-23 08:40:01,2019-04-23 08:40:01,2019,4,23,1,2,665214.2857142857,671000.0,673072.2222222222,0.0,0.0041093113600035
1556094501000,665000,2019-04-24 08:28:21,2019-04-24 08:28:21,2019,4,24,2,2,665000.0,670550.0,672894.4444444445,0.0,0.00410181460636
1556180525000,667000,2019-04-25 08:22:05,2019-04-25 08:22:05,2019,4,25,3,2,665285.7142857143,670266.6666666666,672827.7777777778,0.0030075187969924,0.0040912291692517
1556268256000,670000,2019-04-26 08:44:16,2019-04-26 08:44:16,2019,4,26,4,2,666000.0,670050.0,672794.4444444445,0.0044977511244377,0.004175623420506
1556354378000,673500,2019-04-27 08:39:38,2019-04-27 08:39:38,2019,4,27,5,2,667214.2857142857,669833.3333333334,672844.4444444445,0.0052238805970148,0.0041779071939022
1556526773000,673000,2019-04-29 08:32:53,2019-04-29 08:32:53,2019,4,29,0,2,668357.1428571428,669866.6666666666,672922.2222222222,-0.0007423904974016,0.0035774958866165
1556613770000,670500,2019-04-30 08:42:50,2019-04-30 08:42:50,2019,4,30,1,2,669142.8571428572,669683.3333333334,672916.6666666666,-0.0037147102526002,0.0034615470316505
1556699233000,673000,2019-05-01 08:27:13,2019-05-01 08:27:13,2019,5,1,2,2,670285.7142857143,669616.6666666666,672961.1111111111,0.0037285607755406,0.0035285649122861
1556786022000,670000,2019-05-02 08:33:42,2019-05-02 08:33:42,2019,5,2,3,2,671000.0,669250.0,672972.2222222222,-0.0044576523031203,0.0031813764779149
1556872362000,669000,2019-05-03 08:32:42,2019-05-03 08:32:42,2019,5,3,4,2,671285.7142857143,669016.6666666666,672972.2222222222,-0.0014925373134327,0.0029183429292128
1556956720000,674000,2019-05-04 07:58:40,2019-05-04 07:58:40,2019,5,4,5,2,671857.1428571428,669016.6666666666,673027.7777777778,0.0074738415545589,0.0032035242735421
1557130987000,673000,2019-05-06 08:23:07,2019-05-06 08:23:07,2019,5,6,0,2,671785.7142857143,669150.0,673061.1111111111,-0.0014836795252225,0.0028979792054051
1557218157000,674000,2019-05-07 08:35:57,2019-05-07 08:35:57,2019,5,7,1,2,671928.5714285715,669316.6666666666,673083.3333333334,0.0014858841010401,0.0029070772399894
1557304176000,674500,2019-05-08 08:29:36,2019-05-08 08:29:36,2019,5,8,2,2,672500.0,669500.0,673111.1111111111,0.0007418397626113,0.0029080119469729
1557391297000,671000,2019-05-09 08:41:37,2019-05-09 08:41:37,2019,5,9,3,2,672214.2857142857,669533.3333333334,673122.2222222222,-0.0051890289103039,0.0030633847605869
1557476964000,673000,2019-05-10 08:29:24,2019-05-10 08:29:24,2019,5,10,4,2,672642.8571428572,669650.0,673166.6666666666,0.0029806259314455,0.0031050865523756
1557565045000,673500,2019-05-11 08:57:25,2019-05-11 08:57:25,2019,5,11,5,2,673285.7142857143,669783.3333333334,673194.4444444445,0.00074294205052,0.0031065763165591
1557736263000,673500,2019-05-13 08:31:03,2019-05-13 08:31:03,2019,5,13,0,2,673214.2857142857,669916.6666666666,673244.4444444445,0.0,0.0031065763165591
1557823220000,678000,2019-05-14 08:40:20,2019-05-14 08:40:20,2019,5,14,1,2,673928.5714285715,670150.0,673366.6666666666,0.0066815144766148,0.0033063883218083
1557908820000,678000,2019-05-15 08:27:00,2019-05-15 08:27:00,2019,5,15,2,2,674500.0,670333.3333333334,673377.7777777778,0.0,0.0032875971499658
1557994475000,678000,2019-05-16 08:14:35,2019-05-16 08:14:35,2019,5,16,3,2,675000.0,670483.3333333334,673411.1111111111,0.0,0.0032799222248786
1558081261000,674000,2019-05-17 08:21:01,2019-05-17 08:21:01,2019,5,17,4,2,675428.5714285715,670650.0,673433.3333333334,-0.0058997050147492,0.0032257961512241
1558167512000,672000,2019-05-18 08:18:32,2019-05-18 08:18:32,2019,5,18,5,2,675285.7142857143,670766.6666666666,673388.8888888889,-0.002967359050445,0.0032746354116875
1558342047000,672000,2019-05-20 08:47:27,2019-05-20 08:47:27,2019,5,20,0,2,675071.4285714285,670866.6666666666,673300.0,0.0,0.0032730032577364
1558427537000,672000,2019-05-21 08:32:17,2019-05-21 08:32:17,2019,5,21,1,2,674857.1428571428,671050.0,673222.2222222222,0.0,0.0031898572034454
1558513233000,671000,2019-05-22 08:20:33,2019-05-22 08:20:33,2019,5,22,2,2,673857.1428571428,671250.0,673177.7777777778,-0.0014880952380952,0.0031719960336141
1558600093000,671000,2019-05-23 08:28:13,2019-05-23 08:28:13,2019,5,23,3,2,672857.1428571428,671450.0,673133.3333333334,0.0,0.0031719960336141
1558685958000,675000,2019-05-24 08:19:18,2019-05-24 08:19:18,2019,5,24,4,2,672428.5714285715,671783.3333333334,673133.3333333334,0.0059612518628913,0.0033348167579836
1558946795000,674000,2019-05-27 08:46:35,2019-05-27 08:46:35,2019,5,27,0,2,672428.5714285715,672083.3333333334,673155.5555555555,-0.0014814814814815,0.0033534394303368
1559031917000,671000,2019-05-28 08:25:17,2019-05-28 08:25:17,2019,5,28,1,2,672285.7142857143,672283.3333333334,673122.2222222222,-0.0044510385756676,0.0034706192816974
1559119217000,670000,2019-05-29 08:40:17,2019-05-29 08:40:17,2019,5,29,2,2,672000.0,672450.0,673066.6666666666,-0.0014903129657227,0.0034857721904148
1559290798000,675000,2019-05-31 08:19:58,2019-05-31 08:19:58,2019,5,31,4,2,672428.5714285715,672783.3333333334,673066.6666666666,0.007462686567164,0.0037249771578826
1560154436000,690000,2019-06-10 08:13:56,2019-06-10 08:13:56,2019,6,10,0,2,675142.8571428572,673550.0,673255.5555555555,0.0222222222222221,0.0054313322494842
1560241912000,682000,2019-06-11 08:31:52,2019-06-11 08:31:52,2019,6,11,1,2,676714.2857142857,673950.0,673322.2222222222,-0.0115942028985507,0.0058660067709558
1560328483000,682000,2019-06-12 08:34:43,2019-06-12 08:34:43,2019,6,12,2,2,677714.2857142857,674233.3333333334,673422.2222222222,0.0,0.0058014541989608
1560415008000,684000,2019-06-13 08:36:48,2019-06-13 08:36:48,2019,6,13,3,2,679142.8571428572,674600.0,673500.0,0.002932551319648,0.0058145349883698
1560500805000,690000,2019-06-14 08:26:45,2019-06-14 08:26:45,2019,6,14,4,2,681857.1428571428,675250.0,673600.0,0.0087719298245614,0.0059437041495559
1560587205000,690000,2019-06-15 08:26:45,2019-06-15 08:26:45,2019,6,15,5,2,684714.2857142857,675816.6666666666,673711.1111111111,0.0,0.0059230448484154
1560760165000,688000,2019-06-17 08:29:25,2019-06-17 08:29:25,2019,6,17,0,2,686571.4285714285,676416.6666666666,673766.6666666666,-0.0028985507246376,0.0058815747079118
1560855423000,691000,2019-06-18 10:57:03,2019-06-18 10:57:03,2019,6,18,1,2,686714.2857142857,677150.0,673788.8888888889,0.0043604651162789,0.005896507039096
1560934657000,693000,2019-06-19 08:57:37,2019-06-19 08:57:37,2019,6,19,2,2,688285.7142857143,677783.3333333334,673866.6666666666,0.0028943560057888,0.0057839000315848
1561020205000,703000,2019-06-20 08:43:25,2019-06-20 08:43:25,2019,6,20,3,2,691285.7142857143,678783.3333333334,674100.0,0.0144300144300144,0.0062635113056844
1561104561000,711000,2019-06-21 08:09:21,2019-06-21 08:09:21,2019,6,21,4,2,695142.8571428572,680016.6666666666,674400.0,0.0113798008534851,0.0065194271616559
1561115782000,716000,2019-06-21 11:16:22,2019-06-21 11:16:22,2019,6,21,4,2,698857.1428571428,681400.0,674766.6666666666,0.0070323488045007,0.0065849378421458
1561190139000,708000,2019-06-22 07:55:39,2019-06-22 07:55:39,2019,6,22,5,2,701428.5714285715,682633.3333333334,675077.7777777778,-0.0111731843575418,0.00689401170143
1561365110000,711500,2019-06-24 08:31:50,2019-06-24 08:31:50,2019,6,24,0,2,704785.7142857143,683916.6666666666,675438.8888888889,0.0049435028248587,0.006914752678475
1561450828000,722000,2019-06-25 08:20:28,2019-06-25 08:20:28,2019,6,25,1,2,709214.2857142857,685533.3333333334,675972.2222222222,0.0147575544624034,0.0072981300036214
1561537214000,718000,2019-06-26 08:20:14,2019-06-26 08:20:14,2019,6,26,2,2,712785.7142857143,687016.6666666666,676472.2222222222,-0.005540166204986,0.0074284760744193
1561625954000,716000,2019-06-27 08:59:14,2019-06-27 08:59:14,2019,6,27,3,2,714642.8571428572,688283.3333333334,676994.4444444445,-0.0027855153203342,0.0074309257876941
1561711551000,720000,2019-06-28 08:45:51,2019-06-28 08:45:51,2019,6,28,4,2,715928.5714285715,689683.3333333334,677600.0,0.0055865921787709,0.0074530378193543
1561883503000,714000,2019-06-30 08:31:43,2019-06-30 08:31:43,2019,6,30,6,2,715642.8571428572,690883.3333333334,678144.4444444445,-0.0083333333333333,0.0076831316636843
1561970706000,708000,2019-07-01 08:45:06,2019-07-01 08:45:06,2019,7,1,0,3,715642.8571428572,692016.6666666666,678616.6666666666,-0.0084033613445377,0.0077820987258133
1562055688000,703000,2019-07-02 08:21:28,2019-07-02 08:21:28,2019,7,2,1,3,714428.5714285715,693050.0,679033.3333333334,-0.0070621468926553,0.0079012547354591
1562142357000,723000,2019-07-03 08:25:57,2019-07-03 08:25:57,2019,7,3,2,3,714571.4285714285,694750.0,679683.3333333334,0.0284495021337125,0.0092950683748358
1562227555000,720000,2019-07-04 08:05:55,2019-07-04 08:05:55,2019,7,4,3,3,714857.1428571428,696350.0,680250.0,-0.0041493775933609,0.0093639035302527
1562311266000,718000,2019-07-05 07:21:06,2019-07-05 07:21:06,2019,7,5,4,3,715142.8571428572,697916.6666666666,680755.5555555555,-0.0027777777777777,0.0093850420352325
1562396428000,710000,2019-07-06 07:00:28,2019-07-06 07:00:28,2019,7,6,5,3,713714.2857142857,699216.6666666666,681155.5555555555,-0.0111420612813371,0.0096946219736081
1562573920000,709000,2019-07-08 08:18:40,2019-07-08 08:18:40,2019,7,8,0,3,713000.0,700350.0,681488.8888888889,-0.0014084507042253,0.009682316123019
1562660385000,708000,2019-07-09 08:19:45,2019-07-09 08:19:45,2019,7,9,1,3,713000.0,701483.3333333334,681800.0,-0.001410437235543,0.0096815237485451
1562746343000,708000,2019-07-10 08:12:23,2019-07-10 08:12:23,2019,7,10,2,3,713714.2857142857,702716.6666666666,682166.6666666666,0.0,0.0096181170946762
1562831968000,720000,2019-07-11 07:59:28,2019-07-11 07:59:28,2019,7,11,3,3,713285.7142857143,704383.3333333334,682611.1111111111,0.0169491525423728,0.0099806321193126
1562920024000,710000,2019-07-12 08:27:04,2019-07-12 08:27:04,2019,7,12,4,3,711857.1428571428,705550.0,682961.1111111111,-0.0138888888888888,0.0103647364128282
1563002815000,715000,2019-07-13 07:26:55,2019-07-13 07:26:55,2019,7,13,5,3,711428.5714285715,706383.3333333334,683400.0,0.0070422535211267,0.009678020480075
1563178227000,715000,2019-07-15 08:10:27,2019-07-15 08:10:27,2019,7,15,0,3,712142.8571428572,707483.3333333334,683827.7777777778,0.0,0.00937491487365
1563264919000,711000,2019-07-16 08:15:19,2019-07-16 08:15:19,2019,7,16,1,3,712428.5714285715,708450.0,684172.2222222222,-0.0055944055944056,0.0094634427610203
1563351440000,706000,2019-07-17 08:17:20,2019-07-17 08:17:20,2019,7,17,2,3,712142.8571428572,709183.3333333334,684550.0,-0.0070323488045006,0.0095830865053203
1563440195000,714000,2019-07-18 08:56:35,2019-07-18 08:56:35,2019,7,18,3,3,713000.0,709983.3333333334,684972.2222222222,0.0113314447592067,0.0096647901281856
1563524950000,723000,2019-07-19 08:29:10,2019-07-19 08:29:10,2019,7,19,4,3,713428.5714285715,711083.3333333334,685505.5555555555,0.0126050420168066,0.0098830190663148
1563694301000,712000,2019-07-21 07:31:41,2019-07-21 07:31:41,2019,7,21,6,3,713714.2857142857,711883.3333333334,685850.0,-0.0152143845089902,0.010322575721401
1563783820000,713000,2019-07-22 08:23:40,2019-07-22 08:23:40,2019,7,22,0,3,713428.5714285715,712616.6666666666,686261.1111111111,0.0014044943820223,0.0103054107399792
1563870425000,714000,2019-07-23 08:27:05,2019-07-23 08:27:05,2019,7,23,1,3,713285.7142857143,713316.6666666666,686705.5555555555,0.0014025245441795,0.0103000333595296
1563955356000,712000,2019-07-24 08:02:36,2019-07-24 08:02:36,2019,7,24,2,3,713428.5714285715,713616.6666666666,687183.3333333334,-0.0028011204481792,0.0100041758145929
1564042593000,717000,2019-07-25 08:16:33,2019-07-25 08:16:33,2019,7,25,3,3,715000.0,713816.6666666666,687716.6666666666,0.0070224719101124,0.0098711007501824
1564131123000,711000,2019-07-26 08:52:03,2019-07-26 08:52:03,2019,7,26,4,3,714571.4285714285,713650.0,688183.3333333334,-0.0083682008368201,0.0099107380109039
1564215520000,713000,2019-07-27 08:18:40,2019-07-27 08:18:40,2019,7,27,5,3,713142.8571428572,713816.6666666666,688661.1111111111,0.0028129395218001,0.0097028684823324
1564305469000,713000,2019-07-28 09:17:49,2019-07-28 09:17:49,2019,7,28,6,3,713285.7142857143,713866.6666666666,689144.4444444445,0.0,0.0096628297724696
1564388049000,714000,2019-07-29 08:14:09,2019-07-29 08:14:09,2019,7,29,0,3,713428.5714285715,713600.0,689638.8888888889,0.0014025245441795,0.0092644071666528
1564475903000,716000,2019-07-30 08:38:23,2019-07-30 08:38:23,2019,7,30,1,3,713714.2857142857,713533.3333333334,690155.5555555555,0.0028011204481792,0.0092277476981516
1564562240000,720000,2019-07-31 08:37:20,2019-07-31 08:37:20,2019,7,31,2,3,714857.1428571428,713666.6666666666,690700.0,0.0055865921787709,0.0092687362623432
1564647893000,711500,2019-08-01 08:24:53,2019-08-01 08:24:53,2019,8,1,3,3,714071.4285714285,713383.3333333334,691133.3333333334,-0.0118055555555555,0.0094638137922399
1564735339000,726000,2019-08-02 08:42:19,2019-08-02 08:42:19,2019,8,2,4,3,716214.2857142857,713783.3333333334,691716.6666666666,0.0203794799718903,0.0100618823311593
1564819352000,731000,2019-08-03 08:02:32,2019-08-03 08:02:32,2019,8,3,5,3,718785.7142857143,714550.0,692405.5555555555,0.0068870523415978,0.0099767704853239
1564994294000,733000,2019-08-05 08:38:14,2019-08-05 08:38:14,2019,8,5,0,3,721642.8571428572,715550.0,693122.2222222222,0.0027359781121751,0.0098595707344372
1565079835000,748000,2019-08-06 08:23:55,2019-08-06 08:23:55,2019,8,6,1,3,726500.0,716383.3333333334,694000.0,0.0204638472032743,0.0091903269981041
1565167383000,755000,2019-08-07 08:43:03,2019-08-07 08:43:03,2019,8,7,2,3,732071.4285714285,717550.0,694983.3333333334,0.0093582887700534,0.0092511900569311
1565252229000,762000,2019-08-08 08:17:09,2019-08-08 08:17:09,2019,8,8,3,3,738071.4285714285,719016.6666666666,696061.1111111111,0.0092715231788078,0.0093148067464327
1565337024000,761000,2019-08-09 07:50:24,2019-08-09 07:50:24,2019,8,9,4,3,745142.8571428572,720716.6666666666,697127.7777777778,-0.0013123359580052,0.0090032979693894
1565423456000,756000,2019-08-10 07:50:56,2019-08-10 07:50:56,2019,8,10,5,3,749428.5714285715,722283.3333333334,698138.8888888889,-0.0065703022339027,0.0091261674556385
1565596939000,758000,2019-08-12 08:02:19,2019-08-12 08:02:19,2019,8,12,0,3,753285.7142857143,723950.0,699172.2222222222,0.0026455026455025,0.0091011220469983
1565683988000,764000,2019-08-13 08:13:08,2019-08-13 08:13:08,2019,8,13,1,3,757714.2857142857,725816.6666666666,700272.2222222222,0.0079155672823219,0.0091462573927568
1565769818000,763000,2019-08-14 08:03:38,2019-08-14 08:03:38,2019,8,14,2,3,759857.1428571428,727250.0,701361.1111111111,-0.0013089005235602,0.0087563625195286
1565856169000,768000,2019-08-15 08:02:49,2019-08-15 08:02:49,2019,8,15,3,3,761714.2857142857,729183.3333333334,702505.5555555555,0.0065530799475752,0.0082608661604002
1565943305000,775000,2019-08-16 08:15:05,2019-08-16 08:15:05,2019,8,16,4,3,763571.4285714285,731183.3333333334,703705.5555555555,0.0091145833333332,0.0083073615116749
1566034161000,768000,2019-08-17 09:29:21,2019-08-17 09:29:21,2019,8,17,5,3,764571.4285714285,732950.0,704794.4444444445,-0.0090322580645161,0.008569000406393
1566112264000,768000,2019-08-18 07:11:04,2019-08-18 07:11:04,2019,8,18,6,3,766285.7142857143,734850.0,705844.4444444445,0.0,0.0084485613896287
1566202797000,766000,2019-08-19 08:19:57,2019-08-19 08:19:57,2019,8,19,0,3,767428.5714285715,736850.0,706877.7777777778,-0.0026041666666666,0.0083118977316986
1566290139000,758000,2019-08-20 08:35:39,2019-08-20 08:35:39,2019,8,20,1,3,766571.4285714285,738316.6666666666,707850.0,-0.010443864229765,0.0084861545820615
1566375835000,765000,2019-08-21 08:23:55,2019-08-21 08:23:55,2019,8,21,2,3,766857.1428571428,739716.6666666666,708872.2222222222,0.0092348284960421,0.0083627448453015
1566461149000,764000,2019-08-22 08:05:49,2019-08-22 08:05:49,2019,8,22,3,3,766285.7142857143,741450.0,709916.6666666666,-0.0013071895424836,0.0077427916252463
1566547589000,760000,2019-08-23 08:06:29,2019-08-23 08:06:29,2019,8,23,4,3,764142.8571428572,743016.6666666666,710927.7777777778,-0.0052356020942407,0.0078656103856625
1566632672000,774000,2019-08-24 07:44:32,2019-08-24 07:44:32,2019,8,24,5,3,765000.0,745016.6666666666,712038.8888888889,0.0184210526315788,0.0084043554014396
1566807671000,783000,2019-08-26 08:21:11,2019-08-26 08:21:11,2019,8,26,0,3,767142.8571428572,747383.3333333334,713261.1111111111,0.0116279069767442,0.0084895106968182
1566894773000,775500,2019-08-27 08:32:53,2019-08-27 08:32:53,2019,8,27,1,3,768500.0,749333.3333333334,714388.8888888889,-0.0095785440613026,0.008768768285245
1566979899000,781000,2019-08-28 08:11:39,2019-08-28 08:11:39,2019,8,28,2,3,771785.7142857143,751666.6666666666,715572.2222222222,0.0070921985815601,0.008550182770335
1567065858000,780000,2019-08-29 08:04:18,2019-08-29 08:04:18,2019,8,29,3,3,773928.5714285715,753900.0,716783.3333333334,-0.0012804097311139,0.0085886547733091
1567152974000,775000,2019-08-30 08:16:14,2019-08-30 08:16:14,2019,8,30,4,3,775500.0,755966.6666666666,717916.6666666666,-0.0064102564102563,0.0087450486960778
1567237366000,772000,2019-08-31 07:42:46,2019-08-31 07:42:46,2019,8,31,5,3,777214.2857142857,757900.0,719011.1111111111,-0.0038709677419355,0.0088271404719676
1567413293000,777000,2019-09-02 08:34:53,2019-09-02 08:34:53,2019,9,2,0,3,777642.8571428572,759933.3333333334,720161.1111111111,0.0064766839378238,0.0088548570167491
1567499288000,774000,2019-09-03 08:28:08,2019-09-03 08:28:08,2019,9,3,1,3,776357.1428571428,761733.3333333334,721227.7777777778,-0.0038610038610038,0.0089188825132984
1567587422000,784000,2019-09-04 08:57:02,2019-09-04 08:57:02,2019,9,4,2,3,777571.4285714285,764150.0,722405.5555555555,0.0129198966408268,0.0086955684966967
1567670066000,784000,2019-09-05 07:54:26,2019-09-05 07:54:26,2019,9,5,3,3,778000.0,766083.3333333334,723583.3333333334,0.0,0.0080881687592394
1567759820000,774000,2019-09-06 08:50:20,2019-09-06 08:50:20,2019,9,6,4,3,777142.8571428572,767516.6666666666,724694.4444444445,-0.0127551020408163,0.0085127643060271
1567845185000,768000,2019-09-07 08:33:05,2019-09-07 08:33:05,2019,9,7,5,3,776142.8571428572,768683.3333333334,725761.1111111111,-0.0077519379844961,0.0086924918815538
1567932698000,768000,2019-09-08 08:51:38,2019-09-08 08:51:38,2019,9,8,6,3,775571.4285714285,769350.0,726827.7777777778,0.0,0.0079300138061146
1568018156000,767000,2019-09-09 08:35:56,2019-09-09 08:35:56,2019,9,9,0,3,774142.8571428572,769750.0,727883.3333333334,-0.0013020833333333,0.0077757490825947
1568104036000,763000,2019-09-10 08:27:16,2019-09-10 08:27:16,2019,9,10,1,3,772571.4285714285,769783.3333333334,728905.5555555555,-0.0052151238591916,0.0076647986966646
1568191244000,760000,2019-09-11 08:40:44,2019-09-11 08:40:44,2019,9,11,2,3,769142.8571428572,769750.0,729894.4444444445,-0.0039318479685451,0.0076959705888345
1568275373000,761000,2019-09-12 08:02:53,2019-09-12 08:02:53,2019,9,12,3,3,765857.1428571428,769916.6666666666,730850.0,0.0013157894736841,0.0075984147095743
1568363000000,762000,2019-09-13 08:23:20,2019-09-13 08:23:20,2019,9,13,4,3,764142.8571428572,770050.0,731827.7777777778,0.0013140604467805,0.0075878068510225
1568448625000,754000,2019-09-14 08:10:25,2019-09-14 08:10:25,2019,9,14,5,3,762142.8571428572,769716.6666666666,732750.0,-0.010498687664042,0.007686569150975
1568622276000,762000,2019-09-16 08:24:36,2019-09-16 08:24:36,2019,9,16,0,3,761285.7142857143,769683.3333333334,733772.2222222222,0.0106100795755967,0.0079423134357432
1568708238000,762000,2019-09-17 08:17:18,2019-09-17 08:17:18,2019,9,17,1,3,760571.4285714285,769483.3333333334,734738.8888888889,0.0,0.0078450102558068
1568794567000,766000,2019-09-18 08:16:07,2019-09-18 08:16:07,2019,9,18,2,3,761000.0,769183.3333333334,735583.3333333334,0.0052493438320209,0.0077169137336106
1568879888000,761000,2019-09-19 07:58:08,2019-09-19 07:58:08,2019,9,19,3,3,761142.8571428572,768950.0,736461.1111111111,-0.0065274151436031,0.0076329473019889
1568967164000,765000,2019-09-20 08:12:44,2019-09-20 08:12:44,2019,9,20,4,3,761714.2857142857,768850.0,737383.3333333334,0.0052562417871222,0.0076995624109328
1569047874000,772000,2019-09-21 06:37:54,2019-09-21 06:37:54,2019,9,21,5,3,763142.8571428572,769050.0,738361.1111111111,0.0091503267973855,0.0078651361804956
1569227663000,771000,2019-09-23 08:34:23,2019-09-23 08:34:23,2019,9,23,0,3,765571.4285714285,769483.3333333334,739261.1111111111,-0.0012953367875647,0.0076077529389161
1569313765000,774000,2019-09-24 08:29:25,2019-09-24 08:29:25,2019,9,24,1,3,767285.7142857143,769783.3333333334,740194.4444444445,0.0038910505836575,0.0074596005767233
1569399950000,778000,2019-09-25 08:25:50,2019-09-25 08:25:50,2019,9,25,2,3,769571.4285714285,770250.0,741194.4444444445,0.0051679586563306,0.0075015578716609
1569486475000,771000,2019-09-26 08:27:55,2019-09-26 08:27:55,2019,9,26,3,3,770285.7142857143,770616.6666666666,742083.3333333334,-0.0089974293059126,0.0076333157474922
1569571790000,771000,2019-09-27 08:09:50,2019-09-27 08:09:50,2019,9,27,4,3,771714.2857142857,770516.6666666666,742950.0,0.0,0.0068425602137614
1569660652000,770000,2019-09-28 08:50:52,2019-09-28 08:50:52,2019,9,28,5,3,772428.5714285715,770083.3333333334,743694.4444444445,-0.0012970168612191,0.0064752647844107
1569740980000,770000,2019-09-29 07:09:40,2019-09-29 07:09:40,2019,9,29,6,3,772142.8571428572,769900.0,744350.0,0.0,0.0062462005170735
1569834245000,770000,2019-09-30 09:04:05,2019-09-30 09:04:05,2019,9,30,0,3,772000.0,769533.3333333334,744950.0,0.0,0.0060922853665616
1569918944000,760000,2019-10-01 08:35:44,2019-10-01 08:35:44,2019,10,1,1,4,770000.0,768866.6666666666,745527.7777777778,-0.0129870129870129,0.006507739429801
1570002067000,764000,2019-10-02 07:41:07,2019-10-02 07:41:07,2019,10,2,2,4,768000.0,768500.0,746111.1111111111,0.0052631578947368,0.0065124934736305
1570089052000,771000,2019-10-03 07:50:52,2019-10-03 07:50:52,2019,10,3,3,4,768000.0,768466.6666666666,746655.5555555555,0.0091623036649215,0.0067085868094661
1570174275000,773000,2019-10-04 07:31:15,2019-10-04 07:31:15,2019,10,4,4,4,768285.7142857143,768333.3333333334,747266.6666666666,0.0025940337224383,0.0066157116700446
1570259252000,770000,2019-10-05 07:07:32,2019-10-05 07:07:32,2019,10,5,5,4,768285.7142857143,768200.0,747866.6666666666,-0.0038809831824062,0.0066160990287143
1570345192000,770000,2019-10-06 06:59:52,2019-10-06 06:59:52,2019,10,6,6,4,768285.7142857143,767733.3333333334,748422.2222222222,0.0,0.0061392097939385
1570437412000,770000,2019-10-07 08:36:52,2019-10-07 08:36:52,2019,10,7,0,4,768285.7142857143,767266.6666666666,749044.4444444445,0.0,0.0061392097939385
1570522166000,765000,2019-10-08 08:09:26,2019-10-08 08:09:26,2019,10,8,1,4,769000.0,766966.6666666666,749677.7777777778,-0.0064935064935064,0.0058086259780396
1570608900000,771000,2019-10-09 08:15:00,2019-10-09 08:15:00,2019,10,9,2,4,770000.0,767066.6666666666,750433.3333333334,0.0078431372549019,0.005823341366102
1570698308000,775000,2019-10-10 09:05:08,2019-10-10 09:05:08,2019,10,10,3,4,770571.4285714285,767300.0,751011.1111111111,0.0051880674448767,0.0058954334856366
1570781322000,767000,2019-10-11 08:08:42,2019-10-11 08:08:42,2019,10,11,4,4,769714.2857142857,767300.0,751533.3333333334,-0.0103225806451613,0.0062029927025249
1570868187000,765000,2019-10-12 08:16:27,2019-10-12 08:16:27,2019,10,12,5,4,769000.0,767366.6666666666,752055.5555555555,-0.0026075619295958,0.0061451257514983
1570948487000,765000,2019-10-13 06:34:47,2019-10-13 06:34:47,2019,10,13,6,4,768285.7142857143,767533.3333333334,752666.6666666666,0.0,0.0060977946116425
1571041033000,763000,2019-10-14 08:17:13,2019-10-14 08:17:13,2019,10,14,0,4,767285.7142857143,767600.0,753266.6666666666,-0.0026143790849673,0.0061160006021021
1571126933000,765000,2019-10-15 08:08:53,2019-10-15 08:08:53,2019,10,15,1,4,767285.7142857143,767700.0,753900.0,0.0026212319790301,0.006129548336679
1571212339000,761000,2019-10-16 07:52:19,2019-10-16 07:52:19,2019,10,16,2,4,765857.1428571428,767933.3333333334,754488.8888888889,-0.0052287581699346,0.0058844888113555
1571298739000,767000,2019-10-17 07:52:19,2019-10-17 07:52:19,2019,10,17,3,4,764714.2857142857,768100.0,755011.1111111111,0.0078843626806832,0.0057394628564853
1571387551000,767000,2019-10-18 08:32:31,2019-10-18 08:32:31,2019,10,18,4,4,764714.2857142857,768266.6666666666,755644.4444444445,0.0,0.0057394628564853
1571468801000,765000,2019-10-19 07:06:41,2019-10-19 07:06:41,2019,10,19,5,4,764714.2857142857,768233.3333333334,756200.0,-0.0026075619295958,0.0056816834675109
1571556055000,765000,2019-10-20 07:20:55,2019-10-20 07:20:55,2019,10,20,6,4,764714.2857142857,768366.6666666666,756755.5555555555,0.0,0.0055476040753624
1571644873000,765000,2019-10-21 08:01:13,2019-10-21 08:01:13,2019,10,21,0,4,765000.0,768366.6666666666,757355.5555555555,0.0,0.0054644499457435
1571731087000,761000,2019-10-22 07:58:07,2019-10-22 07:58:07,2019,10,22,1,4,764428.5714285715,768000.0,757966.6666666666,-0.0052287581699346,0.0052623622503007
1571818186000,760000,2019-10-23 08:09:46,2019-10-23 08:09:46,2019,10,23,2,4,764285.7142857143,767633.3333333334,758477.7777777778,-0.0013140604467805,0.0052624652523683
1571904055000,761000,2019-10-24 08:00:55,2019-10-24 08:00:55,2019,10,24,3,4,763428.5714285715,767200.0,758900.0,0.0013157894736841,0.0052096898717858
1571989812000,763000,2019-10-25 07:50:12,2019-10-25 07:50:12,2019,10,25,4,4,762857.1428571428,766700.0,759466.6666666666,0.002628120893561,0.0051336243300948
1572076212000,766000,2019-10-26 07:50:12,2019-10-26 07:50:12,2019,10,26,5,4,763000.0,766533.3333333334,760055.5555555555,0.0039318479685452,0.0049467783962911
1572171135000,766000,2019-10-27 10:12:15,2019-10-27 10:12:15,2019,10,27,6,4,763142.8571428572,766366.6666666666,760633.3333333334,0.0,0.0049467783962911
1572250616000,766000,2019-10-28 08:16:56,2019-10-28 08:16:56,2019,10,28,0,4,763285.7142857143,766233.3333333334,761233.3333333334,0.0,0.0049425713628066
1572337464000,761000,2019-10-29 08:24:24,2019-10-29 08:24:24,2019,10,29,1,4,763285.7142857143,765933.3333333334,761722.2222222222,-0.0065274151436031,0.0050770489817098
1572423897000,760000,2019-10-30 08:24:57,2019-10-30 08:24:57,2019,10,30,2,4,763285.7142857143,765600.0,762266.6666666666,-0.0013140604467805,0.005079331278994
1572510524000,764000,2019-10-31 08:28:44,2019-10-31 08:28:44,2019,10,31,3,4,763714.2857142857,765733.3333333334,762833.3333333334,0.0052631578947368,0.0045922342180854
1572597008000,773000,2019-11-01 08:30:08,2019-11-01 08:30:08,2019,11,1,4,4,765142.8571428572,766033.3333333334,763500.0,0.0117801047120418,0.0049786111166514
1572678023000,773000,2019-11-02 07:00:23,2019-11-02 07:00:23,2019,11,2,5,4,766142.8571428572,766100.0,764155.5555555555,0.0,0.0046957007817473
1572776169000,773000,2019-11-03 10:16:09,2019-11-03 10:16:09,2019,11,3,6,4,767142.8571428572,766100.0,764788.8888888889,0.0,0.0046719579438304
1572857392000,772000,2019-11-04 08:49:52,2019-11-04 08:49:52,2019,11,4,0,4,768000.0,766166.6666666666,765366.6666666666,-0.001293661060802,0.0046212492239115
1572942719000,767000,2019-11-05 08:31:59,2019-11-05 08:31:59,2019,11,5,1,4,768857.1428571428,766066.6666666666,765983.3333333334,-0.0064766839378238,0.004774664644895
1573030125000,759000,2019-11-06 08:48:45,2019-11-06 08:48:45,2019,11,6,2,4,768714.2857142857,765700.0,766350.0,-0.0104302477183833,0.005132064121643
1573116626000,759000,2019-11-07 08:50:26,2019-11-07 08:50:26,2019,11,7,3,4,768000.0,765500.0,766661.1111111111,0.0,0.0050044646246614
1573201747000,754000,2019-11-08 08:29:07,2019-11-08 08:29:07,2019,11,8,4,4,765285.7142857143,764933.3333333334,766894.4444444445,-0.0065876152832674,0.0048919734743433
1573284392000,750000,2019-11-09 07:26:32,2019-11-09 07:26:32,2019,11,9,5,4,762000.0,764100.0,766916.6666666666,-0.0053050397877983,0.0048288628486059
1573460919000,751000,2019-11-11 08:28:39,2019-11-11 08:28:39,2019,11,11,0,4,758857.1428571428,763566.6666666666,766872.2222222222,0.0013333333333334,0.004518605288814
1573547041000,750000,2019-11-12 08:24:01,2019-11-12 08:24:01,2019,11,12,1,4,755714.2857142857,763066.6666666666,766738.8888888889,-0.0013315579227696,0.00450594596323
1573634858000,752000,2019-11-13 08:47:38,2019-11-13 08:47:38,2019,11,13,2,4,753571.4285714285,762633.3333333334,766638.8888888889,0.0026666666666665,0.004545342410918
1573721441000,755000,2019-11-14 08:50:41,2019-11-14 08:50:41,2019,11,14,3,4,753000.0,762366.6666666666,766627.7777777778,0.0039893617021276,0.0046020312341243
1573807841000,757000,2019-11-15 08:50:41,2019-11-15 08:50:41,2019,11,15,4,4,752714.2857142857,762100.0,766616.6666666666,0.0026490066225166,0.0046026504777062
1573893925000,756000,2019-11-16 08:45:25,2019-11-16 08:45:25,2019,11,16,5,4,753000.0,761933.3333333334,766527.7777777778,-0.0013210039630119,0.0045139695085732
1573980399000,756000,2019-11-17 08:46:39,2019-11-17 08:46:39,2019,11,17,6,4,753857.1428571428,761566.6666666666,766450.0,0.0,0.0042481522788405
1574065826000,757000,2019-11-18 08:30:26,2019-11-18 08:30:26,2019,11,18,0,4,754714.2857142857,761233.3333333334,766327.7777777778,0.0013227513227513,0.0042600750751806
1574153007000,758000,2019-11-19 08:43:27,2019-11-19 08:43:27,2019,11,19,1,4,755857.1428571428,761000.0,766138.8888888889,0.0013210039630118,0.0042511564755009
1574237593000,760000,2019-11-20 08:13:13,2019-11-20 08:13:13,2019,11,20,2,4,757000.0,760833.3333333334,766050.0,0.0026385224274405,0.0042846879251938
1574323933000,760000,2019-11-21 08:12:13,2019-11-21 08:12:13,2019,11,21,3,4,757714.2857142857,760666.6666666666,765961.1111111111,0.0,0.0042846879251938
1574410905000,757000,2019-11-22 08:21:45,2019-11-22 08:21:45,2019,11,22,4,4,757714.2857142857,760533.3333333334,765861.1111111111,-0.0039473684210525,0.0042390728007526
1574497163000,756000,2019-11-23 08:19:23,2019-11-23 08:19:23,2019,11,23,5,4,757714.2857142857,760400.0,765838.8888888889,-0.0013210039630119,0.0042391377799493
1574583634000,756000,2019-11-24 08:20:34,2019-11-24 08:20:34,2019,11,24,6,4,757714.2857142857,760233.3333333334,765738.8888888889,0.0,0.0042300622528203
1574671311000,756000,2019-11-25 08:41:51,2019-11-25 08:41:51,2019,11,25,0,4,757571.4285714285,760000.0,765650.0,0.0,0.0041963150538131
1574756661000,752000,2019-11-26 08:24:21,2019-11-26 08:24:21,2019,11,26,1,4,756714.2857142857,759533.3333333334,765561.1111111111,-0.0052910052910053,0.00421349893588
1574843576000,754000,2019-11-27 08:32:56,2019-11-27 08:32:56,2019,11,27,2,4,755857.1428571428,759133.3333333334,765338.8888888889,0.002659574468085,0.0042544705747685
1574844398000,754000,2019-11-27 08:46:38,2019-11-27 08:46:38,2019,11,27,2,4,755000.0,758733.3333333334,765016.6666666666,0.0,0.0042544705747685
1574929675000,753000,2019-11-28 08:27:55,2019-11-28 08:27:55,2019,11,28,3,4,754428.5714285715,758466.6666666666,764766.6666666666,-0.0013262599469495,0.0041044455457989
1574929714000,753000,2019-11-28 08:28:34,2019-11-28 08:28:34,2019,11,28,3,4,754000.0,758233.3333333334,764455.5555555555,0.0,0.0041007470367142
1575014893000,753000,2019-11-29 08:08:13,2019-11-29 08:08:13,2019,11,29,4,4,753571.4285714285,757866.6666666666,764155.5555555555,0.0,0.0039648576104725
1575094261000,756000,2019-11-30 06:11:01,2019-11-30 06:11:01,2019,11,30,5,4,753571.4285714285,757300.0,763944.4444444445,0.0039840637450199,0.003340150309009
1575274734000,755000,2019-12-02 08:18:54,2019-12-02 08:18:54,2019,12,2,0,4,754000.0,756700.0,763755.5555555555,-0.0013227513227512,0.0033388357937391
1575364734000,756000,2019-12-03 09:18:54,2019-12-03 09:18:54,2019,12,3,1,4,754285.7142857143,756133.3333333334,763522.2222222222,0.0013245033112583,0.0033582018789063
1575447663000,762000,2019-12-04 08:21:03,2019-12-04 08:21:03,2019,12,4,2,4,755428.5714285715,755800.0,763388.8888888889,0.0079365079365079,0.0037097292373714
1575534072000,761000,2019-12-05 08:21:12,2019-12-05 08:21:12,2019,12,5,3,4,756571.4285714285,755600.0,763133.3333333334,-0.0013123359580052,0.003535072830955
1575621202000,760000,2019-12-06 08:33:22,2019-12-06 08:33:22,2019,12,6,4,4,757571.4285714285,755633.3333333334,762866.6666666666,-0.0013140604467805,0.002978277311187
1575702124000,756000,2019-12-07 07:02:04,2019-12-07 07:02:04,2019,12,7,5,4,758000.0,755533.3333333334,762666.6666666666,-0.0052631578947368,0.0031322489823565
1575788571000,756000,2019-12-08 07:02:51,2019-12-08 07:02:51,2019,12,8,6,4,758000.0,755600.0,762533.3333333334,0.0,0.0028848713844312
1575879901000,753000,2019-12-09 08:25:01,2019-12-09 08:25:01,2019,12,9,0,4,757714.2857142857,755700.0,762366.6666666666,-0.0039682539682539,0.0028079271563486
1575965767000,752000,2019-12-10 08:16:07,2019-12-10 08:16:07,2019,12,10,1,4,757142.8571428572,755733.3333333334,762200.0,-0.0013280212483399,0.0028108629073138
1576053036000,753000,2019-12-11 08:30:36,2019-12-11 08:30:36,2019,12,11,2,4,755857.1428571428,755833.3333333334,762088.8888888889,0.0013297872340425,0.0028078114275644
1576139518000,759000,2019-12-12 08:31:58,2019-12-12 08:31:58,2019,12,12,3,4,755571.4285714285,756066.6666666666,762077.7777777778,0.0079681274900398,0.0031217925200136
1576225218000,755000,2019-12-13 08:20:18,2019-12-13 08:20:18,2019,12,13,4,4,754857.1428571428,756066.6666666666,762011.1111111111,-0.005270092226614,0.0032025342261818
1576312470000,759000,2019-12-14 08:34:30,2019-12-14 08:34:30,2019,12,14,5,4,755285.7142857143,756133.3333333334,761977.7777777778,0.005298013245033,0.0033125784720331
1576393755000,759000,2019-12-15 07:09:15,2019-12-15 07:09:15,2019,12,15,6,4,755714.2857142857,756233.3333333334,762033.3333333334,0.0,0.0033018934860853
1576485782000,758000,2019-12-16 08:43:02,2019-12-16 08:43:02,2019,12,16,0,4,756428.5714285715,756300.0,761988.8888888889,-0.0013175230566534,0.0033125272870711
1576570644000,760000,2019-12-17 08:17:24,2019-12-17 08:17:24,2019,12,17,1,4,757571.4285714285,756400.0,761966.6666666666,0.0026385224274405,0.0033379789191897
1576657230000,761000,2019-12-18 08:20:30,2019-12-18 08:20:30,2019,12,18,2,4,758714.2857142857,756500.0,761911.1111111111,0.0013157894736841,0.003337915286716
1576743608000,760000,2019-12-19 08:20:08,2019-12-19 08:20:08,2019,12,19,3,4,758857.1428571428,756500.0,761900.0,-0.0013140604467805,0.0033136930613775
1576830178000,760000,2019-12-20 08:22:58,2019-12-20 08:22:58,2019,12,20,4,4,759571.4285714285,756500.0,761844.4444444445,0.0,0.0033136930613775
1576911923000,761000,2019-12-21 07:05:23,2019-12-21 07:05:23,2019,12,21,5,4,759857.1428571428,756633.3333333334,761722.2222222222,0.0013157894736841,0.0032356139167542
1577089167000,761000,2019-12-23 08:19:27,2019-12-23 08:19:27,2019,12,23,0,4,760142.8571428572,756800.0,761611.1111111111,0.0,0.003223437835504
1577348806000,767000,2019-12-26 08:26:46,2019-12-26 08:26:46,2019,12,26,3,4,761428.5714285715,757166.6666666666,761533.3333333334,0.0078843626806832,0.0035128959248874
1577433701000,771000,2019-12-27 08:01:41,2019-12-27 08:01:41,2019,12,27,4,4,763000.0,757666.6666666666,761455.5555555555,0.0052151238591917,0.0036154744371888
1577693894000,771000,2019-12-30 08:18:14,2019-12-30 08:18:14,2019,12,30,0,4,764428.5714285715,758300.0,761455.5555555555,0.0,0.0034398824312683
1577780755000,771000,2019-12-31 08:25:55,2019-12-31 08:25:55,2019,12,31,1,4,766000.0,758866.6666666666,761455.5555555555,0.0,0.0034255538166499
1577952627000,771000,2020-01-02 08:10:27,2020-01-02 08:10:27,2020,1,2,3,1,767571.4285714285,759433.3333333334,761466.6666666666,0.0,0.0034255538166499
1578040473000,775000,2020-01-03 08:34:33,2020-01-03 08:34:33,2020,1,3,4,1,769571.4285714285,760166.6666666666,761522.2222222222,0.0051880674448767,0.0034952206153284
1578123795000,783000,2020-01-04 07:43:15,2020-01-04 07:43:15,2020,1,4,5,1,772714.2857142857,761166.6666666666,761666.6666666666,0.0103225806451612,0.0038833652982815
1578299384000,792000,2020-01-06 08:29:44,2020-01-06 08:29:44,2020,1,6,0,1,776285.7142857143,762466.6666666666,762022.2222222222,0.0114942528735633,0.0042948478268382
1578385487000,793000,2020-01-07 08:24:47,2020-01-07 08:24:47,2020,1,7,1,1,779428.5714285715,763700.0,762344.4444444445,0.0012626262626262,0.0042734866502342
1578473679000,808000,2020-01-08 08:54:39,2020-01-08 08:54:39,2020,1,8,2,1,784714.2857142857,765466.6666666666,762755.5555555555,0.0189155107187894,0.0052756317572683
1578559469000,791000,2020-01-09 08:44:29,2020-01-09 08:44:29,2020,1,9,3,1,787571.4285714285,766633.3333333334,762955.5555555555,-0.021039603960396,0.0067803961765935
1578644875000,786000,2020-01-10 08:27:55,2020-01-10 08:27:55,2020,1,10,4,1,789714.2857142857,767433.3333333334,763133.3333333334,-0.0063211125158028,0.0068155884048809
1578732505000,789000,2020-01-11 08:48:25,2020-01-11 08:48:25,2020,1,11,5,1,791714.2857142857,768366.6666666666,763344.4444444445,0.0038167938931297,0.006818444045161
1578903465000,787000,2020-01-13 08:17:45,2020-01-13 08:17:45,2020,1,13,0,1,792285.7142857143,769266.6666666666,763533.3333333334,-0.0025348542458808,0.0068377518535346
1578990284000,776000,2020-01-14 08:24:44,2020-01-14 08:24:44,2020,1,14,1,1,790000.0,769933.3333333334,763655.5555555555,-0.013977128335451,0.0072912442298068
1579077709000,776000,2020-01-15 08:41:49,2020-01-15 08:41:49,2020,1,15,2,1,787571.4285714285,770600.0,763711.1111111111,0.0,0.0072912442298068
1579162853000,781000,2020-01-16 08:20:53,2020-01-16 08:20:53,2020,1,16,3,1,783714.2857142857,771533.3333333334,763777.7777777778,0.0064432989690721,0.0072994875582302
1579248571000,777000,2020-01-17 08:09:31,2020-01-17 08:09:31,2020,1,17,4,1,781714.2857142857,772366.6666666666,763888.8888888889,-0.0051216389244558,0.0073780099882895
1579340045000,779000,2020-01-18 09:34:05,2020-01-18 09:34:05,2020,1,18,5,1,780714.2857142857,773233.3333333334,764044.4444444445,0.0025740025740026,0.0073827423825645
1579509547000,778000,2020-01-20 08:39:07,2020-01-20 08:39:07,2020,1,20,0,1,779142.8571428572,773866.6666666666,764188.8888888889,-0.0012836970474967,0.0072810166466227
1579595195000,780000,2020-01-21 08:26:35,2020-01-21 08:26:35,2020,1,21,1,1,778142.8571428572,774700.0,764377.7777777778,0.0025706940874035,0.0071939540414472
1579681626000,778000,2020-01-22 08:27:06,2020-01-22 08:27:06,2020,1,22,2,1,778428.5714285715,775333.3333333334,764522.2222222222,-0.0025641025641025,0.0071793752119686
1579768254000,781000,2020-01-23 08:30:54,2020-01-23 08:30:54,2020,1,23,3,1,779142.8571428572,776066.6666666666,764744.4444444445,0.0038560411311054,0.0071981361679254
1579852533000,777000,2020-01-24 07:55:33,2020-01-24 07:55:33,2020,1,24,4,1,778571.4285714285,776700.0,764855.5555555555,-0.0051216389244558,0.007273085693603
1580113887000,783000,2020-01-27 08:31:27,2020-01-27 08:31:27,2020,1,27,0,1,779428.5714285715,777466.6666666666,765033.3333333334,0.0077220077220077,0.0073746717094072
1580200936000,783000,2020-01-28 08:42:16,2020-01-28 08:42:16,2020,1,28,1,1,780000.0,778200.0,765233.3333333334,0.0,0.0073767682303636
1580286188000,780000,2020-01-29 08:23:08,2020-01-29 08:23:08,2020,1,29,2,1,780285.7142857143,778866.6666666666,765400.0,-0.0038314176245211,0.007417928282704
1580372144000,783000,2020-01-30 08:15:44,2020-01-30 08:15:44,2020,1,30,3,1,780714.2857142857,779633.3333333334,765600.0,0.0038461538461538,0.0074351813941785
1580458476000,783000,2020-01-31 08:14:36,2020-01-31 08:14:36,2020,1,31,4,1,781428.5714285715,780366.6666666666,765844.4444444445,0.0,0.0074372635028964
1580547458000,790000,2020-02-01 08:57:38,2020-02-01 08:57:38,2020,2,1,5,1,782714.2857142857,781333.3333333334,766177.7777777778,0.0089399744572158,0.0075745952984542
1580683061000,790000,2020-02-02 22:37:41,2020-02-02 22:37:41,2020,2,2,6,1,784571.4285714285,782100.0,766500.0,0.0,0.007473478343838
1580719015000,788000,2020-02-03 08:36:55,2020-02-03 08:36:55,2020,2,3,0,1,785285.7142857143,782666.6666666666,766777.7777777778,-0.0025316455696202,0.0074570734779701
1580805303000,787000,2020-02-04 08:35:03,2020-02-04 08:35:03,2020,2,4,1,1,785857.1428571428,783200.0,767011.1111111111,-0.0012690355329949,0.0074650942041889
1580891637000,780000,2020-02-05 08:33:57,2020-02-05 08:33:57,2020,2,5,2,1,785857.1428571428,783500.0,767166.6666666666,-0.0088945362134689,0.0076682069100075
1580978101000,779000,2020-02-06 08:35:01,2020-02-06 08:35:01,2020,2,6,3,1,785285.7142857143,783766.6666666666,767311.1111111111,-0.0012820512820512,0.007674171817908
1581061837000,781000,2020-02-07 07:50:37,2020-02-07 07:50:37,2020,2,7,4,1,785000.0,783966.6666666666,767533.3333333334,0.0025673940949935,0.0076322686383358
1581323811000,784000,2020-02-10 08:36:51,2020-02-10 08:36:51,2020,2,10,0,1,784142.8571428572,784000.0,767800.0,0.0038412291933418,0.0074273295926304
1581410195000,785000,2020-02-11 08:36:35,2020-02-11 08:36:35,2020,2,11,1,1,783428.5714285715,783766.6666666666,768033.3333333334,0.0012755102040815,0.0071129681213893
1581495105000,783000,2020-02-12 08:11:45,2020-02-12 08:11:45,2020,2,12,2,1,782714.2857142857,783433.3333333334,768144.4444444445,-0.0025477707006369,0.007118649625579
1581581811000,783000,2020-02-13 08:16:51,2020-02-13 08:16:51,2020,2,13,3,1,782142.8571428572,782600.0,768255.5555555555,0.0,0.0061160768979281
1581667623000,786000,2020-02-14 08:07:03,2020-02-14 08:07:03,2020,2,14,4,1,783000.0,782433.3333333334,768400.0,0.0038314176245211,0.0048684813662301
1581748734000,789000,2020-02-15 06:38:54,2020-02-15 06:38:54,2020,2,15,5,1,784428.5714285715,782533.3333333334,768588.8888888889,0.0038167938931297,0.004779984473708
1581846933000,789000,2020-02-16 09:55:33,2020-02-16 09:55:33,2020,2,16,6,1,785571.4285714285,782533.3333333334,768833.3333333334,0.0,0.0047292183303786
1581929106000,788000,2020-02-17 08:45:06,2020-02-17 08:45:06,2020,2,17,0,1,786142.8571428572,782566.6666666666,769155.5555555555,-0.0012674271229404,0.004711320018669
1582014909000,788000,2020-02-18 08:35:09,2020-02-18 08:35:09,2020,2,18,1,1,786571.4285714285,782966.6666666666,769477.7777777778,0.0,0.00389669884535
1582100666000,792000,2020-02-19 08:24:26,2020-02-19 08:24:26,2020,2,19,2,1,787857.1428571428,783500.0,769900.0,0.0050761421319796,0.00398264779849
1582188181000,797000,2020-02-20 08:43:01,2020-02-20 08:43:01,2020,2,20,3,1,789857.1428571428,784033.3333333334,770422.2222222222,0.0063131313131312,0.0039762273830379
1582273846000,802000,2020-02-21 08:30:46,2020-02-21 08:30:46,2020,2,21,4,1,792142.8571428572,784866.6666666666,770988.8888888889,0.0062735257214554,0.0039466859322349
1582353954000,813000,2020-02-22 06:45:54,2020-02-22 06:45:54,2020,2,22,5,1,795571.4285714285,786000.0,771688.8888888889,0.0137157107231919,0.004568891177955
1582440427000,813000,2020-02-23 06:47:07,2020-02-23 06:47:07,2020,2,23,6,1,799000.0,787166.6666666666,772366.6666666666,0.0,0.0045485162707049
1582534395000,818000,2020-02-24 08:53:15,2020-02-24 08:53:15,2020,2,24,0,1,803285.7142857143,788433.3333333334,773066.6666666666,0.0061500615006149,0.0046244815332844
1582564515000,828000,2020-02-24 17:15:15,2020-02-24 17:15:15,2020,2,24,0,1,809000.0,790100.0,773855.5555555555,0.0122249388753055,0.0049428856861252
1582621474000,818000,2020-02-25 09:04:34,2020-02-25 09:04:34,2020,2,25,1,1,812714.2857142857,791333.3333333334,774544.4444444445,-0.0120772946859903,0.0055636356345971
1582705381000,817000,2020-02-26 08:23:01,2020-02-26 08:23:01,2020,2,26,2,1,815571.4285714285,792666.6666666666,775222.2222222222,-0.0012224938875305,0.0054464980579267
1582792318000,822000,2020-02-27 08:31:58,2020-02-27 08:31:58,2020,2,27,3,1,818428.5714285715,793966.6666666666,775944.4444444445,0.0061199510403917,0.0053928960867953
1582878525000,825000,2020-02-28 08:28:45,2020-02-28 08:28:45,2020,2,28,4,1,820142.8571428572,795366.6666666666,776688.8888888889,0.0036496350364962,0.0053958911870676
1582966232000,815000,2020-02-29 08:50:32,2020-02-29 08:50:32,2020,2,29,5,1,820428.5714285715,796533.3333333334,777300.0,-0.012121212121212,0.0058822985305518
1583103028000,815000,2020-03-01 22:50:28,2020-03-01 22:50:28,2020,3,1,6,1,820000.0,797600.0,777911.1111111111,0.0,0.0058708733685654
1583139414000,819000,2020-03-02 08:56:54,2020-03-02 08:56:54,2020,3,2,0,1,818714.2857142857,798800.0,778600.0,0.0049079754601226,0.0059001882036261
1583224428000,824000,2020-03-03 08:33:48,2020-03-03 08:33:48,2020,3,3,1,1,819571.4285714285,799933.3333333334,779355.5555555555,0.006105006105006,0.0057990247655842
1583311048000,836000,2020-03-04 08:37:28,2020-03-04 08:37:28,2020,3,4,2,1,822285.7142857143,801466.6666666666,780244.4444444445,0.0145631067961164,0.0062665889927363
1583397018000,831000,2020-03-05 08:30:18,2020-03-05 08:30:18,2020,3,5,3,1,823571.4285714285,802900.0,781077.7777777778,-0.005980861244019,0.0063814279435828
1583481298000,846000,2020-03-06 07:54:58,2020-03-06 07:54:58,2020,3,6,4,1,826571.4285714285,804866.6666666666,782122.2222222222,0.0180505415162455,0.0070060893692397
1583564608000,851000,2020-03-07 07:03:28,2020-03-07 07:03:28,2020,3,7,5,1,831714.2857142857,807233.3333333334,783200.0,0.0059101654846336,0.0066949488082337
1583742706000,860000,2020-03-09 08:31:46,2020-03-09 08:31:46,2020,3,9,0,1,838142.8571428572,809933.3333333334,784377.7777777778,0.0105757931844887,0.0067871153522921
1583829159000,851000,2020-03-10 08:32:39,2020-03-10 08:32:39,2020,3,10,1,1,842714.2857142857,812266.6666666666,785466.6666666666,-0.0104651162790697,0.0072392982806811
1583915388000,848000,2020-03-11 08:29:48,2020-03-11 08:29:48,2020,3,11,2,1,846142.8571428572,814400.0,786522.2222222222,-0.0035252643948295,0.0073303026075663
1584001942000,840000,2020-03-12 08:32:22,2020-03-12 08:32:22,2020,3,12,3,1,846714.2857142857,816233.3333333334,787488.8888888889,-0.0094339622641509,0.007652970779359
1584086926000,821000,2020-03-13 08:08:46,2020-03-13 08:08:46,2020,3,13,4,1,845285.7142857143,817500.0,788211.1111111111,-0.0226190476190476,0.0088707617987032
1584165965000,818000,2020-03-14 06:06:05,2020-03-14 06:06:05,2020,3,14,5,1,841285.7142857143,818666.6666666666,788911.1111111111,-0.0036540803897685,0.0089187162119709
1584256346000,818000,2020-03-15 07:12:26,2020-03-15 07:12:26,2020,3,15,6,1,836571.4285714285,819733.3333333334,789600.0,0.0,0.008911568359282
1584347653000,828000,2020-03-16 08:34:13,2020-03-16 08:34:13,2020,3,16,0,1,832000.0,821033.3333333334,790333.3333333334,0.0122249388753055,0.009120949374954
1584433786000,810000,2020-03-17 08:29:46,2020-03-17 08:29:46,2020,3,17,1,1,826142.8571428572,821733.3333333334,790877.7777777778,-0.0217391304347825,0.0100706587187096
1584520258000,835000,2020-03-18 08:30:58,2020-03-18 08:30:58,2020,3,18,2,1,824285.7142857143,823300.0,791711.1111111111,0.0308641975308641,0.0114443945118645
1584606584000,823000,2020-03-19 08:29:44,2020-03-19 08:29:44,2020,3,19,3,1,821857.1428571428,824466.6666666666,792455.5555555555,-0.0143712574850299,0.0118252732925823
1584691099000,833000,2020-03-20 07:58:19,2020-03-20 07:58:19,2020,3,20,4,1,823571.4285714285,825833.3333333334,793311.1111111111,0.0121506682867558,0.011968366740311
1584713938000,868000,2020-03-20 14:18:58,2020-03-20 14:18:58,2020,3,20,4,1,830714.2857142857,828200.0,794588.8888888889,0.0420168067226891,0.0140343184612087
1584777167000,879000,2020-03-21 07:52:47,2020-03-21 07:52:47,2020,3,21,5,1,839428.5714285715,830766.6666666666,796000.0,0.0126728110599079,0.0141349543867883
1584863654000,879000,2020-03-22 07:54:14,2020-03-22 07:54:14,2020,3,22,6,1,846714.2857142857,832966.6666666666,797400.0,0.0,0.0140028381290767
1584953395000,870000,2020-03-23 08:49:55,2020-03-23 08:49:55,2020,3,23,0,1,855285.7142857143,834866.6666666666,798633.3333333334,-0.0102389078498293,0.0141943648837148
1584966959000,900000,2020-03-23 12:35:59,2020-03-23 12:35:59,2020,3,23,0,1,864571.4285714285,837600.0,800244.4444444445,0.0344827586206897,0.0153508238621697
1585040824000,928000,2020-03-24 09:07:04,2020-03-24 09:07:04,2020,3,24,1,1,879571.4285714285,840933.3333333334,802122.2222222222,0.031111111111111,0.0160984158721078
1585212717000,933000,2020-03-26 08:51:57,2020-03-26 08:51:57,2020,3,26,3,1,893857.1428571428,844766.6666666666,804055.5555555555,0.0053879310344826,0.0158127719121222
1585297734000,933000,2020-03-27 08:28:54,2020-03-27 08:28:54,2020,3,27,4,1,903142.8571428572,848633.3333333334,806000.0,0.0,0.0157990481599957
1585556479000,935000,2020-03-30 08:21:19,2020-03-30 08:21:19,2020,3,30,0,1,911142.8571428572,852400.0,807944.4444444445,0.0021436227224007,0.0158021440562695
1585642747000,933000,2020-03-31 08:19:07,2020-03-31 08:19:07,2020,3,31,1,1,918857.1428571428,856000.0,809855.5555555555,-0.0021390374331551,0.0158471816587677
1585728619000,920000,2020-04-01 08:10:19,2020-04-01 08:10:19,2020,4,1,2,2,926000.0,859500.0,811633.3333333334,-0.0139335476956056,0.0159149703987481
1585816234000,927000,2020-04-02 08:30:34,2020-04-02 08:30:34,2020,4,2,3,2,929857.1428571428,863233.3333333334,813488.8888888889,0.0076086956521739,0.0159068677576812
1585902458000,953000,2020-04-03 08:27:38,2020-04-03 08:27:38,2020,4,3,4,2,933428.5714285716,867700.0,815622.2222222222,0.0280474649406687,0.0164818382966674
1585988810000,943000,2020-04-04 08:26:50,2020-04-04 08:26:50,2020,4,4,5,2,934857.1428571428,871666.6666666666,817644.4444444445,-0.0104931794333683,0.0167269636480806
1586162302000,940000,2020-04-06 08:38:22,2020-04-06 08:38:22,2020,4,6,0,2,935857.1428571428,875133.3333333334,819566.6666666666,-0.0031813361611876,0.0166776519762584
1586248347000,972000,2020-04-07 08:32:27,2020-04-07 08:32:27,2020,4,7,1,2,941142.8571428572,879833.3333333334,821800.0,0.0340425531914894,0.0174314322731173
1586333459000,955000,2020-04-08 08:10:59,2020-04-08 08:10:59,2020,4,8,2,2,944285.7142857144,883466.6666666666,823844.4444444445,-0.0174897119341563,0.017745709013319
1586420112000,947000,2020-04-09 08:15:12,2020-04-09 08:15:12,2020,4,9,3,2,948142.8571428572,886666.6666666666,825800.0,-0.0083769633507853,0.0178893194575775
1586598276000,960000,2020-04-11 09:44:36,2020-04-11 09:44:36,2020,4,11,5,2,952857.1428571428,890000.0,827900.0,0.0137275607180569,0.0179401385463468
1586766112000,961000,2020-04-13 08:21:52,2020-04-13 08:21:52,2020,4,13,0,2,954000.0,893666.6666666666,829966.6666666666,0.0010416666666666,0.017745985855315
1586851856000,957000,2020-04-14 08:10:56,2020-04-14 08:10:56,2020,4,14,1,2,956000.0,897300.0,831900.0,-0.0041623309053069,0.0177559408692772
1586939245000,952000,2020-04-15 08:27:25,2020-04-15 08:27:25,2020,4,15,2,2,957714.2857142856,901033.3333333334,833677.7777777778,-0.0052246603970741,0.0176609497609491
1587027923000,948000,2020-04-16 09:05:23,2020-04-16 09:05:23,2020,4,16,3,2,954285.7142857144,905266.6666666666,835400.0,-0.0042016806722688,0.0169995917841143
1587111767000,951000,2020-04-17 08:22:47,2020-04-17 08:22:47,2020,4,17,4,2,953714.2857142856,909700.0,836988.8888888889,0.0031645569620253,0.0169260954637711
1587199510000,936000,2020-04-18 08:45:10,2020-04-18 08:45:10,2020,4,18,5,2,952142.8571428572,913633.3333333334,838600.0,-0.0157728706624605,0.0173323577264841
1587372259000,926000,2020-04-20 08:44:19,2020-04-20 08:44:19,2020,4,20,0,2,947285.7142857144,916900.0,840155.5555555555,-0.0106837606837606,0.0174908344089626
1587460185000,933000,2020-04-21 09:09:45,2020-04-21 09:09:45,2020,4,21,1,2,943285.7142857144,921000.0,841755.5555555555,0.0075593952483801,0.0168158673829525
1587544619000,937000,2020-04-22 08:36:59,2020-04-22 08:36:59,2020,4,22,2,2,940428.5714285716,924400.0,843422.2222222222,0.0042872454448017,0.0160826632906221
1587630444000,943000,2020-04-23 08:27:24,2020-04-23 08:27:24,2020,4,23,3,2,939142.8571428572,928400.0,845277.7777777778,0.0064034151547491,0.0157084850085373
1587717666000,953000,2020-04-24 08:41:06,2020-04-24 08:41:06,2020,4,24,4,2,939857.1428571428,932400.0,847244.4444444445,0.0106044538706255,0.0156855971219317
1587805617000,952000,2020-04-25 09:06:57,2020-04-25 09:06:57,2020,4,25,5,2,940000.0,935200.0,849144.4444444445,-0.0010493179433368,0.0140274794091498
1587974594000,948000,2020-04-27 08:03:14,2020-04-27 08:03:14,2020,4,27,0,2,941714.2857142856,937500.0,851044.4444444445,-0.0042016806722688,0.01397183064081
1588062912000,944000,2020-04-28 08:35:12,2020-04-28 08:35:12,2020,4,28,1,2,944285.7142857144,939666.6666666666,852877.7777777778,-0.0042194092827003,0.0140202203146224
1588148240000,937000,2020-04-29 08:17:20,2020-04-29 08:17:20,2020,4,29,2,2,944857.1428571428,941900.0,854644.4444444445,-0.0074152542372881,0.0139411815951773
1588234685000,937000,2020-04-30 08:18:05,2020-04-30 08:18:05,2020,4,30,3,2,944857.1428571428,943133.3333333334,856388.8888888889,0.0,0.0125736600576982
1588409101000,925000,2020-05-02 08:45:01,2020-05-02 08:45:01,2020,5,2,5,2,942285.7142857144,943033.3333333334,858022.2222222222,-0.0128068303094983,0.0115090886723146
1588581253000,923000,2020-05-04 08:34:13,2020-05-04 08:34:13,2020,5,4,0,2,938000.0,942700.0,859600.0,-0.0021621621621621,0.0114686808870132
1588666534000,922000,2020-05-05 08:15:34,2020-05-05 08:15:34,2020,5,5,1,2,933714.2857142856,942333.3333333334,861211.1111111111,-0.0010834236186348,0.0114694221155412
1588753380000,922000,2020-05-06 08:23:00,2020-05-06 08:23:00,2020,5,6,2,2,930000.0,941900.0,862755.5555555555,0.0,0.0114601394332163
1588926768000,927000,2020-05-08 08:32:48,2020-05-08 08:32:48,2020,5,8,4,2,927571.4285714284,941700.0,864355.5555555555,0.0054229934924077,0.0115037347274311
1589013435000,920000,2020-05-09 08:37:15,2020-05-09 08:37:15,2020,5,9,5,2,925142.8571428572,941700.0,865911.1111111111,-0.0075512405609492,0.0112972323763131
1589187290000,920000,2020-05-11 08:54:50,2020-05-11 08:54:50,2020,5,11,0,2,922714.2857142856,941466.6666666666,867433.3333333334,0.0,0.0112069939920341
1589273435000,912000,2020-05-12 08:50:35,2020-05-12 08:50:35,2020,5,12,1,2,920857.1428571428,940100.0,868866.6666666666,-0.0086956521739129,0.0099518011040373
1589357625000,917000,2020-05-13 08:13:45,2020-05-13 08:13:45,2020,5,13,2,2,920000.0,939233.3333333334,870277.7777777778,0.0054824561403508,0.0098765452375704
1589444272000,919000,2020-05-14 08:17:52,2020-05-14 08:17:52,2020,5,14,3,2,919571.4285714284,938533.3333333334,871711.1111111111,0.0021810250817884,0.0098820705249006
1589531125000,926000,2020-05-15 08:25:25,2020-05-15 08:25:25,2020,5,15,4,2,920142.8571428572,937000.0,873244.4444444445,0.0076169749727965,0.0075897794207296
1589619438000,928000,2020-05-16 08:57:18,2020-05-16 08:57:18,2020,5,16,5,2,920285.7142857144,936100.0,874811.1111111111,0.0021598272138227,0.0069945886443013
1589791108000,934000,2020-05-18 08:38:28,2020-05-18 08:38:28,2020,5,18,0,2,922285.7142857144,935666.6666666666,876522.2222222222,0.0064655172413792,0.0069747130093701
1589876896000,924000,2020-05-19 08:28:16,2020-05-19 08:28:16,2020,5,19,1,2,922857.1428571428,934466.6666666666,878133.3333333334,-0.0107066381156316,0.0066841978335274
1589962998000,926000,2020-05-20 08:23:18,2020-05-20 08:23:18,2020,5,20,2,2,924857.1428571428,933300.0,879744.4444444445,0.0021645021645022,0.0067006050428981
1590135872000,916000,2020-05-22 08:24:32,2020-05-22 08:24:32,2020,5,22,4,2,924714.2857142856,931933.3333333334,881211.1111111111,-0.0107991360691144,0.0069076595574658
1590483612000,917000,2020-05-26 09:00:12,2020-05-26 09:00:12,2020,5,26,1,2,924428.5714285716,930766.6666666666,882677.7777777778,0.0010917030567685,0.0068844018056739
1590567582000,909000,2020-05-27 08:19:42,2020-05-27 08:19:42,2020,5,27,2,2,922000.0,929466.6666666666,884077.7777777778,-0.0087241003271537,0.0070003701966852
1590654935000,908000,2020-05-28 08:35:35,2020-05-28 08:35:35,2020,5,28,3,2,919142.8571428572,928033.3333333334,885466.6666666666,-0.001100110011001,0.006948100942976
1590740835000,913000,2020-05-29 08:27:15,2020-05-29 08:27:15,2020,5,29,4,2,916142.8571428572,927266.6666666666,886877.7777777778,0.0055066079295154,0.0065153552348737
1590827638000,914000,2020-05-30 08:33:58,2020-05-30 08:33:58,2020,5,30,5,2,914714.2857142856,926866.6666666666,888266.6666666666,0.0010952902519167,0.0062492003672458
1591087610000,920000,2020-06-02 08:46:50,2020-06-02 08:46:50,2020,6,2,1,2,913857.1428571428,926433.3333333334,889722.2222222222,0.0065645514223193,0.0062079239071935
1591172758000,904000,2020-06-03 08:25:58,2020-06-03 08:25:58,2020,6,3,2,2,912142.8571428572,925333.3333333334,891011.1111111111,-0.017391304347826,0.0068645966305193
1591259216000,887000,2020-06-04 08:26:56,2020-06-04 08:26:56,2020,6,4,3,2,907857.1428571428,923466.6666666666,892111.1111111111,-0.0188053097345132,0.0074253617175891
1591346473000,888000,2020-06-05 08:41:13,2020-06-05 08:41:13,2020,6,5,4,2,904857.1428571428,921300.0,893177.7777777778,0.0011273957158963,0.0070628550356934
1591433711000,876000,2020-06-06 08:55:11,2020-06-06 08:55:11,2020,6,6,5,2,900285.7142857143,918766.6666666666,894055.5555555555,-0.0135135135135134,0.0073459862541823
1591604091000,876000,2020-06-08 08:14:51,2020-06-08 08:14:51,2020,6,8,0,2,895000.0,916366.6666666666,894877.7777777778,0.0,0.0073572663468788
1591690500000,875000,2020-06-09 08:15:00,2020-06-09 08:15:00,2020,6,9,1,2,889428.5714285715,914066.6666666666,895566.6666666666,-0.0011415525114155,0.0073554109250265
1591779018000,881000,2020-06-10 08:50:18,2020-06-10 08:50:18,2020,6,10,2,2,883857.1428571428,912200.0,896322.2222222222,0.0068571428571428,0.0074869608964612
1591865224000,893000,2020-06-11 08:47:04,2020-06-11 08:47:04,2020,6,11,3,2,882285.7142857143,910733.3333333334,897155.5555555555,0.0136208853575483,0.0080088037487514
1591950716000,886000,2020-06-12 08:31:56,2020-06-12 08:31:56,2020,6,12,4,2,882142.8571428572,909433.3333333334,897800.0,-0.0078387458006718,0.0078175383263931
1592037685000,900000,2020-06-13 08:41:25,2020-06-13 08:41:25,2020,6,13,5,2,883857.1428571428,908666.6666666666,898711.1111111111,0.0158013544018058,0.0084221373663158
1592210200000,902000,2020-06-15 08:36:40,2020-06-15 08:36:40,2020,6,15,0,2,887571.4285714285,908000.0,899655.5555555555,0.0022222222222221,0.0084399934917903
1592296385000,898000,2020-06-16 08:33:05,2020-06-16 08:33:05,2020,6,16,1,2,890714.2857142857,907200.0,900500.0,-0.0044345898004434,0.0084661726605626
1592383704000,895000,2020-06-17 08:48:24,2020-06-17 08:48:24,2020,6,17,2,2,893571.4285714285,906133.3333333334,901277.7777777778,-0.0033407572383074,0.0083933552147754
1592469023000,900000,2020-06-18 08:30:23,2020-06-18 08:30:23,2020,6,18,3,2,896285.7142857143,905466.6666666666,902222.2222222222,0.0055865921787709,0.0083898399206663
1592555818000,895000,2020-06-19 08:36:58,2020-06-19 08:36:58,2020,6,19,4,2,896571.4285714285,904633.3333333334,903111.1111111112,-0.0055555555555555,0.008435087048324
1592640060000,905000,2020-06-20 08:01:00,2020-06-20 08:01:00,2020,6,20,5,2,899285.7142857143,904400.0,904066.6666666666,0.0111731843575419,0.008579330105426
1592735690000,905000,2020-06-21 10:34:50,2020-06-21 10:34:50,2020,6,21,6,2,900000.0,904000.0,904966.6666666666,0.0,0.0085117733342039
1592814266000,907000,2020-06-22 08:24:26,2020-06-22 08:24:26,2020,6,22,0,2,900714.2857142857,903600.0,905755.5555555556,0.0022099447513812,0.0085120778115514
1592900776000,908000,2020-06-23 08:26:16,2020-06-23 08:26:16,2020,6,23,1,2,902142.8571428572,903000.0,906611.1111111112,0.0011025358324145,0.0083825386425461
1592988046000,916000,2020-06-24 08:40:46,2020-06-24 08:40:46,2020,6,24,2,2,905142.8571428572,902600.0,907388.8888888888,0.0088105726872247,0.0085449651002526
1593075168000,907000,2020-06-25 08:52:48,2020-06-25 08:52:48,2020,6,25,3,2,906142.8571428572,901700.0,908011.1111111112,-0.009825327510917,0.0086111082871887
1593161810000,910000,2020-06-26 08:56:50,2020-06-26 08:56:50,2020,6,26,4,2,908285.7142857144,901233.3333333334,908566.6666666666,0.0033076074972435,0.0084415476814148
1593244577000,912000,2020-06-27 07:56:17,2020-06-27 07:56:17,2020,6,27,5,2,909285.7142857144,900766.6666666666,909244.4444444444,0.0021978021978021,0.0084419088060067
1593326016000,912000,2020-06-28 06:33:36,2020-06-28 06:33:36,2020,6,28,6,2,910285.7142857144,900633.3333333334,909955.5555555556,0.0,0.0082135705369269
1593420244000,911000,2020-06-29 08:44:04,2020-06-29 08:44:04,2020,6,29,0,2,910857.1428571428,900433.3333333334,910744.4444444444,-0.0010964912280702,0.0082122176192716
1593506166000,918000,2020-06-30 08:36:06,2020-06-30 08:36:06,2020,6,30,1,2,912285.7142857144,900733.3333333334,911822.2222222222,0.0076838638858396,0.0081702585072113
1593592591000,919000,2020-07-01 08:36:31,2020-07-01 08:36:31,2020,7,1,2,3,912714.2857142856,901100.0,912944.4444444444,0.0010893246187364,0.0081665365501234
1593678269000,915000,2020-07-02 08:24:29,2020-07-02 08:24:29,2020,7,2,3,3,913857.1428571428,901166.6666666666,914022.2222222222,-0.0043525571273123,0.0081537230979702
1593765800000,928000,2020-07-03 08:43:20,2020-07-03 08:43:20,2020,7,3,4,3,916428.5714285716,901633.3333333334,915133.3333333334,0.014207650273224,0.0085504219621788
1593854125000,930000,2020-07-04 09:15:25,2020-07-04 09:15:25,2020,7,4,5,3,919000.0,901966.6666666666,916466.6666666666,0.0021551724137931,0.0084809459953256
1593936225000,930000,2020-07-05 08:03:45,2020-07-05 08:03:45,2020,7,5,6,3,921571.4285714284,902833.3333333334,917522.2222222222,0.0,0.007789426169317
1594025001000,931000,2020-07-06 08:43:21,2020-07-06 08:43:21,2020,7,6,0,3,924428.5714285716,904300.0,918722.2222222222,0.0010752688172042,0.0068358991145991
1594110806000,934000,2020-07-07 08:33:26,2020-07-07 08:33:26,2020,7,7,1,3,926714.2857142856,905833.3333333334,919844.4444444444,0.0032223415682062,0.0068412052500162
1594196962000,934000,2020-07-08 08:29:22,2020-07-08 08:29:22,2020,7,8,2,3,928857.1428571428,907766.6666666666,920577.7777777778,0.0,0.006221238060144
1594283182000,940000,2020-07-09 08:26:22,2020-07-09 08:26:22,2020,7,9,3,3,932428.5714285716,909900.0,921255.5555555556,0.006423982869379,0.0062548663859589
1594370884000,937000,2020-07-10 08:48:04,2020-07-10 08:48:04,2020,7,10,4,3,933714.2857142856,911966.6666666666,921900.0,-0.0031914893617021,0.0063055662204069
1594455129000,937000,2020-07-11 08:12:09,2020-07-11 08:12:09,2020,7,11,5,3,934714.2857142856,913833.3333333334,922644.4444444444,0.0,0.0062589276040789
1594628314000,938000,2020-07-13 08:18:34,2020-07-13 08:18:34,2020,7,13,0,3,935857.1428571428,915333.3333333334,923066.6666666666,0.0010672358591248,0.0058678259536652
1594714792000,938000,2020-07-14 08:19:52,2020-07-14 08:19:52,2020,7,14,1,3,936857.1428571428,917066.6666666666,923177.7777777778,0.0,0.0055987774302847
1594801410000,942000,2020-07-15 08:23:30,2020-07-15 08:23:30,2020,7,15,2,3,938000.0,918466.6666666666,923277.7777777778,0.0042643923240939,0.0049735998828804
1594890443000,949000,2020-07-16 09:07:23,2020-07-16 09:07:23,2020,7,16,3,3,940142.8571428572,920033.3333333334,923455.5555555556,0.0074309978768578,0.0050880748437445
1594975867000,944000,2020-07-17 08:51:07,2020-07-17 08:51:07,2020,7,17,4,3,940714.2857142856,921566.6666666666,923555.5555555556,-0.0052687038988409,0.0051249386390555
1595061011000,956000,2020-07-18 08:30:11,2020-07-18 08:30:11,2020,7,18,5,3,943428.5714285716,923600.0,923811.1111111112,0.0127118644067796,0.0054126714160493
1595138325000,956000,2020-07-19 05:58:45,2020-07-19 05:58:45,2020,7,19,6,3,946142.8571428572,925466.6666666666,924211.1111111112,0.0,0.0053886990005897
1595233775000,956000,2020-07-20 08:29:35,2020-07-20 08:29:35,2020,7,20,0,3,948714.2857142856,927500.0,924533.3333333334,0.0,0.0052116466170399
1595320774000,963000,2020-07-21 08:39:34,2020-07-21 08:39:34,2020,7,21,1,3,952285.7142857144,929433.3333333334,924644.4444444444,0.0073221757322174,0.0050275219751518
1595407893000,982000,2020-07-22 08:51:33,2020-07-22 08:51:33,2020,7,22,2,3,958000.0,932000.0,925077.7777777778,0.0197300103842159,0.005951033358227
1595492967000,977000,2020-07-23 08:29:27,2020-07-23 08:29:27,2020,7,23,3,3,962000.0,934333.3333333334,925488.8888888888,-0.005091649694501,0.0061204683877918
1595580019000,984000,2020-07-24 08:40:19,2020-07-24 08:40:19,2020,7,24,4,3,967714.2857142856,936866.6666666666,925622.2222222222,0.0071647901740019,0.0061726193530897
1595665701000,989000,2020-07-25 08:28:21,2020-07-25 08:28:21,2020,7,25,5,3,972428.5714285716,939300.0,926000.0,0.0050813008130081,0.0060822331096347
1595755970000,989000,2020-07-26 09:32:50,2020-07-26 09:32:50,2020,7,26,6,3,977142.8571428572,942033.3333333334,926466.6666666666,0.0,0.00563981784373
1595838345000,997000,2020-07-27 08:25:45,2020-07-27 08:25:45,2020,7,27,0,3,983000.0,944933.3333333334,926877.7777777778,0.0080889787664306,0.0057186118492531
1595926067000,1022000,2020-07-28 08:47:47,2020-07-28 08:47:47,2020,7,28,1,3,991428.5714285716,948600.0,927555.5555555556,0.025075225677031,0.0069844080000351
1595938920000,1013000,2020-07-28 12:22:00,2020-07-28 12:22:00,2020,7,28,1,3,995857.1428571428,951966.6666666666,928177.7777777778,-0.0088062622309197,0.0073274060356808
1596011206000,1013000,2020-07-29 08:26:46,2020-07-29 08:26:46,2020,7,29,2,3,1001000.0,955366.6666666666,928855.5555555556,0.0,0.0073062219801151
1596097602000,1016000,2020-07-30 08:26:42,2020-07-30 08:26:42,2020,7,30,3,3,1005571.4285714284,958633.3333333334,929611.1111111112,0.0029615004935834,0.0072652775612553
1596271816000,1028000,2020-08-01 08:50:16,2020-08-01 08:50:16,2020,8,1,5,3,1011142.8571428572,962266.6666666666,930466.6666666666,0.0118110236220472,0.007409358769776
1596443372000,1028000,2020-08-03 08:29:32,2020-08-03 08:29:32,2020,8,3,0,3,1016714.2857142856,966033.3333333334,931488.8888888888,0.0,0.0072864296596193
1596529792000,1029000,2020-08-04 08:29:52,2020-08-04 08:29:52,2020,8,4,1,3,1021285.7142857144,969400.0,932633.3333333334,0.0009727626459143,0.0070381632221771
1596617294000,1048000,2020-08-05 08:48:14,2020-08-05 08:48:14,2020,8,5,2,3,1025000.0,973333.3333333334,933911.1111111112,0.0184645286686102,0.0075445056308569
1596702630000,1054000,2020-08-06 08:30:30,2020-08-06 08:30:30,2020,8,6,3,3,1030857.1428571428,977466.6666666666,935211.1111111112,0.0057251908396946,0.007511729493042
1596791984000,1065000,2020-08-07 09:19:44,2020-08-07 09:19:44,2020,8,7,4,3,1038285.7142857144,981933.3333333334,936566.6666666666,0.0104364326375712,0.0075713103472534
1596875354000,1055000,2020-08-08 08:29:14,2020-08-08 08:29:14,2020,8,8,5,3,1043857.1428571428,985966.6666666666,937700.0,-0.0093896713615023,0.0079846999853229
1596954702000,1055000,2020-08-09 06:31:42,2020-08-09 06:31:42,2020,8,9,6,3,1047714.2857142856,990000.0,938844.4444444444,0.0,0.0079846999853229
1597048190000,1054000,2020-08-10 08:29:50,2020-08-10 08:29:50,2020,8,10,0,3,1051428.5714285714,993800.0,940022.2222222222,-0.0009478672985782,0.0080240341931331
1597134459000,1056000,2020-08-11 08:27:39,2020-08-11 08:27:39,2020,8,11,1,3,1055285.7142857143,997766.6666666666,941266.6666666666,0.0018975332068311,0.0079231146814841
1597224718000,1026000,2020-08-12 09:31:58,2020-08-12 09:31:58,2020,8,12,2,3,1052142.857142857,1000733.3333333334,942255.5555555556,-0.0284090909090909,0.0098773031601701
1597307567000,1028000,2020-08-13 08:32:47,2020-08-13 08:32:47,2020,8,13,3,3,1048428.5714285716,1003733.3333333334,943266.6666666666,0.0019493177387914,0.0098724276632092
1597394304000,1040000,2020-08-14 08:38:24,2020-08-14 08:38:24,2020,8,14,4,3,1044857.1428571428,1007133.3333333334,944544.4444444444,0.0116731517509727,0.0099752985323978
1597480902000,1035000,2020-08-15 08:41:42,2020-08-15 08:41:42,2020,8,15,5,3,1042000.0,1010233.3333333334,945788.8888888888,-0.0048076923076922,0.0100880415788616
1597557257000,1035000,2020-08-16 05:54:17,2020-08-16 05:54:17,2020,8,16,6,3,1039142.8571428572,1013100.0,947044.4444444444,0.0,0.0100715986100983
1597651666000,1030000,2020-08-17 08:07:46,2020-08-17 08:07:46,2020,8,17,0,3,1035714.2857142856,1015966.6666666666,948244.4444444444,-0.0048309178743961,0.0100595975567921
1597741190000,1050000,2020-08-18 08:59:50,2020-08-18 08:59:50,2020,8,18,1,3,1034857.1428571428,1019100.0,949611.1111111112,0.0194174757281553,0.0103539566929154
1597827033000,1058000,2020-08-19 08:50:33,2020-08-19 08:50:33,2020,8,19,2,3,1039428.5714285716,1022500.0,951144.4444444444,0.0076190476190476,0.0103666259604824
1597912654000,1030000,2020-08-20 08:37:34,2020-08-20 08:37:34,2020,8,20,3,3,1039714.2857142856,1024966.6666666666,952366.6666666666,-0.0264650283553875,0.0117083937580234
1597997621000,1031000,2020-08-21 08:13:41,2020-08-21 08:13:41,2020,8,21,4,3,1038428.5714285716,1027233.3333333334,953688.8888888888,0.0009708737864078,0.0116765955562054
1598086093000,1027000,2020-08-22 08:48:13,2020-08-22 08:48:13,2020,8,22,5,3,1037285.7142857144,1028733.3333333334,954911.1111111112,-0.0038797284190106,0.0112522468374682
1598165726000,1027000,2020-08-23 06:55:26,2020-08-23 06:55:26,2020,8,23,6,3,1036142.8571428572,1030400.0,956111.1111111112,0.0,0.0111867286181462
1598257913000,1023000,2020-08-24 08:31:53,2020-08-24 08:31:53,2020,8,24,0,3,1035142.8571428572,1031700.0,957188.8888888888,-0.0038948393378772,0.0111835392911522
1598344533000,1021000,2020-08-25 08:35:33,2020-08-25 08:35:33,2020,8,25,1,3,1031000.0,1032766.6666666666,958222.2222222222,-0.0019550342130987,0.0111765229992617
1598431375000,1011000,2020-08-26 08:42:55,2020-08-26 08:42:55,2020,8,26,2,3,1024285.7142857144,1033500.0,959077.7777777778,-0.009794319294809,0.011352116445847
1598516575000,1019000,2020-08-27 08:22:55,2020-08-27 08:22:55,2020,8,27,3,3,1022714.2857142856,1034233.3333333334,960133.3333333334,0.0079129574678535,0.0113482619482577
1598603038000,1012000,2020-08-28 08:23:58,2020-08-28 08:23:58,2020,8,28,4,3,1020000.0,1033900.0,961088.8888888888,-0.0068694798822375,0.0104545030598534
1598691406000,1027000,2020-08-29 08:56:46,2020-08-29 08:56:46,2020,8,29,5,3,1020000.0,1034366.6666666666,962322.2222222222,0.0148221343873518,0.0106772634633416
1598784248000,1027000,2020-08-30 10:44:08,2020-08-30 10:44:08,2020,8,30,6,3,1020000.0,1034833.3333333334,963544.4444444444,0.0,0.0106772634633416
1598863524000,1030000,2020-08-31 08:45:24,2020-08-31 08:45:24,2020,8,31,0,3,1021000.0,1035300.0,964888.8888888888,0.0029211295034079,0.010676946768004
1598948882000,1020000,2020-09-01 08:28:02,2020-09-01 08:28:02,2020,9,1,1,3,1020857.1428571428,1035033.3333333334,966133.3333333334,-0.0097087378640776,0.0106143412240974
1598962991000,1026000,2020-09-01 12:23:11,2020-09-01 12:23:11,2020,9,1,1,3,1023000.0,1034966.6666666666,967388.8888888888,0.0058823529411764,0.0106724446669778
1599035945000,1024000,2020-09-02 08:39:05,2020-09-02 08:39:05,2020,9,2,2,3,1023714.2857142856,1034800.0,968611.1111111112,-0.0019493177387914,0.0106765035666602
1599121443000,1024000,2020-09-03 08:24:03,2020-09-03 08:24:03,2020,9,3,3,3,1025428.5714285716,1034000.0,969766.6666666666,0.0,0.01008479525138
1599209576000,1021000,2020-09-04 08:52:56,2020-09-04 08:52:56,2020,9,4,4,3,1024571.4285714284,1032900.0,971066.6666666666,-0.0029296875,0.0100175575665393
1599294365000,1020000,2020-09-05 08:26:05,2020-09-05 08:26:05,2020,9,5,5,3,1023571.4285714284,1031400.0,972544.4444444444,-0.0009794319294809,0.0097817675263796
1599380776000,1020000,2020-09-06 08:26:16,2020-09-06 08:26:16,2020,9,6,6,3,1022142.8571428572,1030233.3333333334,974011.1111111112,0.0,0.0096665667760347
1599467157000,1020000,2020-09-07 08:25:57,2020-09-07 08:25:57,2020,9,7,0,3,1022142.8571428572,1029066.6666666666,975611.1111111112,0.0,0.0096665667760347
1599553716000,1015000,2020-09-08 08:28:36,2020-09-08 08:28:36,2020,9,8,1,3,1020571.4285714284,1027766.6666666666,977155.5555555556,-0.0049019607843137,0.009691648479135
1599640823000,1017000,2020-09-09 08:40:23,2020-09-09 08:40:23,2020,9,9,2,3,1019571.4285714284,1026466.6666666666,978733.3333333334,0.0019704433497536,0.0096924638024466
1599724953000,1027000,2020-09-10 08:02:33,2020-09-10 08:02:33,2020,9,10,3,3,1020000.0,1026500.0,980355.5555555556,0.0098328416912487,0.0084233157878484
1599813603000,1028000,2020-09-11 08:40:03,2020-09-11 08:40:03,2020,9,11,4,3,1021000.0,1026500.0,981855.5555555556,0.0009737098344693,0.0084176788577631
1599900001000,1031000,2020-09-12 08:40:01,2020-09-12 08:40:01,2020,9,12,5,3,1022571.4285714284,1026200.0,983466.6666666666,0.0029182879377431,0.0081476934505283
1599984438000,1031000,2020-09-13 08:07:18,2020-09-13 08:07:18,2020,9,13,6,3,1024142.8571428572,1026066.6666666666,984922.2222222222,0.0,0.0081022642978472
1600072196000,1031000,2020-09-14 08:29:56,2020-09-14 08:29:56,2020,9,14,0,3,1025714.2857142856,1025933.3333333334,986355.5555555556,0.0,0.0081022642978472
1600157850000,1037000,2020-09-15 08:17:30,2020-09-15 08:17:30,2020,9,15,1,3,1028857.1428571428,1026166.6666666666,987900.0,0.005819592628516,0.008121011543151
1600246397000,1030000,2020-09-16 08:53:17,2020-09-16 08:53:17,2020,9,16,2,3,1030714.2857142856,1025500.0,989400.0,-0.0067502410800385,0.0073619882489974
1600330667000,1030000,2020-09-17 08:17:47,2020-09-17 08:17:47,2020,9,17,3,3,1031142.8571428572,1024566.6666666666,990844.4444444444,0.0,0.0071977459423386
1600418247000,1030000,2020-09-18 08:37:27,2020-09-18 08:37:27,2020,9,18,4,3,1031428.5714285716,1024566.6666666666,992344.4444444444,0.0,0.0053325338923521
1600504582000,1023000,2020-09-19 08:36:22,2020-09-19 08:36:22,2020,9,19,5,3,1030285.7142857144,1024300.0,993655.5555555556,-0.0067961165048543,0.0054712050114129
1600598566000,1023000,2020-09-20 10:42:46,2020-09-20 10:42:46,2020,9,20,6,3,1029142.8571428572,1024166.6666666666,994966.6666666666,0.0,0.0054280144447343
1600676234000,1024000,2020-09-21 08:17:14,2020-09-21 08:17:14,2020,9,21,0,3,1028142.8571428572,1024066.6666666666,996266.6666666666,0.0009775171065493,0.0054316666545574
1600762955000,1009000,2020-09-22 08:22:35,2020-09-22 08:22:35,2020,9,22,1,3,1024142.8571428572,1023600.0,997388.8888888888,-0.0146484375,0.0060153492936189
1600848781000,1007000,2020-09-23 08:13:01,2020-09-23 08:13:01,2020,9,23,2,3,1020857.1428571428,1023133.3333333334,998400.0,-0.0019821605550049,0.0060155866481308
1600868588000,1007000,2020-09-23 13:43:08,2020-09-23 13:43:08,2020,9,23,2,3,1017571.4285714284,1023000.0,999511.1111111112,0.0,0.0057504884952321
1600937076000,1002000,2020-09-24 08:44:36,2020-09-24 08:44:36,2020,9,24,3,3,1013571.4285714284,1022433.3333333334,1000533.3333333334,-0.0049652432969214,0.0056093954463852
1601022688000,1009000,2020-09-25 08:31:28,2020-09-25 08:31:28,2020,9,25,4,3,1011571.4285714284,1022333.3333333334,1001611.1111111112,0.0069860279441118,0.0056410569912429
1601109510000,1006000,2020-09-26 08:38:30,2020-09-26 08:38:30,2020,9,26,5,3,1009142.8571428572,1021633.3333333334,1002655.5555555556,-0.0029732408325073,0.004907553254464
1601190320000,1006000,2020-09-27 07:05:20,2020-09-27 07:05:20,2020,9,27,6,3,1006571.4285714284,1020933.3333333334,1003711.1111111112,0.0,0.004907553254464
1601281232000,1006000,2020-09-28 08:20:32,2020-09-28 08:20:32,2020,9,28,0,3,1006142.8571428572,1020133.3333333334,1004688.8888888888,0.0,0.0048624779981189
1601367790000,1014000,2020-09-29 08:23:10,2020-09-29 08:23:10,2020,9,29,1,3,1007142.8571428572,1019933.3333333334,1005744.4444444444,0.0079522862823062,0.0048123154699774
1601454100000,1016000,2020-09-30 08:21:40,2020-09-30 08:21:40,2020,9,30,2,3,1008428.5714285716,1019600.0,1006866.6666666666,0.0019723865877712,0.0046938023889792
1601539499000,1013000,2020-10-01 08:04:59,2020-10-01 08:04:59,2020,10,1,3,4,1010000.0,1019233.3333333334,1007811.1111111112,-0.0029527559055118,0.0047093938494218
1601627119000,1015000,2020-10-02 08:25:19,2020-10-02 08:25:19,2020,10,2,4,4,1010857.1428571428,1018933.3333333334,1008755.5555555556,0.0019743336623889,0.0047281996332761
1601713556000,1014000,2020-10-03 08:25:56,2020-10-03 08:25:56,2020,10,3,5,4,1012000.0,1018700.0,1009688.8888888888,-0.0009852216748768,0.0047039379920255
1601803749000,1014000,2020-10-04 09:29:09,2020-10-04 09:29:09,2020,10,4,6,4,1013142.8571428572,1018500.0,1010611.1111111112,0.0,0.0047018736198418
1601886473000,1015000,2020-10-05 08:27:53,2020-10-05 08:27:53,2020,10,5,0,4,1014428.5714285716,1018333.3333333334,1011511.1111111112,0.0009861932938854,0.0047066634266564
1601972534000,1017000,2020-10-06 08:22:14,2020-10-06 08:22:14,2020,10,6,1,4,1014857.1428571428,1018233.3333333334,1012433.3333333334,0.0019704433497536,0.0047225948074591
1602058722000,999000,2020-10-07 08:18:42,2020-10-07 08:18:42,2020,10,7,2,4,1012428.5714285716,1017700.0,1013088.8888888888,-0.0176991150442478,0.005657824428422
1602145494000,1004000,2020-10-08 08:24:54,2020-10-08 08:24:54,2020,10,8,3,4,1011142.8571428572,1017266.6666666666,1013833.3333333334,0.005005005005005,0.0057304330828049
1602230835000,1007000,2020-10-09 08:07:15,2020-10-09 08:07:15,2020,10,9,4,4,1010000.0,1016600.0,1014611.1111111112,0.0029880478087649,0.0054371930003253
1602319211000,1019000,2020-10-10 08:40:11,2020-10-10 08:40:11,2020,10,10,5,4,1010714.2857142856,1016300.0,1015511.1111111112,0.0119165839126116,0.0058968784623043
1602400300000,1019000,2020-10-11 07:11:40,2020-10-11 07:11:40,2020,10,11,6,4,1011428.5714285716,1015900.0,1016411.1111111112,0.0,0.005866355795212
1602490874000,1017000,2020-10-12 08:21:14,2020-10-12 08:21:14,2020,10,12,0,4,1011714.2857142856,1015433.3333333334,1017244.4444444444,-0.0019627085377821,0.0058729877523019
1602577509000,1015000,2020-10-13 08:25:09,2020-10-13 08:25:09,2020,10,13,1,4,1011428.5714285716,1014900.0,1017977.7777777778,-0.0019665683382497,0.0058788921560424
1602663039000,1007000,2020-10-14 08:10:39,2020-10-14 08:10:39,2020,10,14,2,4,1012571.4285714284,1013900.0,1018677.7777777778,-0.0078817733990147,0.0059028155752757
1602750323000,1009000,2020-10-15 08:25:23,2020-10-15 08:25:23,2020,10,15,3,4,1013285.7142857144,1013200.0,1019266.6666666666,0.0019860973187686,0.0058223186541193
1602835930000,1011000,2020-10-16 08:12:10,2020-10-16 08:12:10,2020,10,16,4,4,1013857.1428571428,1012566.6666666666,1019877.7777777778,0.0019821605550049,0.0058413989885983
1602921949000,1008000,2020-10-17 08:05:49,2020-10-17 08:05:49,2020,10,17,5,4,1012285.7142857144,1011833.3333333334,1020455.5555555556,-0.002967359050445,0.0058559259845496
1603006651000,1008000,2020-10-18 07:37:31,2020-10-18 07:37:31,2020,10,18,6,4,1010714.2857142856,1011333.3333333334,1020955.5555555556,0.0,0.0057424309411223
1603095456000,1008000,2020-10-19 08:17:36,2020-10-19 08:17:36,2020,10,19,0,4,1009428.5714285716,1010833.3333333334,1021244.4444444444,0.0,0.0057424309411223
1603181356000,1008000,2020-10-20 08:09:16,2020-10-20 08:09:16,2020,10,20,1,4,1008428.5714285716,1010300.0,1021588.8888888888,0.0,0.0057366679147132
1603268876000,1012000,2020-10-21 08:27:56,2020-10-21 08:27:56,2020,10,21,2,4,1009142.8571428572,1010400.0,1021900.0,0.0039682539682539,0.0051291413041155
1603354349000,1011000,2020-10-22 08:12:29,2020-10-22 08:12:29,2020,10,22,3,4,1009428.5714285716,1010533.3333333334,1022144.4444444444,-0.0009881422924901,0.0051183478129954
1603440791000,1007000,2020-10-23 08:13:11,2020-10-23 08:13:11,2020,10,23,4,4,1008857.1428571428,1010533.3333333334,1022344.4444444444,-0.0039564787339267,0.0051728909453228
1603528031000,1008000,2020-10-24 08:27:11,2020-10-24 08:27:11,2020,10,24,5,4,1008857.1428571428,1010733.3333333334,1022466.6666666666,0.0009930486593843,0.0050888646125292
1603607520000,1008000,2020-10-25 06:32:00,2020-10-25 06:32:00,2020,10,25,6,4,1008857.1428571428,1010700.0,1022311.1111111112,0.0,0.0049253902298874
1603700709000,1007000,2020-10-26 08:25:09,2020-10-26 08:25:09,2020,10,26,0,4,1008714.2857142856,1010733.3333333334,1022244.4444444444,-0.0009920634920634,0.0048976494265609
1603787119000,1007000,2020-10-27 08:25:19,2020-10-27 08:25:19,2020,10,27,1,4,1008571.4285714284,1010766.6666666666,1022177.7777777778,0.0,0.0048976494265609
1603873368000,1007000,2020-10-28 08:22:48,2020-10-28 08:22:48,2020,10,28,2,4,1007857.1428571428,1010800.0,1022077.7777777778,0.0,0.0048976494265609
1603959924000,995000,2020-10-29 08:25:24,2020-10-29 08:25:24,2020,10,29,3,4,1005571.4285714284,1010166.6666666666,1021711.1111111112,-0.0119165839126117,0.0051293867460057
1604046358000,992000,2020-10-30 08:25:58,2020-10-30 08:25:58,2020,10,30,4,4,1003428.5714285716,1009366.6666666666,1021311.1111111112,-0.0030150753768843,0.0051233708422579
1604134139000,996000,2020-10-31 08:48:59,2020-10-31 08:48:59,2020,10,31,5,4,1001714.2857142856,1008800.0,1020944.4444444444,0.0040322580645162,0.0051798098860505
1604217574000,996000,2020-11-01 07:59:34,2020-11-01 07:59:34,2020,11,1,6,4,1000000.0,1008166.6666666666,1020366.6666666666,0.0,0.0051591198688273
1604306172000,994000,2020-11-02 08:36:12,2020-11-02 08:36:12,2020,11,2,0,4,998142.8571428572,1007500.0,1019700.0,-0.002008032128514,0.005165014958309
1604391496000,1004000,2020-11-03 08:18:16,2020-11-03 08:18:16,2020,11,3,1,4,997714.2857142856,1007166.6666666666,1019022.2222222222,0.0100603621730381,0.0055229208200337
1604478594000,1004000,2020-11-04 08:29:54,2020-11-04 08:29:54,2020,11,4,2,4,997285.7142857144,1006800.0,1018455.5555555556,0.0,0.0055178383554486
1604564721000,1000000,2020-11-05 08:25:21,2020-11-05 08:25:21,2020,11,5,3,4,998000.0,1006233.3333333334,1017844.4444444444,-0.0039840637450199,0.0055386072912082
1604650618000,1009000,2020-11-06 08:16:58,2020-11-06 08:16:58,2020,11,6,4,4,1000428.5714285716,1006566.6666666666,1017344.4444444444,0.0089999999999998,0.0047806752730161
1604738727000,1004000,2020-11-07 08:45:27,2020-11-07 08:45:27,2020,11,7,5,4,1001571.4285714284,1006566.6666666666,1016766.6666666666,-0.0049554013875123,0.0047916039133047
1604816254000,1004000,2020-11-08 06:17:34,2020-11-08 06:17:34,2020,11,8,6,4,1002714.2857142856,1006466.6666666666,1016522.2222222222,0.0,0.0047585305511853
1604910316000,1006000,2020-11-09 08:25:16,2020-11-09 08:25:16,2020,11,9,0,4,1004428.5714285716,1006033.3333333334,1016277.7777777778,0.0019920318725099,0.004208316087548
1604997198000,972000,2020-11-10 08:33:18,2020-11-10 08:33:18,2020,11,10,1,4,999857.1428571428,1004466.6666666666,1015522.2222222222,-0.0337972166998011,0.007403214388197
1605082675000,970000,2020-11-11 08:17:55,2020-11-11 08:17:55,2020,11,11,2,4,995000.0,1002900.0,1014800.0,-0.0020576131687243,0.0074034189078326
1605168861000,968000,2020-11-12 08:14:21,2020-11-12 08:14:21,2020,11,12,3,4,990428.5714285716,1001333.3333333334,1014055.5555555556,-0.002061855670103,0.0074036246376245
1605255256000,978000,2020-11-13 08:14:16,2020-11-13 08:14:16,2020,11,13,4,4,986000.0,1000366.6666666666,1013477.7777777778,0.0103305785123966,0.0076105154840104
1605340773000,985000,2020-11-14 07:59:33,2020-11-14 07:59:33,2020,11,14,5,4,983285.7142857144,999566.6666666666,1012755.5555555556,0.007157464212679,0.0077367179817083
1605418386000,985000,2020-11-15 05:33:06,2020-11-15 05:33:06,2020,11,15,6,4,980571.4285714284,998700.0,1011944.4444444444,0.0,0.0077208268083876
1605514341000,985000,2020-11-16 08:12:21,2020-11-16 08:12:21,2020,11,16,0,4,977571.4285714284,997933.3333333334,1011444.4444444444,0.0,0.0077116202500823
1605601453000,980000,2020-11-17 08:24:13,2020-11-17 08:24:13,2020,11,17,1,4,978714.2857142856,997000.0,1010877.7777777778,-0.0050761421319797,0.007750416314969
1605687594000,975000,2020-11-18 08:19:54,2020-11-18 08:19:54,2020,11,18,2,4,979428.5714285716,995900.0,1010300.0,-0.0051020408163264,0.0077856757640978
1605773827000,973000,2020-11-19 08:17:07,2020-11-19 08:17:07,2020,11,19,3,4,980142.8571428572,994733.3333333334,1009700.0,-0.002051282051282,0.0077848783147722
1605862029000,973000,2020-11-20 08:47:09,2020-11-20 08:47:09,2020,11,20,4,4,979428.5714285716,993433.3333333334,1009144.4444444444,0.0,0.0077284644169203
1605948013000,977000,2020-11-21 08:40:13,2020-11-21 08:40:13,2020,11,21,5,4,978285.7142857144,992300.0,1008655.5555555556,0.0041109969167523,0.0077909217486572
1606035584000,977000,2020-11-22 08:59:44,2020-11-22 08:59:44,2020,11,22,6,4,977142.8571428572,991300.0,1008277.7777777778,0.0,0.0077745439927584
1606121643000,977000,2020-11-23 08:54:03,2020-11-23 08:54:03,2020,11,23,0,4,976000.0,990266.6666666666,1007811.1111111112,0.0,0.0077679736684683
1606206942000,961000,2020-11-24 08:35:42,2020-11-24 08:35:42,2020,11,24,1,4,973285.7142857144,988700.0,1007244.4444444444,-0.0163766632548618,0.0082546510727652
1606292956000,953000,2020-11-25 08:29:16,2020-11-25 08:29:16,2020,11,25,2,4,970142.8571428572,986900.0,1006422.2222222222,-0.0083246618106139,0.0083454062488472
1606378283000,953000,2020-11-26 08:11:23,2020-11-26 08:11:23,2020,11,26,3,4,967285.7142857144,985100.0,1005600.0,0.0,0.0083454062488472
1606465951000,951000,2020-11-27 08:32:31,2020-11-27 08:32:31,2020,11,27,4,4,964142.8571428572,983233.3333333334,1004722.2222222222,-0.0020986358866736,0.0083385782399432
1606552004000,942000,2020-11-28 08:26:44,2020-11-28 08:26:44,2020,11,28,5,4,959142.8571428572,981466.6666666666,1003855.5555555556,-0.0094637223974763,0.0082482218441539
1606631681000,942000,2020-11-29 06:34:41,2020-11-29 06:34:41,2020,11,29,6,4,954142.8571428572,979800.0,1002922.2222222222,0.0,0.008251143585116
1606725526000,942000,2020-11-30 08:38:46,2020-11-30 08:38:46,2020,11,30,0,4,949142.8571428572,978000.0,1002011.1111111112,0.0,0.0081873256171175
1606811348000,938000,2020-12-01 08:29:08,2020-12-01 08:29:08,2020,12,1,1,4,945857.1428571428,976066.6666666666,1001055.5555555556,-0.0042462845010615,0.0081914172270103
1606897405000,952000,2020-12-02 08:23:25,2020-12-02 08:23:25,2020,12,2,2,4,945714.2857142856,974666.6666666666,1000288.8888888888,0.0149253731343284,0.0087525513095283
1606986745000,957000,2020-12-03 09:12:25,2020-12-03 09:12:25,2020,12,3,3,4,946285.7142857144,973100.0,999588.8888888888,0.0052521008403361,0.0085777204551976
1607069362000,961000,2020-12-04 08:09:22,2020-12-04 08:09:22,2020,12,4,4,4,947714.2857142856,971666.6666666666,998933.3333333334,0.0041797283176594,0.0086376829501262
1607156134000,960000,2020-12-05 08:15:34,2020-12-05 08:15:34,2020,12,5,5,4,950285.7142857144,970333.3333333334,998266.6666666666,-0.0010405827263267,0.0086242789828339
1607236586000,960000,2020-12-06 06:36:26,2020-12-06 06:36:26,2020,12,6,6,4,952857.1428571428,968700.0,997655.5555555556,0.0,0.0084065761492092
1607330789000,959000,2020-12-07 08:46:29,2020-12-07 08:46:29,2020,12,7,0,4,955285.7142857144,967200.0,997011.1111111112,-0.0010416666666667,0.0083834221353108
1607416359000,966000,2020-12-08 08:32:39,2020-12-08 08:32:39,2020,12,8,1,4,959285.7142857144,965933.3333333334,996333.3333333334,0.0072992700729928,0.0085328377175601
1607588107000,956000,2020-12-10 08:15:07,2020-12-10 08:15:07,2020,12,10,3,4,959857.1428571428,964266.6666666666,995533.3333333334,-0.0103519668737059,0.0086676841437017
1607675630000,954000,2020-12-11 08:33:50,2020-12-11 08:33:50,2020,12,11,4,4,959428.5714285716,963666.6666666666,994677.7777777778,-0.0020920502092049,0.0061942298659249
1607758972000,954000,2020-12-12 07:42:52,2020-12-12 07:42:52,2020,12,12,5,4,958428.5714285716,963133.3333333334,993822.2222222222,0.0,0.0061889725316427
1607841353000,954000,2020-12-13 06:35:53,2020-12-13 06:35:53,2020,12,13,6,4,957571.4285714284,962666.6666666666,992966.6666666666,0.0,0.0061828860222467
1607934260000,952000,2020-12-14 08:24:20,2020-12-14 08:24:20,2020,12,14,0,4,956428.5714285716,961800.0,992022.2222222222,-0.0020964360587002,0.0058413916108973
1608020225000,951000,2020-12-15 08:17:05,2020-12-15 08:17:05,2020,12,15,1,4,955285.7142857144,960666.6666666666,991144.4444444444,-0.0010504201680672,0.0056406652595742
1608107165000,962000,2020-12-16 08:26:05,2020-12-16 08:26:05,2020,12,16,2,4,954714.2857142856,959900.0,990388.8888888888,0.0115667718191376,0.0060990163792089
1608193386000,965000,2020-12-17 08:23:06,2020-12-17 08:23:06,2020,12,17,3,4,956000.0,959233.3333333334,989666.6666666666,0.003118503118503,0.0061390241344324
1608279855000,972000,2020-12-18 08:24:15,2020-12-18 08:24:15,2020,12,18,4,4,958571.4285714284,958966.6666666666,989100.0,0.0072538860103625,0.0062453621272359
1608366576000,970000,2020-12-19 08:29:36,2020-12-19 08:29:36,2020,12,19,5,4,960857.1428571428,958800.0,988511.1111111112,-0.0020576131687243,0.0061883495930988
1608446198000,970000,2020-12-20 06:36:38,2020-12-20 06:36:38,2020,12,20,6,4,963142.8571428572,958700.0,987911.1111111112,0.0,0.0061779739185727
1608540701000,976000,2020-12-21 08:51:41,2020-12-21 08:51:41,2020,12,21,0,4,966571.4285714284,958800.0,987544.4444444444,0.0061855670103092,0.0062832133602318
1608626169000,970000,2020-12-22 08:36:09,2020-12-22 08:36:09,2020,12,22,1,4,969285.7142857144,958566.6666666666,987133.3333333334,-0.0061475409836065,0.0063375336329639
1608713194000,966000,2020-12-23 08:46:34,2020-12-23 08:46:34,2020,12,23,2,4,969857.1428571428,958200.0,986677.7777777778,-0.0041237113402061,0.0063771884313338
1608799869000,971000,2020-12-24 08:51:09,2020-12-24 08:51:09,2020,12,24,3,4,970714.2857142856,958000.0,986333.3333333334,0.0051759834368529,0.0064567207123273
1608884396000,973000,2020-12-25 08:19:56,2020-12-25 08:19:56,2020,12,25,4,4,970857.1428571428,958400.0,985933.3333333334,0.0020597322348094,0.0056949243437834
1608973058000,973000,2020-12-26 08:57:38,2020-12-26 08:57:38,2020,12,26,5,4,971285.7142857144,959066.6666666666,985566.6666666666,0.0,0.0054512691677591
1609051331000,973000,2020-12-27 06:42:11,2020-12-27 06:42:11,2020,12,27,6,4,971714.2857142856,959733.3333333334,985200.0,0.0,0.0054512691677591
1609145174000,977000,2020-12-28 08:46:14,2020-12-28 08:46:14,2020,12,28,0,4,971857.1428571428,960600.0,984877.7777777778,0.0041109969167523,0.005458955163544
1609231798000,967000,2020-12-29 08:49:58,2020-12-29 08:49:58,2020,12,29,1,4,971428.5714285716,961433.3333333334,984355.5555555556,-0.0102354145342886,0.0055111104546085
1609317271000,965000,2020-12-30 08:34:31,2020-12-30 08:34:31,2020,12,30,2,4,971285.7142857144,962200.0,983788.8888888888,-0.0020682523267838,0.0055354864359417
1609576057000,969000,2021-01-02 08:27:37,2021-01-02 08:27:37,2021,1,2,5,1,971000.0,963100.0,983300.0,0.0041450777202072,0.0055659814991423
1609748886000,975000,2021-01-04 08:28:06,2021-01-04 08:28:06,2021,1,4,0,1,971285.7142857144,964333.3333333334,982855.5555555556,0.0061919504643963,0.0055557218293028
1609835352000,975000,2021-01-05 08:29:12,2021-01-05 08:29:12,2021,1,5,1,1,971571.4285714284,965100.0,982422.2222222222,0.0,0.0049266602244309
1609922300000,981000,2021-01-06 08:38:20,2021-01-06 08:38:20,2021,1,6,2,1,972714.2857142856,965900.0,982055.5555555556,0.0061538461538461,0.004957365637937
1610009094000,971000,2021-01-07 08:44:54,2021-01-07 08:44:54,2021,1,7,3,1,971857.1428571428,966233.3333333334,981566.6666666666,-0.0101936799184505,0.0053055888092173
1610094742000,969000,2021-01-08 08:32:22,2021-01-08 08:32:22,2021,1,8,4,1,972142.8571428572,966533.3333333334,981033.3333333334,-0.0020597322348094,0.0053181056739697
1610180148000,954000,2021-01-09 08:15:48,2021-01-09 08:15:48,2021,1,9,5,1,970571.4285714284,966333.3333333334,980533.3333333334,-0.0154798761609906,0.0060511583497492
1610261620000,954000,2021-01-10 06:53:40,2021-01-10 06:53:40,2021,1,10,6,1,968428.5714285716,966166.6666666666,979977.7777777778,0.0,0.0060490984013663
1610353821000,952000,2021-01-11 08:30:21,2021-01-11 08:30:21,2021,1,11,0,1,965142.8571428572,965700.0,979366.6666666666,-0.0020964360587002,0.0058909289874848
1610439538000,957000,2021-01-12 08:18:58,2021-01-12 08:18:58,2021,1,12,1,1,962571.4285714284,965733.3333333334,978677.7777777778,0.0052521008403361,0.0056731420132065
1610526188000,965000,2021-01-13 08:23:08,2021-01-13 08:23:08,2021,1,13,2,1,960285.7142857144,966100.0,978077.7777777778,0.0083594566353186,0.0058550302337515
1610612498000,955000,2021-01-14 08:21:38,2021-01-14 08:21:38,2021,1,14,3,1,958000.0,966133.3333333334,977388.8888888888,-0.0103626943005181,0.0061762384502645
1610700198000,956000,2021-01-15 08:43:18,2021-01-15 08:43:18,2021,1,15,4,1,956142.8571428572,966200.0,976733.3333333334,0.0010471204188482,0.0061788844989829
1610785307000,948000,2021-01-16 08:21:47,2021-01-16 08:21:47,2021,1,16,5,1,955285.7142857144,966066.6666666666,976077.7777777778,-0.0083682008368201,0.0063588332275252
1610877489000,948000,2021-01-17 09:58:09,2021-01-17 09:58:09,2021,1,17,6,1,954428.5714285716,965966.6666666666,975400.0,0.0,0.0063564291659819
1610958058000,944000,2021-01-18 08:20:58,2021-01-18 08:20:58,2021,1,18,0,1,953285.7142857144,965366.6666666666,974655.5555555556,-0.0042194092827003,0.0060020715097413
1611044095000,952000,2021-01-19 08:14:55,2021-01-19 08:14:55,2021,1,19,1,1,952571.4285714284,964933.3333333334,974033.3333333334,0.0084745762711864,0.0061934709262703
1611131120000,954000,2021-01-20 08:25:20,2021-01-20 08:25:20,2021,1,20,2,1,951000.0,964333.3333333334,973433.3333333334,0.0021008403361344,0.0060425393387177
1611217933000,963000,2021-01-21 08:32:13,2021-01-21 08:32:13,2021,1,21,3,1,952142.8571428572,964100.0,972933.3333333334,0.009433962264151,0.0063057965661855
1611304074000,961000,2021-01-22 08:27:54,2021-01-22 08:27:54,2021,1,22,4,1,952857.1428571428,963800.0,972411.1111111112,-0.0020768431983385,0.0063146679428044
1611391762000,957000,2021-01-23 08:49:22,2021-01-23 08:49:22,2021,1,23,5,1,954142.8571428572,963166.6666666666,971800.0,-0.0041623309053069,0.0062307374600753
1611563260000,958000,2021-01-25 08:27:40,2021-01-25 08:27:40,2021,1,25,0,1,955571.4285714284,962766.6666666666,971211.1111111112,0.0010449320794148,0.006149204363028
1611649398000,958000,2021-01-26 08:23:18,2021-01-26 08:23:18,2021,1,26,1,1,957571.4285714284,962500.0,970666.6666666666,0.0,0.0061089737998487
1611736914000,956000,2021-01-27 08:41:54,2021-01-27 08:41:54,2021,1,27,2,1,958142.8571428572,962000.0,970088.8888888888,-0.0020876826722338,0.0060295607874364
1611821491000,952000,2021-01-28 08:11:31,2021-01-28 08:11:31,2021,1,28,3,1,957857.1428571428,961300.0,969466.6666666666,-0.0041841004184099,0.0060458546034922
1611908129000,954000,2021-01-29 08:15:29,2021-01-29 08:15:29,2021,1,29,4,1,956571.4285714284,960666.6666666666,968877.7777777778,0.0021008403361344,0.0060664855311438
1611995599000,954000,2021-01-30 08:33:19,2021-01-30 08:33:19,2021,1,30,5,1,955571.4285714284,960033.3333333334,968288.8888888888,0.0,0.0060664855311438
1612167553000,955000,2021-02-01 08:19:13,2021-02-01 08:19:13,2021,2,1,0,1,955285.7142857144,959300.0,967711.1111111112,0.00104821802935,0.0060092884229511
1612254910000,954000,2021-02-02 08:35:10,2021-02-02 08:35:10,2021,2,2,1,1,954714.2857142856,958866.6666666666,967255.5555555556,-0.0010471204188481,0.0057366868464963
1612340883000,947000,2021-02-03 08:28:03,2021-02-03 08:28:03,2021,2,3,2,1,953142.8571428572,958266.6666666666,966755.5555555556,-0.0073375262054506,0.0058675858351451
1612426920000,943000,2021-02-04 08:22:00,2021-02-04 08:22:00,2021,2,4,3,1,951285.7142857144,957400.0,966166.6666666666,-0.0042238648363251,0.0058325196726557
1612512903000,930000,2021-02-05 08:15:03,2021-02-05 08:15:03,2021,2,5,4,1,948142.8571428572,955900.0,965433.3333333334,-0.0137857900318133,0.0061290295963678
1612600022000,940000,2021-02-06 08:27:02,2021-02-06 08:27:02,2021,2,6,5,1,946142.8571428572,954733.3333333334,964833.3333333334,0.010752688172043,0.0065247702182702
1612773632000,940000,2021-02-08 08:40:32,2021-02-08 08:40:32,2021,2,8,0,1,944142.8571428572,953366.6666666666,964122.2222222222,0.0,0.0063808413586562
1612860371000,943000,2021-02-09 08:46:11,2021-02-09 08:46:11,2021,2,9,1,1,942428.5714285716,952433.3333333334,963444.4444444444,0.0031914893617022,0.0062106215742886
1612945947000,945000,2021-02-10 08:32:27,2021-02-10 08:32:27,2021,2,10,2,1,941142.8571428572,951633.3333333334,962833.3333333334,0.002120890774125,0.0062318722904734
1613031789000,945000,2021-02-11 08:23:09,2021-02-11 08:23:09,2021,2,11,3,1,940857.1428571428,951333.3333333334,962122.2222222222,0.0,0.0055829955090002
1613206366000,940000,2021-02-13 08:52:46,2021-02-13 08:52:46,2021,2,13,5,1,940428.5714285716,950866.6666666666,961411.1111111112,-0.0052910052910053,0.0056562553878556
1613378575000,940000,2021-02-15 08:42:55,2021-02-15 08:42:55,2021,2,15,0,1,941857.1428571428,950466.6666666666,960700.0,0.0,0.0056485054562796
1613464545000,935000,2021-02-16 08:35:45,2021-02-16 08:35:45,2021,2,16,1,1,941142.8571428572,949733.3333333334,959911.1111111112,-0.0053191489361702,0.0056129004170855
1613550215000,922000,2021-02-17 08:23:35,2021-02-17 08:23:35,2021,2,17,2,1,938571.4285714284,948300.0,959355.5555555556,-0.013903743315508,0.0058330819643034
1613637820000,925000,2021-02-18 08:43:40,2021-02-18 08:43:40,2021,2,18,3,1,936000.0,947300.0,958855.5555555556,0.0032537960954446,0.0056466052516885
1613723283000,923000,2021-02-19 08:28:03,2021-02-19 08:28:03,2021,2,19,4,1,932857.1428571428,946200.0,958355.5555555556,-0.0021621621621621,0.0056359359291019
1613810253000,930000,2021-02-20 08:37:33,2021-02-20 08:37:33,2021,2,20,5,1,930714.2857142856,945600.0,957822.2222222222,0.0075839653304441,0.0056842273820129
1613890766000,930000,2021-02-21 06:59:26,2021-02-21 06:59:26,2021,2,21,6,1,929285.7142857144,945000.0,957211.1111111112,0.0,0.0056842273820129
1613983134000,930000,2021-02-22 08:38:54,2021-02-22 08:38:54,2021,2,22,0,1,927857.1428571428,944533.3333333334,956600.0,0.0,0.0056442359458848
1614069274000,938000,2021-02-23 08:34:34,2021-02-23 08:34:34,2021,2,23,1,1,928285.7142857144,944066.6666666666,956077.7777777778,0.0086021505376343,0.0056512607734099
1614156439000,938000,2021-02-24 08:47:19,2021-02-24 08:47:19,2021,2,24,2,1,930571.4285714284,943533.3333333334,955611.1111111112,0.0,0.0056311804166478
1614241331000,934000,2021-02-25 08:22:11,2021-02-25 08:22:11,2021,2,25,3,1,931857.1428571428,942566.6666666666,955155.5555555556,-0.0042643923240938,0.0053417842381261
1614327764000,922000,2021-02-26 08:22:44,2021-02-26 08:22:44,2021,2,26,4,1,931714.2857142856,941266.6666666666,954588.8888888888,-0.012847965738758,0.0057617861248295
1614415176000,917000,2021-02-27 08:39:36,2021-02-27 08:39:36,2021,2,27,5,1,929857.1428571428,939933.3333333334,953966.6666666666,-0.0054229934924078,0.0057874393640526
1614496418000,917000,2021-02-28 07:13:38,2021-02-28 07:13:38,2021,2,28,6,1,928000.0,938566.6666666666,953300.0,0.0,0.0057753120589466
1614587357000,923000,2021-03-01 08:29:17,2021-03-01 08:29:17,2021,3,1,0,1,927000.0,937400.0,952700.0,0.0065430752453652,0.005952431300912
1614674049000,923000,2021-03-02 08:34:09,2021-03-02 08:34:09,2021,3,2,1,1,924857.1428571428,936300.0,952100.0,0.0,0.0059541731149114
1614759419000,928000,2021-03-03 08:16:59,2021-03-03 08:16:59,2021,3,3,2,1,923428.5714285716,935500.0,951733.3333333334,0.0054171180931743,0.0060430095746687
1614847014000,923000,2021-03-04 08:36:54,2021-03-04 08:36:54,2021,3,4,3,1,921857.1428571428,934466.6666666666,951400.0,-0.0053879310344827,0.0060722399017547
1614932882000,918000,2021-03-05 08:28:02,2021-03-05 08:28:02,2021,3,5,4,1,921285.7142857144,933266.6666666666,951011.1111111112,-0.0054171180931744,0.00611929639866
1615020192000,923000,2021-03-06 08:43:12,2021-03-06 08:43:12,2021,3,6,5,1,922142.8571428572,932200.0,950700.0,0.0054466230936818,0.0062283071062643
1615106711000,923000,2021-03-07 08:45:11,2021-03-07 08:45:11,2021,3,7,6,1,923000.0,931166.6666666666,950488.8888888888,0.0,0.006231643276131
1615191862000,924000,2021-03-08 08:24:22,2021-03-08 08:24:22,2021,3,8,0,1,923142.8571428572,930400.0,950288.8888888888,0.0010834236186347,0.0061289507629675
1615278708000,915000,2021-03-09 08:31:48,2021-03-09 08:31:48,2021,3,9,1,1,922000.0,929466.6666666666,949988.8888888888,-0.0097402597402597,0.0063151071313413
1615365259000,930000,2021-03-10 08:34:19,2021-03-10 08:34:19,2021,3,10,2,1,922285.7142857144,929466.6666666666,949900.0,0.0163934426229508,0.006602825461199
1615450881000,930000,2021-03-11 08:21:21,2021-03-11 08:21:21,2021,3,11,3,1,923285.7142857144,929133.3333333334,949655.5555555556,0.0,0.0062843552618077
1615537420000,929000,2021-03-12 08:23:40,2021-03-12 08:23:40,2021,3,12,4,1,924857.1428571428,928766.6666666666,949344.4444444444,-0.0010752688172043,0.0062854310803549
1615623552000,926000,2021-03-13 08:19:12,2021-03-13 08:19:12,2021,3,13,5,1,925285.7142857144,928200.0,948955.5555555556,-0.0032292787944026,0.006269159964319
1615795569000,924000,2021-03-15 08:06:09,2021-03-15 08:06:09,2021,3,15,0,1,925428.5714285716,927500.0,948555.5555555556,-0.0021598272138229,0.0062540938104931
1615883814000,927000,2021-03-16 08:36:54,2021-03-16 08:36:54,2021,3,16,1,1,925857.1428571428,926900.0,948188.8888888888,0.0032467532467532,0.0062951178056681
1615969652000,927000,2021-03-17 08:27:32,2021-03-17 08:27:32,2021,3,17,2,1,927571.4285714284,926466.6666666666,947833.3333333334,0.0,0.0062336063323716
1616057992000,935000,2021-03-18 08:59:52,2021-03-18 08:59:52,2021,3,18,3,1,928285.7142857144,926300.0,947488.8888888888,0.0086299892125134,0.0064502286544491
1616141627000,925000,2021-03-19 08:13:47,2021-03-19 08:13:47,2021,3,19,4,1,927571.4285714284,925966.6666666666,947144.4444444444,-0.0106951871657754,0.0066695219700899
1616229869000,934000,2021-03-20 08:44:29,2021-03-20 08:44:29,2021,3,20,5,1,928285.7142857144,926366.6666666666,946922.2222222222,0.0097297297297296,0.0064021845205616
1616317129000,934000,2021-03-21 08:58:49,2021-03-21 08:58:49,2021,3,21,6,1,929428.5714285716,926666.6666666666,946700.0,0.0,0.0063805884454736
1616402092000,931000,2021-03-22 08:34:52,2021-03-22 08:34:52,2021,3,22,0,1,930428.5714285716,926933.3333333334,946444.4444444444,-0.0032119914346895,0.0063976547944808
1616487448000,929000,2021-03-23 08:17:28,2021-03-23 08:17:28,2021,3,23,1,1,930714.2857142856,926900.0,946188.8888888888,-0.0021482277121375,0.0062612532406074
1616573566000,921000,2021-03-24 08:12:46,2021-03-24 08:12:46,2021,3,24,2,1,929857.1428571428,926600.0,945855.5555555556,-0.0086114101184069,0.00645485184791
1616661461000,924000,2021-03-25 08:37:41,2021-03-25 08:37:41,2021,3,25,3,1,928285.7142857144,926400.0,945433.3333333334,0.003257328990228,0.0064874550973202
1616746840000,921000,2021-03-26 08:20:40,2021-03-26 08:20:40,2021,3,26,4,1,927714.2857142856,925833.3333333334,944944.4444444444,-0.0032467532467532,0.0062910964480867
1616834822000,922000,2021-03-27 08:47:02,2021-03-27 08:47:02,2021,3,27,5,1,926000.0,925300.0,944388.8888888888,0.001085776330076,0.006297729682209
1616917495000,922000,2021-03-28 07:44:55,2021-03-28 07:44:55,2021,3,28,6,1,924285.7142857144,924900.0,943855.5555555556,0.0,0.0062591060052547
1617006433000,921000,2021-03-29 08:27:13,2021-03-29 08:27:13,2021,3,29,0,1,922857.1428571428,924866.6666666666,943311.1111111112,-0.0010845986984815,0.0058051795050568
1617093909000,911000,2021-03-30 08:45:09,2021-03-30 08:45:09,2021,3,30,1,1,920285.7142857144,924666.6666666666,942588.8888888888,-0.01085776330076,0.0060588614373921
1617178980000,903000,2021-03-31 08:23:00,2021-03-31 08:23:00,2021,3,31,2,1,917714.2857142856,924200.0,941844.4444444444,-0.0087815587266739,0.0062576792494104
1617265609000,913000,2021-04-01 08:26:49,2021-04-01 08:26:49,2021,4,1,3,2,916142.8571428572,923866.6666666666,941255.5555555556,0.0110741971207086,0.0064839709187474
1617352189000,922000,2021-04-02 08:29:49,2021-04-02 08:29:49,2021,4,2,4,2,916285.7142857144,923833.3333333334,940711.1111111112,0.0098576122672509,0.0067464051938115
1617438392000,922000,2021-04-03 08:26:32,2021-04-03 08:26:32,2021,4,3,5,2,916285.7142857144,923633.3333333334,940144.4444444444,0.0,0.0066680623703758
1617517960000,922000,2021-04-04 06:32:40,2021-04-04 06:32:40,2021,4,4,6,2,916285.7142857144,923600.0,939577.7777777778,0.0,0.0065955305743363
1617609664000,921000,2021-04-05 08:01:04,2021-04-05 08:01:04,2021,4,5,0,2,916285.7142857144,923700.0,939000.0,-0.0010845986984815,0.0065201713937645
1617697296000,920000,2021-04-06 08:21:36,2021-04-06 08:21:36,2021,4,6,1,2,917571.4285714284,923600.0,938366.6666666666,-0.001085776330076,0.0064451160969624
1617784025000,924000,2021-04-07 08:27:05,2021-04-07 08:27:05,2021,4,7,2,2,920571.4285714284,923633.3333333334,937888.8888888888,0.0043478260869564,0.0064958579441103
1617869993000,922000,2021-04-08 08:19:53,2021-04-08 08:19:53,2021,4,8,3,2,921857.1428571428,923566.6666666666,937411.1111111112,-0.0021645021645021,0.0065052108536618
1617956812000,931000,2021-04-09 08:26:52,2021-04-09 08:26:52,2021,4,9,4,2,923142.8571428572,924100.0,936988.8888888888,0.0097613882863341,0.0064780025643994
1618044709000,927000,2021-04-10 08:51:49,2021-04-10 08:51:49,2021,4,10,5,2,923857.1428571428,924000.0,936455.5555555556,-0.0042964554242749,0.0058047890280895
1618128323000,927000,2021-04-11 08:05:23,2021-04-11 08:05:23,2021,4,11,6,2,924571.4285714284,923900.0,935922.2222222222,0.0,0.0058047890280895
1618215644000,926000,2021-04-12 08:20:44,2021-04-12 08:20:44,2021,4,12,0,2,925285.7142857144,923800.0,935311.1111111112,-0.0010787486515642,0.0058048094005553
1618302516000,924000,2021-04-13 08:28:36,2021-04-13 08:28:36,2021,4,13,1,2,925857.1428571428,923733.3333333334,934788.8888888888,-0.0021598272138229,0.005788135389562
1618390969000,930000,2021-04-14 09:02:49,2021-04-14 09:02:49,2021,4,14,2,2,926714.2857142856,923933.3333333334,934355.5555555556,0.0064935064935065,0.0058943129238156
1618474944000,925000,2021-04-15 08:22:24,2021-04-15 08:22:24,2021,4,15,3,2,927142.8571428572,923866.6666666666,934033.3333333334,-0.0053763440860215,0.0059522253694661
1618562118000,935000,2021-04-16 08:35:18,2021-04-16 08:35:18,2021,4,16,4,2,927714.2857142856,924133.3333333334,933822.2222222222,0.0108108108108107,0.0062742084199168
1618648837000,937000,2021-04-17 08:40:37,2021-04-17 08:40:37,2021,4,17,5,2,929142.8571428572,924200.0,933655.5555555556,0.0021390374331551,0.0060863474164519
1618734762000,937000,2021-04-18 08:32:42,2021-04-18 08:32:42,2021,4,18,6,2,930571.4285714284,924600.0,933433.3333333334,0.0,0.0057360294268883
1618821157000,939000,2021-04-19 08:32:37,2021-04-19 08:32:37,2021,4,19,0,2,932428.5714285716,924766.6666666666,933144.4444444444,0.0021344717182496,0.0054737417020834
1618907448000,933000,2021-04-20 08:30:48,2021-04-20 08:30:48,2021,4,20,1,2,933714.2857142856,924733.3333333334,932900.0,-0.0063897763578274,0.0056042509967188
1618994133000,932000,2021-04-21 08:35:33,2021-04-21 08:35:33,2021,4,21,2,2,934000.0,924766.6666666666,932633.3333333334,-0.0010718113612003,0.0055757739626161
1619080164000,940000,2021-04-22 08:29:24,2021-04-22 08:29:24,2021,4,22,3,2,936142.8571428572,925133.3333333334,932544.4444444444,0.0085836909871244,0.0057706866667363
1619165888000,935000,2021-04-23 08:18:08,2021-04-23 08:18:08,2021,4,23,4,2,936142.8571428572,925600.0,932400.0,-0.0053191489361702,0.0056226439951811
1619253770000,933000,2021-04-24 08:42:50,2021-04-24 08:42:50,2021,4,24,5,2,935571.4285714284,925900.0,932277.7777777778,-0.0021390374331551,0.0056183128640616
1619340492000,933000,2021-04-25 08:48:12,2021-04-25 08:48:12,2021,4,25,6,2,935000.0,926300.0,932066.6666666666,0.0,0.005577997530856
1619425591000,933000,2021-04-26 08:26:31,2021-04-26 08:26:31,2021,4,26,0,2,934142.8571428572,926666.6666666666,931833.3333333334,0.0,0.0055772297910941
1619511742000,930000,2021-04-27 08:22:22,2021-04-27 08:22:22,2021,4,27,1,2,933714.2857142856,926933.3333333334,931466.6666666666,-0.0032154340836012,0.0056161497738705
1619598143000,926000,2021-04-28 08:22:23,2021-04-28 08:22:23,2021,4,28,2,2,932857.1428571428,927100.0,931077.7777777778,-0.0043010752688171,0.0056739628158009
1619684487000,931000,2021-04-29 08:21:27,2021-04-29 08:21:27,2021,4,29,3,2,931571.4285714284,927766.6666666666,930788.8888888888,0.0053995680345573,0.0053488717352424
1619770892000,922000,2021-04-30 08:21:32,2021-04-30 08:21:32,2021,4,30,4,2,929714.2857142856,928400.0,930388.8888888888,-0.0096670247046186,0.0054053572560784
1619857899000,921000,2021-05-01 08:31:39,2021-05-01 08:31:39,2021,5,1,5,2,928000.0,928666.6666666666,929977.7777777778,-0.0010845986984815,0.005045162882195
1619945245000,921000,2021-05-02 08:47:25,2021-05-02 08:47:25,2021,5,2,6,2,926285.7142857144,928633.3333333334,929588.8888888888,0.0,0.0047113983660497
1620029859000,921000,2021-05-03 08:17:39,2021-05-03 08:17:39,2021,5,3,0,2,924571.4285714284,928600.0,929244.4444444444,0.0,0.0047113983660497
1620116341000,930000,2021-05-04 08:19:01,2021-05-04 08:19:01,2021,5,4,1,2,924571.4285714284,928866.6666666666,928977.7777777778,0.009771986970684,0.0050395924247968
1620203886000,922000,2021-05-05 08:38:06,2021-05-05 08:38:06,2021,5,5,2,2,924000.0,928900.0,928622.2222222222,-0.0086021505376343,0.0052914332850661
1620290519000,926000,2021-05-06 08:41:59,2021-05-06 08:41:59,2021,5,6,3,2,923285.7142857144,929100.0,928300.0,0.0043383947939261,0.0053437096408239
1620376920000,934000,2021-05-07 08:42:00,2021-05-07 08:42:00,2021,5,7,4,2,925000.0,929433.3333333334,928077.7777777778,0.0086393088552916,0.0055125049679287
1620463091000,937000,2021-05-08 08:38:11,2021-05-08 08:38:11,2021,5,8,5,2,927285.7142857144,929933.3333333334,927966.6666666666,0.0032119914346895,0.0055145425341446
1620635170000,937000,2021-05-10 08:26:10,2021-05-10 08:26:10,2021,5,10,0,2,929571.4285714284,930133.3333333334,927900.0,0.0,0.0052332679293471
1620722142000,933000,2021-05-11 08:35:42,2021-05-11 08:35:42,2021,5,11,1,2,931285.7142857144,930333.3333333334,927933.3333333334,-0.0042689434364994,0.0052324501934419
1621240832000,937000,2021-05-17 08:40:32,2021-05-17 08:40:32,2021,5,17,0,2,932285.7142857144,930666.6666666666,927900.0,0.0042872454448017,0.0052842896444936
1621326977000,947000,2021-05-18 08:36:17,2021-05-18 08:36:17,2021,5,18,1,2,935857.1428571428,931366.6666666666,927977.7777777778,0.0106723585912487,0.0055992496068661
1621410868000,948000,2021-05-19 07:54:28,2021-05-19 07:54:28,2021,5,19,2,2,939000.0,932166.6666666666,928033.3333333334,0.0010559662090812,0.0055720827790641
1621496679000,947000,2021-05-20 07:44:39,2021-05-20 07:44:39,2021,5,20,3,2,940857.1428571428,932733.3333333334,928055.5555555556,-0.0010548523206751,0.0054790465074877
1621583706000,957000,2021-05-21 07:55:06,2021-05-21 07:55:06,2021,5,21,4,2,943714.2857142856,933800.0,928188.8888888888,0.010559662090813,0.0056477102330517
1621670702000,958000,2021-05-22 08:05:02,2021-05-22 08:05:02,2021,5,22,5,2,946714.2857142856,934566.6666666666,928388.8888888888,0.0010449320794148,0.0053449844225118
1621755405000,958000,2021-05-23 07:36:45,2021-05-23 07:36:45,2021,5,23,6,2,950285.7142857144,935266.6666666666,928588.8888888888,0.0,0.0053411051140601
1621843092000,959000,2021-05-24 07:58:12,2021-05-24 07:58:12,2021,5,24,0,2,953428.5714285716,936000.0,928855.5555555556,0.0010438413361169,0.0053394312897087
1621929405000,955000,2021-05-25 07:56:45,2021-05-25 07:56:45,2021,5,25,1,2,954571.4285714284,936533.3333333334,929222.2222222222,-0.0041710114702815,0.0054082484474717
1622102419000,962000,2021-05-27 08:00:19,2021-05-27 08:00:19,2021,5,27,3,2,956571.4285714284,937500.0,929633.3333333334,0.0073298429319372,0.0053787678257211
1622189646000,962000,2021-05-28 08:14:06,2021-05-28 08:14:06,2021,5,28,4,2,958714.2857142856,938500.0,930066.6666666666,0.0,0.005367841294276
1622274827000,965000,2021-05-29 07:53:47,2021-05-29 07:53:47,2021,5,29,5,2,959857.1428571428,939333.3333333334,930455.5555555556,0.003118503118503,0.005193991024784
1622367641000,965000,2021-05-30 09:40:41,2021-05-30 09:40:41,2021,5,30,6,2,960857.1428571428,940333.3333333334,930844.4444444444,0.0,0.00506394222002
1622449146000,965000,2021-05-31 08:19:06,2021-05-31 08:19:06,2021,5,31,0,2,961857.1428571428,941400.0,931233.3333333334,0.0,0.0050322233705433
1622620425000,961000,2021-06-02 07:53:45,2021-06-02 07:53:45,2021,6,2,2,2,962142.8571428572,942333.3333333334,931488.8888888888,-0.0041450777202072,0.0051206456080251
1622707348000,964000,2021-06-03 08:02:28,2021-06-03 08:02:28,2021,6,3,3,2,963428.5714285716,943366.6666666666,931777.7777777778,0.0031217481789802,0.0051313569944187
1622793511000,949000,2021-06-04 07:58:31,2021-06-04 07:58:31,2021,6,4,4,2,961571.4285714284,944000.0,931944.4444444444,-0.0155601659751036,0.0059234263988722
1622879910000,960000,2021-06-05 07:58:30,2021-06-05 07:58:30,2021,6,5,5,2,961285.7142857144,945133.3333333334,932366.6666666666,0.01159114857745,0.006167168414956
1622964875000,960000,2021-06-06 07:34:35,2021-06-06 07:34:35,2021,6,6,6,2,960571.4285714284,946100.0,932844.4444444444,0.0,0.0061196251566005
1623053236000,959000,2021-06-07 08:07:16,2021-06-07 08:07:16,2021,6,7,0,2,959714.2857142856,947333.3333333334,933311.1111111112,-0.0010416666666667,0.0057930951103677
1623139938000,960000,2021-06-08 08:12:18,2021-06-08 08:12:18,2021,6,8,1,2,959000.0,948633.3333333334,933722.2222222222,0.0010427528675704,0.0057755305427827
1623225752000,957000,2021-06-09 08:02:32,2021-06-09 08:02:32,2021,6,9,2,2,958428.5714285716,949833.3333333334,934100.0,-0.003125,0.0058295708350344
1623311509000,954000,2021-06-10 07:51:49,2021-06-10 07:51:49,2021,6,10,3,2,957000.0,950933.3333333334,934388.8888888888,-0.0031347962382445,0.0058814546422573
1623398224000,957000,2021-06-11 07:57:04,2021-06-11 07:57:04,2021,6,11,4,2,958142.8571428572,951833.3333333334,934766.6666666666,0.0031446540880504,0.0056686414149557
1623485636000,948000,2021-06-12 08:13:56,2021-06-12 08:13:56,2021,6,12,5,2,956428.5714285716,952700.0,935100.0,-0.0094043887147335,0.0057170396288128
1623574337000,948000,2021-06-13 08:52:17,2021-06-13 08:52:17,2021,6,13,6,2,954714.2857142856,953433.3333333334,935377.7777777778,0.0,0.0056829652913142
1623656879000,945000,2021-06-14 07:47:59,2021-06-14 07:47:59,2021,6,14,0,2,952714.2857142856,953800.0,935622.2222222222,-0.0031645569620253,0.0055278988503461
1623744111000,943000,2021-06-15 08:01:51,2021-06-15 08:01:51,2021,6,15,1,2,950285.7142857144,954000.0,935833.3333333334,-0.002116402116402,0.0055202001085162
1623829857000,940000,2021-06-16 07:50:57,2021-06-16 07:50:57,2021,6,16,2,2,947857.1428571428,954100.0,936111.1111111112,-0.0031813361611876,0.0055551680836112
1623916480000,928000,2021-06-17 07:54:40,2021-06-17 07:54:40,2021,6,17,3,2,944142.8571428572,953933.3333333334,936088.8888888888,-0.0127659574468085,0.0059865956528334
1624003512000,920000,2021-06-18 08:05:12,2021-06-18 08:05:12,2021,6,18,4,2,938857.1428571428,953366.6666666666,935977.7777777778,-0.0086206896551723,0.0061182224224687
1624089273000,920000,2021-06-19 07:54:33,2021-06-19 07:54:33,2021,6,19,5,2,934857.1428571428,952466.6666666666,935877.7777777778,0.0,0.0057392010178233
1624176796000,920000,2021-06-20 08:13:16,2021-06-20 08:13:16,2021,6,20,6,2,930857.1428571428,951533.3333333334,935811.1111111112,0.0,0.0057297185924889
1624261895000,923000,2021-06-21 07:51:35,2021-06-21 07:51:35,2021,6,21,0,2,927714.2857142856,950733.3333333334,935800.0,0.0032608695652174,0.0057817926355626
1624347977000,932000,2021-06-22 07:46:17,2021-06-22 07:46:17,2021,6,22,1,2,926142.8571428572,949900.0,935855.5555555556,0.0097508125677139,0.0057284447980494
1624434813000,930000,2021-06-23 07:53:33,2021-06-23 07:53:33,2021,6,23,2,2,924714.2857142856,948966.6666666666,935888.8888888888,-0.0021459227467811,0.0057213576171127
1624520945000,932000,2021-06-24 07:49:05,2021-06-24 07:49:05,2021,6,24,3,2,925285.7142857144,948100.0,935855.5555555556,0.0021505376344086,0.0057473747779525
1624607799000,932000,2021-06-25 07:56:39,2021-06-25 07:56:39,2021,6,25,4,2,927000.0,947200.0,935933.3333333334,0.0,0.0057383489151274
1624694084000,934000,2021-06-26 07:54:44,2021-06-26 07:54:44,2021,6,26,5,2,929000.0,946500.0,935933.3333333334,0.002145922746781,0.0057314250916342
1624787666000,934000,2021-06-27 09:54:26,2021-06-27 09:54:26,2021,6,27,6,2,931000.0,945566.6666666666,935933.3333333334,0.0,0.005528866018643
1624866828000,933000,2021-06-28 07:53:48,2021-06-28 07:53:48,2021,6,28,0,2,932428.5714285716,944600.0,935955.5555555556,-0.0010706638115631,0.0055258481787838
1624953362000,932000,2021-06-29 07:56:02,2021-06-29 07:56:02,2021,6,29,1,2,932428.5714285716,943500.0,935988.8888888888,-0.0010718113612003,0.0054707086163617
1625039515000,927000,2021-06-30 07:51:55,2021-06-30 07:51:55,2021,6,30,2,2,932000.0,942233.3333333334,936055.5555555556,-0.0053648068669528,0.0055194667526445
1625126469000,932000,2021-07-01 08:01:09,2021-07-01 08:01:09,2021,7,1,3,3,932000.0,941133.3333333334,936144.4444444444,0.0053937432578208,0.0056503608867136
1625212655000,935000,2021-07-02 07:57:35,2021-07-02 07:57:35,2021,7,2,4,3,932428.5714285716,940266.6666666666,936300.0,0.0032188841201716,0.0056753765378315
1625299688000,942000,2021-07-03 08:08:08,2021-07-03 08:08:08,2021,7,3,5,3,933571.4285714284,939533.3333333334,936522.2222222222,0.0074866310160428,0.0058356742317841
1625388465000,942000,2021-07-04 08:47:45,2021-07-04 08:47:45,2021,7,4,6,3,934714.2857142856,939300.0,936744.4444444444,0.0,0.0051220747918651
1625470954000,941000,2021-07-05 07:42:34,2021-07-05 07:42:34,2021,7,5,0,3,935857.1428571428,938666.6666666666,936966.6666666666,-0.0010615711252653,0.0046101331052952
1625557881000,939000,2021-07-06 07:51:21,2021-07-06 07:51:21,2021,7,6,1,3,936857.1428571428,937966.6666666666,937277.7777777778,-0.002125398512221,0.0046160344642855
1625643693000,940000,2021-07-07 07:41:33,2021-07-07 07:41:33,2021,7,7,2,3,938714.2857142856,937333.3333333334,937688.8888888888,0.0010649627263046,0.004627087618073
1625730966000,945000,2021-07-08 07:56:06,2021-07-08 07:56:06,2021,7,8,3,3,940571.4285714284,936833.3333333334,938044.4444444444,0.0053191489361701,0.0047455938570469
1625817513000,947000,2021-07-09 07:58:33,2021-07-09 07:58:33,2021,7,9,4,3,942285.7142857144,936500.0,938322.2222222222,0.0021164021164021,0.0047426317465838
1625903626000,950000,2021-07-10 07:53:46,2021-07-10 07:53:46,2021,7,10,5,3,943428.5714285716,936366.6666666666,938633.3333333334,0.0031678986272438,0.0047541062424989
1626077165000,950000,2021-07-12 08:06:05,2021-07-12 08:06:05,2021,7,12,0,3,944571.4285714284,936133.3333333334,938944.4444444444,0.0,0.0047139332119356
1626162865000,946000,2021-07-13 07:54:25,2021-07-13 07:54:25,2021,7,13,1,3,945285.7142857144,936066.6666666666,939222.2222222222,-0.0042105263157894,0.0044537103858888
1626249693000,945000,2021-07-14 08:01:33,2021-07-14 08:01:33,2021,7,14,2,3,946142.8571428572,935966.6666666666,939500.0,-0.0010570824524313,0.0044573929154478
1626338392000,953000,2021-07-15 08:39:52,2021-07-15 08:39:52,2021,7,15,3,3,948000.0,936233.3333333334,939822.2222222222,0.0084656084656085,0.004681435492547
1626421873000,956000,2021-07-16 07:51:13,2021-07-16 07:51:13,2021,7,16,4,3,949571.4285714284,936666.6666666666,940200.0,0.0031479538300105,0.0046867214170567
1626509543000,949000,2021-07-17 08:12:23,2021-07-17 08:12:23,2021,7,17,5,3,949857.1428571428,936966.6666666666,940400.0,-0.0073221757322176,0.0048558024942002
1626681854000,950000,2021-07-19 08:04:14,2021-07-19 08:04:14,2021,7,19,0,3,949857.1428571428,937700.0,940655.5555555556,0.0010537407797681,0.0041790296255502
1626854312000,947000,2021-07-21 07:58:32,2021-07-21 07:58:32,2021,7,21,2,3,949428.5714285716,938600.0,940877.7777777778,-0.0031578947368421,0.0038618254050014
1626940458000,946000,2021-07-22 07:54:18,2021-07-22 07:54:18,2021,7,22,3,3,949428.5714285716,939466.6666666666,941100.0,-0.0010559662090813,0.0038757759131225
1627027131000,946000,2021-07-23 07:58:51,2021-07-23 07:58:51,2021,7,23,4,3,949571.4285714284,940333.3333333334,941344.4444444444,0.0,0.0038757759131225
1627112506000,943000,2021-07-24 07:41:46,2021-07-24 07:41:46,2021,7,24,5,3,948142.8571428572,941000.0,941488.8888888888,-0.0031712473572939,0.0039204204333528
1627285440000,942000,2021-07-26 07:44:00,2021-07-26 07:44:00,2021,7,26,0,3,946142.8571428572,941333.3333333334,941677.7777777778,-0.0010604453870625,0.003540348291722
1627372321000,940000,2021-07-27 07:52:01,2021-07-27 07:52:01,2021,7,27,1,3,944857.1428571428,941666.6666666666,941733.3333333334,-0.0021231422505307,0.0035397942623404
1627458539000,940000,2021-07-28 07:48:59,2021-07-28 07:48:59,2021,7,28,2,3,943428.5714285716,941933.3333333334,941766.6666666666,0.0,0.0035240790296424
1627545330000,945000,2021-07-29 07:55:30,2021-07-29 07:55:30,2021,7,29,3,3,943142.8571428572,942366.6666666666,941855.5555555556,0.0053191489361701,0.0036408127043842
1627631292000,953000,2021-07-30 07:48:12,2021-07-30 07:48:12,2021,7,30,4,3,944142.8571428572,943000.0,942011.1111111112,0.0084656084656085,0.0039138214483899
1627718359000,948000,2021-07-31 07:59:19,2021-07-31 07:59:19,2021,7,31,5,3,944428.5714285716,943466.6666666666,942177.7777777778,-0.0052465897166841,0.0040597049224189
1627890584000,948000,2021-08-02 07:49:44,2021-08-02 07:49:44,2021,8,2,0,3,945142.8571428572,943966.6666666666,942355.5555555556,0.0,0.004050079299402
1627977680000,948000,2021-08-03 08:01:20,2021-08-03 08:01:20,2021,8,3,1,3,946000.0,944500.0,942444.4444444444,0.0,0.0040400884974397
1628063389000,943000,2021-08-04 07:49:49,2021-08-04 07:49:49,2021,8,4,2,3,946428.5714285716,945033.3333333334,942533.3333333334,-0.0052742616033755,0.0040355290281649
1628150771000,941000,2021-08-05 08:06:11,2021-08-05 08:06:11,2021,8,5,3,3,946571.4285714284,945333.3333333334,942622.2222222222,-0.0021208907741251,0.0039588241625517
1628237143000,939000,2021-08-06 08:05:43,2021-08-06 08:05:43,2021,8,6,4,3,945714.2857142856,945466.6666666666,942688.8888888888,-0.002125398512221,0.0039444673289379
1628323611000,931000,2021-08-07 08:06:51,2021-08-07 08:06:51,2021,8,7,5,3,942571.4285714284,945100.0,942666.6666666666,-0.0085197018104365,0.0039999891508731
1628496180000,921000,2021-08-09 08:03:00,2021-08-09 08:03:00,2021,8,9,0,3,938714.2857142856,944400.0,942566.6666666666,-0.0107411385606874,0.0044228266382839
1628582194000,925000,2021-08-10 07:56:34,2021-08-10 07:56:34,2021,8,10,1,3,935428.5714285716,943866.6666666666,942555.5555555556,0.004343105320304,0.0045183931291201
1628754723000,932000,2021-08-12 07:52:03,2021-08-12 07:52:03,2021,8,12,3,3,933142.8571428572,943633.3333333334,942566.6666666666,0.0075675675675674,0.0047436589719936
1628840506000,932000,2021-08-13 07:41:46,2021-08-13 07:41:46,2021,8,13,4,3,931571.4285714284,943366.6666666666,942677.7777777778,0.0,0.0047375490271033
1628927418000,942000,2021-08-14 07:50:18,2021-08-14 07:50:18,2021,8,14,5,3,931714.2857142856,943266.6666666666,942911.1111111112,0.0107296137339056,0.0050504601441305
1629100600000,942000,2021-08-16 07:56:40,2021-08-16 07:56:40,2021,8,16,0,3,932142.8571428572,943100.0,943144.4444444444,0.0,0.0050332767581979
1629273828000,946000,2021-08-18 08:03:48,2021-08-18 08:03:48,2021,8,18,2,3,934285.7142857144,942966.6666666666,943422.2222222222,0.0042462845010615,0.0050616649731881
1629359893000,947000,2021-08-19 07:58:13,2021-08-19 07:58:13,2021,8,19,3,3,938000.0,942866.6666666666,943611.1111111112,0.0010570824524311,0.0050662659087366
1629446121000,946000,2021-08-20 07:55:21,2021-08-20 07:55:21,2021,8,20,4,3,941000.0,942866.6666666666,943877.7777777778,-0.0010559662090813,0.005010286616139
1629532251000,948000,2021-08-21 07:50:51,2021-08-21 07:50:51,2021,8,21,5,3,943285.7142857144,942966.6666666666,944122.2222222222,0.0021141649048626,0.0050203939748808
1629705685000,946000,2021-08-23 08:01:25,2021-08-23 08:01:25,2021,8,23,0,3,945285.7142857144,942733.3333333334,944255.5555555556,-0.0021097046413501,0.0047795362064839
1629791804000,953000,2021-08-24 07:56:44,2021-08-24 07:56:44,2021,8,24,1,3,946857.1428571428,942633.3333333334,944433.3333333334,0.007399577167019,0.0049435158156153
1629877981000,950000,2021-08-25 07:53:01,2021-08-25 07:53:01,2021,8,25,2,3,948000.0,942666.6666666666,944577.7777777778,-0.0031479538300105,0.0047893656821178
1629964154000,942000,2021-08-26 07:49:14,2021-08-26 07:49:14,2021,8,26,3,3,947428.5714285716,942400.0,944677.7777777778,-0.0084210526315789,0.0050271307586409
1630051650000,942000,2021-08-27 08:07:30,2021-08-27 08:07:30,2021,8,27,4,3,946714.2857142856,942233.3333333334,944733.3333333334,0.0,0.0049975426611515
1630138829000,951000,2021-08-28 08:20:29,2021-08-28 08:20:29,2021,8,28,5,3,947428.5714285716,942400.0,944777.7777777778,0.0095541401273886,0.0052986325809997
1630233859000,951000,2021-08-29 10:44:19,2021-08-29 10:44:19,2021,8,29,6,3,947857.1428571428,942566.6666666666,944811.1111111112,0.0,0.0052986325809997
1630309974000,951000,2021-08-30 07:52:54,2021-08-30 07:52:54,2021,8,30,0,3,948571.4285714284,942833.3333333334,944855.5555555556,0.0,0.0052607757422158
1630396654000,944000,2021-08-31 07:57:34,2021-08-31 07:57:34,2021,8,31,1,3,947285.7142857144,942900.0,944711.1111111112,-0.0073606729758148,0.0054394665739307
1630483855000,941000,2021-09-01 08:10:55,2021-09-01 08:10:55,2021,9,1,2,3,946000.0,942933.3333333334,944522.2222222222,-0.0031779661016949,0.0054576111235898
1630569334000,939000,2021-09-02 07:55:34,2021-09-02 07:55:34,2021,9,2,3,3,945571.4285714284,942900.0,944311.1111111112,-0.002125398512221,0.0054720563758883
1630655422000,937000,2021-09-03 07:50:22,2021-09-03 07:50:22,2021,9,3,4,3,944857.1428571428,942633.3333333334,944066.6666666666,-0.0021299254526091,0.0053897705815302
1630742957000,943000,2021-09-04 08:09:17,2021-09-04 08:09:17,2021,9,4,5,3,943714.2857142856,942300.0,943933.3333333334,0.0064034151547491,0.0052866907126959
1630831578000,943000,2021-09-05 08:46:18,2021-09-05 08:46:18,2021,9,5,6,3,942571.4285714284,942133.3333333334,943722.2222222222,0.0,0.0052048613898048
1630915285000,942000,2021-09-06 08:01:25,2021-09-06 08:01:25,2021,9,6,0,3,941285.7142857144,941933.3333333334,943500.0,-0.0010604453870625,0.0052073153972549
1631001202000,940000,2021-09-07 07:53:22,2021-09-07 07:53:22,2021,9,7,1,3,940714.2857142856,941666.6666666666,943222.2222222222,-0.0021231422505307,0.0052189389497048
1631088501000,928000,2021-09-08 08:08:21,2021-09-08 08:08:21,2021,9,8,2,3,938857.1428571428,941166.6666666666,942811.1111111112,-0.0127659574468085,0.0056297501359006
1631174606000,930000,2021-09-09 08:03:26,2021-09-09 08:03:26,2021,9,9,3,3,937571.4285714284,940800.0,942422.2222222222,0.0021551724137931,0.0056419129444234
1631261110000,934000,2021-09-10 08:05:10,2021-09-10 08:05:10,2021,9,10,4,3,937142.8571428572,940633.3333333334,942122.2222222222,0.0043010752688172,0.0056949717120565
1631347724000,929000,2021-09-11 08:08:44,2021-09-11 08:08:44,2021,9,11,5,3,935142.8571428572,940566.6666666666,941733.3333333334,-0.0053533190578158,0.0055625423614853
1631433181000,929000,2021-09-12 07:53:01,2021-09-12 07:53:01,2021,9,12,6,3,933142.8571428572,940833.3333333334,941511.1111111112,0.0,0.0051839108479758
1631520237000,929000,2021-09-13 08:03:57,2021-09-13 08:03:57,2021,9,13,0,3,931285.7142857144,940966.6666666666,941166.6666666666,0.0,0.0051274819356188
1631606460000,932000,2021-09-14 08:01:00,2021-09-14 08:01:00,2021,9,14,1,3,930142.8571428572,940966.6666666666,940855.5555555556,0.0032292787944026,0.0049700211864712
1631695059000,936000,2021-09-15 08:37:39,2021-09-15 08:37:39,2021,9,15,2,3,931285.7142857144,941100.0,940600.0,0.0042918454935623,0.0050310608641758
1631781460000,932000,2021-09-16 08:37:40,2021-09-16 08:37:40,2021,9,16,3,3,931571.4285714284,940766.6666666666,940288.8888888888,-0.0042735042735042,0.0046768758023423
1631867246000,918000,2021-09-17 08:27:26,2021-09-17 08:27:26,2021,9,17,4,3,929285.7142857144,939966.6666666666,939855.5555555556,-0.0150214592274677,0.0053886113302266
1631952339000,918000,2021-09-18 08:05:39,2021-09-18 08:05:39,2021,9,18,5,3,927714.2857142856,939033.3333333334,939455.5555555556,0.0,0.0053053705053458
1632034585000,918000,2021-09-19 06:56:25,2021-09-19 06:56:25,2021,9,19,6,3,926142.8571428572,938066.6666666666,939022.2222222222,0.0,0.0052948238323711
1632125194000,917000,2021-09-20 08:06:34,2021-09-20 08:06:34,2021,9,20,0,3,924428.5714285716,937100.0,938677.7777777778,-0.0010893246187363,0.005294834585301
1632211564000,922000,2021-09-21 08:06:04,2021-09-21 08:06:04,2021,9,21,1,3,923000.0,936233.3333333334,938388.8888888888,0.005452562704471,0.0053971488195779
1632297377000,926000,2021-09-22 07:56:17,2021-09-22 07:56:17,2021,9,22,2,3,921571.4285714284,935566.6666666666,938177.7777777778,0.0043383947939261,0.0054756481182158
1632384537000,924000,2021-09-23 08:08:57,2021-09-23 08:08:57,2021,9,23,3,3,920428.5714285716,934600.0,937966.6666666666,-0.0021598272138229,0.0052621905507916
1632470998000,917000,2021-09-24 08:09:58,2021-09-24 08:09:58,2021,9,24,4,3,920285.7142857144,933500.0,937711.1111111112,-0.0075757575757575,0.0053847143494745
1632556980000,918000,2021-09-25 08:03:00,2021-09-25 08:03:00,2021,9,25,5,3,920285.7142857144,932700.0,937600.0,0.0010905125408942,0.0052201747397209
1632637933000,918000,2021-09-26 06:32:13,2021-09-26 06:32:13,2021,9,26,6,3,920285.7142857144,931900.0,937577.7777777778,0.0,0.0052201747397209
1632730311000,918000,2021-09-27 08:11:51,2021-09-27 08:11:51,2021,9,27,0,3,920428.5714285716,930800.0,937555.5555555556,0.0,0.0048414647787319
1632816720000,918000,2021-09-28 08:12:00,2021-09-28 08:12:00,2021,9,28,1,3,919857.1428571428,929700.0,937533.3333333334,0.0,0.0048414647787319
1632902085000,913000,2021-09-29 07:54:45,2021-09-29 07:54:45,2021,9,29,2,3,918000.0,928433.3333333334,937422.2222222222,-0.0054466230936819,0.0048980582225346
1632989825000,913000,2021-09-30 08:17:05,2021-09-30 08:17:05,2021,9,30,3,3,916428.5714285716,927400.0,937211.1111111112,0.0,0.0047690743516231
1633075544000,922000,2021-10-01 08:05:44,2021-10-01 08:05:44,2021,10,1,4,4,917142.8571428572,926766.6666666666,937122.2222222222,0.0098576122672509,0.0051518334581979
1633162708000,923000,2021-10-02 08:18:28,2021-10-02 08:18:28,2021,10,2,5,4,917857.1428571428,926233.3333333334,937022.2222222222,0.0010845986984815,0.0051538296580052
1633245664000,923000,2021-10-03 07:21:04,2021-10-03 07:21:04,2021,10,3,6,4,918571.4285714284,925766.6666666666,936922.2222222222,0.0,0.0051461194718338
1633334915000,924000,2021-10-04 08:08:35,2021-10-04 08:08:35,2021,10,4,0,4,919428.5714285716,925133.3333333334,936811.1111111112,0.0010834236186347,0.0049897113232854
1633420718000,922000,2021-10-05 07:58:38,2021-10-05 07:58:38,2021,10,5,1,4,920000.0,924433.3333333334,936677.7777777778,-0.0021645021645021,0.0049953924724294
1633507227000,917000,2021-10-06 08:00:27,2021-10-06 08:00:27,2021,10,6,2,4,920571.4285714284,923600.0,936500.0,-0.0054229934924078,0.0050680626161072
1633593872000,918000,2021-10-07 08:04:32,2021-10-07 08:04:32,2021,10,7,3,4,921285.7142857144,922866.6666666666,936344.4444444444,0.0010905125408942,0.0050749205779466
1633681271000,914000,2021-10-08 08:21:11,2021-10-08 08:21:11,2021,10,8,4,4,920142.8571428572,922400.0,936200.0,-0.0043572984749454,0.0045998866619346
1633766763000,914000,2021-10-09 08:06:03,2021-10-09 08:06:03,2021,10,9,5,4,918857.1428571428,921866.6666666666,936000.0,0.0,0.0045738041769083
1633854306000,914000,2021-10-10 08:25:06,2021-10-10 08:25:06,2021,10,10,6,4,917571.4285714284,921200.0,935766.6666666666,0.0,0.0044824084083497
1633939547000,914000,2021-10-11 08:05:47,2021-10-11 08:05:47,2021,10,11,0,4,916142.8571428572,920700.0,935455.5555555556,0.0,0.0043969909746785
1634025371000,912000,2021-10-12 07:56:11,2021-10-12 07:56:11,2021,10,12,1,4,914714.2857142856,920133.3333333334,935122.2222222222,-0.0021881838074397,0.0044059831068684
1634111780000,916000,2021-10-13 07:56:20,2021-10-13 07:56:20,2021,10,13,2,4,914571.4285714284,919700.0,934844.4444444444,0.0043859649122806,0.0044985798369218
1634198767000,928000,2021-10-14 08:06:07,2021-10-14 08:06:07,2021,10,14,3,4,916000.0,919566.6666666666,934722.2222222222,0.0131004366812226,0.0050986902497233
1634285152000,926000,2021-10-15 08:05:52,2021-10-15 08:05:52,2021,10,15,4,4,917714.2857142856,919233.3333333334,934566.6666666666,-0.0021551724137931,0.0050413996957704
1634371506000,914000,2021-10-16 08:05:06,2021-10-16 08:05:06,2021,10,16,5,4,917714.2857142856,918633.3333333334,934222.2222222222,-0.0129589632829373,0.0055030023857681
1634457234000,914000,2021-10-17 07:53:54,2021-10-17 07:53:54,2021,10,17,6,4,917714.2857142856,918500.0,933855.5555555556,0.0,0.0047854868923521
1634544241000,915000,2021-10-18 08:04:01,2021-10-18 08:04:01,2021,10,18,0,4,917857.1428571428,918400.0,933466.6666666666,0.0010940919037198,0.0047907132811019
1634630512000,915000,2021-10-19 08:01:52,2021-10-19 08:01:52,2021,10,19,1,4,918285.7142857144,918300.0,933077.7777777778,0.0,0.0047907132811019
1634717797000,916000,2021-10-20 08:16:37,2021-10-20 08:16:37,2021,10,20,2,4,918285.7142857144,918266.6666666666,932744.4444444444,0.0010928961748633,0.004791709540728
1634803981000,921000,2021-10-21 08:13:01,2021-10-21 08:13:01,2021,10,21,3,4,917285.7142857144,918233.3333333334,932477.7777777778,0.0054585152838428,0.0047919443111856
1634890141000,925000,2021-10-22 08:09:01,2021-10-22 08:09:01,2021,10,22,4,4,917142.8571428572,918200.0,932166.6666666666,0.004343105320304,0.0047920922941985
1634975591000,928000,2021-10-23 07:53:11,2021-10-23 07:53:11,2021,10,23,5,4,919142.8571428572,918333.3333333334,931855.5555555556,0.0032432432432432,0.0048105856091995
1635063793000,928000,2021-10-24 08:23:13,2021-10-24 08:23:13,2021,10,24,6,4,921142.8571428572,918700.0,931622.2222222222,0.0,0.0045842830771109
1635149115000,929000,2021-10-25 08:05:15,2021-10-25 08:05:15,2021,10,25,0,4,923142.8571428572,919066.6666666666,931388.8888888888,0.0010775862068965,0.0045842172939564
1635235786000,934000,2021-10-26 08:09:46,2021-10-26 08:09:46,2021,10,26,1,4,925857.1428571428,919600.0,931244.4444444444,0.0053821313240043,0.0046722000366937
1635321705000,929000,2021-10-27 08:01:45,2021-10-27 08:01:45,2021,10,27,2,4,927714.2857142856,919966.6666666666,931055.5555555556,-0.0053533190578158,0.0047959690817805
1635408450000,930000,2021-10-28 08:07:30,2021-10-28 08:07:30,2021,10,28,3,4,929000.0,920366.6666666666,930877.7777777778,0.0010764262648008,0.0047968361099785
1635495050000,931000,2021-10-29 08:10:50,2021-10-29 08:10:50,2021,10,29,4,4,929857.1428571428,920966.6666666666,930744.4444444444,0.0010752688172042,0.0046666800225648
1635580863000,925000,2021-10-30 08:01:03,2021-10-30 08:01:03,2021,10,30,5,4,929428.5714285716,921366.6666666666,930555.5555555556,-0.0064446831364124,0.0048431790852133
1635668035000,925000,2021-10-31 08:13:55,2021-10-31 08:13:55,2021,10,31,6,4,929000.0,921466.6666666666,930388.8888888888,0.0,0.0045052846909554
1635754113000,924000,2021-11-01 08:08:33,2021-11-01 08:08:33,2021,11,1,0,4,928285.7142857144,921500.0,930211.1111111112,-0.001081081081081,0.0045066146905866
1635840054000,930000,2021-11-02 08:00:54,2021-11-02 08:00:54,2021,11,2,1,4,927714.2857142856,921733.3333333334,930044.4444444444,0.0064935064935065,0.004657739311869
1635926952000,929000,2021-11-03 08:09:12,2021-11-03 08:09:12,2021,11,3,2,4,927714.2857142856,921900.0,929777.7777777778,-0.0010752688172043,0.0046612907755836
1636013383000,927000,2021-11-04 08:09:43,2021-11-04 08:09:43,2021,11,4,3,4,927285.7142857144,922066.6666666666,929544.4444444444,-0.0021528525296017,0.004661088309577
1636100106000,934000,2021-11-05 08:15:06,2021-11-05 08:15:06,2021,11,5,4,4,927714.2857142856,922633.3333333334,929388.8888888888,0.0075512405609492,0.0047237371193381
1636186020000,946000,2021-11-06 08:07:00,2021-11-06 08:07:00,2021,11,6,5,4,930714.2857142856,923566.6666666666,929366.6666666666,0.0128479657387581,0.0052249864647407
1636273800000,946000,2021-11-07 08:30:00,2021-11-07 08:30:00,2021,11,7,6,4,933714.2857142856,924633.3333333334,929400.0,0.0,0.0051301951796916
1636359871000,945000,2021-11-08 08:24:31,2021-11-08 08:24:31,2021,11,8,0,4,936714.2857142856,925666.6666666666,929444.4444444444,-0.0010570824524313,0.0051420567732916
1636444477000,943000,2021-11-09 07:54:37,2021-11-09 07:54:37,2021,11,9,1,4,938571.4285714284,926633.3333333334,929488.8888888888,-0.002116402116402,0.0051724544290242
1636531806000,943000,2021-11-10 08:10:06,2021-11-10 08:10:06,2021,11,10,2,4,940571.4285714284,927600.0,929622.2222222222,0.0,0.0051724544290242
1636617431000,951000,2021-11-11 07:57:11,2021-11-11 07:57:11,2021,11,11,3,4,944000.0,928900.0,929955.5555555556,0.0084835630965005,0.0053069600517679
1636704765000,956000,2021-11-12 08:12:45,2021-11-12 08:12:45,2021,11,12,4,4,947142.8571428572,930233.3333333334,930300.0,0.0052576235541534,0.0053261644097796
1636791429000,955000,2021-11-13 08:17:09,2021-11-13 08:17:09,2021,11,13,5,4,948428.5714285716,931133.3333333334,930555.5555555556,-0.0010460251046024,0.0048643684756755
1636877224000,955000,2021-11-14 08:07:04,2021-11-14 08:07:04,2021,11,14,6,4,949714.2857142856,932100.0,930811.1111111112,0.0,0.0048324651430877
1636964206000,955000,2021-11-15 08:16:46,2021-11-15 08:16:46,2021,11,15,0,4,951142.8571428572,933466.6666666666,930955.5555555556,0.0,0.0040545802931933
1637048821000,952000,2021-11-16 07:47:01,2021-11-16 07:47:01,2021,11,16,1,4,952428.5714285716,934733.3333333334,931066.6666666666,-0.0031413612565445,0.0041336900061066
1637136252000,948000,2021-11-17 08:04:12,2021-11-17 08:04:12,2021,11,17,2,4,953142.8571428572,935833.3333333334,931088.8888888888,-0.0042016806722688,0.0042569819423265
1637223472000,956000,2021-11-18 08:17:52,2021-11-18 08:17:52,2021,11,18,3,4,953857.1428571428,937200.0,931188.8888888888,0.0084388185654007,0.004450040499974
1637308925000,953000,2021-11-19 08:02:05,2021-11-19 08:02:05,2021,11,19,4,4,953428.5714285716,938433.3333333334,931266.6666666666,-0.0031380753138074,0.0045288085712865
1637395627000,947000,2021-11-20 08:07:07,2021-11-20 08:07:07,2021,11,20,5,4,952285.7142857144,939300.0,931255.5555555556,-0.0062959076600209,0.0046657740224208
1637476277000,947000,2021-11-21 06:31:17,2021-11-21 06:31:17,2021,11,21,6,4,951142.8571428572,940033.3333333334,931266.6666666666,0.0,0.0046236948263016
1637567878000,947000,2021-11-22 07:57:58,2021-11-22 07:57:58,2021,11,22,0,4,950000.0,940666.6666666666,931200.0,0.0,0.0046023227646653
1637654869000,935000,2021-11-23 08:07:49,2021-11-23 08:07:49,2021,11,23,1,4,947571.4285714284,940900.0,931033.3333333334,-0.0126715945089757,0.0052089532523123
1637741413000,929000,2021-11-24 08:10:13,2021-11-24 08:10:13,2021,11,24,2,4,944857.1428571428,940900.0,930888.8888888888,-0.0064171122994652,0.0053464781086679
1637827446000,929000,2021-11-25 08:04:06,2021-11-25 08:04:06,2021,11,25,3,4,941000.0,940733.3333333334,930744.4444444444,0.0,0.0052495506653475
1637914049000,930000,2021-11-26 08:07:29,2021-11-26 08:07:29,2021,11,26,4,4,937714.2857142856,940766.6666666666,930511.1111111112,0.0010764262648008,0.0051609536796405
1638000018000,929000,2021-11-27 08:00:18,2021-11-27 08:00:18,2021,11,27,5,4,935142.8571428572,940733.3333333334,930266.6666666666,-0.0010752688172043,0.0051611302693088
1638080755000,929000,2021-11-28 06:25:55,2021-11-28 06:25:55,2021,11,28,6,4,932571.4285714284,940666.6666666666,930022.2222222222,0.0,0.0051569721796627
1638173331000,930000,2021-11-29 08:08:51,2021-11-29 08:08:51,2021,11,29,0,4,930142.8571428572,940833.3333333334,929866.6666666666,0.0010764262648008,0.0050167333546086
1638259878000,930000,2021-11-30 08:11:18,2021-11-30 08:11:18,2021,11,30,1,4,929428.5714285716,941000.0,929744.4444444444,0.0,0.0050167333546086
1638346010000,925000,2021-12-01 08:06:50,2021-12-01 08:06:50,2021,12,1,2,4,928857.1428571428,941033.3333333334,929588.8888888888,-0.0053763440860215,0.0051146522151404
1638432432000,929000,2021-12-02 08:07:12,2021-12-02 08:07:12,2021,12,2,3,4,928857.1428571428,941000.0,929500.0,0.0043243243243242,0.0050351142170138
1638519794000,926000,2021-12-03 08:23:14,2021-12-03 08:23:14,2021,12,3,4,4,928285.7142857144,940900.0,929311.1111111112,-0.0032292787944026,0.0050658917124993
1638606502000,932000,2021-12-04 08:28:22,2021-12-04 08:28:22,2021,12,4,5,4,928714.2857142856,941066.6666666666,929188.8888888888,0.0064794816414686,0.0051886710191129
1638687743000,932000,2021-12-05 07:02:23,2021-12-05 07:02:23,2021,12,5,6,4,929142.8571428572,941000.0,929077.7777777778,0.0,0.0049990672843313
1638778526000,932000,2021-12-06 08:15:26,2021-12-06 08:15:26,2021,12,6,0,4,929428.5714285716,940533.3333333334,928988.8888888888,0.0,0.0043653457425105
1638865044000,933000,2021-12-07 08:17:24,2021-12-07 08:17:24,2021,12,7,1,4,929857.1428571428,940100.0,929044.4444444444,0.0010729613733906,0.0043738659155655
1638951162000,933000,2021-12-08 08:12:42,2021-12-08 08:12:42,2021,12,8,2,4,931000.0,939700.0,929077.7777777778,0.0,0.0043730801662226
1639037362000,930000,2021-12-09 08:09:22,2021-12-09 08:09:22,2021,12,9,3,4,931142.8571428572,939266.6666666666,929033.3333333334,-0.0032154340836012,0.0043923713343871
1639123672000,927000,2021-12-10 08:07:52,2021-12-10 08:07:52,2021,12,10,4,4,931285.7142857144,938733.3333333334,929011.1111111112,-0.0032258064516128,0.004420287941646
1639210219000,930000,2021-12-11 08:10:19,2021-12-11 08:10:19,2021,12,11,5,4,931000.0,938033.3333333334,929022.2222222222,0.0032362459546926,0.0041453279463704
1639289303000,930000,2021-12-12 06:08:23,2021-12-12 06:08:23,2021,12,12,6,4,930714.2857142856,937166.6666666666,929033.3333333334,0.0,0.0039914921292046
1639382859000,930000,2021-12-13 08:07:39,2021-12-13 08:07:39,2021,12,13,0,4,930428.5714285716,936333.3333333334,929011.1111111112,0.0,0.0039948390610267
1639470206000,929000,2021-12-14 08:23:26,2021-12-14 08:23:26,2021,12,14,1,4,929857.1428571428,935466.6666666666,928933.3333333334,-0.0010752688172043,0.0039915298191471
1639555476000,924000,2021-12-15 08:04:36,2021-12-15 08:04:36,2021,12,15,2,4,928571.4285714284,934433.3333333334,928844.4444444444,-0.0053821313240043,0.0040693230288846
1639641569000,927000,2021-12-16 07:59:29,2021-12-16 07:59:29,2021,12,16,3,4,928142.8571428572,933600.0,928944.4444444444,0.0032467532467532,0.0041251067620881
1639728756000,934000,2021-12-17 08:12:36,2021-12-17 08:12:36,2021,12,17,4,4,929142.8571428572,933133.3333333334,929122.2222222222,0.0075512405609492,0.0043505422028114
1639814575000,934000,2021-12-18 08:02:55,2021-12-18 08:02:55,2021,12,18,5,4,929714.2857142856,932400.0,929300.0,0.0,0.0040132896990572
1639894205000,934000,2021-12-19 06:10:05,2021-12-19 06:10:05,2021,12,19,6,4,930285.7142857144,931766.6666666666,929488.8888888888,0.0,0.0039902134846149
1639987243000,935000,2021-12-20 08:00:43,2021-12-20 08:00:43,2021,12,20,0,4,931000.0,931366.6666666666,929633.3333333334,0.0010706638115631,0.0038560495255445
1640073939000,934000,2021-12-21 08:05:39,2021-12-21 08:05:39,2021,12,21,1,4,931714.2857142856,930933.3333333334,929722.2222222222,-0.0010695187165775,0.0038569976355757
1640160001000,931000,2021-12-22 08:00:01,2021-12-22 08:00:01,2021,12,22,2,4,932714.2857142856,930400.0,929800.0,-0.0032119914346895,0.0038884292838565
1640246512000,932000,2021-12-23 08:01:52,2021-12-23 08:01:52,2021,12,23,3,4,933428.5714285716,930300.0,929966.6666666666,0.0010741138560688,0.0031522952550632
1640333808000,933000,2021-12-24 08:16:48,2021-12-24 08:16:48,2021,12,24,4,4,933285.7142857144,930433.3333333334,930133.3333333334,0.0010729613733906,0.0029231926281433
1640592615000,931000,2021-12-27 08:10:15,2021-12-27 08:10:15,2021,12,27,0,4,932857.1428571428,930500.0,930277.7777777778,-0.0021436227224008,0.0029529662497885
1640678267000,934000,2021-12-28 07:57:47,2021-12-28 07:57:47,2021,12,28,1,4,932857.1428571428,930633.3333333334,930455.5555555556,0.0032223415682062,0.0030035945898375
1640765261000,932000,2021-12-29 08:07:41,2021-12-29 08:07:41,2021,12,29,2,4,932428.5714285716,930733.3333333334,930611.1111111112,-0.0021413276231263,0.0030247904803259
1640851711000,933000,2021-12-30 08:08:31,2021-12-30 08:08:31,2021,12,30,3,4,932285.7142857144,930866.6666666666,930833.3333333334,0.0010729613733906,0.0030297611352098
1640938971000,938000,2021-12-31 08:22:51,2021-12-31 08:22:51,2021,12,31,4,4,933285.7142857144,931133.3333333334,931111.1111111112,0.0053590568060022,0.0031725591932844
1641198426000,945000,2022-01-03 08:27:06,2022-01-03 08:27:06,2022,1,3,0,1,935142.8571428572,931633.3333333334,931366.6666666666,0.007462686567164,0.0034310428996186
1641283929000,935000,2022-01-04 08:12:09,2022-01-04 08:12:09,2022,1,4,1,1,935428.5714285716,931966.6666666666,931500.0,-0.0105820105820105,0.0038469587041571
1641370348000,940000,2022-01-05 08:12:28,2022-01-05 08:12:28,2022,1,5,2,1,936714.2857142856,932333.3333333334,931688.8888888888,0.0053475935828877,0.0038875903819453
1641456064000,941000,2022-01-06 08:01:04,2022-01-06 08:01:04,2022,1,6,3,1,937714.2857142856,932833.3333333334,931877.7777777778,0.001063829787234,0.0038279559412831
1641542667000,934000,2022-01-07 08:04:27,2022-01-07 08:04:27,2022,1,7,4,1,938000.0,932900.0,932011.1111111112,-0.0074388947927735,0.0039258282447507
1641629494000,934000,2022-01-08 08:11:34,2022-01-08 08:11:34,2022,1,8,5,1,938142.8571428572,932966.6666666666,932200.0,0.0,0.0039258282447507
1641710411000,934000,2022-01-09 06:40:11,2022-01-09 06:40:11,2022,1,9,6,1,937571.4285714284,933033.3333333334,932377.7777777778,0.0,0.0039258282447507
1641801049000,933000,2022-01-10 07:50:49,2022-01-10 07:50:49,2022,1,10,0,1,935857.1428571428,933033.3333333334,932588.8888888888,-0.0010706638115631,0.0039266196764736
1641888758000,934000,2022-01-11 08:12:38,2022-01-11 08:12:38,2022,1,11,1,1,935714.2857142856,933066.6666666666,932811.1111111112,0.0010718113612004,0.0039314225621556
1641974926000,940000,2022-01-12 08:08:46,2022-01-12 08:08:46,2022,1,12,2,1,935714.2857142856,933400.0,933100.0,0.006423982869379,0.0040480948971998
1642061261000,941000,2022-01-13 08:07:41,2022-01-13 08:07:41,2022,1,13,3,1,935714.2857142856,933866.6666666666,933400.0,0.001063829787234,0.0039922791456583
1642147275000,939000,2022-01-14 08:01:15,2022-01-14 08:01:15,2022,1,14,4,1,936428.5714285716,934166.6666666666,933700.0,-0.002125398512221,0.0039859158159012
1642234327000,938000,2022-01-15 08:12:07,2022-01-15 08:12:07,2022,1,15,5,1,937000.0,934433.3333333334,933944.4444444444,-0.0010649627263046,0.003993679536517
1642315260000,938000,2022-01-16 06:41:00,2022-01-16 06:41:00,2022,1,16,6,1,937571.4285714284,934700.0,934055.5555555556,0.0,0.003993679536517
1642407695000,937000,2022-01-17 08:21:35,2022-01-17 08:21:35,2022,1,17,0,1,938142.8571428572,934966.6666666666,934177.7777777778,-0.0010660980810234,0.0039935715209398
1642494261000,939000,2022-01-18 08:24:21,2022-01-18 08:24:21,2022,1,18,1,1,938857.1428571428,935466.6666666666,934455.5555555556,0.0021344717182496,0.0038587194631799
1642578703000,936000,2022-01-19 07:51:43,2022-01-19 07:51:43,2022,1,19,2,1,938285.7142857144,935766.6666666666,934700.0,-0.0031948881789137,0.0038822969045265
1642667190000,948000,2022-01-20 08:26:30,2022-01-20 08:26:30,2022,1,20,3,1,939285.7142857144,936233.3333333334,935066.6666666666,0.0128205128205127,0.0043153375229298
1642752587000,947000,2022-01-21 08:09:47,2022-01-21 08:09:47,2022,1,21,4,1,940428.5714285716,936666.6666666666,935422.2222222222,-0.0010548523206751,0.0043238836520414
1642839079000,945000,2022-01-22 08:11:19,2022-01-22 08:11:19,2022,1,22,5,1,941428.5714285716,937033.3333333334,935744.4444444444,-0.0021119324181626,0.0043489176004019
1642920828000,945000,2022-01-23 06:53:48,2022-01-23 06:53:48,2022,1,23,6,1,942428.5714285716,937366.6666666666,936011.1111111112,0.0,0.0043476126966663
1643012203000,944000,2022-01-24 08:16:43,2022-01-24 08:16:43,2022,1,24,0,1,943428.5714285716,937700.0,936222.2222222222,-0.001058201058201,0.0043474845237739
1643098446000,947000,2022-01-25 08:14:06,2022-01-25 08:14:06,2022,1,25,1,1,944571.4285714284,938233.3333333334,936433.3333333334,0.0031779661016948,0.004322696339695
1643184462000,950000,2022-01-26 08:07:42,2022-01-26 08:07:42,2022,1,26,2,1,946571.4285714284,938833.3333333334,936677.7777777778,0.0031678986272438,0.0043478261429262
1643270910000,938000,2022-01-27 08:08:30,2022-01-27 08:08:30,2022,1,27,3,1,945142.8571428572,939000.0,936777.7777777778,-0.0126315789473684,0.0049760877904808
1643359798000,930000,2022-01-28 08:49:58,2022-01-28 08:49:58,2022,1,28,4,1,942714.2857142856,938966.6666666666,936733.3333333334,-0.0085287846481876,0.005210388702633
1643443419000,928000,2022-01-29 08:03:39,2022-01-29 08:03:39,2022,1,29,5,1,940285.7142857144,938766.6666666666,936722.2222222222,-0.0021505376344086,0.0051872909175549
1643527430000,928000,2022-01-30 07:23:50,2022-01-30 07:23:50,2022,1,30,6,1,937857.1428571428,938633.3333333334,936700.0,0.0,0.0051743987515859
1643617778000,927000,2022-01-31 08:29:38,2022-01-31 08:29:38,2022,1,31,0,1,935428.5714285716,938433.3333333334,936655.5555555556,-0.0010775862068965,0.0051720487605132
1643702152000,931000,2022-02-01 07:55:52,2022-02-01 07:55:52,2022,2,1,1,1,933142.8571428572,938200.0,936722.2222222222,0.0043149946062568,0.0051367302211891
1643789053000,932000,2022-02-02 08:04:13,2022-02-02 08:04:13,2022,2,2,2,1,930571.4285714284,937766.6666666666,936800.0,0.0010741138560688,0.0049349865164463
1643876364000,933000,2022-02-03 08:19:24,2022-02-03 08:19:24,2022,2,3,3,1,929857.1428571428,937700.0,936900.0,0.0010729613733906,0.0045538877169081
1643961625000,934000,2022-02-04 08:00:25,2022-02-04 08:00:25,2022,2,4,4,1,930428.5714285716,937500.0,936944.4444444444,0.0010718113612004,0.0044443567673364
1644049560000,935000,2022-02-05 08:26:00,2022-02-05 08:26:00,2022,2,5,5,1,931428.5714285716,937300.0,937011.1111111112,0.0010706638115631,0.0044444241602045
1644130015000,935000,2022-02-06 06:46:55,2022-02-06 06:46:55,2022,2,6,6,1,932428.5714285716,937333.3333333334,937100.0,0.0,0.004229136794206
1644222068000,937000,2022-02-07 08:21:08,2022-02-07 08:21:08,2022,2,7,0,1,933857.1428571428,937433.3333333334,937133.3333333334,0.0021390374331551,0.004246360360278
1644224330000,937000,2022-02-07 08:58:50,2022-02-07 08:58:50,2022,2,7,0,1,934714.2857142856,937533.3333333334,937033.3333333334,0.0,0.004246360360278
1644307828000,943000,2022-02-08 08:10:28,2022-02-08 08:10:28,2022,2,8,1,1,936285.7142857144,937866.6666666666,937000.0,0.0064034151547491,0.0043911461235636
1644394401000,943000,2022-02-09 08:13:21,2022-02-09 08:13:21,2022,2,9,2,1,937714.2857142856,938166.6666666666,936977.7777777778,0.0,0.0043895549571989
1644480774000,945000,2022-02-10 08:12:54,2022-02-10 08:12:54,2022,2,10,3,1,939285.7142857144,938333.3333333334,937000.0,0.002120890774125,0.0042516636333649
1644567075000,941000,2022-02-11 08:11:15,2022-02-11 08:11:15,2022,2,11,4,1,940142.8571428572,938333.3333333334,936977.7777777778,-0.0042328042328042,0.0043233066864553
1644654717000,953000,2022-02-12 08:31:57,2022-02-12 08:31:57,2022,2,12,5,1,942714.2857142856,938800.0,937000.0,0.0127523910733262,0.004886636980684
1644734826000,953000,2022-02-13 06:47:06,2022-02-13 06:47:06,2022,2,13,6,1,945000.0,939300.0,936966.6666666666,0.0,0.0048787008006654
1644825325000,953000,2022-02-14 07:55:25,2022-02-14 07:55:25,2022,2,14,0,1,947285.7142857144,939800.0,936944.4444444444,0.0,0.0048787008006654
1644912561000,957000,2022-02-15 08:09:21,2022-02-15 08:09:21,2022,2,15,1,1,949285.7142857144,940466.6666666666,936966.6666666666,0.0041972717733473,0.0049134499040823
1644999602000,946000,2022-02-16 08:20:02,2022-02-16 08:20:02,2022,2,16,2,1,949714.2857142856,940700.0,936866.6666666666,-0.0114942528735632,0.0053851712271238
1645084933000,953000,2022-02-17 08:02:13,2022-02-17 08:02:13,2022,2,17,3,1,950857.1428571428,941266.6666666666,936877.7777777778,0.007399577167019,0.0054969070586708
1645172111000,967000,2022-02-18 08:15:11,2022-02-18 08:15:11,2022,2,18,4,1,954571.4285714284,941900.0,937088.8888888888,0.0146904512067156,0.0056485937603895
1645258182000,969000,2022-02-19 08:09:42,2022-02-19 08:09:42,2022,2,19,5,1,956857.1428571428,942633.3333333334,937233.3333333334,0.0020682523267838,0.0056443510680568
1645340006000,969000,2022-02-20 06:53:26,2022-02-20 06:53:26,2022,2,20,6,1,959142.8571428572,943433.3333333334,937411.1111111112,0.0,0.0056201412755236
1645430414000,972000,2022-02-21 08:00:14,2022-02-21 08:00:14,2022,2,21,0,1,961857.1428571428,944333.3333333334,937688.8888888888,0.0030959752321981,0.0056323761029508
1645517790000,972000,2022-02-22 08:16:30,2022-02-22 08:16:30,2022,2,22,1,1,964000.0,945266.6666666666,937966.6666666666,0.0,0.0056226399035114
1645604688000,969000,2022-02-23 08:24:48,2022-02-23 08:24:48,2022,2,23,2,1,967285.7142857144,946000.0,938211.1111111112,-0.0030864197530864,0.0056548151940459
1645690408000,974000,2022-02-24 08:13:28,2022-02-24 08:13:28,2022,2,24,3,1,970285.7142857144,946800.0,938644.4444444444,0.0051599587203301,0.0056953574591066
1645705724000,984000,2022-02-24 12:28:44,2022-02-24 12:28:44,2022,2,24,3,1,972714.2857142856,948333.3333333334,939255.5555555556,0.0102669404517454,0.0053505742109716
1645729307000,994000,2022-02-24 19:01:47,2022-02-24 19:01:47,2022,2,24,3,1,976285.7142857144,950466.6666666666,939977.7777777778,0.0101626016260163,0.005215698583639
1645777028000,975000,2022-02-25 08:17:08,2022-02-25 08:17:08,2022,2,25,4,1,977142.8571428572,952033.3333333334,940477.7777777778,-0.0191146881287725,0.0064750211728529
1645863177000,969000,2022-02-26 08:12:57,2022-02-26 08:12:57,2022,2,26,5,1,976714.2857142856,953400.0,940922.2222222222,-0.0061538461538461,0.0066254321513543
1645949220000,969000,2022-02-27 08:07:00,2022-02-27 08:07:00,2022,2,27,6,1,976285.7142857144,954800.0,941366.6666666666,0.0,0.00661409265448
1646035314000,978000,2022-02-28 08:01:54,2022-02-28 08:01:54,2022,2,28,0,1,977571.4285714284,956366.6666666666,941900.0,0.0092879256965945,0.0067480534832159
1646123056000,977000,2022-03-01 08:24:16,2022-03-01 08:24:16,2022,3,1,1,1,978000.0,957866.6666666666,942422.2222222222,-0.0010224948875255,0.0067652199207
1646209428000,987000,2022-03-02 08:23:48,2022-03-02 08:23:48,2022,3,2,2,1,978428.5714285716,959666.6666666666,943111.1111111112,0.0102354145342886,0.0069452545737672
1646295084000,987000,2022-03-03 08:11:24,2022-03-03 08:11:24,2022,3,3,3,1,977428.5714285716,961433.3333333334,943755.5555555556,0.0,0.0069524180214507
1646382429000,990000,2022-03-04 08:27:09,2022-03-04 08:27:09,2022,3,4,4,1,979571.4285714284,963266.6666666666,944466.6666666666,0.0030395136778116,0.0069539548778505
1646467749000,1005000,2022-03-05 08:09:09,2022-03-05 08:09:09,2022,3,5,5,1,984714.2857142856,965600.0,945277.7777777778,0.0151515151515151,0.0073479605050308
1646550489000,1005000,2022-03-06 07:08:09,2022-03-06 07:08:09,2022,3,6,6,1,989857.1428571428,967866.6666666666,946088.8888888888,0.0,0.0073613029907969
1646639663000,1013000,2022-03-07 07:54:23,2022-03-07 07:54:23,2022,3,7,0,1,994857.1428571428,970400.0,946988.8888888888,0.0079601990049751,0.0074164017467953
1646727836000,1019000,2022-03-08 08:23:56,2022-03-08 08:23:56,2022,3,8,1,1,1000857.1428571428,972933.3333333334,947944.4444444444,0.0059230009871669,0.00740848660706
1646814338000,1036000,2022-03-09 08:25:38,2022-03-09 08:25:38,2022,3,9,2,1,1007857.1428571428,976033.3333333334,949088.8888888888,0.0166830225711482,0.0078202335763213
1646900695000,1010000,2022-03-10 08:24:55,2022-03-10 08:24:55,2022,3,10,3,1,1011142.8571428572,978200.0,949977.7777777778,-0.025096525096525,0.0093711056327003
1646985444000,1010000,2022-03-11 07:57:24,2022-03-11 07:57:24,2022,3,11,4,1,1014000.0,980500.0,950900.0,0.0,0.0093015465542243
1647073207000,1009000,2022-03-12 08:20:07,2022-03-12 08:20:07,2022,3,12,5,1,1014571.4285714284,982366.6666666666,951777.7777777778,-0.0009900990099009,0.0091107491760863
1647154311000,1009000,2022-03-13 06:51:51,2022-03-13 06:51:51,2022,3,13,6,1,1015142.8571428572,984233.3333333334,952655.5555555556,0.0,0.0091107491760863
1647245846000,1001000,2022-03-14 08:17:26,2022-03-14 08:17:26,2022,3,14,0,1,1013428.5714285716,985833.3333333334,953444.4444444444,-0.0079286422200198,0.0092825088260298
1647332070000,994000,2022-03-15 08:14:30,2022-03-15 08:14:30,2022,3,15,1,1,1009857.1428571428,987066.6666666666,954166.6666666666,-0.0069930069930069,0.0094019812645163
1647418299000,984000,2022-03-16 08:11:39,2022-03-16 08:11:39,2022,3,16,2,1,1002428.5714285716,988333.3333333334,954833.3333333334,-0.0100603621730381,0.0093380817019727
1647504271000,986000,2022-03-17 08:04:31,2022-03-17 08:04:31,2022,3,17,3,1,999000.0,989433.3333333334,955488.8888888888,0.0020325203252031,0.0092694629969037
1647591748000,991000,2022-03-18 08:22:28,2022-03-18 08:22:28,2022,3,18,4,1,996285.7142857144,990233.3333333334,956122.2222222222,0.0050709939148072,0.0089466455227676
1647677360000,984000,2022-03-19 08:09:20,2022-03-19 08:09:20,2022,3,19,5,1,992714.2857142856,990733.3333333334,956677.7777777778,-0.007063572149344,0.0090586385970333
1647761781000,984000,2022-03-20 07:36:21,2022-03-20 07:36:21,2022,3,20,6,1,989142.8571428572,991233.3333333334,957233.3333333334,0.0,0.0090586385970333
1647850009000,983000,2022-03-21 08:06:49,2022-03-21 08:06:49,2022,3,21,0,1,986571.4285714284,991600.0,957766.6666666666,-0.0010162601626015,0.0090499247292315
1647936438000,989000,2022-03-22 08:07:18,2022-03-22 08:07:18,2022,3,22,1,1,985857.1428571428,992166.6666666666,958377.7777777778,0.0061037639877925,0.0091086958769029
1648023072000,984000,2022-03-23 08:11:12,2022-03-23 08:11:12,2022,3,23,2,1,985857.1428571428,992666.6666666666,958966.6666666666,-0.0050556117290192,0.0091433436642862
1648109676000,994000,2022-03-24 08:14:36,2022-03-24 08:14:36,2022,3,24,3,1,987000.0,993333.3333333334,959655.5555555556,0.0101626016260163,0.0092749384391935
1648195910000,1000000,2022-03-25 08:11:50,2022-03-25 08:11:50,2022,3,25,4,1,988285.7142857144,993866.6666666666,960400.0,0.0060362173038228,0.009156168471736
1648282049000,999000,2022-03-26 08:07:29,2022-03-26 08:07:29,2022,3,26,5,1,990428.5714285716,994033.3333333334,961155.5555555556,-0.001,0.0089783452220903
1648365488000,999000,2022-03-27 07:18:08,2022-03-27 07:18:08,2022,3,27,6,1,992571.4285714284,994833.3333333334,961877.7777777778,0.0,0.0082048544315984
1648455225000,999000,2022-03-28 08:13:45,2022-03-28 08:13:45,2022,3,28,0,1,994857.1428571428,995833.3333333334,962622.2222222222,0.0,0.0081001388715537
1648541263000,985000,2022-03-29 08:07:43,2022-03-29 08:07:43,2022,3,29,1,1,994285.7142857144,996366.6666666666,963200.0,-0.014014014014014,0.0085540746030915
1648627793000,983000,2022-03-30 08:09:53,2022-03-30 08:09:53,2022,3,30,2,1,994142.8571428572,996533.3333333334,963700.0,-0.0020304568527919,0.0084051394064714
1648713816000,987000,2022-03-31 08:03:36,2022-03-31 08:03:36,2022,3,31,3,1,993142.8571428572,996866.6666666666,964166.6666666666,0.0040691759918616,0.0084308816375121
1648801031000,989000,2022-04-01 08:17:11,2022-04-01 08:17:11,2022,4,1,4,2,991571.4285714284,996933.3333333334,964766.6666666666,0.0020263424518742,0.008230618402429
1648887347000,985000,2022-04-02 08:15:47,2022-04-02 08:15:47,2022,4,2,5,2,989571.4285714284,996866.6666666666,965266.6666666666,-0.0040444893832153,0.0082653694038853
1648970353000,985000,2022-04-03 07:19:13,2022-04-03 07:19:13,2022,4,3,6,2,987571.4285714284,996700.0,965755.5555555556,0.0,0.0082449931580192
1649059778000,985000,2022-04-04 08:09:38,2022-04-04 08:09:38,2022,4,4,0,2,985571.4285714284,996033.3333333334,966322.2222222222,0.0,0.007723858975025
1649145925000,988000,2022-04-05 08:05:25,2022-04-05 08:05:25,2022,4,5,1,2,986000.0,995466.6666666666,966922.2222222222,0.0030456852791878,0.0077525357652346
1649233097000,983000,2022-04-06 08:18:17,2022-04-06 08:18:17,2022,4,6,2,2,986000.0,994466.6666666666,967466.6666666666,-0.0050607287449392,0.0076236981115277
1649318689000,984000,2022-04-07 08:04:49,2022-04-07 08:04:49,2022,4,7,3,2,985571.4285714284,993300.0,968033.3333333334,0.0010172939979653,0.007522617024788
1649405292000,988000,2022-04-08 08:08:12,2022-04-08 08:08:12,2022,4,8,4,2,985428.5714285716,991700.0,968633.3333333334,0.0040650406504065,0.0068110138613251
1649491293000,994000,2022-04-09 08:01:33,2022-04-09 08:01:33,2022,4,9,5,2,986714.2857142856,991166.6666666666,969233.3333333334,0.0060728744939271,0.0053079579592738
1649576289000,994000,2022-04-10 07:38:09,2022-04-10 07:38:09,2022,4,10,6,2,988000.0,990633.3333333334,969822.2222222222,0.0,0.0053079579592738
1649664087000,993000,2022-04-11 08:01:27,2022-04-11 08:01:27,2022,4,11,0,2,989142.8571428572,990100.0,970422.2222222222,-0.0010060362173037,0.005308007584444
1649751311000,997000,2022-04-12 08:15:11,2022-04-12 08:15:11,2022,4,12,1,2,990428.5714285716,989700.0,971077.7777777778,0.0040281973816715,0.0053721514824468
1649837540000,1002000,2022-04-13 08:12:20,2022-04-13 08:12:20,2022,4,13,2,2,993142.8571428572,989733.3333333334,971788.8888888888,0.0050150451354062,0.005264071961292
1649923854000,1006000,2022-04-14 08:10:54,2022-04-14 08:10:54,2022,4,14,3,2,996285.7142857144,990133.3333333334,972555.5555555556,0.0039920159680639,0.0051380550589662
1650010645000,1005000,2022-04-15 08:17:25,2022-04-15 08:17:25,2022,4,15,4,2,998714.2857142856,990833.3333333334,973288.8888888888,-0.0009940357852882,0.0047530006866476
1650097166000,1005000,2022-04-16 08:19:26,2022-04-16 08:19:26,2022,4,16,5,2,1000285.7142857144,991466.6666666666,974055.5555555556,0.0,0.0047480575273514
1650180906000,1005000,2022-04-17 07:35:06,2022-04-17 07:35:06,2022,4,17,6,2,1001857.1428571428,991933.3333333334,974688.8888888888,0.0,0.0046748430706538
1650269533000,1010000,2022-04-18 08:12:13,2022-04-18 08:12:13,2022,4,18,0,2,1004285.7142857144,992800.0,975388.8888888888,0.0049751243781095,0.0045192352177449
1650355253000,1007000,2022-04-19 08:00:53,2022-04-19 08:00:53,2022,4,19,1,2,1005714.2857142856,993566.6666666666,976077.7777777778,-0.0029702970297029,0.0045714066101531
1650442444000,995000,2022-04-20 08:14:04,2022-04-20 08:14:04,2022,4,20,2,2,1004714.2857142856,993966.6666666666,976633.3333333334,-0.0119165839126117,0.0051194820492774
1650528897000,998000,2022-04-21 08:14:57,2022-04-21 08:14:57,2022,4,21,3,2,1003571.4285714284,994266.6666666666,977233.3333333334,0.0030150753768845,0.005031480125534
1650615114000,997000,2022-04-22 08:11:54,2022-04-22 08:11:54,2022,4,22,4,2,1002428.5714285716,994700.0,977788.8888888888,-0.0010020040080159,0.0049358194911172
1650702070000,989000,2022-04-23 08:21:10,2022-04-23 08:21:10,2022,4,23,5,2,1000142.8571428572,994533.3333333334,978222.2222222222,-0.0080240722166499,0.0048171226075468
1650784714000,989000,2022-04-24 07:18:34,2022-04-24 07:18:34,2022,4,24,6,2,997857.1428571428,994166.6666666666,978788.8888888888,0.0,0.0046734458051453
1650874039000,988000,2022-04-25 08:07:19,2022-04-25 08:07:19,2022,4,25,0,2,994714.2857142856,993800.0,979433.3333333334,-0.0010111223458038,0.004673498929814
1650961123000,982000,2022-04-26 08:18:43,2022-04-26 08:18:43,2022,4,26,1,2,991142.8571428572,993233.3333333334,980033.3333333334,-0.0060728744939271,0.0047875687765294
1651046948000,981000,2022-04-27 08:09:08,2022-04-27 08:09:08,2022,4,27,2,2,989142.8571428572,992633.3333333334,980622.2222222222,-0.0010183299389001,0.0047870653384928
1651133298000,975000,2022-04-28 08:08:18,2022-04-28 08:08:18,2022,4,28,3,2,985857.1428571428,992300.0,981155.5555555556,-0.0061162079510703,0.0042054761922001
1652084864000,977000,2022-05-09 08:27:44,2022-05-09 08:27:44,2022,5,9,0,2,983000.0,992100.0,981666.6666666666,0.0020512820512821,0.0042146330187634
1652170396000,970000,2022-05-10 08:13:16,2022-05-10 08:13:16,2022,5,10,1,2,980285.7142857144,991533.3333333334,982088.8888888888,-0.007164790174002,0.0043203953000174
1652257204000,966000,2022-05-11 08:20:04,2022-05-11 08:20:04,2022,5,11,2,2,977000.0,990766.6666666666,982455.5555555556,-0.0041237113402061,0.0043388252623334
1652344113000,975000,2022-05-12 08:28:33,2022-05-12 08:28:33,2022,5,12,3,2,975142.8571428572,990433.3333333334,982911.1111111112,0.0093167701863354,0.004665124199742
1652429654000,969000,2022-05-13 08:14:14,2022-05-13 08:14:14,2022,5,13,4,2,973285.7142857144,989900.0,983288.8888888888,-0.0061538461538461,0.0047839158346329
1652515852000,967000,2022-05-14 08:10:52,2022-05-14 08:10:52,2022,5,14,5,2,971285.7142857144,989300.0,983644.4444444444,-0.002063983488132,0.0047907978561207
1652598982000,967000,2022-05-15 07:16:22,2022-05-15 07:16:22,2022,5,15,6,2,970142.8571428572,988600.0,983977.7777777778,0.0,0.0047428319412587
1652688999000,967000,2022-05-16 08:16:39,2022-05-16 08:16:39,2022,5,16,0,2,968714.2857142856,988066.6666666666,984311.1111111112,0.0,0.0046720375473049
1652776028000,974000,2022-05-17 08:27:08,2022-05-17 08:27:08,2022,5,17,1,2,969285.7142857144,987733.3333333334,984655.5555555556,0.0072388831437435,0.0048769681418788
1652862551000,971000,2022-05-18 08:29:11,2022-05-18 08:29:11,2022,5,18,2,2,970000.0,987166.6666666666,984966.6666666666,-0.0030800821355235,0.0048292213249625
1652948439000,973000,2022-05-19 08:20:39,2022-05-19 08:20:39,2022,5,19,3,2,969714.2857142856,986466.6666666666,985277.7777777778,0.0020597322348094,0.0046925994561143
1653035098000,985000,2022-05-20 08:24:58,2022-05-20 08:24:58,2022,5,20,4,2,972000.0,986166.6666666666,985766.6666666666,0.0123329907502569,0.0052618149948574
1653121259000,984000,2022-05-21 08:20:59,2022-05-21 08:20:59,2022,5,21,5,2,974428.5714285716,985866.6666666666,986111.1111111112,-0.0010152284263958,0.0052618584108122
1653202338000,984000,2022-05-22 06:52:18,2022-05-22 06:52:18,2022,5,22,6,2,976857.1428571428,985433.3333333334,986455.5555555556,0.0,0.0051988835177135
1653292060000,984000,2022-05-23 07:47:40,2022-05-23 07:47:40,2022,5,23,0,2,979285.7142857144,984833.3333333334,986800.0,0.0,0.005097592691407
1653379384000,987000,2022-05-24 08:03:04,2022-05-24 08:03:04,2022,5,24,1,2,981142.8571428572,984200.0,987133.3333333334,0.0030487804878047,0.0050711878312293
1653466838000,992000,2022-05-25 08:20:38,2022-05-25 08:20:38,2022,5,25,2,2,984142.8571428572,983766.6666666666,987644.4444444444,0.0050658561296859,0.0051755132385673
1653552690000,988000,2022-05-26 08:11:30,2022-05-26 08:11:30,2022,5,26,3,2,986285.7142857144,983200.0,988033.3333333334,-0.0040322580645161,0.0052164015894403
1653638220000,988000,2022-05-27 07:57:00,2022-05-27 07:57:00,2022,5,27,4,2,986714.2857142856,982633.3333333334,988266.6666666666,0.0,0.0052164015894403
1653725813000,986000,2022-05-28 08:16:53,2022-05-28 08:16:53,2022,5,28,5,2,987000.0,981833.3333333334,988455.5555555556,-0.0020242914979756,0.0051160764769692
1653807766000,986000,2022-05-29 07:02:46,2022-05-29 07:02:46,2022,5,29,6,2,987285.7142857144,981133.3333333334,988644.4444444444,0.0,0.0051011201414475
1653898877000,985000,2022-05-30 08:21:17,2022-05-30 08:21:17,2022,5,30,0,2,987428.5714285716,980800.0,988788.8888888888,-0.0010141987829614,0.0046413470444779
1653984086000,983000,2022-05-31 08:01:26,2022-05-31 08:01:26,2022,5,31,1,2,986857.1428571428,980300.0,988911.1111111112,-0.0020304568527919,0.0046073861658465
1654072346000,979000,2022-06-01 08:32:26,2022-06-01 08:32:26,2022,6,1,2,2,985000.0,979700.0,989022.2222222222,-0.0040691759918616,0.0046528439583972
1654157167000,984000,2022-06-02 08:06:07,2022-06-02 08:06:07,2022,6,2,3,2,984428.5714285716,979533.3333333334,989133.3333333334,0.0051072522982635,0.004546467589991
1654244488000,989000,2022-06-03 08:21:28,2022-06-03 08:21:28,2022,6,3,4,2,984571.4285714284,979533.3333333334,989188.8888888888,0.0050813008130081,0.0046461520648888
1654330843000,979000,2022-06-04 08:20:43,2022-06-04 08:20:43,2022,6,4,5,2,983571.4285714284,979233.3333333334,989022.2222222222,-0.0101112234580383,0.0049988228833465
1654413391000,979000,2022-06-05 07:16:31,2022-06-05 07:16:31,2022,6,5,6,2,982571.4285714284,979133.3333333334,989066.6666666666,0.0,0.0048781969640867
1654503273000,980000,2022-06-06 08:14:33,2022-06-06 08:14:33,2022,6,6,0,2,981857.1428571428,979100.0,989188.8888888888,0.0010214504596526,0.0048790340677883
1654588693000,976000,2022-06-07 07:58:13,2022-06-07 07:58:13,2022,6,7,1,2,980857.1428571428,979133.3333333334,989266.6666666666,-0.0040816326530612,0.0048049886031393
1654676420000,981000,2022-06-08 08:20:20,2022-06-08 08:20:20,2022,6,8,2,2,981142.8571428572,979266.6666666666,989300.0,0.0051229508196721,0.0048813280124547
1654761723000,983000,2022-06-09 08:02:03,2022-06-09 08:02:03,2022,6,9,3,2,981000.0,979700.0,989366.6666666666,0.0020387359836901,0.0046914209511966
1654849311000,984000,2022-06-10 08:21:51,2022-06-10 08:21:51,2022,6,10,4,2,980285.7142857144,980300.0,989333.3333333334,0.0010172939979653,0.0046116394645585
1654935623000,995000,2022-06-11 08:20:23,2022-06-11 08:20:23,2022,6,11,5,2,982571.4285714284,980966.6666666666,989422.2222222222,0.0111788617886179,0.0047432991127964
1655017227000,995000,2022-06-12 07:00:27,2022-06-12 07:00:27,2022,6,12,6,2,984857.1428571428,981833.3333333334,989477.7777777778,0.0,0.004567006128795
1655108430000,996000,2022-06-13 08:20:30,2022-06-13 08:20:30,2022,6,13,0,2,987142.8571428572,982800.0,989377.7777777778,0.0010050251256281,0.0045327289624865
1655194448000,986000,2022-06-14 08:14:08,2022-06-14 08:14:08,2022,6,14,1,2,988571.4285714284,983433.3333333334,989166.6666666666,-0.0100401606425702,0.0049593345650886
1655280655000,984000,2022-06-15 08:10:55,2022-06-15 08:10:55,2022,6,15,2,2,989000.0,984000.0,988844.4444444444,-0.0020283975659228,0.0049824259248793
1655367588000,994000,2022-06-16 08:19:48,2022-06-16 08:19:48,2022,6,16,3,2,990571.4285714284,984666.6666666666,988566.6666666666,0.0101626016260163,0.0051429116209664
1655454268000,999000,2022-06-17 08:24:28,2022-06-17 08:24:28,2022,6,17,4,2,992714.2857142856,985600.0,988155.5555555556,0.0050301810865192,0.0051510268884332
1655540338000,999000,2022-06-18 08:18:58,2022-06-18 08:18:58,2022,6,18,5,2,993285.7142857144,986466.6666666666,988033.3333333334,0.0,0.0051496019377063
1655623541000,999000,2022-06-19 07:25:41,2022-06-19 07:25:41,2022,6,19,6,2,993857.1428571428,986933.3333333334,987911.1111111112,0.0,0.0046752025742626
1655713257000,999000,2022-06-20 08:20:57,2022-06-20 08:20:57,2022,6,20,0,2,994285.7142857144,987433.3333333334,987800.0,0.0,0.0046676662495939
1655799647000,999000,2022-06-21 08:20:47,2022-06-21 08:20:47,2022,6,21,1,2,996142.8571428572,987933.3333333334,987688.8888888888,0.0,0.0046676662495939
1655885687000,993000,2022-06-22 08:14:47,2022-06-22 08:14:47,2022,6,22,2,2,997428.5714285716,988233.3333333334,987600.0,-0.0060060060060059,0.0048169292925597
1655971276000,999000,2022-06-23 08:01:16,2022-06-23 08:01:16,2022,6,23,3,2,998142.8571428572,988633.3333333334,987655.5555555556,0.0060422960725075,0.0049057059860911
1656058777000,992000,2022-06-24 08:19:37,2022-06-24 08:19:37,2022,6,24,4,2,997142.8571428572,988633.3333333334,987744.4444444444,-0.0070070070070069,0.0050051648462243
1656145122000,992000,2022-06-25 08:18:42,2022-06-25 08:18:42,2022,6,25,5,2,996142.8571428572,988766.6666666666,987811.1111111112,0.0,0.0049466111180169
1656228755000,992000,2022-06-26 07:32:35,2022-06-26 07:32:35,2022,6,26,6,2,995142.8571428572,988900.0,987822.2222222222,0.0,0.0049466111180169
1656317072000,994000,2022-06-27 08:04:32,2022-06-27 08:04:32,2022,6,27,0,2,994428.5714285716,989166.6666666666,987933.3333333334,0.002016129032258,0.0049404690122948
1656403881000,988000,2022-06-28 08:11:21,2022-06-28 08:11:21,2022,6,28,1,2,992857.1428571428,989233.3333333334,987977.7777777778,-0.0060362173038229,0.0050734429332489
1656490578000,988000,2022-06-29 08:16:18,2022-06-29 08:16:18,2022,6,29,2,2,992142.8571428572,989333.3333333334,988033.3333333334,0.0,0.0050692777896438
1656576432000,988000,2022-06-30 08:07:12,2022-06-30 08:07:12,2022,6,30,3,2,990571.4285714284,989500.0,988022.2222222222,0.0,0.0050531910594756
1656663982000,984000,2022-07-01 08:26:22,2022-07-01 08:26:22,2022,7,1,4,3,989428.5714285716,989666.6666666666,988022.2222222222,-0.0040485829959514,0.0050525950971975
1656750220000,991000,2022-07-02 08:23:40,2022-07-02 08:23:40,2022,7,2,5,3,989285.7142857144,989900.0,987988.8888888888,0.0071138211382113,0.0051326875858247
1656832511000,991000,2022-07-03 07:15:11,2022-07-03 07:15:11,2022,7,3,6,3,989142.8571428572,989966.6666666666,987888.8888888888,0.0,0.0050509154882465
1656922816000,989000,2022-07-04 08:20:16,2022-07-04 08:20:16,2022,7,4,0,3,988428.5714285716,990300.0,987777.7777777778,-0.0020181634712411,0.0046911655859689
1657009208000,989000,2022-07-05 08:20:08,2022-07-05 08:20:08,2022,7,5,1,3,988571.4285714284,990633.3333333334,987666.6666666666,0.0,0.0046911655859689
1657096119000,977000,2022-07-06 08:28:39,2022-07-06 08:28:39,2022,7,6,2,3,987000.0,990533.3333333334,987422.2222222222,-0.0121334681496461,0.0052120781010008
1657181291000,969000,2022-07-07 08:08:11,2022-07-07 08:08:11,2022,7,7,3,3,984285.7142857144,990300.0,987244.4444444444,-0.0081883316274309,0.005372029736118
1657268374000,969000,2022-07-08 08:19:34,2022-07-08 08:19:34,2022,7,8,4,3,982142.8571428572,989900.0,987088.8888888888,0.0,0.0052767150008794
1657353863000,969000,2022-07-09 08:04:23,2022-07-09 08:04:23,2022,7,9,5,3,979000.0,989433.3333333334,986888.8888888888,0.0,0.0052573604766667
1657527621000,969000,2022-07-11 08:20:21,2022-07-11 08:20:21,2022,7,11,0,3,975857.1428571428,988933.3333333334,986666.6666666666,0.0,0.0052507488439983
1657613413000,966000,2022-07-12 08:10:13,2022-07-12 08:10:13,2022,7,12,1,3,972571.4285714284,987966.6666666666,986455.5555555556,-0.0030959752321981,0.0047819054447989
1657699844000,964000,2022-07-13 08:10:44,2022-07-13 08:10:44,2022,7,13,2,3,969000.0,986933.3333333334,986222.2222222222,-0.0020703933747412,0.0047822978076471
1657786066000,967000,2022-07-14 08:07:46,2022-07-14 08:07:46,2022,7,14,3,3,967571.4285714284,985966.6666666666,986022.2222222222,0.0031120331950207,0.0048286661444088
1657872795000,962000,2022-07-15 08:13:15,2022-07-15 08:13:15,2022,7,15,4,3,966571.4285714284,985166.6666666666,985733.3333333334,-0.0051706308169596,0.0045892776394188
1657958835000,962000,2022-07-16 08:07:15,2022-07-16 08:07:15,2022,7,16,5,3,965571.4285714284,984433.3333333334,985500.0,0.0,0.0045856620627816
1658041732000,962000,2022-07-17 07:08:52,2022-07-17 07:08:52,2022,7,17,6,3,964571.4285714284,983366.6666666666,985255.5555555556,0.0,0.0041021132499184
1658131331000,963000,2022-07-18 08:02:11,2022-07-18 08:02:11,2022,7,18,0,3,963714.2857142856,982166.6666666666,984977.7777777778,0.001039501039501,0.0039592917101291
1658218743000,961000,2022-07-19 08:19:03,2022-07-19 08:19:03,2022,7,19,1,3,963000.0,980900.0,984611.1111111112,-0.0020768431983385,0.0039554692361816
1658305124000,963000,2022-07-20 08:18:44,2022-07-20 08:18:44,2022,7,20,2,3,962857.1428571428,979700.0,984266.6666666666,0.0020811654526535,0.0039968037427551
1658391128000,957000,2022-07-21 08:12:08,2022-07-21 08:12:08,2022,7,21,3,3,961428.5714285716,978300.0,983866.6666666666,-0.0062305295950155,0.0040922360266163
1658478052000,965000,2022-07-22 08:20:52,2022-07-22 08:20:52,2022,7,22,4,3,961857.1428571428,977166.6666666666,983511.1111111112,0.0083594566353186,0.0044604798014951
1658564143000,970000,2022-07-23 08:15:43,2022-07-23 08:15:43,2022,7,23,5,3,963000.0,976400.0,983155.5555555556,0.005181347150259,0.0045073803817972
1658647602000,970000,2022-07-24 07:26:42,2022-07-24 07:26:42,2022,7,24,6,3,964142.8571428572,975433.3333333334,982755.5555555556,0.0,0.004323688401946
1658737010000,969000,2022-07-25 08:16:50,2022-07-25 08:16:50,2022,7,25,0,3,965000.0,974666.6666666666,982355.5555555556,-0.0010309278350515,0.0041710452179915
1658823449000,966000,2022-07-26 08:17:29,2022-07-26 08:17:29,2022,7,26,1,3,965714.2857142856,973800.0,981922.2222222222,-0.0030959752321981,0.0041895137840787
1658909500000,966000,2022-07-27 08:11:40,2022-07-27 08:11:40,2022,7,27,2,3,966142.8571428572,972933.3333333334,981488.8888888888,0.0,0.0041895137840787
1658995839000,978000,2022-07-28 08:10:39,2022-07-28 08:10:39,2022,7,28,3,3,969142.8571428572,972400.0,981133.3333333334,0.0124223602484472,0.0048205372344853
1659082793000,982000,2022-07-29 08:19:53,2022-07-29 08:19:53,2022,7,29,4,3,971571.4285714284,972200.0,980855.5555555556,0.0040899795501021,0.0047759756977811
1659169161000,982000,2022-07-30 08:19:21,2022-07-30 08:19:21,2022,7,30,5,3,973285.7142857144,972000.0,980711.1111111112,0.0,0.0047759756977811
1659252849000,982000,2022-07-31 07:34:09,2022-07-31 07:34:09,2022,7,31,6,3,975000.0,971800.0,980533.3333333334,0.0,0.0047759756977811
1659340379000,980000,2022-08-01 07:52:59,2022-08-01 07:52:59,2022,8,1,0,3,976571.4285714284,971666.6666666666,980344.4444444444,-0.0020366598778004,0.004733894667699
1659428381000,984000,2022-08-02 08:19:41,2022-08-02 08:19:41,2022,8,2,1,3,979142.8571428572,971433.3333333334,980288.8888888888,0.0040816326530612,0.0046046158047969
1659514714000,978000,2022-08-03 08:18:34,2022-08-03 08:18:34,2022,8,3,2,3,980857.1428571428,971000.0,980166.6666666666,-0.0060975609756097,0.004727238581076
1659599983000,983000,2022-08-04 07:59:43,2022-08-04 07:59:43,2022,8,4,3,3,981571.4285714284,970800.0,980111.1111111112,0.0051124744376278,0.0048228914651481
1659686313000,998000,2022-08-05 07:58:33,2022-08-05 07:58:33,2022,8,5,4,3,983857.1428571428,971100.0,980288.8888888888,0.0152594099694811,0.0055878034056886
1659773935000,989000,2022-08-06 08:18:55,2022-08-06 08:18:55,2022,8,6,5,3,984857.1428571428,971500.0,980377.7777777778,-0.0090180360721442,0.0053732660141424
1659857036000,989000,2022-08-07 07:23:56,2022-08-07 07:23:56,2022,8,7,6,3,985857.1428571428,972166.6666666666,980533.3333333334,0.0,0.0051230065913209
1659944932000,987000,2022-08-08 07:48:52,2022-08-08 07:48:52,2022,8,8,0,3,986857.1428571428,972766.6666666666,980644.4444444444,-0.0020222446916077,0.0051457051743806
1660032135000,996000,2022-08-09 08:02:15,2022-08-09 08:02:15,2022,8,9,1,3,988571.4285714284,973666.6666666666,980933.3333333334,0.0091185410334346,0.0053717707132909
1660119036000,995000,2022-08-10 08:10:36,2022-08-10 08:10:36,2022,8,10,2,3,991000.0,974533.3333333334,981255.5555555556,-0.001004016064257,0.0053808870739032
1660205447000,995000,2022-08-11 08:10:47,2022-08-11 08:10:47,2022,8,11,3,3,992714.2857142856,975500.0,981477.7777777778,0.0,0.0053311254925148
1660291646000,990000,2022-08-12 08:07:26,2022-08-12 08:07:26,2022,8,12,4,3,991571.4285714284,976366.6666666666,981711.1111111112,-0.0050251256281407,0.0054164203871404
1660378685000,990000,2022-08-13 08:18:05,2022-08-13 08:18:05,2022,8,13,5,3,991714.2857142856,977133.3333333334,981966.6666666666,0.0,0.0054024100863622
1660460908000,990000,2022-08-14 07:08:28,2022-08-14 07:08:28,2022,8,14,6,3,991857.1428571428,978066.6666666666,982222.2222222222,0.0,0.0052866683379339
1660551502000,988000,2022-08-15 08:18:22,2022-08-15 08:18:22,2022,8,15,0,3,992000.0,978933.3333333334,982455.5555555556,-0.002020202020202,0.0053122579117189
1660638058000,980000,2022-08-16 08:20:58,2022-08-16 08:20:58,2022,8,16,1,3,989714.2857142856,979533.3333333334,982522.2222222222,-0.0080971659919028,0.0055596555719138
1660724371000,980000,2022-08-17 08:19:31,2022-08-17 08:19:31,2022,8,17,2,3,987571.4285714284,980100.0,982622.2222222222,0.0,0.0055602741178129
1660809622000,975000,2022-08-18 08:00:22,2022-08-18 08:00:22,2022,8,18,3,3,984714.2857142856,980566.6666666666,982644.4444444444,-0.0051020408163264,0.0056373619801991
1660896789000,974000,2022-08-19 08:13:09,2022-08-19 08:13:09,2022,8,19,4,3,982428.5714285716,980933.3333333334,982522.2222222222,-0.001025641025641,0.0056358032083522
1660983477000,972000,2022-08-20 08:17:57,2022-08-20 08:17:57,2022,8,20,5,3,979857.1428571428,981433.3333333334,982388.8888888888,-0.002053388090349,0.0055168394647638
1661065383000,972000,2022-08-21 07:03:03,2022-08-21 07:03:03,2022,8,21,6,3,977285.7142857144,981666.6666666666,982255.5555555556,0.0,0.0053153479552034
1661155813000,971000,2022-08-22 08:10:13,2022-08-22 08:10:13,2022,8,22,0,3,974857.1428571428,981700.0,982111.1111111112,-0.0010288065843621,0.0052372111587502
1661242849000,968000,2022-08-23 08:20:49,2022-08-23 08:20:49,2022,8,23,1,3,973142.8571428572,981633.3333333334,981900.0,-0.0030895983522142,0.0052684628212586
1661329386000,972000,2022-08-24 08:23:06,2022-08-24 08:23:06,2022,8,24,2,3,972000.0,981733.3333333334,981677.7777777778,0.0041322314049587,0.0053195820772607
1661414681000,972000,2022-08-25 08:04:41,2022-08-25 08:04:41,2022,8,25,3,3,971571.4285714284,981933.3333333334,981500.0,0.0,0.0052850265298931
1661501677000,972000,2022-08-26 08:14:37,2022-08-26 08:14:37,2022,8,26,4,3,971285.7142857144,982133.3333333334,981322.2222222222,0.0,0.0052850265298931
1661588287000,964000,2022-08-27 08:18:07,2022-08-27 08:18:07,2022,8,27,5,3,970142.8571428572,981666.6666666666,981077.7777777778,-0.008230452674897,0.0049768531311134
1661671745000,964000,2022-08-28 07:29:05,2022-08-28 07:29:05,2022,8,28,6,3,969000.0,981066.6666666666,980833.3333333334,0.0,0.0049031469449675
1661760402000,962000,2022-08-29 08:06:42,2022-08-29 08:06:42,2022,8,29,0,3,967714.2857142856,980400.0,980577.7777777778,-0.0020746887966804,0.0049089488823682
1661846780000,965000,2022-08-30 08:06:20,2022-08-30 08:06:20,2022,8,30,1,3,967285.7142857144,979833.3333333334,980377.7777777778,0.003118503118503,0.0049565022015545
1661934028000,957000,2022-08-31 08:20:28,2022-08-31 08:20:28,2022,8,31,2,3,965142.8571428572,979066.6666666666,980133.3333333334,-0.0082901554404145,0.0051481014070436
1662019687000,949000,2022-09-01 08:08:07,2022-09-01 08:08:07,2022,9,1,3,3,961857.1428571428,977900.0,979744.4444444444,-0.0083594566353186,0.005243304592855
1662106710000,947000,2022-09-02 08:18:30,2022-09-02 08:18:30,2022,9,2,4,3,958285.7142857144,976866.6666666666,979277.7777777778,-0.0021074815595363,0.0051646273334735
1662193752000,952000,2022-09-03 08:29:12,2022-09-03 08:29:12,2022,9,3,5,3,956571.4285714284,975833.3333333334,978977.7777777778,0.0052798310454065,0.0051716103495114
1662273058000,952000,2022-09-04 06:30:58,2022-09-04 06:30:58,2022,9,4,6,3,954857.1428571428,974300.0,978677.7777777778,0.0,0.0041639778859892
1662364743000,951000,2022-09-05 07:59:03,2022-09-05 07:59:03,2022,9,5,0,3,953285.7142857144,973033.3333333334,978355.5555555556,-0.0010504201680672,0.0039189931476888
1662453200000,955000,2022-09-06 08:33:20,2022-09-06 08:33:20,2022,9,6,1,3,951857.1428571428,971900.0,978122.2222222222,0.0042060988433227,0.004040378085321
1662538007000,946000,2022-09-07 08:06:47,2022-09-07 08:06:47,2022,9,7,2,3,950285.7142857144,970533.3333333334,977733.3333333334,-0.0094240837696335,0.0043118803207312
1662624843000,950000,2022-09-08 08:14:03,2022-09-08 08:14:03,2022,9,8,3,3,950428.5714285716,969000.0,977366.6666666666,0.0042283298097252,0.003980022199313
1662711506000,947000,2022-09-09 08:18:26,2022-09-09 08:18:26,2022,9,9,4,3,950428.5714285716,967400.0,976955.5555555556,-0.0031578947368421,0.0039889285139767
1662796453000,947000,2022-09-10 07:54:13,2022-09-10 07:54:13,2022,9,10,5,3,949714.2857142856,965800.0,976422.2222222222,0.0,0.0039889285139767
1662881118000,947000,2022-09-11 07:25:18,2022-09-11 07:25:18,2022,9,11,6,3,949000.0,964366.6666666666,975888.8888888888,0.0,0.0039471257694675
1662970144000,947000,2022-09-12 08:09:04,2022-09-12 08:09:04,2022,9,12,0,3,948428.5714285716,962933.3333333334,975344.4444444444,0.0,0.0039471257694675
1663057072000,950000,2022-09-13 08:17:52,2022-09-13 08:17:52,2022,9,13,1,3,947714.2857142856,961600.0,974944.4444444444,0.0031678986272438,0.0040293695683127
1663143045000,942000,2022-09-14 08:10:45,2022-09-14 08:10:45,2022,9,14,2,3,947142.8571428572,960066.6666666666,974477.7777777778,-0.0084210526315789,0.004229695716656
1663229984000,942000,2022-09-15 08:19:44,2022-09-15 08:19:44,2022,9,15,3,3,946000.0,958800.0,973900.0,0.0,0.0040541414577114
1663316324000,933000,2022-09-16 08:18:44,2022-09-16 08:18:44,2022,9,16,4,3,944000.0,957233.3333333334,973166.6666666666,-0.0095541401273885,0.0043146268726716
1663402682000,940000,2022-09-17 08:18:02,2022-09-17 08:18:02,2022,9,17,5,3,943000.0,956066.6666666666,972511.1111111112,0.007502679528403,0.0045707673533155
1663483707000,940000,2022-09-18 06:48:27,2022-09-18 06:48:27,2022,9,18,6,3,942000.0,954933.3333333334,971855.5555555556,0.0,0.0045760089822855
1663574342000,940000,2022-09-19 07:59:02,2022-09-19 07:59:02,2022,9,19,0,3,941000.0,953866.6666666666,971200.0,0.0,0.0045777512314293
1663661849000,942000,2022-09-20 08:17:29,2022-09-20 08:17:29,2022,9,20,1,3,939857.1428571428,952866.6666666666,970566.6666666666,0.0021276595744681,0.0046118173769364
1663747628000,937000,2022-09-21 08:07:08,2022-09-21 08:07:08,2022,9,21,2,3,939142.8571428572,951733.3333333334,969944.4444444444,-0.0053078556263269,0.0046773517880781
1663834581000,937000,2022-09-22 08:16:21,2022-09-22 08:16:21,2022,9,22,3,3,938428.5714285716,950700.0,969255.5555555556,0.0,0.0046677871009535
1663921141000,941000,2022-09-23 08:19:01,2022-09-23 08:19:01,2022,9,23,4,3,939571.4285714284,949666.6666666666,968688.8888888888,0.0042689434364995,0.0046731086224201
1664007526000,932000,2022-09-24 08:18:46,2022-09-24 08:18:46,2022,9,24,5,3,938428.5714285716,948333.3333333334,968022.2222222222,-0.0095642933049946,0.0049175039393707
1664089108000,932000,2022-09-25 06:58:28,2022-09-25 06:58:28,2022,9,25,6,3,937285.7142857144,947000.0,967355.5555555556,0.0,0.0049175039393707
1664179786000,932000,2022-09-26 08:09:46,2022-09-26 08:09:46,2022,9,26,0,3,936142.8571428572,945933.3333333334,966666.6666666666,0.0,0.004749315715405
1664266285000,930000,2022-09-27 08:11:25,2022-09-27 08:11:25,2022,9,27,1,3,934428.5714285716,944800.0,966022.2222222222,-0.0021459227467811,0.0047481232844113
1664352572000,932000,2022-09-28 08:09:32,2022-09-28 08:09:32,2022,9,28,2,3,933714.2857142856,943800.0,965400.0,0.0021505376344086,0.0047833650707073
1664438510000,942000,2022-09-29 08:01:50,2022-09-29 08:01:50,2022,9,29,3,3,934428.5714285716,943033.3333333334,964888.8888888888,0.0107296137339056,0.0051958327811421
1664525021000,945000,2022-09-30 08:03:41,2022-09-30 08:03:41,2022,9,30,4,3,935000.0,942633.3333333334,964455.5555555556,0.0031847133757962,0.005044890855968
1664612370000,943000,2022-10-01 08:19:30,2022-10-01 08:19:30,2022,10,1,5,4,936571.4285714284,942433.3333333334,963922.2222222222,-0.002116402116402,0.0048297683002163
1664695327000,943000,2022-10-02 07:22:07,2022-10-02 07:22:07,2022,10,2,6,4,938142.8571428572,942300.0,963388.8888888888,0.0,0.0048163769233906
1664785138000,945000,2022-10-03 08:18:58,2022-10-03 08:18:58,2022,10,3,0,4,940000.0,942066.6666666666,962900.0,0.002120890774125,0.0047277450103371
1664871599000,955000,2022-10-04 08:19:59,2022-10-04 08:19:59,2022,10,4,1,4,943571.4285714284,942166.6666666666,962522.2222222222,0.0105820105820106,0.0051240433608495
1664957984000,962000,2022-10-05 08:19:44,2022-10-05 08:19:44,2022,10,5,2,4,947857.1428571428,942533.3333333334,962355.5555555556,0.0073298429319372,0.0052841023520233
1665043761000,957000,2022-10-06 08:09:21,2022-10-06 08:09:21,2022,10,6,3,4,950000.0,942600.0,962222.2222222222,-0.0051975051975051,0.0053290697041357
1665130709000,953000,2022-10-07 08:18:29,2022-10-07 08:18:29,2022,10,7,4,4,951142.8571428572,942833.3333333334,962044.4444444444,-0.0041797283176593,0.0050869511386239
1665216255000,949000,2022-10-08 08:04:15,2022-10-08 08:04:15,2022,10,8,5,4,952000.0,942800.0,961822.2222222222,-0.0041972717733472,0.0050927918299753
1665298617000,949000,2022-10-09 06:56:57,2022-10-09 06:56:57,2022,10,9,6,4,952857.1428571428,942866.6666666666,961600.0,0.0,0.0050582714965116
1665389915000,949000,2022-10-10 08:18:35,2022-10-10 08:18:35,2022,10,10,0,4,953428.5714285716,942933.3333333334,961411.1111111112,0.0,0.0050582714965116
1665476333000,941000,2022-10-11 08:18:53,2022-10-11 08:18:53,2022,10,11,1,4,951428.5714285716,942733.3333333334,961155.5555555556,-0.0084299262381454,0.0052917833790502
1665561520000,941000,2022-10-12 07:58:40,2022-10-12 07:58:40,2022,10,12,2,4,948428.5714285716,942533.3333333334,960866.6666666666,0.0,0.0052917833790502
1665647400000,945000,2022-10-13 07:50:00,2022-10-13 07:50:00,2022,10,13,3,4,946714.2857142856,942366.6666666666,960677.7777777778,0.004250797024442,0.0053191594908703
1665735844000,940000,2022-10-14 08:24:04,2022-10-14 08:24:04,2022,10,14,4,4,944857.1428571428,942300.0,960433.3333333334,-0.0052910052910053,0.005180466568484
1665821430000,935000,2022-10-15 08:10:30,2022-10-15 08:10:30,2022,10,15,5,4,942857.1428571428,942066.6666666666,960133.3333333334,-0.0053191489361702,0.0052686917985767
1665905197000,935000,2022-10-16 07:26:37,2022-10-16 07:26:37,2022,10,16,6,4,940857.1428571428,942133.3333333334,959822.2222222222,0.0,0.0049660361197093
1665993817000,935000,2022-10-17 08:03:37,2022-10-17 08:03:37,2022,10,17,0,4,938857.1428571428,941966.6666666666,959533.3333333334,0.0,0.0047643328160586
1666082013000,940000,2022-10-18 08:33:33,2022-10-18 08:33:33,2022,10,18,1,4,938714.2857142856,941966.6666666666,959277.7777777778,0.0053475935828877,0.0048696620834018
1666167640000,940000,2022-10-19 08:20:40,2022-10-19 08:20:40,2022,10,19,2,4,938571.4285714284,941966.6666666666,959088.8888888888,0.0,0.0048696620834018
1666254022000,933000,2022-10-20 08:20:22,2022-10-20 08:20:22,2022,10,20,3,4,936857.1428571428,941666.6666666666,958733.3333333334,-0.0074468085106382,0.0050370567440678
1666339861000,936000,2022-10-21 08:11:01,2022-10-21 08:11:01,2022,10,21,4,4,936285.7142857144,941633.3333333334,958355.5555555556,0.0032154340836012,0.0049854118378188
1666426492000,945000,2022-10-22 08:14:52,2022-10-22 08:14:52,2022,10,22,5,4,937714.2857142856,941900.0,958077.7777777778,0.0096153846153845,0.0052869487458631
1666514779000,945000,2022-10-23 08:46:19,2022-10-23 08:46:19,2022,10,23,6,4,939142.8571428572,942033.3333333334,957811.1111111112,0.0,0.0052335349542606
1666598700000,946000,2022-10-24 08:05:00,2022-10-24 08:05:00,2022,10,24,0,4,940714.2857142856,942500.0,957588.8888888888,0.0010582010582009,0.0049021618956129
1666686449000,943000,2022-10-25 08:27:29,2022-10-25 08:27:29,2022,10,25,1,4,941142.8571428572,942866.6666666666,957333.3333333334,-0.0031712473572939,0.0049474919442847
1666772117000,943000,2022-10-26 08:15:17,2022-10-26 08:15:17,2022,10,26,2,4,941571.4285714284,943233.3333333334,956944.4444444444,0.0,0.0049474919442847
1666859283000,948000,2022-10-27 08:28:03,2022-10-27 08:28:03,2022,10,27,3,4,943714.2857142856,943833.3333333334,956566.6666666666,0.0053022269353129,0.0050017543346087
1666945184000,944000,2022-10-28 08:19:44,2022-10-28 08:19:44,2022,10,28,4,4,944857.1428571428,944233.3333333334,956144.4444444444,-0.0042194092827003,0.0050706459572918
1667031229000,939000,2022-10-29 08:13:49,2022-10-29 08:13:49,2022,10,29,5,4,944000.0,944133.3333333334,955666.6666666666,-0.0052966101694915,0.0047852840625395
1667111940000,939000,2022-10-30 06:39:00,2022-10-30 06:39:00,2022,10,30,6,4,943142.8571428572,943933.3333333334,955211.1111111112,0.0,0.0047451684925036
1667204761000,939000,2022-10-31 08:26:01,2022-10-31 08:26:01,2022,10,31,0,4,942142.8571428572,943800.0,954711.1111111112,0.0,0.0047314290922879
1667290945000,936000,2022-11-01 08:22:25,2022-11-01 08:22:25,2022,11,1,1,4,941142.8571428572,943566.6666666666,954244.4444444444,-0.0031948881789137,0.0047642237669197
1667377586000,944000,2022-11-02 08:26:26,2022-11-02 08:26:26,2022,11,2,2,4,941285.7142857144,943533.3333333334,953811.1111111112,0.0085470085470085,0.0050119321652722
1667463859000,939000,2022-11-03 08:24:19,2022-11-03 08:24:19,2022,11,3,3,4,940000.0,943000.0,953155.5555555556,-0.0052966101694915,0.0046808467871713
1667550097000,939000,2022-11-04 08:21:37,2022-11-04 08:21:37,2022,11,4,4,4,939285.7142857144,942233.3333333334,952600.0,0.0,0.0044403446661638
1667636508000,954000,2022-11-05 08:21:48,2022-11-05 08:21:48,2022,11,5,5,4,941428.5714285716,942133.3333333334,952211.1111111112,0.0159744408945687,0.00531344774157
1667718695000,954000,2022-11-06 07:11:35,2022-11-06 07:11:35,2022,11,6,6,4,943571.4285714284,942166.6666666666,951844.4444444444,0.0,0.0052570404715432
1667808833000,951000,2022-11-07 08:13:53,2022-11-07 08:13:53,2022,11,7,0,4,945285.7142857144,942233.3333333334,951344.4444444444,-0.0031446540880503,0.0052311763120053
1667895657000,950000,2022-11-08 08:20:57,2022-11-08 08:20:57,2022,11,8,1,4,947285.7142857144,942266.6666666666,950844.4444444444,-0.0010515247108306,0.0052352753071747
1667981878000,961000,2022-11-09 08:17:58,2022-11-09 08:17:58,2022,11,9,2,4,949714.2857142856,942666.6666666666,950466.6666666666,0.0115789473684211,0.0056425701872784
1668068651000,959000,2022-11-10 08:24:11,2022-11-10 08:24:11,2022,11,10,3,4,952571.4285714284,943266.6666666666,950122.2222222222,-0.0020811654526534,0.0054130404172149
1668155128000,974000,2022-11-11 08:25:28,2022-11-11 08:25:28,2022,11,11,4,4,957571.4285714284,944366.6666666666,949944.4444444444,0.0156412930135558,0.0060629424207059
1668241370000,972000,2022-11-12 08:22:50,2022-11-12 08:22:50,2022,11,12,5,4,960142.8571428572,945266.6666666666,949744.4444444444,-0.002053388090349,0.0060616336125546
1668325480000,972000,2022-11-13 07:44:40,2022-11-13 07:44:40,2022,11,13,6,4,962714.2857142856,946333.3333333334,949566.6666666666,0.0,0.0059495069194109
1668414022000,970000,2022-11-14 08:20:22,2022-11-14 08:20:22,2022,11,14,0,4,965428.5714285716,947500.0,949455.5555555556,-0.0020576131687243,0.0058566033064231
1668499804000,973000,2022-11-15 08:10:04,2022-11-15 08:10:04,2022,11,15,1,4,968714.2857142856,948766.6666666666,949377.7777777778,0.0030927835051546,0.0058612017575007
1668585800000,981000,2022-11-16 08:03:20,2022-11-16 08:03:20,2022,11,16,2,4,971571.4285714284,950300.0,949444.4444444444,0.0082219938335046,0.0059870042945358
1668673300000,981000,2022-11-17 08:21:40,2022-11-17 08:21:40,2022,11,17,3,4,974714.2857142856,951666.6666666666,949522.2222222222,0.0,0.0059516789225081
1668759777000,980000,2022-11-18 08:22:57,2022-11-18 08:22:57,2022,11,18,4,4,975571.4285714284,953000.0,949611.1111111112,-0.001019367991845,0.0059630891334736
1668846280000,978000,2022-11-19 08:24:40,2022-11-19 08:24:40,2022,11,19,5,4,976428.5714285716,954500.0,949677.7777777778,-0.0020408163265306,0.0057646852559939
1668929739000,978000,2022-11-20 07:35:39,2022-11-20 07:35:39,2022,11,20,6,4,977285.7142857144,955900.0,949755.5555555556,0.0,0.0057632625395358
1669018477000,978000,2022-11-21 08:14:37,2022-11-21 08:14:37,2022,11,21,0,4,978428.5714285716,957000.0,949866.6666666666,0.0,0.0055589874927121
1669105201000,975000,2022-11-22 08:20:01,2022-11-22 08:20:01,2022,11,22,1,4,978714.2857142856,958000.0,949900.0,-0.0030674846625766,0.0056090387874633
1669191233000,977000,2022-11-23 08:13:53,2022-11-23 08:13:53,2022,11,23,2,4,978142.8571428572,959033.3333333334,949955.5555555556,0.0020512820512821,0.0056119733054144
1669278088000,981000,2022-11-24 08:21:28,2022-11-24 08:21:28,2022,11,24,3,4,978142.8571428572,960300.0,950055.5555555556,0.0040941658137154,0.0055783849123967
1669363796000,980000,2022-11-25 08:09:56,2022-11-25 08:09:56,2022,11,25,4,4,978142.8571428572,961533.3333333334,950233.3333333334,-0.001019367991845,0.005589875205813
1669449840000,981000,2022-11-26 08:04:00,2022-11-26 08:04:00,2022,11,26,5,4,978571.4285714284,962633.3333333334,950422.2222222222,0.0010204081632652,0.0055385563745042
1669533434000,981000,2022-11-27 07:17:14,2022-11-27 07:17:14,2022,11,27,6,4,979000.0,963866.6666666666,950633.3333333334,0.0,0.0054502155000519
1669622666000,979000,2022-11-28 08:04:26,2022-11-28 08:04:26,2022,11,28,0,4,979142.8571428572,965200.0,950788.8888888888,-0.00203873598369,0.0053457707888476
1669710029000,977000,2022-11-29 08:20:29,2022-11-29 08:20:29,2022,11,29,1,4,979428.5714285716,966466.6666666666,951011.1111111112,-0.0020429009193053,0.0053772076101204
1669795162000,981000,2022-11-30 07:59:22,2022-11-30 07:59:22,2022,11,30,2,4,980000.0,967866.6666666666,951366.6666666666,0.0040941658137154,0.0053940296006373
1669882479000,991000,2022-12-01 08:14:39,2022-12-01 08:14:39,2022,12,1,3,4,981428.5714285716,969700.0,951855.5555555556,0.0101936799184505,0.0055461730111097
1669971041000,1004000,2022-12-02 08:50:41,2022-12-02 08:50:41,2022,12,2,4,4,984857.1428571428,971700.0,952433.3333333334,0.0131180625630675,0.0057918639426615
1670055606000,998000,2022-12-03 08:20:06,2022-12-03 08:20:06,2022,12,3,5,4,987285.7142857144,973666.6666666666,952944.4444444444,-0.0059760956175298,0.0058229194335974
1670138075000,998000,2022-12-04 07:14:35,2022-12-04 07:14:35,2022,12,4,6,4,989714.2857142856,975633.3333333334,953466.6666666666,0.0,0.0058229194335974
1670227241000,999000,2022-12-05 08:00:41,2022-12-05 08:00:41,2022,12,5,0,4,992571.4285714284,977133.3333333334,953955.5555555556,0.001002004008016,0.0051961830823174
1670314075000,984000,2022-12-06 08:07:55,2022-12-06 08:07:55,2022,12,6,1,4,993571.4285714284,978133.3333333334,954377.7777777778,-0.015015015015015,0.0060100695009364
1670400503000,984000,2022-12-07 08:08:23,2022-12-07 08:08:23,2022,12,7,2,4,994000.0,979233.3333333334,954755.5555555556,0.0,0.0059616149686942
1670486478000,999000,2022-12-08 08:01:18,2022-12-08 08:01:18,2022,12,8,3,4,995142.8571428572,980866.6666666666,955333.3333333334,0.0152439024390242,0.0064739980950038
1670572941000,1003000,2022-12-09 08:02:21,2022-12-09 08:02:21,2022,12,9,4,4,995000.0,982266.6666666666,955955.5555555556,0.0040040040040039,0.0062179915142804
1670660132000,1007000,2022-12-10 08:15:32,2022-12-10 08:15:32,2022,12,10,5,4,996285.7142857144,983866.6666666666,956622.2222222222,0.0039880358923229,0.0061979921493986
1670742851000,1007000,2022-12-11 07:14:11,2022-12-11 07:14:11,2022,12,11,6,4,997571.4285714284,984966.6666666666,957288.8888888888,0.0,0.005610278523377
1670832637000,1005000,2022-12-12 08:10:37,2022-12-12 08:10:37,2022,12,12,0,4,998428.5714285716,986066.6666666666,957900.0,-0.0019860973187686,0.0056089766626876
1670919772000,998000,2022-12-13 08:22:52,2022-12-13 08:22:52,2022,12,13,1,4,1000428.5714285716,986933.3333333334,958522.2222222222,-0.0069651741293532,0.005798268667492
1671005283000,1013000,2022-12-14 08:08:03,2022-12-14 08:08:03,2022,12,14,2,4,1004571.4285714284,988366.6666666666,959311.1111111112,0.0150300601202404,0.0063143911117874
1671092700000,1013000,2022-12-15 08:25:00,2022-12-15 08:25:00,2022,12,15,3,4,1006571.4285714284,989700.0,960200.0,0.0,0.0063121642992141
1671178758000,1000000,2022-12-16 08:19:18,2022-12-16 08:19:18,2022,12,16,4,4,1006142.8571428572,990333.3333333334,960866.6666666666,-0.012833168805528,0.0066828865434487
1671264589000,1008000,2022-12-17 08:09:49,2022-12-17 08:09:49,2022,12,17,5,4,1006285.7142857144,991233.3333333334,961622.2222222222,0.008,0.0068139206214121
1671347614000,1008000,2022-12-18 07:13:34,2022-12-18 07:13:34,2022,12,18,6,4,1006428.5714285716,992166.6666666666,962377.7777777778,0.0,0.0068064131025705
1671438002000,1007000,2022-12-19 08:20:02,2022-12-19 08:20:02,2022,12,19,0,4,1006714.2857142856,993133.3333333334,963100.0,-0.0009920634920634,0.0067931397226407
1671524438000,1004000,2022-12-20 08:20:38,2022-12-20 08:20:38,2022,12,20,1,4,1007571.4285714284,994000.0,963844.4444444444,-0.0029791459781529,0.0068298894265067
1671610987000,1016000,2022-12-21 08:23:07,2022-12-21 08:23:07,2022,12,21,2,4,1008000.0,995266.6666666666,964722.2222222222,0.0119521912350597,0.007118246448196
1671696557000,1014000,2022-12-22 08:09:17,2022-12-22 08:09:17,2022,12,22,3,4,1008142.8571428572,996566.6666666666,965533.3333333334,-0.0019685039370078,0.0070978153808592
1671783687000,1004000,2022-12-23 08:21:27,2022-12-23 08:21:27,2022,12,23,4,4,1008714.2857142856,997466.6666666666,966333.3333333334,-0.009861932938856,0.0073837167555028
1671870258000,1006000,2022-12-24 08:24:18,2022-12-24 08:24:18,2022,12,24,5,4,1008428.5714285716,998300.0,967155.5555555556,0.0019920318725099,0.0073626512235507
1671953553000,1006000,2022-12-25 07:32:33,2022-12-25 07:32:33,2022,12,25,6,4,1008142.8571428572,999166.6666666666,967977.7777777778,0.0,0.0073560024761273
1672041756000,1006000,2022-12-26 08:02:36,2022-12-26 08:02:36,2022,12,26,0,4,1008000.0,1000000.0,968822.2222222222,0.0,0.0073577822145958
1672128672000,1008000,2022-12-27 08:11:12,2022-12-27 08:11:12,2022,12,27,1,4,1008571.4285714284,1000900.0,969666.6666666666,0.0019880715705764,0.0073586728058427
1672215788000,1014000,2022-12-28 08:23:08,2022-12-28 08:23:08,2022,12,28,2,4,1008285.7142857144,1002066.6666666666,970466.6666666666,0.0059523809523809,0.0073920016850198
1672301993000,1012000,2022-12-29 08:19:53,2022-12-29 08:19:53,2022,12,29,3,4,1008000.0,1003233.3333333334,971211.1111111112,-0.0019723865877712,0.0073909467736607
1672389845000,1020000,2022-12-30 08:44:05,2022-12-30 08:44:05,2022,12,30,4,4,1010285.7142857144,1004533.3333333334,972066.6666666666,0.0079051383399209,0.0074746768151007
1672476477000,1026000,2022-12-31 08:47:57,2022-12-31 08:47:57,2022,12,31,5,4,1013142.8571428572,1005700.0,972988.8888888888,0.0058823529411764,0.0073385367384624
1672559584000,1026000,2023-01-01 07:53:04,2023-01-01 07:53:04,2023,1,1,6,1,1016000.0,1006433.3333333334,973888.8888888888,0.0,0.0069852146466582
1672646871000,1026000,2023-01-02 08:07:51,2023-01-02 08:07:51,2023,1,2,0,1,1018857.1428571428,1007366.6666666666,974677.7777777778,0.0,0.006871176068599
1672732463000,1022000,2023-01-03 07:54:23,2023-01-03 07:54:23,2023,1,3,1,1,1020857.1428571428,1008166.6666666666,975344.4444444444,-0.0038986354775828,0.0069263221752501
1672819399000,1024000,2023-01-04 08:03:19,2023-01-04 08:03:19,2023,1,4,2,1,1022285.7142857144,1009000.0,976088.8888888888,0.0019569471624265,0.0069294020090766
1672906816000,1031000,2023-01-05 08:20:16,2023-01-05 08:20:16,2023,1,5,3,1,1025000.0,1010566.6666666666,976955.5555555556,0.0068359375,0.0063267663691501
1672992121000,1022000,2023-01-06 08:02:01,2023-01-06 08:02:01,2023,1,6,4,1,1025285.7142857144,1011833.3333333334,977766.6666666666,-0.0087293889427739,0.0065967203851036
1673079639000,1032000,2023-01-07 08:20:39,2023-01-07 08:20:39,2023,1,7,5,1,1026142.8571428572,1012933.3333333334,978688.8888888888,0.009784735812133,0.0062653508834136
1673155185000,1032000,2023-01-08 05:19:45,2023-01-08 05:19:45,2023,1,8,6,1,1027000.0,1013900.0,979611.1111111112,0.0,0.0062440293733002
1673251729000,1033000,2023-01-09 08:08:49,2023-01-09 08:08:49,2023,1,9,0,1,1028000.0,1014766.6666666666,980633.3333333334,0.000968992248062,0.0062179747082513
1673338982000,1035000,2023-01-10 08:23:02,2023-01-10 08:23:02,2023,1,10,1,1,1029857.1428571428,1015700.0,981677.7777777778,0.0019361084220717,0.006218694485421
1673425013000,1035000,2023-01-11 08:16:53,2023-01-11 08:16:53,2023,1,11,2,1,1031428.5714285716,1016700.0,982677.7777777778,0.0,0.0061970778064461
1673511792000,1035000,2023-01-12 08:23:12,2023-01-12 08:23:12,2023,1,12,3,1,1032000.0,1017933.3333333334,983733.3333333334,0.0,0.0060162294336359
1673598072000,1042000,2023-01-13 08:21:12,2023-01-13 08:21:12,2023,1,13,4,1,1034857.1428571428,1018900.0,984922.2222222222,0.0067632850241545,0.005532289175798
1673683600000,1043000,2023-01-14 08:06:40,2023-01-14 08:06:40,2023,1,14,5,1,1036428.5714285716,1019900.0,986122.2222222222,0.0009596928982724,0.0055293438875013
1673767687000,1043000,2023-01-15 07:28:07,2023-01-15 07:28:07,2023,1,15,6,1,1038000.0,1021333.3333333334,987322.2222222222,0.0,0.0048816870150502
1673856134000,1042000,2023-01-16 08:02:14,2023-01-16 08:02:14,2023,1,16,0,1,1039285.7142857144,1022466.6666666666,988455.5555555556,-0.0009587727708533,0.004736897869527
1673943558000,1032000,2023-01-17 08:19:18,2023-01-17 08:19:18,2023,1,17,1,1,1038857.1428571428,1023266.6666666666,989477.7777777778,-0.0095969289827255,0.0051232495522121
1674029370000,1022000,2023-01-18 08:09:30,2023-01-18 08:09:30,2023,1,18,2,1,1037000.0,1023766.6666666666,990466.6666666666,-0.0096899224806201,0.0054628582589542
1674115134000,1029000,2023-01-19 07:58:54,2023-01-19 07:58:54,2023,1,19,3,1,1036142.8571428572,1024600.0,991500.0,0.0068493150684931,0.0055407131276936
1674202804000,1039000,2023-01-20 08:20:04,2023-01-20 08:20:04,2023,1,20,4,1,1035714.2857142856,1025366.6666666666,992544.4444444444,0.0097181729834792,0.0053993553975689
1674288071000,1035000,2023-01-21 08:01:11,2023-01-21 08:01:11,2023,1,21,5,1,1034571.4285714284,1026066.6666666666,993544.4444444444,-0.0038498556304138,0.0054428956174246
1674371430000,1035000,2023-01-22 07:10:30,2023-01-22 07:10:30,2023,1,22,6,1,1033428.5714285716,1027100.0,994533.3333333334,0.0,0.0050680351531347
1674461648000,1035000,2023-01-23 08:14:08,2023-01-23 08:14:08,2023,1,23,0,1,1032428.5714285716,1028066.6666666666,995555.5555555556,0.0,0.0050679993611895
1674547227000,1037000,2023-01-24 08:00:27,2023-01-24 08:00:27,2023,1,24,1,1,1033142.8571428572,1029100.0,996600.0,0.0019323671497584,0.0050676549121799
1674634447000,1040000,2023-01-25 08:14:07,2023-01-25 08:14:07,2023,1,25,2,1,1035714.2857142856,1030233.3333333334,997622.2222222222,0.0028929604628735,0.005075005453938
1674720157000,1035000,2023-01-26 08:02:37,2023-01-26 08:02:37,2023,1,26,3,1,1036571.4285714284,1031133.3333333334,998633.3333333334,-0.0048076923076922,0.0051854343527119
1674808044000,1030000,2023-01-27 08:27:24,2023-01-27 08:27:24,2023,1,27,4,1,1035285.7142857144,1031666.6666666666,999644.4444444444,-0.0048309178743961,0.0051964685553677
1674893956000,1029000,2023-01-28 08:19:16,2023-01-28 08:19:16,2023,1,28,5,1,1034428.5714285716,1032233.3333333334,1000644.4444444444,-0.0009708737864078,0.0051830040935387
1674976882000,1029000,2023-01-29 07:21:22,2023-01-29 07:21:22,2023,1,29,6,1,1033571.4285714284,1032533.3333333334,1001644.4444444444,0.0,0.0049946704583222
1675066102000,1029000,2023-01-30 08:08:22,2023-01-30 08:08:22,2023,1,30,0,1,1032714.2857142856,1032633.3333333334,1002677.7777777778,0.0,0.0048823651054399
1675152360000,1027000,2023-01-31 08:06:00,2023-01-31 08:06:00,2023,1,31,1,1,1031285.7142857144,1032666.6666666666,1003600.0,-0.0019436345966957,0.0048967339781899
1675239125000,1029000,2023-02-01 08:12:05,2023-02-01 08:12:05,2023,2,1,2,1,1029714.2857142856,1032766.6666666666,1004600.0,0.0019474196689386,0.0049090223620415
1675326195000,1042000,2023-02-02 08:23:15,2023-02-02 08:23:15,2023,2,2,3,1,1030714.2857142856,1033433.3333333334,1005744.4444444444,0.0126336248785228,0.0053516089746161
1675412583000,1029000,2023-02-03 08:23:03,2023-02-03 08:23:03,2023,2,3,4,1,1030571.4285714284,1033600.0,1006577.7777777778,-0.0124760076775432,0.0058559792764426
1675499749000,1014000,2023-02-04 08:35:49,2023-02-04 08:35:49,2023,2,4,5,1,1028428.5714285716,1033033.3333333334,1007244.4444444444,-0.0145772594752187,0.0063044279488192
1675582167000,1014000,2023-02-05 07:29:27,2023-02-05 07:29:27,2023,2,5,6,1,1026285.7142857144,1032766.6666666666,1007944.4444444444,0.0,0.0061116720645086
1675671668000,1014000,2023-02-06 08:21:08,2023-02-06 08:21:08,2023,2,6,0,1,1024142.8571428572,1032166.6666666666,1008655.5555555556,0.0,0.0058117576717544
1675756797000,1017000,2023-02-07 07:59:57,2023-02-07 07:59:57,2023,2,7,1,1,1022714.2857142856,1031666.6666666666,1009277.7777777778,0.0029585798816567,0.0058467600170015
1675843962000,1028000,2023-02-08 08:12:42,2023-02-08 08:12:42,2023,2,8,2,1,1022571.4285714284,1031500.0,1010044.4444444444,0.0108161258603736,0.0061963681195702
1675929564000,1033000,2023-02-09 07:59:24,2023-02-09 07:59:24,2023,2,9,3,1,1021285.7142857144,1031433.3333333334,1010700.0,0.0048638132295719,0.0062530405083624
1676016726000,1026000,2023-02-10 08:12:06,2023-02-10 08:12:06,2023,2,10,4,1,1020857.1428571428,1031133.3333333334,1011300.0,-0.0067763794772507,0.0063725875631131
1676103851000,1028000,2023-02-11 08:24:11,2023-02-11 08:24:11,2023,2,11,5,1,1022857.1428571428,1030900.0,1011922.2222222222,0.0019493177387914,0.0063853757446868
1676184735000,1028000,2023-02-12 06:52:15,2023-02-12 06:52:15,2023,2,12,6,1,1024857.1428571428,1030433.3333333334,1012566.6666666666,0.0,0.0062487469864433
1676275450000,1027000,2023-02-13 08:04:10,2023-02-13 08:04:10,2023,2,13,0,1,1026714.2857142856,1029900.0,1013166.6666666666,-0.0009727626459143,0.0062438655933665
1676361925000,1026000,2023-02-14 08:05:25,2023-02-14 08:05:25,2023,2,14,1,1,1028000.0,1029333.3333333334,1013666.6666666666,-0.0009737098344693,0.0062437274772198
1676448281000,1029000,2023-02-15 08:04:41,2023-02-15 08:04:41,2023,2,15,2,1,1028142.8571428572,1028900.0,1014200.0,0.0029239766081872,0.0062746723033961
1676534644000,1019000,2023-02-16 08:04:04,2023-02-16 08:04:04,2023,2,16,3,1,1026142.8571428572,1028466.6666666666,1014633.3333333334,-0.0097181729834791,0.006280836693205
1676622221000,1019000,2023-02-17 08:23:41,2023-02-17 08:23:41,2023,2,17,4,1,1025142.8571428572,1028366.6666666666,1015088.8888888888,0.0,0.0060309874416991
1676707642000,1022000,2023-02-18 08:07:22,2023-02-18 08:07:22,2023,2,18,5,1,1024285.7142857144,1028133.3333333334,1015577.7777777778,0.0029440628066732,0.0059173317612032
1676787216000,1022000,2023-02-19 06:13:36,2023-02-19 06:13:36,2023,2,19,6,1,1023428.5714285716,1027566.6666666666,1016066.6666666666,0.0,0.0056132420758973
1676881565000,1020000,2023-02-20 08:26:05,2023-02-20 08:26:05,2023,2,20,0,1,1022428.5714285716,1027066.6666666666,1016566.6666666666,-0.0019569471624266,0.0055852590776601
1676967377000,1023000,2023-02-21 08:16:17,2023-02-21 08:16:17,2023,2,21,1,1,1022000.0,1026666.6666666666,1017077.7777777778,0.0029411764705882,0.0056195274713113
1677053502000,1019000,2023-02-22 08:11:42,2023-02-22 08:11:42,2023,2,22,2,1,1020571.4285714284,1026133.3333333334,1017500.0,-0.0039100684261974,0.0056557960321765
1677140635000,1015000,2023-02-23 08:23:55,2023-02-23 08:23:55,2023,2,23,3,1,1020000.0,1025400.0,1017888.8888888888,-0.0039254170755642,0.005669892567573
1677225945000,1016000,2023-02-24 08:05:45,2023-02-24 08:05:45,2023,2,24,4,1,1019571.4285714284,1024600.0,1018277.7777777778,0.0009852216748769,0.0056388309856271
1677313680000,1012000,2023-02-25 08:28:00,2023-02-25 08:28:00,2023,2,25,5,1,1018142.8571428572,1023833.3333333334,1018622.2222222222,-0.0039370078740157,0.0056195004375577
1677395100000,1012000,2023-02-26 07:05:00,2023-02-26 07:05:00,2023,2,26,6,1,1016714.2857142856,1023233.3333333334,1018988.8888888888,0.0,0.005567009671662
1677664760000,1021000,2023-03-01 09:59:20,2023-03-01 09:59:20,2023,3,1,2,1,1016857.1428571428,1022966.6666666666,1019477.7777777778,0.0088932806324111,0.0058278616449969
1677751401000,1024000,2023-03-02 10:03:21,2023-03-02 10:03:21,2023,3,2,3,1,1017000.0,1022800.0,1019955.5555555556,0.0029382957884427,0.0058567174670917
1677834573000,1025000,2023-03-03 09:09:33,2023-03-03 09:09:33,2023,3,3,4,1,1017857.1428571428,1022666.6666666666,1020333.3333333334,0.0009765625,0.0058602683135833
1678090474000,1033000,2023-03-06 08:14:34,2023-03-06 08:14:34,2023,3,6,0,1,1020428.5714285716,1022866.6666666666,1020655.5555555556,0.0078048780487804,0.0060232801911339
1678176394000,1032000,2023-03-07 08:06:34,2023-03-07 08:06:34,2023,3,7,1,1,1022714.2857142856,1022966.6666666666,1021033.3333333334,-0.0009680542110358,0.0060178278228579
1678262862000,1020000,2023-03-08 08:07:42,2023-03-08 08:07:42,2023,3,8,2,1,1023857.1428571428,1022233.3333333334,1021277.7777777778,-0.0116279069767442,0.0059066054385039
1678349434000,1024000,2023-03-09 08:10:34,2023-03-09 08:10:34,2023,3,9,3,1,1025571.4285714284,1022066.6666666666,1021555.5555555556,0.0039215686274509,0.0055251198906409
1678436010000,1034000,2023-03-10 08:13:30,2023-03-10 08:13:30,2023,3,10,4,1,1027428.5714285716,1022733.3333333334,1022111.1111111112,0.009765625,0.0051043729148413
1678522660000,1049000,2023-03-11 08:17:40,2023-03-11 08:17:40,2023,3,11,5,1,1031000.0,1023900.0,1022833.3333333334,0.0145067698259186,0.0056925673753724
1678603581000,1049000,2023-03-12 06:46:21,2023-03-12 06:46:21,2023,3,12,6,1,1034428.5714285716,1025066.6666666666,1023388.8888888888,0.0,0.0056925673753724
1678695221000,1054000,2023-03-13 08:13:41,2023-03-13 08:13:41,2023,3,13,0,1,1037428.5714285716,1026300.0,1023955.5555555556,0.0047664442326025,0.0057218951507957
1678782205000,1064000,2023-03-14 08:23:25,2023-03-14 08:23:25,2023,3,14,1,1,1042000.0,1027500.0,1024588.8888888888,0.0094876660341556,0.0056496553916944
1678868588000,1054000,2023-03-15 08:23:08,2023-03-15 08:23:08,2023,3,15,2,1,1046857.1428571428,1028200.0,1025111.1111111112,-0.0093984962406015,0.0059210901299914
1678954094000,1064000,2023-03-16 08:08:14,2023-03-16 08:08:14,2023,3,16,3,1,1052571.4285714286,1029466.6666666666,1025766.6666666666,0.0094876660341556,0.0059585345350325
1679040680000,1063000,2023-03-17 08:11:20,2023-03-17 08:11:20,2023,3,17,4,1,1056714.2857142857,1030633.3333333334,1026488.8888888888,-0.0009398496240601,0.0059698473127589
1679127644000,1088000,2023-03-18 08:20:44,2023-03-18 08:20:44,2023,3,18,5,1,1062285.7142857143,1032633.3333333334,1027322.2222222222,0.0235183443085607,0.007227526911523
1679212425000,1088000,2023-03-19 07:53:45,2023-03-19 07:53:45,2023,3,19,6,1,1067857.142857143,1034666.6666666666,1028155.5555555556,0.0,0.0072162850554664
1679300609000,1085000,2023-03-20 08:23:29,2023-03-20 08:23:29,2023,3,20,0,1,1072285.7142857143,1036633.3333333334,1029100.0,-0.0027573529411765,0.007248481598466
1679386357000,1084000,2023-03-21 08:12:37,2023-03-21 08:12:37,2023,3,21,1,1,1075142.857142857,1038466.6666666666,1029944.4444444444,-0.0009216589861751,0.0072635679037948
1679482221000,1074000,2023-03-22 10:50:21,2023-03-22 10:50:21,2023,3,22,2,1,1078000.0,1040300.0,1030677.7777777778,-0.0092250922509224,0.0072372034882163
1679559678000,1087000,2023-03-23 08:21:18,2023-03-23 08:21:18,2023,3,23,3,1,1081285.7142857143,1042566.6666666666,1031566.6666666666,0.0121042830540036,0.007468322503821
1679559748000,1087000,2023-03-23 08:22:28,2023-03-23 08:22:28,2023,3,23,3,1,1084714.2857142857,1044733.3333333334,1032488.8888888888,0.0,0.0074773072866269
1679645808000,1096000,2023-03-24 08:16:48,2023-03-24 08:16:48,2023,3,24,4,1,1085857.142857143,1047200.0,1033377.7777777778,0.0082796688132473,0.0075501684862662
1679732593000,1089000,2023-03-25 08:23:13,2023-03-25 08:23:13,2023,3,25,5,1,1086000.0,1049500.0,1034211.1111111112,-0.0063868613138685,0.0076797237018181
1679817163000,1089000,2023-03-26 07:52:43,2023-03-26 07:52:43,2023,3,26,6,1,1086571.4285714286,1051700.0,1035155.5555555556,0.0,0.0076888707812242
1679904225000,1087000,2023-03-27 08:03:45,2023-03-27 08:03:45,2023,3,27,0,1,1087000.0,1053966.6666666667,1036055.5555555556,-0.0018365472910927,0.0076420227315295
1679990880000,1077000,2023-03-28 08:08:00,2023-03-28 08:08:00,2023,3,28,1,1,1087428.5714285714,1056033.3333333333,1036844.4444444444,-0.0091996320147194,0.007845373961057
1680077908000,1082000,2023-03-29 08:18:28,2023-03-29 08:18:28,2023,3,29,2,1,1086714.2857142857,1058233.3333333333,1037688.8888888888,0.0046425255338904,0.0078573405274444
1680164010000,1072000,2023-03-30 08:13:30,2023-03-30 08:13:30,2023,3,30,3,1,1084571.4285714286,1060233.3333333333,1038400.0,-0.0092421441774491,0.0080557826905799
1680250033000,1078000,2023-03-31 08:07:13,2023-03-31 08:07:13,2023,3,31,4,1,1082000.0,1062433.3333333333,1039111.1111111112,0.0055970149253732,0.0080737843776279
1680337070000,1072000,2023-04-01 08:17:50,2023-04-01 08:17:50,2023,4,1,5,2,1079571.4285714286,1064133.3333333333,1039777.7777777778,-0.0055658627087198,0.008088275729181
1680423598000,1072000,2023-04-02 08:19:58,2023-04-02 08:19:58,2023,4,2,6,2,1077142.857142857,1065733.3333333333,1040355.5555555556,0.0,0.0080900227297137
1680509450000,1068000,2023-04-03 08:10:50,2023-04-03 08:10:50,2023,4,3,0,2,1074428.5714285714,1067166.6666666667,1040822.2222222222,-0.003731343283582,0.0081471835409554
1680596689000,1073000,2023-04-04 08:24:49,2023-04-04 08:24:49,2023,4,4,1,2,1073857.142857143,1068500.0,1041344.4444444444,0.0046816479400748,0.0080822495786774
1680682895000,1083000,2023-04-05 08:21:35,2023-04-05 08:21:35,2023,4,5,2,2,1074000.0,1070200.0,1041977.7777777778,0.0093196644920783,0.0082001504375157
1680768244000,1078000,2023-04-06 08:04:04,2023-04-06 08:04:04,2023,4,6,3,2,1074857.142857143,1072133.3333333333,1042600.0,-0.0046168051708217,0.0079034730891008
1680854831000,1074000,2023-04-07 08:07:11,2023-04-07 08:07:11,2023,4,7,4,2,1074285.7142857143,1073800.0,1043155.5555555556,-0.0037105751391465,0.0079579800698863
1680941486000,1074000,2023-04-08 08:11:26,2023-04-08 08:11:26,2023,4,8,5,2,1074571.4285714286,1075133.3333333333,1043633.3333333334,0.0,0.0078117166122839
1681027441000,1074000,2023-04-09 08:04:01,2023-04-09 08:04:01,2023,4,9,6,2,1074857.142857143,1075966.6666666667,1044211.1111111112,0.0,0.0074040646410465
1681114444000,1072000,2023-04-10 08:14:04,2023-04-10 08:14:04,2023,4,10,0,2,1075428.5714285714,1076733.3333333333,1044655.5555555556,-0.0018621973929237,0.0074188959871327
1681200119000,1069000,2023-04-11 08:01:59,2023-04-11 08:01:59,2023,4,11,1,2,1074857.142857143,1077233.3333333333,1045066.6666666666,-0.0027985074626866,0.0074062140478308
1681286412000,1071000,2023-04-12 08:00:12,2023-04-12 08:00:12,2023,4,12,2,2,1073142.857142857,1077466.6666666667,1045488.8888888888,0.0018709073900842,0.0072154952988696
1681373232000,1075000,2023-04-13 08:07:12,2023-04-13 08:07:12,2023,4,13,3,2,1072714.2857142857,1078166.6666666667,1045933.3333333334,0.003734827264239,0.0070056781834204
1681460099000,1084000,2023-04-14 08:14:59,2023-04-14 08:14:59,2023,4,14,4,2,1074142.857142857,1078833.3333333333,1046477.7777777778,0.0083720930232558,0.0069601358505369
1681547465000,1067000,2023-04-15 08:31:05,2023-04-15 08:31:05,2023,4,15,5,2,1073142.857142857,1078966.6666666667,1046833.3333333334,-0.0156826568265682,0.0075696166868108
1681631590000,1067000,2023-04-16 07:53:10,2023-04-16 07:53:10,2023,4,16,6,2,1072142.857142857,1078266.6666666667,1047111.1111111112,0.0,0.0061512852646926
1681719109000,1066000,2023-04-17 08:11:49,2023-04-17 08:11:49,2023,4,17,0,2,1071285.7142857143,1077533.3333333333,1047366.6666666666,-0.0009372071227741,0.0061503491276211
1681805140000,1054000,2023-04-18 08:05:40,2023-04-18 08:05:40,2023,4,18,1,2,1069142.857142857,1076500.0,1047488.8888888888,-0.0112570356472795,0.0064391755394912
1682497944000,1062000,2023-04-26 08:32:24,2023-04-26 08:32:24,2023,4,26,2,2,1067857.142857143,1075766.6666666667,1047711.1111111112,0.0075901328273244,0.0066251131202693
1682583594000,1062000,2023-04-27 08:19:54,2023-04-27 08:19:54,2023,4,27,3,2,1066000.0,1075366.6666666667,1048044.4444444444,0.0,0.0064250220978066
1682669559000,1062000,2023-04-28 08:12:39,2023-04-28 08:12:39,2023,4,28,4,2,1062857.142857143,1074533.3333333333,1048488.8888888888,0.0,0.0059803335172889
1682755192000,1056000,2023-04-29 07:59:52,2023-04-29 07:59:52,2023,4,29,5,2,1061285.7142857143,1073500.0,1048788.888888889,-0.0056497175141242,0.0060442564828609
1682837233000,1056000,2023-04-30 06:47:13,2023-04-30 06:47:13,2023,4,30,6,2,1059714.2857142857,1072166.6666666667,1048977.7777777778,0.0,0.0057922366510903
1682927953000,1054000,2023-05-01 07:59:13,2023-05-01 07:59:13,2023,5,1,0,2,1058000.0,1071000.0,1049188.888888889,-0.0018939393939394,0.0057116199439822
1683015608000,1053000,2023-05-02 08:20:08,2023-05-02 08:20:08,2023,5,2,1,2,1057857.142857143,1069800.0,1049388.888888889,-0.0009487666034155,0.0057081022118196
1683101663000,1062000,2023-05-03 08:14:23,2023-05-03 08:14:23,2023,5,3,2,2,1057857.142857143,1068966.6666666667,1049688.888888889,0.0085470085470085,0.0059709201894829
1683188265000,1077000,2023-05-04 08:17:45,2023-05-04 08:17:45,2023,5,4,3,2,1060000.0,1068966.6666666667,1050133.3333333333,0.0141242937853107,0.0063408735214853
1683274268000,1074000,2023-05-05 08:11:08,2023-05-05 08:11:08,2023,5,5,4,2,1061714.2857142857,1068700.0,1050511.111111111,-0.0027855153203342,0.0062990129845357
